date,ts_utc,ticker,spot,expiry,dte,type,strike,moneyness,bid,ask,mid,spread_pct,volume,open_interest,yf_iv
2026-08-19,2026-08-19T22:17:36+00:00,NVDA,217.56,2026-09-18,30,C,200.0,-0.08071,21.05,22.8,21.925,0.0798,892,47042,0.49658706542968756
2026-08-19,2026-08-19T22:17:36+00:00,NVDA,217.56,2026-09-18,30,C,205.0,-0.05773,17.45,17.95,17.7,0.0282,929,20260,0.4276180285644532
2026-08-19,2026-08-19T22:17:36+00:00,NVDA,217.56,2026-09-18,30,C,210.0,-0.03475,14.25,15.2,14.725,0.0645,623,60241,0.44324287231445314
2026-08-19,2026-08-19T22:17:36+00:00,NVDA,217.56,2026-09-18,30,C,215.0,-0.01177,11.45,11.6,11.525,0.013,2311,26640,0.4085752502441406
2026-08-19,2026-08-19T22:17:36+00:00,NVDA,217.56,2026-09-18,30,C,220.0,0.01122,8.95,9.05,9.0,0.0111,12109,46095,0.40210558837890625
2026-08-19,2026-08-19T22:17:36+00:00,NVDA,217.56,2026-09-18,30,C,225.0,0.0342,6.85,6.95,6.9,0.0145,3699,43777,0.39838248107910157
2026-08-19,2026-08-19T22:17:36+00:00,NVDA,217.56,2026-09-18,30,C,230.0,0.05718,5.15,5.25,5.2,0.0192,6298,38463,0.396063168334961
2026-08-19,2026-08-19T22:17:36+00:00,NVDA,217.56,2026-09-18,30,C,235.0,0.08016,3.8,3.9,3.85,0.026,2138,30521,0.39453730468750003
2026-08-19,2026-08-19T22:17:36+00:00,NVDA,217.56,2026-09-18,30,P,200.0,-0.08071,3.25,3.35,3.3,0.0303,2122,44218,0.40039662109375
2026-08-19,2026-08-19T22:17:36+00:00,NVDA,217.56,2026-09-18,30,P,205.0,-0.05773,4.55,4.65,4.6,0.0217,1405,13654,0.393560751953125
2026-08-19,2026-08-19T22:17:36+00:00,NVDA,217.56,2026-09-18,30,P,210.0,-0.03475,6.2,6.35,6.275,0.0239,911,44821,0.3890441955566406
2026-08-19,2026-08-19T22:17:36+00:00,NVDA,217.56,2026-09-18,30,P,215.0,-0.01177,8.3,8.4,8.35,0.012,981,17140,0.3830628100585937
2026-08-19,2026-08-19T22:17:36+00:00,NVDA,217.56,2026-09-18,30,P,220.0,0.01122,10.75,10.9,10.825,0.0139,2810,16286,0.3788514263916015
2026-08-19,2026-08-19T22:17:36+00:00,NVDA,217.56,2026-09-18,30,P,225.0,0.0342,13.65,13.8,13.725,0.0109,1161,10650,0.37439590454101557
2026-08-19,2026-08-19T22:17:36+00:00,NVDA,217.56,2026-09-18,30,P,230.0,0.05718,15.45,18.5,16.975,0.1797,127,7581,0.4308528594970704
2026-08-19,2026-08-19T22:17:36+00:00,NVDA,217.56,2026-09-18,30,P,235.0,0.08016,18.55,21.4,19.975,0.1427,105,2126,0.397466962890625
2026-08-19,2026-08-19T22:17:36+00:00,NVDA,217.56,2026-10-16,58,C,200.0,-0.08071,24.05,25.2,24.625,0.0467,347,7711,0.4424494232177735
2026-08-19,2026-08-19T22:17:36+00:00,NVDA,217.56,2026-10-16,58,C,205.0,-0.05773,20.6,21.3,20.95,0.0334,1163,9667,0.41785250122070305
2026-08-19,2026-08-19T22:17:36+00:00,NVDA,217.56,2026-10-16,58,C,210.0,-0.03475,17.5,18.2,17.85,0.0392,249,13585,0.4116269775390625
2026-08-19,2026-08-19T22:17:36+00:00,NVDA,217.56,2026-10-16,58,C,215.0,-0.01177,14.75,15.3,15.025,0.0366,562,15592,0.40344834838867194
2026-08-19,2026-08-19T22:17:36+00:00,NVDA,217.56,2026-10-16,58,C,220.0,0.01122,12.45,13.4,12.925,0.0735,8034,86566,0.4161435339355468
2026-08-19,2026-08-19T22:17:36+00:00,NVDA,217.56,2026-10-16,58,C,225.0,0.0342,10.15,10.5,10.325,0.0339,1048,11143,0.3921569573974609
2026-08-19,2026-08-19T22:17:36+00:00,NVDA,217.56,2026-10-16,58,C,230.0,0.05718,8.35,8.7,8.525,0.0411,3357,33967,0.39197385375976557
2026-08-19,2026-08-19T22:17:36+00:00,NVDA,217.56,2026-10-16,58,C,235.0,0.08016,6.75,7.05,6.9,0.0435,3917,15804,0.38867798828125
2026-08-19,2026-08-19T22:17:36+00:00,NVDA,217.56,2026-10-16,58,P,200.0,-0.08071,5.3,5.9,5.6,0.1071,836,23221,0.38318487915039057
2026-08-19,2026-08-19T22:17:36+00:00,NVDA,217.56,2026-10-16,58,P,205.0,-0.05773,7.15,7.45,7.3,0.0411,375,16764,0.3770203900146484
2026-08-19,2026-08-19T22:17:36+00:00,NVDA,217.56,2026-10-16,58,P,210.0,-0.03475,8.55,9.35,8.95,0.0894,1458,11457,0.3729921099853516
2026-08-19,2026-08-19T22:17:36+00:00,NVDA,217.56,2026-10-16,58,P,215.0,-0.01177,10.65,11.6,11.125,0.0854,380,7067,0.3704896936035156
2026-08-19,2026-08-19T22:17:36+00:00,NVDA,217.56,2026-10-16,58,P,220.0,0.01122,13.65,14.0,13.825,0.0253,11763,56490,0.3635317553710938
2026-08-19,2026-08-19T22:17:36+00:00,NVDA,217.56,2026-10-16,58,P,225.0,0.0342,15.5,17.2,16.35,0.104,553,4899,0.37085590087890624
2026-08-19,2026-08-19T22:17:36+00:00,NVDA,217.56,2026-10-16,58,P,230.0,0.05718,18.75,20.5,19.625,0.0892,80,4677,0.3729921099853516
2026-08-19,2026-08-19T22:17:36+00:00,NVDA,217.56,2026-10-16,58,P,235.0,0.08016,22.8,24.0,23.4,0.0513,34,844,0.3734193518066406
2026-08-19,2026-08-19T22:17:36+00:00,TSLA,351.12,2026-09-18,30,C,320.0,-0.08863,36.85,37.45,37.15,0.0162,400,3349,0.4544732287597656
2026-08-19,2026-08-19T22:17:36+00:00,TSLA,351.12,2026-09-18,30,C,325.0,-0.07439,33.05,33.65,33.35,0.018,359,4827,0.4480646014404296
2026-08-19,2026-08-19T22:17:36+00:00,TSLA,351.12,2026-09-18,30,C,330.0,-0.06015,29.5,30.05,29.775,0.0185,1069,5248,0.442388388671875
2026-08-19,2026-08-19T22:17:36+00:00,TSLA,351.12,2026-09-18,30,C,335.0,-0.04591,26.2,26.7,26.45,0.0189,775,2684,0.4382990740966797
2026-08-19,2026-08-19T22:17:36+00:00,TSLA,351.12,2026-09-18,30,C,340.0,-0.03167,23.1,23.5,23.3,0.0172,2701,4555,0.43280596496582036
2026-08-19,2026-08-19T22:17:36+00:00,TSLA,351.12,2026-09-18,30,C,345.0,-0.01743,20.25,20.75,20.5,0.0244,1307,2863,0.4332332067871094
2026-08-19,2026-08-19T22:17:36+00:00,TSLA,351.12,2026-09-18,30,C,350.0,-0.00319,17.7,18.05,17.875,0.0196,5226,6714,0.4292049267578125
2026-08-19,2026-08-19T22:17:36+00:00,TSLA,351.12,2026-09-18,30,C,355.0,0.01105,15.45,15.7,15.575,0.0161,4382,4669,0.4283504431152344
2026-08-19,2026-08-19T22:17:36+00:00,TSLA,351.12,2026-09-18,30,C,360.0,0.02529,13.35,13.55,13.45,0.0149,1723,4294,0.426885614013672
2026-08-19,2026-08-19T22:17:36+00:00,TSLA,351.12,2026-09-18,30,C,365.0,0.03953,11.55,11.75,11.65,0.0172,488,2410,0.42877768493652346
2026-08-19,2026-08-19T22:17:36+00:00,TSLA,351.12,2026-09-18,30,C,370.0,0.05377,9.95,10.1,10.025,0.015,3775,6659,0.4293880303955079
2026-08-19,2026-08-19T22:17:36+00:00,TSLA,351.12,2026-09-18,30,C,375.0,0.06801,8.55,8.7,8.625,0.0174,763,3376,0.43164630859375
2026-08-19,2026-08-19T22:17:36+00:00,TSLA,351.12,2026-09-18,30,C,380.0,0.08225,7.35,7.5,7.425,0.0202,2200,7961,0.4347590704345704
2026-08-19,2026-08-19T22:17:36+00:00,TSLA,351.12,2026-09-18,30,C,385.0,0.09649,6.3,6.45,6.375,0.0235,519,2384,0.43781079772949216
2026-08-19,2026-08-19T22:17:36+00:00,TSLA,351.12,2026-09-18,30,P,320.0,-0.08863,4.7,4.85,4.775,0.0314,3600,9811,0.40442490112304685
2026-08-19,2026-08-19T22:17:36+00:00,TSLA,351.12,2026-09-18,30,P,325.0,-0.07439,5.9,6.05,5.975,0.0251,505,4704,0.4022276574707031
2026-08-19,2026-08-19T22:17:36+00:00,TSLA,351.12,2026-09-18,30,P,330.0,-0.06015,7.3,7.45,7.375,0.0203,623,8821,0.3998473101806641
2026-08-19,2026-08-19T22:17:36+00:00,TSLA,351.12,2026-09-18,30,P,335.0,-0.04591,8.9,9.1,9.0,0.0222,808,2811,0.3983214465332031
2026-08-19,2026-08-19T22:17:36+00:00,TSLA,351.12,2026-09-18,30,P,340.0,-0.03167,10.8,11.0,10.9,0.0183,2201,19091,0.39722282470703124
2026-08-19,2026-08-19T22:17:36+00:00,TSLA,351.12,2026-09-18,30,P,345.0,-0.01743,12.95,13.15,13.05,0.0153,728,2930,0.39624627197265627
2026-08-19,2026-08-19T22:17:36+00:00,TSLA,351.12,2026-09-18,30,P,350.0,-0.00319,15.35,15.6,15.475,0.0162,1366,10978,0.3966124792480469
2026-08-19,2026-08-19T22:17:36+00:00,TSLA,351.12,2026-09-18,30,P,355.0,0.01105,18.0,18.35,18.175,0.0193,148,1459,0.39826041198730466
2026-08-19,2026-08-19T22:17:36+00:00,TSLA,351.12,2026-09-18,30,P,360.0,0.02529,20.9,21.25,21.075,0.0166,294,8037,0.39771110107421875
2026-08-19,2026-08-19T22:17:36+00:00,TSLA,351.12,2026-09-18,30,P,365.0,0.03953,24.0,24.5,24.25,0.0206,242,1854,0.4002135174560547
2026-08-19,2026-08-19T22:17:36+00:00,TSLA,351.12,2026-09-18,30,P,370.0,0.05377,27.3,27.85,27.575,0.0199,130,5104,0.39978627563476565
2026-08-19,2026-08-19T22:17:36+00:00,TSLA,351.12,2026-09-18,30,P,375.0,0.06801,30.85,31.8,31.325,0.0303,42,2673,0.41034525207519534
2026-08-19,2026-08-19T22:17:36+00:00,TSLA,351.12,2026-09-18,30,P,380.0,0.08225,34.6,35.35,34.975,0.0214,59,8579,0.40491317749023437
2026-08-19,2026-08-19T22:17:36+00:00,TSLA,351.12,2026-09-18,30,P,385.0,0.09649,38.55,39.3,38.925,0.0193,19,2471,0.40595076477050784
2026-08-19,2026-08-19T22:17:36+00:00,TSLA,351.12,2026-10-16,58,C,320.0,-0.08863,42.9,43.65,43.275,0.0173,76,1327,0.46689375885009765
2026-08-19,2026-08-19T22:17:36+00:00,TSLA,351.12,2026-10-16,58,C,325.0,-0.07439,39.55,40.15,39.85,0.0151,77,1125,0.46085133880615237
2026-08-19,2026-08-19T22:17:36+00:00,TSLA,351.12,2026-10-16,58,C,330.0,-0.06015,36.4,37.0,36.7,0.0163,168,2132,0.45905081970214845
2026-08-19,2026-08-19T22:17:36+00:00,TSLA,351.12,2026-10-16,58,C,335.0,-0.04591,33.35,33.8,33.575,0.0134,165,2804,0.4534356414794922
2026-08-19,2026-08-19T22:17:36+00:00,TSLA,351.12,2026-10-16,58,C,340.0,-0.03167,30.5,31.05,30.775,0.0179,1300,2623,0.4534356414794922
2026-08-19,2026-08-19T22:17:36+00:00,TSLA,351.12,2026-10-16,58,C,345.0,-0.01743,27.75,28.35,28.05,0.0214,200,972,0.4514825360107422
2026-08-19,2026-08-19T22:17:36+00:00,TSLA,351.12,2026-10-16,58,C,350.0,-0.00319,25.35,25.7,25.525,0.0137,1656,4048,0.4475763250732422
2026-08-19,2026-08-19T22:17:36+00:00,TSLA,351.12,2026-10-16,58,C,355.0,0.01105,23.05,23.4,23.225,0.0151,223,1156,0.4472101177978516
2026-08-19,2026-08-19T22:17:36+00:00,TSLA,351.12,2026-10-16,58,C,360.0,0.02529,20.9,21.2,21.05,0.0143,1061,3173,0.4458368405151367
2026-08-19,2026-08-19T22:17:36+00:00,TSLA,351.12,2026-10-16,58,C,365.0,0.03953,19.0,19.25,19.125,0.0131,148,1421,0.44623356506347656
2026-08-19,2026-08-19T22:17:36+00:00,TSLA,351.12,2026-10-16,58,C,370.0,0.05377,17.2,17.45,17.325,0.0144,511,1492,0.4467523587036133
2026-08-19,2026-08-19T22:17:36+00:00,TSLA,351.12,2026-10-16,58,C,375.0,0.06801,15.55,15.8,15.675,0.0159,557,3186,0.4474542559814453
2026-08-19,2026-08-19T22:17:36+00:00,TSLA,351.12,2026-10-16,58,C,380.0,0.08225,14.05,14.25,14.15,0.0141,610,3729,0.4475763250732422
2026-08-19,2026-08-19T22:17:36+00:00,TSLA,351.12,2026-10-16,58,C,385.0,0.09649,12.7,12.9,12.8,0.0156,336,1053,0.4491327059936523
2026-08-19,2026-08-19T22:17:36+00:00,TSLA,351.12,2026-10-16,58,P,320.0,-0.08863,9.7,9.9,9.8,0.0204,1488,6271,0.41058939025878904
2026-08-19,2026-08-19T22:17:36+00:00,TSLA,351.12,2026-10-16,58,P,325.0,-0.07439,11.3,11.45,11.375,0.0132,314,3830,0.40823956024169916
2026-08-19,2026-08-19T22:17:36+00:00,TSLA,351.12,2026-10-16,58,P,330.0,-0.06015,13.0,13.25,13.125,0.019,4939,11787,0.40762921478271485
2026-08-19,2026-08-19T22:17:36+00:00,TSLA,351.12,2026-10-16,58,P,335.0,-0.04591,14.95,15.15,15.05,0.0133,156,1381,0.4056455920410156
2026-08-19,2026-08-19T22:17:36+00:00,TSLA,351.12,2026-10-16,58,P,340.0,-0.03167,17.05,17.3,17.175,0.0146,4243,4033,0.4050962811279296
2026-08-19,2026-08-19T22:17:36+00:00,TSLA,351.12,2026-10-16,58,P,345.0,-0.01743,19.35,19.6,19.475,0.0128,183,1290,0.404028176574707
2026-08-19,2026-08-19T22:17:36+00:00,TSLA,351.12,2026-10-16,58,P,350.0,-0.00319,21.85,22.05,21.95,0.0091,314,3343,0.40253283020019537
2026-08-19,2026-08-19T22:17:36+00:00,TSLA,351.12,2026-10-16,58,P,355.0,0.01105,24.5,24.75,24.625,0.0102,165,1112,0.4023497265625
2026-08-19,2026-08-19T22:17:36+00:00,TSLA,351.12,2026-10-16,58,P,360.0,0.02529,27.35,27.65,27.5,0.0109,69,4726,0.4027159338378906
2026-08-19,2026-08-19T22:17:36+00:00,TSLA,351.12,2026-10-16,58,P,365.0,0.03953,30.35,30.75,30.55,0.0131,106,1118,0.4036619692993164
2026-08-19,2026-08-19T22:17:36+00:00,TSLA,351.12,2026-10-16,58,P,370.0,0.05377,33.5,33.95,33.725,0.0133,26,1906,0.4035704174804688
2026-08-19,2026-08-19T22:17:36+00:00,TSLA,351.12,2026-10-16,58,P,375.0,0.06801,36.75,37.45,37.1,0.0189,41,737,0.40619490295410154
2026-08-19,2026-08-19T22:17:36+00:00,TSLA,351.12,2026-10-16,58,P,380.0,0.08225,40.25,40.85,40.55,0.0148,13,9583,0.4042417974853516
2026-08-19,2026-08-19T22:17:36+00:00,TSLA,351.12,2026-10-16,58,P,385.0,0.09649,43.85,44.6,44.225,0.017,33,1254,0.40640852386474613
2026-08-19,2026-08-19T22:17:36+00:00,AMD,466.42,2026-09-18,30,C,420.0,-0.09952,56.3,58.55,57.425,0.0392,38,927,0.551762294921875
2026-08-19,2026-08-19T22:17:36+00:00,AMD,466.42,2026-09-18,30,C,430.0,-0.07808,49.65,51.15,50.4,0.0298,35,572,0.5491378094482424
2026-08-19,2026-08-19T22:17:36+00:00,AMD,466.42,2026-09-18,30,C,440.0,-0.05664,42.5,45.75,44.125,0.0737,279,685,0.5514876394653321
2026-08-19,2026-08-19T22:17:36+00:00,AMD,466.42,2026-09-18,30,C,450.0,-0.0352,37.0,38.35,37.675,0.0358,261,2224,0.5397079721069337
2026-08-19,2026-08-19T22:17:36+00:00,AMD,466.42,2026-09-18,30,C,460.0,-0.01376,32.0,33.05,32.525,0.0323,300,1532,0.5427902166748049
2026-08-19,2026-08-19T22:17:36+00:00,AMD,466.42,2026-09-18,30,C,470.0,0.00768,27.0,27.9,27.45,0.0328,524,9592,0.5370224520874024
2026-08-19,2026-08-19T22:17:36+00:00,AMD,466.42,2026-09-18,30,C,480.0,0.02912,23.0,23.65,23.325,0.0279,1771,2140,0.5389450402832032
2026-08-19,2026-08-19T22:17:36+00:00,AMD,466.42,2026-09-18,30,C,490.0,0.05056,19.15,19.95,19.55,0.0409,324,3321,0.5379074530029297
2026-08-19,2026-08-19T22:17:36+00:00,AMD,466.42,2026-09-18,30,C,500.0,0.072,16.2,16.75,16.475,0.0334,1167,7878,0.5410812493896486
2026-08-19,2026-08-19T22:17:36+00:00,AMD,466.42,2026-09-18,30,C,510.0,0.09344,13.35,14.25,13.8,0.0652,695,2354,0.5437057348632813
2026-08-19,2026-08-19T22:17:36+00:00,AMD,466.42,2026-09-18,30,P,420.0,-0.09952,9.4,9.8,9.6,0.0417,1899,3965,0.5174913973999024
2026-08-19,2026-08-19T22:17:36+00:00,AMD,466.42,2026-09-18,30,P,430.0,-0.07808,11.9,12.7,12.3,0.065,1397,3502,0.5120898400878906
2026-08-19,2026-08-19T22:17:36+00:00,AMD,466.42,2026-09-18,30,P,440.0,-0.05664,15.35,16.15,15.75,0.0508,1019,7153,0.5116015637207032
2026-08-19,2026-08-19T22:17:36+00:00,AMD,466.42,2026-09-18,30,P,450.0,-0.0352,19.3,20.05,19.675,0.0381,2900,5409,0.509190699157715
2026-08-19,2026-08-19T22:17:36+00:00,AMD,466.42,2026-09-18,30,P,460.0,-0.01376,23.95,24.5,24.225,0.0227,999,3679,0.5076953527832031
2026-08-19,2026-08-19T22:17:36+00:00,AMD,466.42,2026-09-18,30,P,470.0,0.00768,28.9,29.85,29.375,0.0323,236,2948,0.506566213684082
2026-08-19,2026-08-19T22:17:36+00:00,AMD,466.42,2026-09-18,30,P,480.0,0.02912,34.6,35.9,35.25,0.0369,211,3486,0.5083056982421875
2026-08-19,2026-08-19T22:17:36+00:00,AMD,466.42,2026-09-18,30,P,490.0,0.05056,40.85,41.95,41.4,0.0266,49,1747,0.5050708673095703
2026-08-19,2026-08-19T22:17:36+00:00,AMD,466.42,2026-09-18,30,P,500.0,0.072,47.7,48.9,48.3,0.0248,106,3231,0.5064136273193358
2026-08-19,2026-08-19T22:17:36+00:00,AMD,466.42,2026-09-18,30,P,510.0,0.09344,53.5,56.1,54.8,0.0474,97,1662,0.5170641555786133
2026-08-19,2026-08-19T22:17:36+00:00,AMD,466.42,2026-10-16,58,C,420.0,-0.09952,66.15,69.55,67.85,0.0501,26,416,0.5710797286987305
2026-08-19,2026-08-19T22:17:36+00:00,AMD,466.42,2026-10-16,58,C,430.0,-0.07808,60.3,63.1,61.7,0.0454,31,311,0.5709576596069336
2026-08-19,2026-08-19T22:17:36+00:00,AMD,466.42,2026-10-16,58,C,440.0,-0.05664,54.65,56.95,55.8,0.0412,33,233,0.5688214505004883
2026-08-19,2026-08-19T22:17:36+00:00,AMD,466.42,2026-10-16,58,C,450.0,-0.0352,49.5,50.5,50.0,0.02,144,12971,0.5627637718200684
2026-08-19,2026-08-19T22:17:36+00:00,AMD,466.42,2026-10-16,58,C,460.0,-0.01376,44.6,46.85,45.725,0.0492,174,614,0.5724224887084962
2026-08-19,2026-08-19T22:17:36+00:00,AMD,466.42,2026-10-16,58,C,470.0,0.00768,40.1,41.45,40.775,0.0331,278,467,0.567661794128418
2026-08-19,2026-08-19T22:17:36+00:00,AMD,466.42,2026-10-16,58,C,480.0,0.02912,35.9,36.7,36.3,0.022,172,882,0.5643964459228517
2026-08-19,2026-08-19T22:17:36+00:00,AMD,466.42,2026-10-16,58,C,490.0,0.05056,32.0,32.65,32.325,0.0201,162,865,0.5630842031860351
2026-08-19,2026-08-19T22:17:36+00:00,AMD,466.42,2026-10-16,58,C,500.0,0.072,28.5,29.3,28.9,0.0277,1006,2259,0.5646100668334962
2026-08-19,2026-08-19T22:17:36+00:00,AMD,466.42,2026-10-16,58,C,510.0,0.09344,25.1,26.2,25.65,0.0429,76,884,0.5641217904663086
2026-08-19,2026-08-19T22:17:36+00:00,AMD,466.42,2026-10-16,58,P,420.0,-0.09952,18.2,19.1,18.65,0.0483,1786,3802,0.527073821105957
2026-08-19,2026-08-19T22:17:36+00:00,AMD,466.42,2026-10-16,58,P,430.0,-0.07808,21.95,22.75,22.35,0.0358,94,1116,0.5271348556518555
2026-08-19,2026-08-19T22:17:36+00:00,AMD,466.42,2026-10-16,58,P,440.0,-0.05664,25.25,26.8,26.025,0.0596,692,1637,0.5207872628784179
2026-08-19,2026-08-19T22:17:36+00:00,AMD,466.42,2026-10-16,58,P,450.0,-0.0352,30.35,31.2,30.775,0.0276,313,3042,0.5239305419921875
2026-08-19,2026-08-19T22:17:36+00:00,AMD,466.42,2026-10-16,58,P,460.0,-0.01376,34.75,36.35,35.55,0.045,226,1144,0.5215654533386229
2026-08-19,2026-08-19T22:17:36+00:00,AMD,466.42,2026-10-16,58,P,470.0,0.00768,40.3,41.45,40.875,0.0281,141,1375,0.5211229528808592
2026-08-19,2026-08-19T22:17:36+00:00,AMD,466.42,2026-10-16,58,P,480.0,0.02912,46.05,47.25,46.65,0.0257,102,1058,0.5213365737915038
2026-08-19,2026-08-19T22:17:36+00:00,AMD,466.42,2026-10-16,58,P,490.0,0.05056,51.35,54.2,52.775,0.054,52,1091,0.5210619183349607
2026-08-19,2026-08-19T22:17:36+00:00,AMD,466.42,2026-10-16,58,P,500.0,0.072,57.8,60.8,59.3,0.0506,93,1124,0.5212450219726561
2026-08-19,2026-08-19T22:17:36+00:00,AMD,466.42,2026-10-16,58,P,510.0,0.09344,64.3,66.7,65.5,0.0366,38,784,0.5119982882690429
2026-08-19,2026-08-19T22:17:36+00:00,META,546.03,2026-09-18,30,C,495.0,-0.09346,56.15,60.0,58.075,0.0663,2,37,0.45013977600097654
2026-08-19,2026-08-19T22:17:36+00:00,META,546.03,2026-09-18,30,C,500.0,-0.0843,50.9,55.95,53.425,0.0945,20,507,0.44290718231201176
2026-08-19,2026-08-19T22:17:36+00:00,META,546.03,2026-09-18,30,C,505.0,-0.07514,46.85,52.05,49.45,0.1052,4,232,0.43683424499511714
2026-08-19,2026-08-19T22:17:36+00:00,META,546.03,2026-09-18,30,C,510.0,-0.06599,43.45,48.15,45.8,0.1026,5,252,0.4288387194824219
2026-08-19,2026-08-19T22:17:36+00:00,META,546.03,2026-09-18,30,C,515.0,-0.05683,40.05,44.5,42.275,0.1053,66,258,0.42352871398925784
2026-08-19,2026-08-19T22:17:36+00:00,META,546.03,2026-09-18,30,C,520.0,-0.04767,35.9,41.0,38.45,0.1326,11,458,0.4187680194091796
2026-08-19,2026-08-19T22:17:36+00:00,META,546.03,2026-09-18,30,C,525.0,-0.03851,34.25,36.05,35.15,0.0512,17,877,0.38709109008789055
2026-08-19,2026-08-19T22:17:36+00:00,META,546.03,2026-09-18,30,C,530.0,-0.02936,31.35,32.9,32.125,0.0482,74,764,0.38449712188720697
2026-08-19,2026-08-19T22:17:36+00:00,META,546.03,2026-09-18,30,C,535.0,-0.0202,28.35,29.85,29.1,0.0515,35,720,0.3809876354980468
2026-08-19,2026-08-19T22:17:36+00:00,META,546.03,2026-09-18,30,C,540.0,-0.01104,25.65,26.95,26.3,0.0494,509,1193,0.37735608001708976
2026-08-19,2026-08-19T22:17:36+00:00,META,546.03,2026-09-18,30,C,545.0,-0.00189,23.35,24.2,23.775,0.0358,359,1343,0.37354142089843745
2026-08-19,2026-08-19T22:17:36+00:00,META,546.03,2026-09-18,30,C,550.0,0.00727,21.0,21.4,21.2,0.0189,827,2249,0.3663393444824219
2026-08-19,2026-08-19T22:17:36+00:00,META,546.03,2026-09-18,30,C,555.0,0.01643,18.8,19.35,19.075,0.0288,435,425,0.36832296722412117
2026-08-19,2026-08-19T22:17:36+00:00,META,546.03,2026-09-18,30,C,560.0,0.02558,16.75,17.35,17.05,0.0352,308,1366,0.3685060708618164
2026-08-19,2026-08-19T22:17:36+00:00,META,546.03,2026-09-18,30,C,565.0,0.03474,14.95,15.65,15.3,0.0458,174,968,0.3710084872436523
2026-08-19,2026-08-19T22:17:36+00:00,META,546.03,2026-09-18,30,C,570.0,0.0439,13.25,13.85,13.55,0.0443,2681,1591,0.36939107177734376
2026-08-19,2026-08-19T22:17:36+00:00,META,546.03,2026-09-18,30,C,575.0,0.05306,11.8,12.3,12.05,0.0415,233,858,0.3694521063232422
2026-08-19,2026-08-19T22:17:36+00:00,META,546.03,2026-09-18,30,C,580.0,0.06221,10.4,10.9,10.65,0.0469,456,2383,0.36972676177978514
2026-08-19,2026-08-19T22:17:36+00:00,META,546.03,2026-09-18,30,C,585.0,0.07137,9.2,9.7,9.45,0.0529,191,2418,0.37128314270019536
2026-08-19,2026-08-19T22:17:36+00:00,META,546.03,2026-09-18,30,C,590.0,0.08053,8.1,8.55,8.325,0.0541,1366,2458,0.37152728088378906
2026-08-19,2026-08-19T22:17:36+00:00,META,546.03,2026-09-18,30,C,595.0,0.08968,7.2,7.6,7.4,0.0541,211,1850,0.37354142089843745
2026-08-19,2026-08-19T22:17:36+00:00,META,546.03,2026-09-18,30,C,600.0,0.09884,6.35,6.65,6.5,0.0462,4366,8255,0.37344986907958977
2026-08-19,2026-08-19T22:17:36+00:00,META,546.03,2026-09-18,30,P,495.0,-0.09346,4.65,4.95,4.8,0.0625,200,1046,0.3554141607666015
2026-08-19,2026-08-19T22:17:36+00:00,META,546.03,2026-09-18,30,P,500.0,-0.0843,5.45,5.85,5.65,0.0708,1141,8848,0.35321691711425773
2026-08-19,2026-08-19T22:17:36+00:00,META,546.03,2026-09-18,30,P,505.0,-0.07514,6.4,6.9,6.65,0.0752,296,1456,0.35156898437499995
2026-08-19,2026-08-19T22:17:36+00:00,META,546.03,2026-09-18,30,P,510.0,-0.06599,7.6,8.1,7.85,0.0637,305,4619,0.35016518981933586
2026-08-19,2026-08-19T22:17:36+00:00,META,546.03,2026-09-18,30,P,515.0,-0.05683,8.9,9.4,9.15,0.0546,243,1297,0.3478153598022461
2026-08-19,2026-08-19T22:17:36+00:00,META,546.03,2026-09-18,30,P,520.0,-0.04767,10.35,10.9,10.625,0.0518,659,5312,0.34635053070068356
2026-08-19,2026-08-19T22:17:36+00:00,META,546.03,2026-09-18,30,P,525.0,-0.03851,11.95,12.55,12.25,0.049,308,1339,0.3446415634155273
2026-08-19,2026-08-19T22:17:36+00:00,META,546.03,2026-09-18,30,P,530.0,-0.02936,13.9,14.4,14.15,0.0353,190,4567,0.3434208724975586
2026-08-19,2026-08-19T22:17:36+00:00,META,546.03,2026-09-18,30,P,535.0,-0.0202,15.8,16.45,16.125,0.0403,120,2642,0.34256638885498036
2026-08-19,2026-08-19T22:17:36+00:00,META,546.03,2026-09-18,30,P,540.0,-0.01104,17.95,18.65,18.3,0.0383,465,4549,0.34122362884521484
2026-08-19,2026-08-19T22:17:36+00:00,META,546.03,2026-09-18,30,P,545.0,-0.00189,20.35,21.1,20.725,0.0362,169,2004,0.3409184561157227
2026-08-19,2026-08-19T22:17:36+00:00,META,546.03,2026-09-18,30,P,550.0,0.00727,23.1,23.7,23.4,0.0256,748,11872,0.34009448974609374
2026-08-19,2026-08-19T22:17:36+00:00,META,546.03,2026-09-18,30,P,555.0,0.01643,25.65,26.5,26.075,0.0326,311,2293,0.33954517883300783
2026-08-19,2026-08-19T22:17:36+00:00,META,546.03,2026-09-18,30,P,560.0,0.02558,28.6,29.7,29.15,0.0377,251,3372,0.3425969061279296
2026-08-19,2026-08-19T22:17:36+00:00,META,546.03,2026-09-18,30,P,565.0,0.03474,31.55,32.9,32.225,0.0419,144,978,0.3429325961303711
2026-08-19,2026-08-19T22:17:36+00:00,META,546.03,2026-09-18,30,P,570.0,0.0439,34.85,36.0,35.425,0.0325,79,3613,0.3388127642822265
2026-08-19,2026-08-19T22:17:36+00:00,META,546.03,2026-09-18,30,P,575.0,0.05306,38.3,39.9,39.1,0.0409,55,1444,0.34574018524169914
2026-08-19,2026-08-19T22:17:36+00:00,META,546.03,2026-09-18,30,P,580.0,0.06221,41.85,43.5,42.675,0.0387,78,4869,0.3450077706909179
2026-08-19,2026-08-19T22:17:36+00:00,META,546.03,2026-09-18,30,P,585.0,0.07137,45.5,47.75,46.625,0.0483,23,1038,0.3540408834838866
2026-08-19,2026-08-19T22:17:36+00:00,META,546.03,2026-09-18,30,P,590.0,0.08053,49.25,51.8,50.525,0.0505,42,2799,0.35736726623535153
2026-08-19,2026-08-19T22:17:36+00:00,META,546.03,2026-09-18,30,P,595.0,0.08968,53.1,55.7,54.4,0.0478,40,1389,0.3554141607666015
2026-08-19,2026-08-19T22:17:36+00:00,META,546.03,2026-09-18,30,P,600.0,0.09884,57.5,59.75,58.625,0.0384,121,5389,0.3541324353027343
2026-08-19,2026-08-19T22:17:36+00:00,META,546.03,2026-10-16,58,C,495.0,-0.09346,62.2,66.7,64.45,0.0698,1,31,0.4260311303710938
2026-08-19,2026-08-19T22:17:36+00:00,META,546.03,2026-10-16,58,C,500.0,-0.0843,60.0,65.25,62.625,0.0838,32,606,0.4522454678344727
2026-08-19,2026-08-19T22:17:36+00:00,META,546.03,2026-10-16,58,C,505.0,-0.07514,55.0,60.55,57.775,0.0961,3,28,0.4327449304199219
2026-08-19,2026-08-19T22:17:36+00:00,META,546.03,2026-10-16,58,C,510.0,-0.06599,51.55,57.1,54.325,0.1022,3,69,0.4289302713012696
2026-08-19,2026-08-19T22:17:36+00:00,META,546.03,2026-10-16,58,C,515.0,-0.05683,48.2,53.8,51.0,0.1098,6,65,0.4258632853698731
2026-08-19,2026-08-19T22:17:36+00:00,META,546.03,2026-10-16,58,C,520.0,-0.04767,46.6,49.15,47.875,0.0533,14,347,0.4050352465820312
2026-08-19,2026-08-19T22:17:36+00:00,META,546.03,2026-10-16,58,C,525.0,-0.03851,43.7,45.95,44.825,0.0502,38,272,0.40112903564453123
2026-08-19,2026-08-19T22:17:36+00:00,META,546.03,2026-10-16,58,C,530.0,-0.02936,40.9,42.95,41.925,0.0489,24,366,0.39835196380615234
2026-08-19,2026-08-19T22:17:36+00:00,META,546.03,2026-10-16,58,C,535.0,-0.0202,38.2,40.0,39.1,0.046,12,212,0.394888253326416
2026-08-19,2026-08-19T22:17:36+00:00,META,546.03,2026-10-16,58,C,540.0,-0.01104,35.7,37.25,36.475,0.0425,170,331,0.3924621301269531
2026-08-19,2026-08-19T22:17:36+00:00,META,546.03,2026-10-16,58,C,545.0,-0.00189,33.3,34.45,33.875,0.0339,103,207,0.38815919464111326
2026-08-19,2026-08-19T22:17:36+00:00,META,546.03,2026-10-16,58,C,550.0,0.00727,31.3,32.15,31.725,0.0268,784,1736,0.38828126373291016
2026-08-19,2026-08-19T22:17:36+00:00,META,546.03,2026-10-16,58,C,555.0,0.01643,29.0,29.7,29.35,0.0239,215,247,0.3853668641662597
2026-08-19,2026-08-19T22:17:36+00:00,META,546.03,2026-10-16,58,C,560.0,0.02558,26.8,27.6,27.2,0.0294,154,633,0.3851532432556152
2026-08-19,2026-08-19T22:17:36+00:00,META,546.03,2026-10-16,58,C,565.0,0.03474,24.7,25.55,25.125,0.0338,27,203,0.38422246643066404
2026-08-19,2026-08-19T22:17:36+00:00,META,546.03,2026-10-16,58,C,570.0,0.0439,23.1,23.8,23.45,0.0299,150,1604,0.38550419189453117
2026-08-19,2026-08-19T22:17:36+00:00,META,546.03,2026-10-16,58,C,575.0,0.05306,21.35,22.05,21.7,0.0323,106,1233,0.38556522644042956
2026-08-19,2026-08-19T22:17:36+00:00,META,546.03,2026-10-16,58,C,580.0,0.06221,19.6,20.2,19.9,0.0302,118,1358,0.38318487915039057
2026-08-19,2026-08-19T22:17:36+00:00,META,546.03,2026-10-16,58,C,585.0,0.07137,18.05,18.8,18.425,0.0407,97,3728,0.3850006568908691
2026-08-19,2026-08-19T22:17:36+00:00,META,546.03,2026-10-16,58,C,590.0,0.08053,16.7,17.2,16.95,0.0295,108,1545,0.38318487915039057
2026-08-19,2026-08-19T22:17:36+00:00,META,546.03,2026-10-16,58,C,595.0,0.08968,15.4,15.9,15.65,0.0319,48,923,0.3839478109741211
2026-08-19,2026-08-19T22:17:36+00:00,META,546.03,2026-10-16,58,C,600.0,0.09884,14.15,14.65,14.4,0.0347,949,9060,0.38425298370361327
2026-08-19,2026-08-19T22:17:36+00:00,META,546.03,2026-10-16,58,P,495.0,-0.09346,10.55,11.05,10.8,0.0463,47,652,0.3586184744262696
2026-08-19,2026-08-19T22:17:36+00:00,META,546.03,2026-10-16,58,P,500.0,-0.0843,11.8,12.35,12.075,0.0455,505,2853,0.3569400244140625
2026-08-19,2026-08-19T22:17:36+00:00,META,546.03,2026-10-16,58,P,505.0,-0.07514,13.2,13.8,13.5,0.0444,356,568,0.35584140258789054
2026-08-19,2026-08-19T22:17:36+00:00,META,546.03,2026-10-16,58,P,510.0,-0.06599,14.85,15.35,15.1,0.0331,614,1350,0.35452915985107414
2026-08-19,2026-08-19T22:17:36+00:00,META,546.03,2026-10-16,58,P,515.0,-0.05683,16.55,17.05,16.8,0.0298,63,726,0.35358312438964834
2026-08-19,2026-08-19T22:17:36+00:00,META,546.03,2026-10-16,58,P,520.0,-0.04767,18.35,18.85,18.6,0.0269,219,2149,0.3523624334716796
2026-08-19,2026-08-19T22:17:36+00:00,META,546.03,2026-10-16,58,P,525.0,-0.03851,20.3,20.8,20.55,0.0243,39,571,0.35144691528320304
2026-08-19,2026-08-19T22:17:36+00:00,META,546.03,2026-10-16,58,P,530.0,-0.02936,22.3,22.85,22.575,0.0244,113,2013,0.3502109657287597
2026-08-19,2026-08-19T22:17:36+00:00,META,546.03,2026-10-16,58,P,535.0,-0.0202,24.5,25.1,24.8,0.0242,66,703,0.34979898254394526
2026-08-19,2026-08-19T22:17:36+00:00,META,546.03,2026-10-16,58,P,540.0,-0.01104,26.85,27.45,27.15,0.0221,332,2431,0.3490360507202148
2026-08-19,2026-08-19T22:17:36+00:00,META,546.03,2026-10-16,58,P,545.0,-0.00189,29.0,29.95,29.475,0.0322,92,900,0.34848673980712885
2026-08-19,2026-08-19T22:17:36+00:00,META,546.03,2026-10-16,58,P,550.0,0.00727,31.6,32.6,32.1,0.0312,266,5974,0.3481815670776367
2026-08-19,2026-08-19T22:17:36+00:00,META,546.03,2026-10-16,58,P,555.0,0.01643,34.35,35.35,34.85,0.0287,26,307,0.34754070434570306
2026-08-19,2026-08-19T22:17:36+00:00,META,546.03,2026-10-16,58,P,560.0,0.02558,37.2,38.25,37.725,0.0278,51,2007,0.34717449707031245
2026-08-19,2026-08-19T22:17:36+00:00,META,546.03,2026-10-16,58,P,565.0,0.03474,40.2,41.4,40.8,0.0294,21,236,0.34824260162353515
2026-08-19,2026-08-19T22:17:36+00:00,META,546.03,2026-10-16,58,P,570.0,0.0439,43.05,44.7,43.875,0.0376,41,1442,0.3497074307250976
2026-08-19,2026-08-19T22:17:36+00:00,META,546.03,2026-10-16,58,P,575.0,0.05306,46.15,48.55,47.35,0.0507,16,314,0.3563907135009765
2026-08-19,2026-08-19T22:17:36+00:00,META,546.03,2026-10-16,58,P,580.0,0.06221,49.35,52.1,50.725,0.0542,23,1096,0.35832856033325194
2026-08-19,2026-08-19T22:17:36+00:00,META,546.03,2026-10-16,58,P,585.0,0.07137,52.65,55.7,54.175,0.0563,13,3048,0.35965606170654296
2026-08-19,2026-08-19T22:17:36+00:00,META,546.03,2026-10-16,58,P,590.0,0.08053,56.7,59.45,58.075,0.0474,46,1309,0.36165494308471674
2026-08-19,2026-08-19T22:17:36+00:00,META,546.03,2026-10-16,58,P,595.0,0.08968,59.4,62.8,61.1,0.0556,33,123,0.35727571441650385
2026-08-19,2026-08-19T22:17:36+00:00,META,546.03,2026-10-16,58,P,600.0,0.09884,63.45,66.0,64.725,0.0394,42,4700,0.3492801889038085
2026-08-19,2026-08-19T22:17:36+00:00,AVGO,362.48,2026-09-18,30,C,330.0,-0.0896,40.05,41.3,40.675,0.0307,29,1308,0.5091601818847658
2026-08-19,2026-08-19T22:17:36+00:00,AVGO,362.48,2026-09-18,30,C,340.0,-0.06202,33.05,34.35,33.7,0.0386,20,1346,0.503361900024414
2026-08-19,2026-08-19T22:17:36+00:00,AVGO,362.48,2026-09-18,30,C,350.0,-0.03443,27.15,28.25,27.7,0.0397,210,1630,0.5043384527587891
2026-08-19,2026-08-19T22:17:36+00:00,AVGO,362.48,2026-09-18,30,C,360.0,-0.00684,22.0,22.9,22.45,0.0401,1097,4651,0.5048877636718749
2026-08-19,2026-08-19T22:17:36+00:00,AVGO,362.48,2026-09-18,30,C,370.0,0.02075,17.4,18.3,17.85,0.0504,2141,1648,0.5029956927490236
2026-08-19,2026-08-19T22:17:36+00:00,AVGO,362.48,2026-09-18,30,C,380.0,0.04833,13.7,14.1,13.9,0.0288,3693,3695,0.5043384527587891
2026-08-19,2026-08-19T22:17:36+00:00,AVGO,362.48,2026-09-18,30,C,390.0,0.07592,10.65,10.95,10.8,0.0278,1108,6539,0.5003712072753908
2026-08-19,2026-08-19T22:17:36+00:00,AVGO,362.48,2026-09-18,30,P,330.0,-0.0896,7.1,7.4,7.25,0.0414,1875,7592,0.48474636352539063
2026-08-19,2026-08-19T22:17:36+00:00,AVGO,362.48,2026-09-18,30,P,340.0,-0.06202,10.1,10.5,10.3,0.0388,1589,6267,0.48389187988281257
2026-08-19,2026-08-19T22:17:36+00:00,AVGO,362.48,2026-09-18,30,P,350.0,-0.03443,13.9,14.35,14.125,0.0319,1412,10479,0.48270170623779296
2026-08-19,2026-08-19T22:17:36+00:00,AVGO,362.48,2026-09-18,30,P,360.0,-0.00684,18.25,18.9,18.575,0.035,1908,7093,0.47937532348632805
2026-08-19,2026-08-19T22:17:36+00:00,AVGO,362.48,2026-09-18,30,P,370.0,0.02075,23.75,24.6,24.175,0.0352,903,6337,0.4847768807983398
2026-08-19,2026-08-19T22:17:36+00:00,AVGO,362.48,2026-09-18,30,P,380.0,0.04833,30.05,30.9,30.475,0.0279,1061,7333,0.4867605035400391
2026-08-19,2026-08-19T22:17:36+00:00,AVGO,362.48,2026-09-18,30,P,390.0,0.07592,36.8,37.85,37.325,0.0281,280,5930,0.48816429809570316
2026-08-19,2026-08-19T22:17:36+00:00,AVGO,362.48,2026-10-16,58,C,330.0,-0.0896,45.0,47.4,46.2,0.0519,5,648,0.5096789755249024
2026-08-19,2026-08-19T22:17:36+00:00,AVGO,362.48,2026-10-16,58,C,340.0,-0.06202,38.0,40.2,39.1,0.0563,32,214,0.48923240264892587
2026-08-19,2026-08-19T22:17:36+00:00,AVGO,362.48,2026-10-16,58,C,350.0,-0.03443,32.9,34.05,33.475,0.0344,157,702,0.4795279098510742
2026-08-19,2026-08-19T22:17:36+00:00,AVGO,362.48,2026-10-16,58,C,360.0,-0.00684,28.0,28.85,28.425,0.0299,536,507,0.4769034243774414
2026-08-19,2026-08-19T22:17:36+00:00,AVGO,362.48,2026-10-16,58,C,370.0,0.02075,23.5,24.45,23.975,0.0396,400,922,0.4782156671142578
2026-08-19,2026-08-19T22:17:36+00:00,AVGO,362.48,2026-10-16,58,C,380.0,0.04833,19.8,20.85,20.325,0.0517,405,1564,0.48389187988281257
2026-08-19,2026-08-19T22:17:36+00:00,AVGO,362.48,2026-10-16,58,C,390.0,0.07592,16.5,17.35,16.925,0.0502,457,1046,0.4824880853271485
2026-08-19,2026-08-19T22:17:36+00:00,AVGO,362.48,2026-10-16,58,P,330.0,-0.0896,11.5,12.35,11.925,0.0713,301,4690,0.4574639215087891
2026-08-19,2026-08-19T22:17:36+00:00,AVGO,362.48,2026-10-16,58,P,340.0,-0.06202,15.05,15.85,15.45,0.0518,509,4812,0.4540154696655273
2026-08-19,2026-08-19T22:17:36+00:00,AVGO,362.48,2026-10-16,58,P,350.0,-0.03443,19.3,20.15,19.725,0.0431,879,3728,0.4542290905761719
2026-08-19,2026-08-19T22:17:36+00:00,AVGO,362.48,2026-10-16,58,P,360.0,-0.00684,24.1,25.15,24.625,0.0426,523,2315,0.45584650604248045
2026-08-19,2026-08-19T22:17:36+00:00,AVGO,362.48,2026-10-16,58,P,370.0,0.02075,29.5,30.55,30.025,0.035,392,2621,0.4538934005737304
2026-08-19,2026-08-19T22:17:36+00:00,AVGO,362.48,2026-10-16,58,P,380.0,0.04833,35.5,36.7,36.1,0.0332,300,4584,0.4549309878540039
2026-08-19,2026-08-19T22:17:36+00:00,AVGO,362.48,2026-10-16,58,P,390.0,0.07592,41.1,44.35,42.725,0.0761,93,2503,0.47330238616943365
2026-08-19,2026-08-19T22:17:36+00:00,MU,937.105,2026-09-18,30,C,850.0,-0.09295,119.4,120.7,120.05,0.0108,42,1774,0.653873090209961
2026-08-19,2026-08-19T22:17:36+00:00,MU,937.105,2026-09-18,30,C,860.0,-0.08228,112.8,114.15,113.475,0.0119,30,503,0.6531101583862305
2026-08-19,2026-08-19T22:17:36+00:00,MU,937.105,2026-09-18,30,C,870.0,-0.07161,106.2,107.5,106.85,0.0122,17,540,0.6495091201782227
2026-08-19,2026-08-19T22:17:36+00:00,MU,937.105,2026-09-18,30,C,880.0,-0.06094,100.0,101.25,100.625,0.0124,21,1051,0.6478001528930665
2026-08-19,2026-08-19T22:17:36+00:00,MU,937.105,2026-09-18,30,C,890.0,-0.05027,94.15,95.3,94.725,0.0121,13,970,0.647067738342285
2026-08-19,2026-08-19T22:17:36+00:00,MU,937.105,2026-09-18,30,C,900.0,-0.0396,88.5,89.5,89.0,0.0112,1145,5688,0.6458165301513672
2026-08-19,2026-08-19T22:17:36+00:00,MU,937.105,2026-09-18,30,C,910.0,-0.02892,82.9,84.1,83.5,0.0144,133,3321,0.6445195460510253
2026-08-19,2026-08-19T22:17:36+00:00,MU,937.105,2026-09-18,30,C,920.0,-0.01825,77.8,78.85,78.325,0.0134,80,917,0.6441228215026855
2026-08-19,2026-08-19T22:17:36+00:00,MU,937.105,2026-09-18,30,C,930.0,-0.00758,72.65,73.8,73.225,0.0157,117,663,0.6422917851257324
2026-08-19,2026-08-19T22:17:36+00:00,MU,937.105,2026-09-18,30,C,940.0,0.00309,68.05,69.0,68.525,0.0139,286,774,0.6420629055786133
2026-08-19,2026-08-19T22:17:36+00:00,MU,937.105,2026-09-18,30,C,950.0,0.01376,63.65,64.75,64.2,0.0171,533,1596,0.643207303314209
2026-08-19,2026-08-19T22:17:36+00:00,MU,937.105,2026-09-18,30,C,960.0,0.02443,59.35,60.45,59.9,0.0184,122,893,0.6425511819458009
2026-08-19,2026-08-19T22:17:36+00:00,MU,937.105,2026-09-18,30,C,970.0,0.0351,55.4,56.4,55.9,0.0179,163,921,0.6426732510375978
2026-08-19,2026-08-19T22:17:36+00:00,MU,937.105,2026-09-18,30,C,980.0,0.04577,51.6,52.3,51.95,0.0135,215,992,0.6412847151184082
2026-08-19,2026-08-19T22:17:36+00:00,MU,937.105,2026-09-18,30,C,990.0,0.05645,48.0,49.0,48.5,0.0206,455,2009,0.642627475128174
2026-08-19,2026-08-19T22:17:36+00:00,MU,937.105,2026-09-18,30,C,1000.0,0.06712,44.7,45.7,45.2,0.0221,1274,10148,0.6435429933166505
2026-08-19,2026-08-19T22:17:36+00:00,MU,937.105,2026-09-18,30,C,1010.0,0.07779,41.5,42.4,41.95,0.0215,185,771,0.6431004928588868
2026-08-19,2026-08-19T22:17:36+00:00,MU,937.105,2026-09-18,30,C,1020.0,0.08846,38.55,39.55,39.05,0.0256,68,1517,0.6442296319580079
2026-08-19,2026-08-19T22:17:36+00:00,MU,937.105,2026-09-18,30,C,1030.0,0.09913,35.8,36.6,36.2,0.0221,108,836,0.6441228215026855
2026-08-19,2026-08-19T22:17:36+00:00,MU,937.105,2026-09-18,30,P,850.0,-0.09295,29.7,30.35,30.025,0.0216,1193,3821,0.6215247808837892
2026-08-19,2026-08-19T22:17:36+00:00,MU,937.105,2026-09-18,30,P,860.0,-0.08228,33.0,33.65,33.325,0.0195,59,1379,0.6205787454223634
2026-08-19,2026-08-19T22:17:36+00:00,MU,937.105,2026-09-18,30,P,870.0,-0.07161,36.45,37.15,36.8,0.019,90,1068,0.6190223645019532
2026-08-19,2026-08-19T22:17:36+00:00,MU,937.105,2026-09-18,30,P,880.0,-0.06094,39.95,40.9,40.425,0.0235,66,964,0.6166725344848634
2026-08-19,2026-08-19T22:17:36+00:00,MU,937.105,2026-09-18,30,P,890.0,-0.05027,43.55,44.9,44.225,0.0305,88,1169,0.6137428762817384
2026-08-19,2026-08-19T22:17:36+00:00,MU,937.105,2026-09-18,30,P,900.0,-0.0396,48.2,49.15,48.675,0.0195,617,4035,0.6148567567443848
2026-08-19,2026-08-19T22:17:36+00:00,MU,937.105,2026-09-18,30,P,910.0,-0.02892,52.8,53.7,53.25,0.0169,347,1046,0.6147957221984863
2026-08-19,2026-08-19T22:17:36+00:00,MU,937.105,2026-09-18,30,P,920.0,-0.01825,57.55,58.5,58.025,0.0164,1234,2275,0.6143227044677735
2026-08-19,2026-08-19T22:17:36+00:00,MU,937.105,2026-09-18,30,P,930.0,-0.00758,62.6,63.55,63.075,0.0151,329,986,0.6141701181030274
2026-08-19,2026-08-19T22:17:36+00:00,MU,937.105,2026-09-18,30,P,940.0,0.00309,67.8,68.8,68.3,0.0146,236,946,0.6134224449157715
2026-08-19,2026-08-19T22:17:36+00:00,MU,937.105,2026-09-18,30,P,950.0,0.01376,73.35,74.35,73.85,0.0135,150,1605,0.6134987380981446
2026-08-19,2026-08-19T22:17:36+00:00,MU,937.105,2026-09-18,30,P,960.0,0.02443,78.75,80.1,79.425,0.017,182,1241,0.6116677017211917
2026-08-19,2026-08-19T22:17:36+00:00,MU,937.105,2026-09-18,30,P,970.0,0.0351,84.95,86.1,85.525,0.0134,25,757,0.6125832199096681
2026-08-19,2026-08-19T22:17:36+00:00,MU,937.105,2026-09-18,30,P,980.0,0.04577,91.05,92.25,91.65,0.0131,23,803,0.6116829603576663
2026-08-19,2026-08-19T22:17:36+00:00,MU,937.105,2026-09-18,30,P,990.0,0.05645,97.45,98.8,98.125,0.0138,23,692,0.6120339089965822
2026-08-19,2026-08-19T22:17:36+00:00,MU,937.105,2026-09-18,30,P,1000.0,0.06712,102.45,105.85,104.15,0.0326,119,2363,0.6061135580444338
2026-08-19,2026-08-19T22:17:36+00:00,MU,937.105,2026-09-18,30,P,1010.0,0.07779,110.8,112.7,111.75,0.017,2,530,0.6133003758239748
2026-08-19,2026-08-19T22:17:36+00:00,MU,937.105,2026-09-18,30,P,1020.0,0.08846,116.8,119.55,118.175,0.0233,5,343,0.6072121798706055
2026-08-19,2026-08-19T22:17:36+00:00,MU,937.105,2026-09-18,30,P,1030.0,0.09913,124.85,127.05,125.95,0.0175,21,301,0.6126289958190918
2026-08-19,2026-08-19T22:17:36+00:00,MU,937.105,2026-10-16,58,C,860.0,-0.08228,144.45,145.95,145.2,0.0103,29,843,0.7108335801696777
2026-08-19,2026-08-19T22:17:36+00:00,MU,937.105,2026-10-16,58,C,880.0,-0.06094,133.15,134.75,133.95,0.0119,29,417,0.70859056060791
2026-08-19,2026-08-19T22:17:36+00:00,MU,937.105,2026-10-16,58,C,900.0,-0.0396,122.75,124.25,123.5,0.0121,350,2214,0.7075987492370606
2026-08-19,2026-08-19T22:17:36+00:00,MU,937.105,2026-10-16,58,C,910.0,-0.02892,117.65,119.2,118.425,0.0131,28,589,0.7065535326385498
2026-08-19,2026-08-19T22:17:36+00:00,MU,937.105,2026-10-16,58,C,920.0,-0.01825,112.8,114.35,113.575,0.0136,25,500,0.7059965924072267
2026-08-19,2026-08-19T22:17:36+00:00,MU,937.105,2026-10-16,58,C,930.0,-0.00758,108.15,109.55,108.85,0.0129,90,499,0.70527943649292
2026-08-19,2026-08-19T22:17:36+00:00,MU,937.105,2026-10-16,58,C,940.0,0.00309,103.65,105.1,104.375,0.0139,79,487,0.7052336605834962
2026-08-19,2026-08-19T22:17:36+00:00,MU,937.105,2026-10-16,58,C,950.0,0.01376,99.35,100.5,99.925,0.0115,430,2258,0.7043639183044434
2026-08-19,2026-08-19T22:17:36+00:00,MU,937.105,2026-10-16,58,C,960.0,0.02443,95.1,96.5,95.8,0.0146,54,621,0.7046919789886474
2026-08-19,2026-08-19T22:17:36+00:00,MU,937.105,2026-10-16,58,C,970.0,0.0351,91.1,92.6,91.85,0.0163,37,451,0.7052336605834962
2026-08-19,2026-08-19T22:17:36+00:00,MU,937.105,2026-10-16,58,C,980.0,0.04577,87.25,88.6,87.925,0.0154,52,468,0.7050200396728517
2026-08-19,2026-08-19T22:17:36+00:00,MU,937.105,2026-10-16,58,C,990.0,0.05645,83.45,84.65,84.05,0.0143,32,579,0.7042113319396974
2026-08-19,2026-08-19T22:17:36+00:00,MU,937.105,2026-10-16,58,C,1000.0,0.06712,79.95,81.25,80.6,0.0161,372,8117,0.7053404710388185
2026-08-19,2026-08-19T22:17:36+00:00,MU,937.105,2026-10-16,58,C,1010.0,0.07779,76.4,77.75,77.075,0.0175,26,343,0.7050963328552247
2026-08-19,2026-08-19T22:17:36+00:00,MU,937.105,2026-10-16,58,C,1020.0,0.08846,73.1,74.4,73.75,0.0176,35,442,0.7053404710388185
2026-08-19,2026-08-19T22:17:36+00:00,MU,937.105,2026-10-16,58,C,1030.0,0.09913,69.95,71.05,70.5,0.0156,21,310,0.7052336605834962
2026-08-19,2026-08-19T22:17:36+00:00,MU,937.105,2026-10-16,58,P,860.0,-0.08228,61.9,62.95,62.425,0.0168,53,1698,0.6692232785034181
2026-08-19,2026-08-19T22:17:36+00:00,MU,937.105,2026-10-16,58,P,880.0,-0.06094,70.55,71.65,71.1,0.0155,28,985,0.6678194839477541
2026-08-19,2026-08-19T22:17:36+00:00,MU,937.105,2026-10-16,58,P,900.0,-0.0396,80.0,80.95,80.475,0.0118,169,3543,0.666690344848633
2026-08-19,2026-08-19T22:17:36+00:00,MU,937.105,2026-10-16,58,P,910.0,-0.02892,84.85,86.0,85.425,0.0135,35,647,0.6662478443908695
2026-08-19,2026-08-19T22:17:36+00:00,MU,937.105,2026-10-16,58,P,920.0,-0.01825,89.95,91.05,90.5,0.0122,16,1610,0.6655459471130374
2026-08-19,2026-08-19T22:17:36+00:00,MU,937.105,2026-10-16,58,P,930.0,-0.00758,95.3,96.4,95.85,0.0115,63,575,0.6656222402954103
2026-08-19,2026-08-19T22:17:36+00:00,MU,937.105,2026-10-16,58,P,940.0,0.00309,100.6,101.9,101.25,0.0128,17,1302,0.6649508602905275
2026-08-19,2026-08-19T22:17:36+00:00,MU,937.105,2026-10-16,58,P,950.0,0.01376,106.2,107.5,106.85,0.0122,36,1193,0.6645846530151369
2026-08-19,2026-08-19T22:17:36+00:00,MU,937.105,2026-10-16,58,P,960.0,0.02443,112.05,113.3,112.675,0.0111,19,719,0.664691463470459
2026-08-19,2026-08-19T22:17:36+00:00,MU,937.105,2026-10-16,58,P,970.0,0.0351,117.6,119.25,118.425,0.0139,2,528,0.6632876689147951
2026-08-19,2026-08-19T22:17:36+00:00,MU,937.105,2026-10-16,58,P,980.0,0.04577,123.9,125.3,124.6,0.0112,5,415,0.6637301693725587
2026-08-19,2026-08-19T22:17:36+00:00,MU,937.105,2026-10-16,58,P,990.0,0.05645,130.2,131.5,130.85,0.0099,13,794,0.6636843934631349
2026-08-19,2026-08-19T22:17:36+00:00,MU,937.105,2026-10-16,58,P,1000.0,0.06712,136.65,137.95,137.3,0.0095,483,3326,0.664035342102051
2026-08-19,2026-08-19T22:17:36+00:00,MU,937.105,2026-10-16,58,P,1010.0,0.07779,142.4,144.9,143.65,0.0174,12,165,0.6627765045928956
2026-08-19,2026-08-19T22:17:36+00:00,MU,937.105,2026-10-16,58,P,1020.0,0.08846,149.35,151.2,150.275,0.0123,2,317,0.6624484439086916
2026-08-19,2026-08-19T22:17:36+00:00,MU,937.105,2026-10-16,58,P,1030.0,0.09913,156.0,158.55,157.275,0.0162,4,157,0.6637606866455079
2026-08-19,2026-08-19T22:17:36+00:00,COIN,160.2,2026-09-18,30,C,145.0,-0.09488,20.05,21.55,20.8,0.0721,40,947,0.6585727502441407
2026-08-19,2026-08-19T22:17:36+00:00,COIN,160.2,2026-09-18,30,C,150.0,-0.06367,17.55,18.45,18.0,0.05,1065,1733,0.6794465649414063
2026-08-19,2026-08-19T22:17:36+00:00,COIN,160.2,2026-09-18,30,C,155.0,-0.03246,14.15,15.5,14.825,0.0911,1021,1144,0.6584506811523438
2026-08-19,2026-08-19T22:17:36+00:00,COIN,160.2,2026-09-18,30,C,160.0,-0.00125,12.1,12.8,12.45,0.0562,1561,3670,0.6644320666503909
2026-08-19,2026-08-19T22:17:36+00:00,COIN,160.2,2026-09-18,30,C,165.0,0.02996,10.0,10.6,10.3,0.0583,572,1518,0.6651644812011721
2026-08-19,2026-08-19T22:17:36+00:00,COIN,160.2,2026-09-18,30,C,170.0,0.06117,8.5,8.7,8.6,0.0233,5224,17417,0.6739534558105471
2026-08-19,2026-08-19T22:17:36+00:00,COIN,160.2,2026-09-18,30,C,175.0,0.09238,7.0,7.2,7.1,0.0282,1913,3156,0.6789582885742189
2026-08-19,2026-08-19T22:17:36+00:00,COIN,160.2,2026-09-18,30,P,145.0,-0.09488,4.95,5.35,5.15,0.0777,337,2209,0.6292761682128907
2026-08-19,2026-08-19T22:17:36+00:00,COIN,160.2,2026-09-18,30,P,150.0,-0.06367,6.75,7.25,7.0,0.0714,688,5293,0.6322058264160157
2026-08-19,2026-08-19T22:17:36+00:00,COIN,160.2,2026-09-18,30,P,155.0,-0.03246,8.85,9.8,9.325,0.1019,357,854,0.6418492846679689
2026-08-19,2026-08-19T22:17:36+00:00,COIN,160.2,2026-09-18,30,P,160.0,-0.00125,11.35,12.5,11.925,0.0964,397,3747,0.6469761865234375
2026-08-19,2026-08-19T22:17:36+00:00,COIN,160.2,2026-09-18,30,P,165.0,0.02996,14.1,15.45,14.775,0.0914,539,1122,0.6477086010742188
2026-08-19,2026-08-19T22:17:36+00:00,COIN,160.2,2026-09-18,30,P,170.0,0.06117,17.35,17.8,17.575,0.0256,111,1713,0.6286658227539064
2026-08-19,2026-08-19T22:17:36+00:00,COIN,160.2,2026-09-18,30,P,175.0,0.09238,20.75,22.3,21.525,0.072,73,928,0.6575961975097657
2026-08-19,2026-08-19T22:17:36+00:00,COIN,160.2,2026-10-16,58,C,145.0,-0.09488,24.35,26.3,25.325,0.077,63,153,0.6821320849609377
2026-08-19,2026-08-19T22:17:36+00:00,COIN,160.2,2026-10-16,58,C,150.0,-0.06367,21.65,23.0,22.325,0.0605,363,10005,0.6748689739990237
2026-08-19,2026-08-19T22:17:36+00:00,COIN,160.2,2026-10-16,58,C,155.0,-0.03246,19.1,20.65,19.875,0.078,109,252,0.6805451867675782
2026-08-19,2026-08-19T22:17:36+00:00,COIN,160.2,2026-10-16,58,C,160.0,-0.00125,16.8,18.0,17.4,0.069,574,1004,0.6757234576416018
2026-08-19,2026-08-19T22:17:36+00:00,COIN,160.2,2026-10-16,58,C,165.0,0.02996,14.75,15.95,15.35,0.0782,275,1343,0.6787141503906251
2026-08-19,2026-08-19T22:17:36+00:00,COIN,160.2,2026-10-16,58,C,170.0,0.06117,12.9,14.35,13.625,0.1064,371,682,0.6860382958984376
2026-08-19,2026-08-19T22:17:36+00:00,COIN,160.2,2026-10-16,58,C,175.0,0.09238,11.25,12.7,11.975,0.1211,326,2677,0.6884796777343751
2026-08-19,2026-08-19T22:17:36+00:00,COIN,160.2,2026-10-16,58,P,145.0,-0.09488,8.6,10.05,9.325,0.1555,236,1101,0.6468541174316407
2026-08-19,2026-08-19T22:17:36+00:00,COIN,160.2,2026-10-16,58,P,150.0,-0.06367,10.7,11.65,11.175,0.085,1217,1552,0.6351965191650393
2026-08-19,2026-08-19T22:17:36+00:00,COIN,160.2,2026-10-16,58,P,155.0,-0.03246,13.05,14.65,13.85,0.1155,313,447,0.647464462890625
2026-08-19,2026-08-19T22:17:36+00:00,COIN,160.2,2026-10-16,58,P,160.0,-0.00125,16.0,17.3,16.65,0.0781,338,842,0.6541782629394532
2026-08-19,2026-08-19T22:17:36+00:00,COIN,160.2,2026-10-16,58,P,165.0,0.02996,18.4,20.25,19.325,0.0957,6,1404,0.6467320483398438
2026-08-19,2026-08-19T22:17:36+00:00,COIN,160.2,2026-10-16,58,P,170.0,0.06117,21.75,23.35,22.55,0.071,22,872,0.6519199847412109
2026-08-19,2026-08-19T22:17:36+00:00,COIN,160.2,2026-10-16,58,P,175.0,0.09238,25.1,26.75,25.925,0.0636,19,473,0.6549106774902345
2026-08-19,2026-08-19T22:17:36+00:00,PLTR,175.19,2026-09-18,30,C,160.0,-0.08671,19.0,19.1,19.05,0.0052,129,11220,0.49670913452148446
2026-08-19,2026-08-19T22:17:36+00:00,PLTR,175.19,2026-09-18,30,C,165.0,-0.05817,15.3,15.6,15.45,0.0194,218,10294,0.4891408508300782
2026-08-19,2026-08-19T22:17:36+00:00,PLTR,175.19,2026-09-18,30,C,170.0,-0.02962,12.15,12.4,12.275,0.0204,687,11983,0.4779104943847656
2026-08-19,2026-08-19T22:17:36+00:00,PLTR,175.19,2026-09-18,30,C,175.0,-0.00108,9.45,9.65,9.55,0.0209,670,7059,0.4696708306884766
2026-08-19,2026-08-19T22:17:36+00:00,PLTR,175.19,2026-09-18,30,C,180.0,0.02746,7.2,7.3,7.25,0.0138,1973,11638,0.46106495971679695
2026-08-19,2026-08-19T22:17:36+00:00,PLTR,175.19,2026-09-18,30,C,185.0,0.056,5.35,5.5,5.425,0.0276,848,7419,0.4598442687988281
2026-08-19,2026-08-19T22:17:36+00:00,PLTR,175.19,2026-09-18,30,C,190.0,0.08454,3.9,4.05,3.975,0.0377,1045,14443,0.4580132324218751
2026-08-19,2026-08-19T22:17:36+00:00,PLTR,175.19,2026-09-18,30,P,160.0,-0.08671,3.25,3.4,3.325,0.0451,1291,5327,0.4643608251953125
2026-08-19,2026-08-19T22:17:36+00:00,PLTR,175.19,2026-09-18,30,P,165.0,-0.05817,4.65,4.8,4.725,0.0317,466,7087,0.4552056433105469
2026-08-19,2026-08-19T22:17:36+00:00,PLTR,175.19,2026-09-18,30,P,170.0,-0.02962,6.45,6.65,6.55,0.0305,606,6734,0.4493463269042969
2026-08-19,2026-08-19T22:17:36+00:00,PLTR,175.19,2026-09-18,30,P,175.0,-0.00108,8.7,8.95,8.825,0.0283,740,3107,0.4446466668701171
2026-08-19,2026-08-19T22:17:36+00:00,PLTR,175.19,2026-09-18,30,P,180.0,0.02746,11.4,11.65,11.525,0.0217,320,3079,0.4382990740966797
2026-08-19,2026-08-19T22:17:36+00:00,PLTR,175.19,2026-09-18,30,P,185.0,0.056,14.55,14.8,14.675,0.017,51,2324,0.4332332067871094
2026-08-19,2026-08-19T22:17:36+00:00,PLTR,175.19,2026-09-18,30,P,190.0,0.08454,17.95,18.5,18.225,0.0302,2,183,0.437505625
2026-08-19,2026-08-19T22:17:36+00:00,PLTR,175.19,2026-10-16,58,C,160.0,-0.08671,22.4,22.7,22.55,0.0133,64,4054,0.5081836291503907
2026-08-19,2026-08-19T22:17:36+00:00,PLTR,175.19,2026-10-16,58,C,165.0,-0.05817,19.15,19.4,19.275,0.013,67,3035,0.503361900024414
2026-08-19,2026-08-19T22:17:36+00:00,PLTR,175.19,2026-10-16,58,C,170.0,-0.02962,16.2,16.45,16.325,0.0153,154,14520,0.49561051269531253
2026-08-19,2026-08-19T22:17:36+00:00,PLTR,175.19,2026-10-16,58,C,175.0,-0.00108,13.6,13.85,13.725,0.0182,425,3113,0.4904836108398438
2026-08-19,2026-08-19T22:17:36+00:00,PLTR,175.19,2026-10-16,58,C,180.0,0.02746,11.35,11.55,11.45,0.0175,668,3252,0.4859670544433594
2026-08-19,2026-08-19T22:17:36+00:00,PLTR,175.19,2026-10-16,58,C,185.0,0.056,9.35,9.55,9.45,0.0212,142,3130,0.4823049816894531
2026-08-19,2026-08-19T22:17:36+00:00,PLTR,175.19,2026-10-16,58,C,190.0,0.08454,7.7,7.9,7.8,0.0256,581,2469,0.48187773986816407
2026-08-19,2026-08-19T22:17:36+00:00,PLTR,175.19,2026-10-16,58,P,160.0,-0.08671,6.2,6.35,6.275,0.0239,911,5193,0.46619186157226566
2026-08-19,2026-08-19T22:17:36+00:00,PLTR,175.19,2026-10-16,58,P,165.0,-0.05817,7.95,8.1,8.025,0.0187,161,1114,0.46057668334960944
2026-08-19,2026-08-19T22:17:36+00:00,PLTR,175.19,2026-10-16,58,P,170.0,-0.02962,10.0,10.15,10.075,0.0149,522,3712,0.4549615051269531
2026-08-19,2026-08-19T22:17:36+00:00,PLTR,175.19,2026-10-16,58,P,175.0,-0.00108,12.35,12.55,12.45,0.0161,360,3368,0.45093322509765627
2026-08-19,2026-08-19T22:17:36+00:00,PLTR,175.19,2026-10-16,58,P,180.0,0.02746,15.05,15.25,15.15,0.0132,59,475,0.44653873779296877
2026-08-19,2026-08-19T22:17:36+00:00,PLTR,175.19,2026-10-16,58,P,185.0,0.056,18.05,18.3,18.175,0.0138,32,172,0.4439142523193359
2026-08-19,2026-08-19T22:17:36+00:00,PLTR,175.19,2026-10-16,58,P,190.0,0.08454,21.2,21.65,21.425,0.021,1,58,0.44196114685058596
2026-08-19,2026-08-19T22:17:36+00:00,NFLX,80.22,2026-09-18,30,C,73.0,-0.09,7.8,8.2,8.0,0.05,95,2890,0.3881897119140625
2026-08-19,2026-08-19T22:17:36+00:00,NFLX,80.22,2026-09-18,30,C,74.0,-0.07754,6.5,7.45,6.975,0.1362,149,3979,0.39014281738281253
2026-08-19,2026-08-19T22:17:36+00:00,NFLX,80.22,2026-09-18,30,C,75.0,-0.06507,6.3,6.5,6.4,0.0313,1818,19776,0.35962554443359374
2026-08-19,2026-08-19T22:17:36+00:00,NFLX,80.22,2026-09-18,30,C,76.0,-0.05261,5.55,5.85,5.7,0.0526,261,4471,0.36597313720703123
2026-08-19,2026-08-19T22:17:36+00:00,NFLX,80.22,2026-09-18,30,C,77.0,-0.04014,4.85,5.05,4.95,0.0404,1081,4672,0.348639326171875
2026-08-19,2026-08-19T22:17:36+00:00,NFLX,80.22,2026-09-18,30,C,78.0,-0.02767,4.3,4.4,4.35,0.023,1782,3408,0.34448897705078124
2026-08-19,2026-08-19T22:17:36+00:00,NFLX,80.22,2026-09-18,30,C,79.0,-0.01521,3.7,3.8,3.75,0.0267,511,4683,0.3407048352050781
2026-08-19,2026-08-19T22:17:36+00:00,NFLX,80.22,2026-09-18,30,C,80.0,-0.00274,3.2,3.3,3.25,0.0308,4435,19845,0.3425358715820312
2026-08-19,2026-08-19T22:17:36+00:00,NFLX,80.22,2026-09-18,30,C,81.0,0.00972,2.73,2.78,2.755,0.0181,1713,2843,0.33667655517578127
2026-08-19,2026-08-19T22:17:36+00:00,NFLX,80.22,2026-09-18,30,C,82.0,0.02219,2.31,2.35,2.33,0.0172,1195,5308,0.33521172607421873
2026-08-19,2026-08-19T22:17:36+00:00,NFLX,80.22,2026-09-18,30,C,83.0,0.03465,1.94,1.97,1.955,0.0153,512,6272,0.33399103515625
2026-08-19,2026-08-19T22:17:36+00:00,NFLX,80.22,2026-09-18,30,C,84.0,0.04712,1.61,1.65,1.63,0.0245,3078,3002,0.33423517333984376
2026-08-19,2026-08-19T22:17:36+00:00,NFLX,80.22,2026-09-18,30,C,85.0,0.05959,1.34,1.36,1.35,0.0148,6551,22975,0.33301448242187504
2026-08-19,2026-08-19T22:17:36+00:00,NFLX,80.22,2026-09-18,30,C,86.0,0.07205,1.1,1.13,1.115,0.0269,1759,3503,0.33447931152343746
2026-08-19,2026-08-19T22:17:36+00:00,NFLX,80.22,2026-09-18,30,C,87.0,0.08452,0.91,0.94,0.925,0.0324,2729,3712,0.336920693359375
2026-08-19,2026-08-19T22:17:36+00:00,NFLX,80.22,2026-09-18,30,C,88.0,0.09698,0.75,0.77,0.76,0.0263,635,4082,0.33765310791015624
2026-08-19,2026-08-19T22:17:36+00:00,NFLX,80.22,2026-09-18,30,P,73.0,-0.09,0.54,0.57,0.555,0.0541,458,3825,0.3178779150390625
2026-08-19,2026-08-19T22:17:36+00:00,NFLX,80.22,2026-09-18,30,P,74.0,-0.07754,0.71,0.74,0.725,0.0414,508,9528,0.3154365332031249
2026-08-19,2026-08-19T22:17:36+00:00,NFLX,80.22,2026-09-18,30,P,75.0,-0.06507,0.92,0.95,0.935,0.0321,1169,8414,0.313483427734375
2026-08-19,2026-08-19T22:17:36+00:00,NFLX,80.22,2026-09-18,30,P,76.0,-0.05261,1.17,1.21,1.19,0.0336,249,2533,0.3122627368164062
2026-08-19,2026-08-19T22:17:36+00:00,NFLX,80.22,2026-09-18,30,P,77.0,-0.04014,1.47,1.51,1.49,0.0268,303,2666,0.3103096313476562
2026-08-19,2026-08-19T22:17:36+00:00,NFLX,80.22,2026-09-18,30,P,78.0,-0.02767,1.83,1.87,1.85,0.0216,827,12832,0.30933307861328124
2026-08-19,2026-08-19T22:17:36+00:00,NFLX,80.22,2026-09-18,30,P,79.0,-0.01521,2.24,2.28,2.26,0.0177,572,2493,0.3078682495117187
2026-08-19,2026-08-19T22:17:36+00:00,NFLX,80.22,2026-09-18,30,P,80.0,-0.00274,2.69,2.74,2.715,0.0184,1736,13519,0.30591514404296877
2026-08-19,2026-08-19T22:17:36+00:00,NFLX,80.22,2026-09-18,30,P,81.0,0.00972,3.05,3.35,3.2,0.0938,387,842,0.3142158422851562
2026-08-19,2026-08-19T22:17:36+00:00,NFLX,80.22,2026-09-18,30,P,82.0,0.02219,3.6,4.1,3.85,0.1299,212,2861,0.3320379296875
2026-08-19,2026-08-19T22:17:36+00:00,NFLX,80.22,2026-09-18,30,P,83.0,0.03465,4.2,4.55,4.375,0.08,101,2005,0.31153032226562494
2026-08-19,2026-08-19T22:17:36+00:00,NFLX,80.22,2026-09-18,30,P,84.0,0.04712,4.85,5.5,5.175,0.1256,40,2007,0.3425358715820312
2026-08-19,2026-08-19T22:17:36+00:00,NFLX,80.22,2026-09-18,30,P,85.0,0.05959,5.75,6.05,5.9,0.0508,48,6005,0.3220282641601562
2026-08-19,2026-08-19T22:17:36+00:00,NFLX,80.22,2026-09-18,30,P,86.0,0.07205,6.25,7.1,6.675,0.1273,6,2109,0.35962554443359374
2026-08-19,2026-08-19T22:17:36+00:00,NFLX,80.22,2026-09-18,30,P,87.0,0.08452,7.05,7.9,7.475,0.1137,71,1936,0.362311064453125
2026-08-19,2026-08-19T22:17:36+00:00,NFLX,80.22,2026-09-18,30,P,88.0,0.09698,7.5,10.15,8.825,0.3003,26,1739,0.5522505712890625
2026-08-19,2026-08-19T22:17:36+00:00,NFLX,80.22,2026-10-16,58,C,72.5,-0.09624,9.2,9.95,9.575,0.0783,99,2316,0.42578699218750005
2026-08-19,2026-08-19T22:17:36+00:00,NFLX,80.22,2026-10-16,58,C,75.0,-0.06507,7.85,7.95,7.9,0.0127,989,27682,0.39453730468750003
2026-08-19,2026-08-19T22:17:36+00:00,NFLX,80.22,2026-10-16,58,C,77.5,-0.03391,6.2,6.5,6.35,0.0472,616,6011,0.397466962890625
2026-08-19,2026-08-19T22:17:36+00:00,NFLX,80.22,2026-10-16,58,C,80.0,-0.00274,4.9,5.0,4.95,0.0202,2299,14291,0.38086556640624997
2026-08-19,2026-08-19T22:17:36+00:00,NFLX,80.22,2026-10-16,58,C,82.5,0.02842,3.75,3.85,3.8,0.0263,969,2987,0.37622694091796877
2026-08-19,2026-08-19T22:17:36+00:00,NFLX,80.22,2026-10-16,58,C,85.0,0.05959,2.87,2.94,2.905,0.0241,3164,22776,0.3753724572753906
2026-08-19,2026-08-19T22:17:36+00:00,NFLX,80.22,2026-10-16,58,P,72.5,-0.09624,1.43,1.49,1.46,0.0411,156,4648,0.3508365698242187
2026-08-19,2026-08-19T22:17:36+00:00,NFLX,80.22,2026-10-16,58,P,75.0,-0.06507,2.12,2.17,2.145,0.0233,599,16400,0.34448897705078124
2026-08-19,2026-08-19T22:17:36+00:00,NFLX,80.22,2026-10-16,58,P,77.5,-0.03391,3.0,3.1,3.05,0.0328,376,4990,0.34229173339843744
2026-08-19,2026-08-19T22:17:36+00:00,NFLX,80.22,2026-10-16,58,P,80.0,-0.00274,4.15,4.25,4.2,0.0238,2138,5115,0.33960621337890623
2026-08-19,2026-08-19T22:17:36+00:00,NFLX,80.22,2026-10-16,58,P,82.5,0.02842,5.5,5.6,5.55,0.018,195,620,0.33484551879882807
2026-08-19,2026-08-19T22:17:36+00:00,NFLX,80.22,2026-10-16,58,P,85.0,0.05959,6.75,7.6,7.175,0.1185,61,4998,0.3657289990234375
2026-08-19,2026-08-19T22:17:36+00:00,CRM,206.09,2026-09-18,30,C,190.0,-0.07807,20.5,21.7,21.1,0.0569,561,5601,0.5207567456054687
2026-08-19,2026-08-19T22:17:36+00:00,CRM,206.09,2026-09-18,30,C,195.0,-0.05381,17.2,18.5,17.85,0.0728,83,8210,0.5220995056152342
2026-08-19,2026-08-19T22:17:36+00:00,CRM,206.09,2026-09-18,30,C,200.0,-0.02955,14.9,15.45,15.175,0.0362,575,18081,0.5037891418457032
2026-08-19,2026-08-19T22:17:36+00:00,CRM,206.09,2026-09-18,30,C,210.0,0.01897,10.15,10.7,10.425,0.0528,1516,8128,0.5081836291503907
2026-08-19,2026-08-19T22:17:36+00:00,CRM,206.09,2026-09-18,30,C,220.0,0.06749,6.7,7.3,7.0,0.0857,1481,6260,0.5161181201171875
2026-08-19,2026-08-19T22:17:36+00:00,CRM,206.09,2026-09-18,30,P,190.0,-0.07807,4.6,5.05,4.825,0.0933,2064,8988,0.4924367163085938
2026-08-19,2026-08-19T22:17:36+00:00,CRM,206.09,2026-09-18,30,P,195.0,-0.05381,6.35,7.1,6.725,0.1115,396,3110,0.5078784564208985
2026-08-19,2026-08-19T22:17:36+00:00,CRM,206.09,2026-09-18,30,P,200.0,-0.02955,8.45,8.95,8.7,0.0575,864,4714,0.49805189453125004
2026-08-19,2026-08-19T22:17:36+00:00,CRM,206.09,2026-09-18,30,P,210.0,0.01897,13.75,14.4,14.075,0.0462,288,1636,0.5109912182617188
2026-08-19,2026-08-19T22:17:36+00:00,CRM,206.09,2026-09-18,30,P,220.0,0.06749,19.65,21.35,20.5,0.0829,8,1413,0.5357102093505859
2026-08-19,2026-08-19T22:17:36+00:00,CRM,206.09,2026-10-16,58,C,190.0,-0.07807,23.95,25.85,24.9,0.0763,34,715,0.5230760583496092
2026-08-19,2026-08-19T22:17:36+00:00,CRM,206.09,2026-10-16,58,C,195.0,-0.05381,21.2,22.65,21.925,0.0661,68,1275,0.5144701873779296
2026-08-19,2026-08-19T22:17:36+00:00,CRM,206.09,2026-10-16,58,C,200.0,-0.02955,18.15,19.15,18.65,0.0536,133,1942,0.4896291271972657
2026-08-19,2026-08-19T22:17:36+00:00,CRM,206.09,2026-10-16,58,C,210.0,0.01897,13.5,14.3,13.9,0.0576,80,812,0.48560084716796875
2026-08-19,2026-08-19T22:17:36+00:00,CRM,206.09,2026-10-16,58,C,220.0,0.06749,9.75,10.55,10.15,0.0788,434,930,0.48627222717285157
2026-08-19,2026-08-19T22:17:36+00:00,CRM,206.09,2026-10-16,58,P,190.0,-0.07807,7.15,8.4,7.775,0.1608,26,909,0.4764456652832031
2026-08-19,2026-08-19T22:17:36+00:00,CRM,206.09,2026-10-16,58,P,195.0,-0.05381,8.9,10.0,9.45,0.1164,93,308,0.46381151428222656
2026-08-19,2026-08-19T22:17:36+00:00,CRM,206.09,2026-10-16,58,P,200.0,-0.02955,11.1,12.0,11.55,0.0779,150,3753,0.456609437866211
2026-08-19,2026-08-19T22:17:36+00:00,CRM,206.09,2026-10-16,58,P,210.0,0.01897,16.3,17.5,16.9,0.071,27,64,0.4642387561035156
2026-08-19,2026-08-19T22:17:36+00:00,CRM,206.09,2026-10-16,58,P,220.0,0.06749,21.9,24.25,23.075,0.1018,2,62,0.47986359985351557
2026-08-19,2026-08-19T22:17:36+00:00,UBER,78.04,2026-09-18,30,C,72.5,-0.07099,6.45,7.05,6.75,0.0889,117,4083,0.41480077392578124
2026-08-19,2026-08-19T22:17:36+00:00,UBER,78.04,2026-09-18,30,C,75.0,-0.03895,4.85,5.05,4.95,0.0404,683,11652,0.3723207299804688
2026-08-19,2026-08-19T22:17:36+00:00,UBER,78.04,2026-09-18,30,C,77.5,-0.00692,3.35,3.55,3.45,0.058,1312,5588,0.36206692626953124
2026-08-19,2026-08-19T22:17:36+00:00,UBER,78.04,2026-09-18,30,C,80.0,0.02512,2.25,2.46,2.355,0.0892,14069,19544,0.36475244628906256
2026-08-19,2026-08-19T22:17:36+00:00,UBER,78.04,2026-09-18,30,C,82.5,0.05715,1.46,1.54,1.5,0.0533,1672,17479,0.3540103662109374
2026-08-19,2026-08-19T22:17:36+00:00,UBER,78.04,2026-09-18,30,C,85.0,0.08919,0.92,0.98,0.95,0.0632,12697,6711,0.3569400244140625
2026-08-19,2026-08-19T22:17:36+00:00,UBER,78.04,2026-09-18,30,P,72.5,-0.07099,0.94,1.0,0.97,0.0619,620,4459,0.34180345703125
2026-08-19,2026-08-19T22:17:36+00:00,UBER,78.04,2026-09-18,30,P,75.0,-0.03895,1.64,1.75,1.695,0.0649,2149,6806,0.340826904296875
2026-08-19,2026-08-19T22:17:36+00:00,UBER,78.04,2026-09-18,30,P,77.5,-0.00692,2.65,2.79,2.72,0.0515,481,3553,0.33765310791015624
2026-08-19,2026-08-19T22:17:36+00:00,UBER,78.04,2026-09-18,30,P,80.0,0.02512,3.95,4.25,4.1,0.0732,194,4449,0.34570966796874997
2026-08-19,2026-08-19T22:17:36+00:00,UBER,78.04,2026-09-18,30,P,82.5,0.05715,5.1,6.0,5.55,0.1622,19,434,0.3540103662109374
2026-08-19,2026-08-19T22:17:36+00:00,UBER,78.04,2026-09-18,30,P,85.0,0.08919,7.3,8.0,7.65,0.0915,107,708,0.3657289990234375
2026-08-19,2026-08-19T22:17:36+00:00,UBER,78.04,2026-10-16,58,C,72.5,-0.07099,7.4,8.05,7.725,0.0841,21,926,0.39624627197265627
2026-08-19,2026-08-19T22:17:36+00:00,UBER,78.04,2026-10-16,58,C,75.0,-0.03895,6.05,6.45,6.25,0.064,106,2302,0.389654541015625
2026-08-19,2026-08-19T22:17:36+00:00,UBER,78.04,2026-10-16,58,C,77.5,-0.00692,4.65,4.95,4.8,0.0625,110,2531,0.3751283190917969
2026-08-19,2026-08-19T22:17:36+00:00,UBER,78.04,2026-10-16,58,C,80.0,0.02512,3.6,3.75,3.675,0.0408,640,4208,0.3684145190429688
2026-08-19,2026-08-19T22:17:36+00:00,UBER,78.04,2026-10-16,58,C,82.5,0.05715,2.63,2.82,2.725,0.0697,1298,700,0.36694968994140625
2026-08-19,2026-08-19T22:17:36+00:00,UBER,78.04,2026-10-16,58,C,85.0,0.08919,2.0,2.09,2.045,0.044,1470,9562,0.3665834826660156
2026-08-19,2026-08-19T22:17:36+00:00,UBER,78.04,2026-10-16,58,P,72.5,-0.07099,1.78,2.03,1.905,0.1312,5253,723,0.3513248461914062
2026-08-19,2026-08-19T22:17:36+00:00,UBER,78.04,2026-10-16,58,P,75.0,-0.03895,2.62,2.95,2.785,0.1185,233,1896,0.35071450073242183
2026-08-19,2026-08-19T22:17:36+00:00,UBER,78.04,2026-10-16,58,P,77.5,-0.00692,3.75,4.0,3.875,0.0645,131,533,0.3421696643066406
2026-08-19,2026-08-19T22:17:36+00:00,UBER,78.04,2026-10-16,58,P,80.0,0.02512,5.1,5.35,5.225,0.0478,520,117,0.33960621337890623
2026-08-19,2026-08-19T22:17:36+00:00,UBER,78.04,2026-10-16,58,P,82.5,0.05715,6.55,7.5,7.025,0.1352,17,269,0.3852600537109374
2026-08-19,2026-08-19T22:17:36+00:00,UBER,78.04,2026-10-16,58,P,85.0,0.08919,7.8,8.95,8.375,0.1373,2,27,0.35767243896484374
2026-08-19,2026-08-19T22:17:36+00:00,SHOP,146.58,2026-09-18,30,C,135.0,-0.079,14.0,15.85,14.925,0.124,4,985,0.5437057348632813
2026-08-19,2026-08-19T22:17:36+00:00,SHOP,146.58,2026-09-18,30,C,140.0,-0.04489,10.5,12.35,11.425,0.1619,20,47763,0.5207567456054687
2026-08-19,2026-08-19T22:17:36+00:00,SHOP,146.58,2026-09-18,30,C,145.0,-0.01078,7.8,9.3,8.55,0.1754,16,2605,0.501103621826172
2026-08-19,2026-08-19T22:17:36+00:00,SHOP,146.58,2026-09-18,30,C,150.0,0.02333,5.2,6.5,5.85,0.2222,178,7551,0.46985393432617195
2026-08-19,2026-08-19T22:17:36+00:00,SHOP,146.58,2026-09-18,30,C,155.0,0.05744,3.85,4.75,4.3,0.2093,71,3035,0.4732718688964844
2026-08-19,2026-08-19T22:17:36+00:00,SHOP,146.58,2026-09-18,30,C,160.0,0.09155,2.72,3.05,2.885,0.1144,4174,80366,0.45178770874023444
2026-08-19,2026-08-19T22:17:36+00:00,SHOP,146.58,2026-09-18,30,P,135.0,-0.079,2.36,2.85,2.605,0.1881,78,1235,0.4409235595703125
2026-08-19,2026-08-19T22:17:36+00:00,SHOP,146.58,2026-09-18,30,P,140.0,-0.04489,3.75,4.55,4.15,0.1928,364,1310,0.44324287231445314
2026-08-19,2026-08-19T22:17:36+00:00,SHOP,146.58,2026-09-18,30,P,145.0,-0.01078,5.5,6.7,6.1,0.1967,47,1198,0.44067942138671873
2026-08-19,2026-08-19T22:17:36+00:00,SHOP,146.58,2026-09-18,30,P,150.0,0.02333,7.9,10.0,8.95,0.2346,32,647,0.47473669799804685
2026-08-19,2026-08-19T22:17:36+00:00,SHOP,146.58,2026-09-18,30,P,155.0,0.05744,11.1,13.05,12.075,0.1615,82,1038,0.46582565429687506
2026-08-19,2026-08-19T22:17:36+00:00,SHOP,146.58,2026-09-18,30,P,160.0,0.09155,14.6,17.15,15.875,0.1606,7,647,0.4986622399902344
2026-08-19,2026-08-19T22:17:36+00:00,SHOP,146.58,2026-10-16,58,C,135.0,-0.079,16.6,18.35,17.475,0.1001,16,45890,0.5173388110351562
2026-08-19,2026-08-19T22:17:36+00:00,SHOP,146.58,2026-10-16,58,C,140.0,-0.04489,14.0,15.05,14.525,0.0723,19,604,0.4995167236328125
2026-08-19,2026-08-19T22:17:36+00:00,SHOP,146.58,2026-10-16,58,C,145.0,-0.01078,11.3,11.95,11.625,0.0559,2,617,0.4771780798339844
2026-08-19,2026-08-19T22:17:36+00:00,SHOP,146.58,2026-10-16,58,C,150.0,0.02333,8.85,10.0,9.425,0.122,56,1075,0.4897511962890626
2026-08-19,2026-08-19T22:17:36+00:00,SHOP,146.58,2026-10-16,58,C,155.0,0.05744,7.0,7.55,7.275,0.0756,6,586,0.4664359997558594
2026-08-19,2026-08-19T22:17:36+00:00,SHOP,146.58,2026-10-16,58,C,160.0,0.09155,5.4,6.65,6.025,0.2075,32,1683,0.4974415490722657
2026-08-19,2026-08-19T22:17:36+00:00,SHOP,146.58,2026-10-16,58,P,135.0,-0.079,4.05,5.3,4.675,0.2674,15,629,0.4458063232421875
2026-08-19,2026-08-19T22:17:36+00:00,SHOP,146.58,2026-10-16,58,P,140.0,-0.04489,5.8,7.1,6.45,0.2016,117,535,0.43793286682128907
2026-08-19,2026-08-19T22:17:36+00:00,SHOP,146.58,2026-10-16,58,P,145.0,-0.01078,8.7,9.55,9.125,0.0932,10,757,0.4420221813964844
2026-08-19,2026-08-19T22:17:36+00:00,SHOP,146.58,2026-10-16,58,P,150.0,0.02333,10.55,12.9,11.725,0.2004,17,519,0.46771772521972654
2026-08-19,2026-08-19T22:17:36+00:00,SHOP,146.58,2026-10-16,58,P,155.0,0.05744,13.65,15.35,14.5,0.1172,12,354,0.43958079956054685
2026-08-19,2026-08-19T22:17:36+00:00,SHOP,146.58,2026-10-16,58,P,160.0,0.09155,16.9,19.5,18.2,0.1429,20,323,0.4718070397949219
2026-08-19,2026-08-19T22:17:36+00:00,MRVL,237.27,2026-09-18,30,C,220.0,-0.07279,30.9,32.15,31.525,0.0397,434,4633,0.8228167132568358
2026-08-19,2026-08-19T22:17:36+00:00,MRVL,237.27,2026-09-18,30,C,230.0,-0.03064,24.7,26.3,25.5,0.0627,630,2739,0.7996235858154297
2026-08-19,2026-08-19T22:17:36+00:00,MRVL,237.27,2026-09-18,30,C,240.0,0.01151,20.7,21.4,21.05,0.0333,1111,6622,0.8087787677001952
2026-08-19,2026-08-19T22:17:36+00:00,MRVL,237.27,2026-09-18,30,C,250.0,0.05365,16.7,17.95,17.325,0.0722,2013,10465,0.8188494677734374
2026-08-19,2026-08-19T22:17:36+00:00,MRVL,237.27,2026-09-18,30,C,260.0,0.0958,13.55,14.2,13.875,0.0468,953,8532,0.815858775024414
2026-08-19,2026-08-19T22:17:36+00:00,MRVL,237.27,2026-09-18,30,P,220.0,-0.07279,13.1,13.5,13.3,0.0301,720,4324,0.7847921911621094
2026-08-19,2026-08-19T22:17:36+00:00,MRVL,237.27,2026-09-18,30,P,230.0,-0.03064,17.5,18.2,17.85,0.0392,209,5471,0.7855246057128906
2026-08-19,2026-08-19T22:17:36+00:00,MRVL,237.27,2026-09-18,30,P,240.0,0.01151,22.75,23.45,23.1,0.0303,244,3484,0.7841818457031251
2026-08-19,2026-08-19T22:17:36+00:00,MRVL,237.27,2026-09-18,30,P,250.0,0.05365,28.6,29.6,29.1,0.0344,57,4355,0.7840597766113282
2026-08-19,2026-08-19T22:17:36+00:00,MRVL,237.27,2026-09-18,30,P,260.0,0.0958,35.25,36.15,35.7,0.0252,88,1604,0.7818625329589843
2026-08-19,2026-08-19T22:17:36+00:00,MRVL,237.27,2026-10-16,58,C,220.0,-0.07279,37.65,39.55,38.6,0.0492,125,956,0.7987691021728516
2026-08-19,2026-08-19T22:17:36+00:00,MRVL,237.27,2026-10-16,58,C,230.0,-0.03064,33.25,34.5,33.875,0.0369,623,1038,0.8067646276855469
2026-08-19,2026-08-19T22:17:36+00:00,MRVL,237.27,2026-10-16,58,C,240.0,0.01151,29.0,29.75,29.375,0.0255,230,881,0.8060932476806641
2026-08-19,2026-08-19T22:17:36+00:00,MRVL,237.27,2026-10-16,58,C,250.0,0.05365,25.0,25.4,25.2,0.0159,772,6301,0.8007832421875
2026-08-19,2026-08-19T22:17:36+00:00,MRVL,237.27,2026-10-16,58,C,260.0,0.0958,20.9,23.05,21.975,0.0978,130,1193,0.8081379049682617
2026-08-19,2026-08-19T22:17:36+00:00,MRVL,237.27,2026-10-16,58,P,220.0,-0.07279,19.35,21.3,20.325,0.0959,82,2074,0.7702659692382813
2026-08-19,2026-08-19T22:17:36+00:00,MRVL,237.27,2026-10-16,58,P,230.0,-0.03064,24.75,26.25,25.5,0.0588,76,1353,0.7768577001953125
2026-08-19,2026-08-19T22:17:36+00:00,MRVL,237.27,2026-10-16,58,P,240.0,0.01151,29.95,31.85,30.9,0.0615,292,2241,0.7742942492675782
2026-08-19,2026-08-19T22:17:36+00:00,MRVL,237.27,2026-10-16,58,P,250.0,0.05365,35.35,37.95,36.65,0.0709,4,1837,0.7672142419433594
2026-08-19,2026-08-19T22:17:36+00:00,MRVL,237.27,2026-10-16,58,P,260.0,0.0958,41.9,44.6,43.25,0.0624,1,1526,0.7697166583251953
2026-08-19,2026-08-19T22:17:36+00:00,SMCI,36.58,2026-09-18,30,C,33.0,-0.09787,4.85,5.25,5.05,0.0792,95,1662,0.7231472998046875
2026-08-19,2026-08-19T22:17:36+00:00,SMCI,36.58,2026-09-18,30,C,34.0,-0.07053,4.35,4.65,4.5,0.0667,37,4615,0.7421900781249999
2026-08-19,2026-08-19T22:17:36+00:00,SMCI,36.58,2026-09-18,30,C,35.0,-0.04319,3.65,4.1,3.875,0.1161,132,12901,0.7270535107421875
2026-08-19,2026-08-19T22:17:36+00:00,SMCI,36.58,2026-09-18,30,C,36.0,-0.01586,3.35,3.55,3.45,0.058,204,28260,0.7485376708984376
2026-08-19,2026-08-19T22:17:36+00:00,SMCI,36.58,2026-09-18,30,C,37.0,0.01148,2.85,3.1,2.975,0.084,458,1746,0.745119736328125
2026-08-19,2026-08-19T22:17:36+00:00,SMCI,36.58,2026-09-18,30,C,38.0,0.03882,2.46,2.64,2.55,0.0706,292,4502,0.7419459399414061
2026-08-19,2026-08-19T22:17:36+00:00,SMCI,36.58,2026-09-18,30,C,39.0,0.06616,2.1,2.35,2.225,0.1124,283,1784,0.7514673291015624
2026-08-19,2026-08-19T22:17:36+00:00,SMCI,36.58,2026-09-18,30,C,40.0,0.09349,1.82,1.89,1.855,0.0377,9116,19928,0.7397486962890624
2026-08-19,2026-08-19T22:17:36+00:00,SMCI,36.58,2026-09-18,30,P,33.0,-0.09787,1.26,1.46,1.36,0.1471,297,1524,0.692385888671875
2026-08-19,2026-08-19T22:17:36+00:00,SMCI,36.58,2026-09-18,30,P,34.0,-0.07053,1.65,1.9,1.775,0.1408,315,1270,0.7041045214843751
2026-08-19,2026-08-19T22:17:36+00:00,SMCI,36.58,2026-09-18,30,P,35.0,-0.04319,2.13,2.25,2.19,0.0548,1492,11031,0.70117486328125
2026-08-19,2026-08-19T22:17:36+00:00,SMCI,36.58,2026-09-18,30,P,36.0,-0.01586,2.53,2.76,2.645,0.087,161,910,0.6948272705078126
2026-08-19,2026-08-19T22:17:36+00:00,SMCI,36.58,2026-09-18,30,P,37.0,0.01148,3.15,3.4,3.275,0.0763,155,1207,0.71679970703125
2026-08-19,2026-08-19T22:17:36+00:00,SMCI,36.58,2026-09-18,30,P,38.0,0.03882,3.75,4.05,3.9,0.0769,158,834,0.725588681640625
2026-08-19,2026-08-19T22:17:36+00:00,SMCI,36.58,2026-09-18,30,P,39.0,0.06616,4.2,4.6,4.4,0.0909,37,320,0.6928741650390625
2026-08-19,2026-08-19T22:17:36+00:00,SMCI,36.58,2026-09-18,30,P,40.0,0.09349,4.95,5.25,5.1,0.0588,329,5161,0.6967803759765626
2026-08-19,2026-08-19T22:17:36+00:00,SMCI,36.58,2026-10-02,44,C,33.0,-0.09787,5.35,6.0,5.675,0.1145,2,14,0.7426783544921874
2026-08-19,2026-08-19T22:17:36+00:00,SMCI,36.58,2026-10-02,44,C,35.0,-0.04319,4.25,4.95,4.6,0.1522,4,57,0.7517114672851561
2026-08-19,2026-08-19T22:17:36+00:00,SMCI,36.58,2026-10-02,44,C,36.0,-0.01586,3.85,4.45,4.15,0.1446,30,49,0.7602563037109377
2026-08-19,2026-08-19T22:17:36+00:00,SMCI,36.58,2026-10-02,44,C,37.0,0.01148,2.85,3.95,3.4,0.3235,48,25,0.7016631396484375
2026-08-19,2026-08-19T22:17:36+00:00,SMCI,36.58,2026-10-02,44,C,38.0,0.03882,3.0,3.4,3.2,0.125,12,153,0.7426783544921874
2026-08-19,2026-08-19T22:17:36+00:00,SMCI,36.58,2026-10-02,44,C,39.0,0.06616,2.68,3.15,2.915,0.1612,5,202,0.7597680273437502
2026-08-19,2026-08-19T22:17:36+00:00,SMCI,36.58,2026-10-02,44,C,40.0,0.09349,2.3,2.7,2.5,0.16,143,176,0.74414318359375
2026-08-19,2026-08-19T22:17:36+00:00,SMCI,36.58,2026-10-02,44,P,33.0,-0.09787,1.83,2.0,1.915,0.0888,3,46,0.702151416015625
2026-08-19,2026-08-19T22:17:36+00:00,SMCI,36.58,2026-10-02,44,P,34.0,-0.07053,2.15,2.59,2.37,0.1857,6,75,0.7124052197265626
2026-08-19,2026-08-19T22:17:36+00:00,SMCI,36.58,2026-10-02,44,P,35.0,-0.04319,2.42,2.95,2.685,0.1974,40,121,0.6833527758789064
2026-08-19,2026-08-19T22:17:36+00:00,SMCI,36.58,2026-10-02,44,P,36.0,-0.01586,3.2,3.55,3.375,0.1037,83,17,0.7216824707031251
2026-08-19,2026-08-19T22:17:36+00:00,SMCI,36.58,2026-10-02,44,P,37.0,0.01148,2.9,4.95,3.925,0.5223,6,32,0.7221707470703125
2026-08-19,2026-08-19T22:17:36+00:00,SMCI,36.58,2026-10-02,44,P,38.0,0.03882,3.4,4.85,4.125,0.3515,3,180,0.6459996337890624
2026-08-19,2026-08-19T22:17:36+00:00,SMCI,36.58,2026-10-02,44,P,39.0,0.06616,4.25,6.2,5.225,0.3732,1,4,0.7382838671874999
2026-08-19,2026-08-19T22:17:36+00:00,SMCI,36.58,2026-10-02,44,P,40.0,0.09349,5.55,6.0,5.775,0.0779,4,27,0.7153348779296875
2026-08-19,2026-08-19T22:17:36+00:00,XLE,63.58,2026-09-18,30,C,57.5,-0.09563,5.3,6.8,6.05,0.2479,57,12171,0.3920959228515625
2026-08-19,2026-08-19T22:17:36+00:00,XLE,63.58,2026-09-18,30,C,59.0,-0.07204,4.8,5.4,5.1,0.1176,55,10907,0.34570966796874997
2026-08-19,2026-08-19T22:17:36+00:00,XLE,63.58,2026-09-18,30,C,60.0,-0.05631,4.0,4.5,4.25,0.1176,4072,58209,0.31690136230468746
2026-08-19,2026-08-19T22:17:36+00:00,XLE,63.58,2026-09-18,30,C,61.0,-0.04058,3.25,3.85,3.55,0.169,285,17574,0.3227606787109374
2026-08-19,2026-08-19T22:17:36+00:00,XLE,63.58,2026-09-18,30,C,62.5,-0.01699,2.21,2.85,2.53,0.253,2037,25430,0.309577216796875
2026-08-19,2026-08-19T22:17:36+00:00,XLE,63.58,2026-09-18,30,C,65.0,0.02233,1.15,1.5,1.325,0.2642,2928,54737,0.28565167480468745
2026-08-19,2026-08-19T22:17:36+00:00,XLE,63.58,2026-09-18,30,C,67.5,0.06165,0.54,1.05,0.795,0.6415,2513,7668,0.33399103515625
2026-08-19,2026-08-19T22:17:36+00:00,XLE,63.58,2026-09-18,30,P,57.5,-0.09563,0.16,0.51,0.335,1.0448,3486,76588,0.34570966796874997
2026-08-19,2026-08-19T22:17:36+00:00,XLE,63.58,2026-09-18,30,P,59.0,-0.07204,0.33,0.78,0.555,0.8108,20229,14236,0.33838552246093745
2026-08-19,2026-08-19T22:17:36+00:00,XLE,63.58,2026-09-18,30,P,60.0,-0.05631,0.4,0.52,0.46,0.2609,4593,25283,0.245124736328125
2026-08-19,2026-08-19T22:17:36+00:00,XLE,63.58,2026-09-18,30,P,61.0,-0.04058,0.6,0.78,0.69,0.2609,2700,10173,0.2461012890625
2026-08-19,2026-08-19T22:17:36+00:00,XLE,63.58,2026-09-18,30,P,62.5,-0.01699,0.98,1.65,1.315,0.5095,1726,8135,0.2929758203124999
2026-08-19,2026-08-19T22:17:36+00:00,XLE,63.58,2026-09-18,30,P,65.0,0.02233,2.15,3.0,2.575,0.3301,359,69,0.29688203124999996
2026-08-19,2026-08-19T22:17:36+00:00,XLE,63.58,2026-09-18,30,P,67.5,0.06165,4.3,4.7,4.5,0.0889,18,21,0.29004616210937495
2026-08-19,2026-08-19T22:17:36+00:00,XLE,63.58,2026-10-16,58,C,58.0,-0.08776,5.85,6.5,6.175,0.1053,2,1583,0.2971261694335937
2026-08-19,2026-08-19T22:17:36+00:00,XLE,63.58,2026-10-16,58,C,59.0,-0.07204,5.05,5.75,5.4,0.1296,76,11362,0.29566134033203123
2026-08-19,2026-08-19T22:17:36+00:00,XLE,63.58,2026-10-16,58,C,60.0,-0.05631,4.45,5.0,4.725,0.1164,115,29203,0.28882547119140617
2026-08-19,2026-08-19T22:17:36+00:00,XLE,63.58,2026-10-16,58,C,61.0,-0.04058,3.7,4.2,3.95,0.1266,42,2052,0.27210200561523434
2026-08-19,2026-08-19T22:17:36+00:00,XLE,63.58,2026-10-16,58,C,62.0,-0.02485,3.05,3.7,3.375,0.1926,106,7120,0.282233740234375
2026-08-19,2026-08-19T22:17:36+00:00,XLE,63.58,2026-10-16,58,C,63.0,-0.00912,1.95,4.05,3.0,0.7,50,4311,0.37000141723632807
2026-08-19,2026-08-19T22:17:36+00:00,XLE,63.58,2026-10-16,58,C,64.0,0.00661,2.08,2.7,2.39,0.2594,158,528,0.284064776611328
2026-08-19,2026-08-19T22:17:36+00:00,XLE,63.58,2026-10-16,58,C,65.0,0.02233,1.58,2.16,1.87,0.3102,2867,3438,0.27295648925781246
2026-08-19,2026-08-19T22:17:36+00:00,XLE,63.58,2026-10-16,58,C,66.0,0.03806,1.3,2.19,1.745,0.51,332,691,0.31372756591796874
2026-08-19,2026-08-19T22:17:36+00:00,XLE,63.58,2026-10-16,58,C,67.0,0.05379,0.35,2.1,1.225,1.4286,161,1109,0.3393620751953125
2026-08-19,2026-08-19T22:17:36+00:00,XLE,63.58,2026-10-16,58,C,68.0,0.06952,0.76,1.26,1.01,0.495,569,3933,0.28076891113281244
2026-08-19,2026-08-19T22:17:36+00:00,XLE,63.58,2026-10-16,58,C,69.0,0.08525,0.7,1.1,0.9,0.4444,148,3039,0.29004616210937495
2026-08-19,2026-08-19T22:17:36+00:00,XLE,63.58,2026-10-16,58,P,58.0,-0.08776,0.47,0.77,0.62,0.4839,43,3900,0.2758861474609374
2026-08-19,2026-08-19T22:17:36+00:00,XLE,63.58,2026-10-16,58,P,59.0,-0.07204,0.63,1.0,0.815,0.454,105,12495,0.27417718017578124
2026-08-19,2026-08-19T22:17:36+00:00,XLE,63.58,2026-10-16,58,P,60.0,-0.05631,0.95,1.44,1.195,0.41,126,3277,0.2912668530273437
2026-08-19,2026-08-19T22:17:36+00:00,XLE,63.58,2026-10-16,58,P,61.0,-0.04058,1.42,1.62,1.52,0.1316,503,1025,0.2722240747070312
2026-08-19,2026-08-19T22:17:36+00:00,XLE,63.58,2026-10-16,58,P,62.0,-0.02485,1.57,1.98,1.775,0.231,292,261,0.2679516564941406
2026-08-19,2026-08-19T22:17:36+00:00,XLE,63.58,2026-10-16,58,P,63.0,-0.00912,1.97,2.54,2.255,0.2528,246,1258,0.27808339111328123
2026-08-19,2026-08-19T22:17:36+00:00,XLE,63.58,2026-10-16,58,P,64.0,0.00661,2.46,2.99,2.725,0.1945,67,350,0.27149166015625
2026-08-19,2026-08-19T22:17:36+00:00,XLE,63.58,2026-10-16,58,P,65.0,0.02233,2.9,4.05,3.475,0.3309,426,133,0.3194648132324218
2026-08-19,2026-08-19T22:17:36+00:00,XLE,63.58,2026-10-16,58,P,66.0,0.03806,3.65,4.4,4.025,0.1863,4,35,0.2926096130371093
2026-08-19,2026-08-19T22:17:36+00:00,XLE,63.58,2026-10-16,58,P,67.0,0.05379,4.35,5.1,4.725,0.1587,4,2,0.29566134033203123
2026-08-19,2026-08-19T22:17:36+00:00,XLE,63.58,2026-10-16,58,P,69.0,0.08525,4.85,8.2,6.525,0.5134,10,12,0.47437049072265625
2026-08-19,2026-08-19T22:17:36+00:00,XLF,57.48,2026-09-18,30,C,52.0,-0.09534,5.45,5.85,5.65,0.0708,2500,72685,0.32031929687499994
2026-08-19,2026-08-19T22:17:36+00:00,XLF,57.48,2026-09-18,30,C,53.0,-0.07794,2.65,6.75,4.7,0.8723,6,24662,0.6440465283203125
2026-08-19,2026-08-19T22:17:36+00:00,XLF,57.48,2026-09-18,30,C,54.0,-0.06054,3.35,3.9,3.625,0.1517,1,42483,0.245124736328125
2026-08-19,2026-08-19T22:17:36+00:00,XLF,57.48,2026-09-18,30,C,55.0,-0.04315,2.72,2.97,2.845,0.0879,61,107818,0.21289849609375
2026-08-19,2026-08-19T22:17:36+00:00,XLF,57.48,2026-09-18,30,C,56.0,-0.02575,1.86,2.18,2.02,0.1584,144,31512,0.19849434326171872
2026-08-19,2026-08-19T22:17:36+00:00,XLF,57.48,2026-09-18,30,C,57.0,-0.00835,1.12,1.41,1.265,0.2292,190,42706,0.1733481103515625
2026-08-19,2026-08-19T22:17:36+00:00,XLF,57.48,2026-09-18,30,C,58.0,0.00905,0.65,0.7,0.675,0.0741,4249,59417,0.139657041015625
2026-08-19,2026-08-19T22:17:36+00:00,XLF,57.48,2026-09-18,30,C,59.0,0.02644,0.25,0.42,0.335,0.5075,2157,22573,0.14795773925781253
2026-08-19,2026-08-19T22:17:36+00:00,XLF,57.48,2026-09-18,30,C,60.0,0.04384,0.08,0.23,0.155,0.9677,10028,35035,0.1518639501953125
2026-08-19,2026-08-19T22:17:36+00:00,XLF,57.48,2026-09-18,30,C,61.0,0.06124,0.07,0.08,0.075,0.1333,1566,18086,0.14063359375
2026-08-19,2026-08-19T22:17:36+00:00,XLF,57.48,2026-09-18,30,C,62.0,0.07864,0.02,0.18,0.1,1.6,37,3664,0.20703917968749996
2026-08-19,2026-08-19T22:17:36+00:00,XLF,57.48,2026-09-18,30,C,63.0,0.09603,0.01,0.05,0.03,1.3333,9,703,0.179695703125
2026-08-19,2026-08-19T22:17:36+00:00,XLF,57.48,2026-09-18,30,P,52.0,-0.09534,0.02,0.08,0.05,1.2,2,32119,0.2148516015625
2026-08-19,2026-08-19T22:17:36+00:00,XLF,57.48,2026-09-18,30,P,53.0,-0.07794,0.08,0.11,0.095,0.3158,11692,36676,0.1958088232421875
2026-08-19,2026-08-19T22:17:36+00:00,XLF,57.48,2026-09-18,30,P,54.0,-0.06054,0.06,0.33,0.195,1.3846,1115,43755,0.22412885253906245
2026-08-19,2026-08-19T22:17:36+00:00,XLF,57.48,2026-09-18,30,P,55.0,-0.04315,0.17,0.21,0.19,0.2105,1070,18267,0.15235222656250003
2026-08-19,2026-08-19T22:17:36+00:00,XLF,57.48,2026-09-18,30,P,56.0,-0.02575,0.25,0.37,0.31,0.3871,1509,92764,0.14063359375
2026-08-19,2026-08-19T22:17:36+00:00,XLF,57.48,2026-09-18,30,P,57.0,-0.00835,0.54,0.62,0.58,0.1379,389,60549,0.125985302734375
2026-08-19,2026-08-19T22:17:36+00:00,XLF,57.48,2026-09-18,30,P,58.0,0.00905,0.92,1.1,1.01,0.1782,3048,92020,0.12134667724609374
2026-08-19,2026-08-19T22:17:36+00:00,XLF,57.48,2026-09-18,30,P,59.0,0.02644,1.56,1.85,1.705,0.1701,59,418,0.131844619140625
2026-08-19,2026-08-19T22:17:36+00:00,XLF,57.48,2026-09-18,30,P,60.0,0.04384,2.45,2.87,2.66,0.1579,33,524,0.1782308740234375
2026-08-19,2026-08-19T22:17:36+00:00,XLF,57.48,2026-09-18,30,P,61.0,0.06124,3.4,3.6,3.5,0.0571,30,306,0.14063359375
2026-08-19,2026-08-19T22:17:36+00:00,XLF,57.48,2026-09-18,30,P,62.0,0.07864,4.35,4.65,4.5,0.0667,30,68,0.19043778320312502
2026-08-19,2026-08-19T22:17:36+00:00,XLF,57.48,2026-10-16,58,C,52.0,-0.09534,5.55,6.0,5.775,0.0779,5,4409,0.260749580078125
2026-08-19,2026-08-19T22:17:36+00:00,XLF,57.48,2026-10-16,58,C,53.0,-0.07794,2.78,6.85,4.815,0.8453,3,2437,0.4792532543945312
2026-08-19,2026-08-19T22:17:36+00:00,XLF,57.48,2026-10-16,58,C,54.0,-0.06054,3.75,4.15,3.95,0.1013,10,2304,0.21607229248046872
2026-08-19,2026-08-19T22:17:36+00:00,XLF,57.48,2026-10-16,58,C,55.0,-0.04315,3.15,3.35,3.25,0.0615,5,31383,0.20533021240234373
2026-08-19,2026-08-19T22:17:36+00:00,XLF,57.48,2026-10-16,58,C,56.0,-0.02575,2.19,2.65,2.42,0.1901,101,17533,0.19947089599609374
2026-08-19,2026-08-19T22:17:36+00:00,XLF,57.48,2026-10-16,58,C,57.0,-0.00835,1.48,1.96,1.72,0.2791,25,3839,0.18616536499023437
2026-08-19,2026-08-19T22:17:36+00:00,XLF,57.48,2026-10-16,58,C,58.0,0.00905,1.09,1.22,1.155,0.1126,68,16450,0.15821154296875
2026-08-19,2026-08-19T22:17:36+00:00,XLF,57.48,2026-10-16,58,C,59.0,0.02644,0.65,0.97,0.81,0.3951,5033,15236,0.17310397216796874
2026-08-19,2026-08-19T22:17:36+00:00,XLF,57.48,2026-10-16,58,C,60.0,0.04384,0.38,0.55,0.465,0.3656,596,39834,0.157234990234375
2026-08-19,2026-08-19T22:17:36+00:00,XLF,57.48,2026-10-16,58,C,61.0,0.06124,0.2,0.31,0.255,0.4314,16,5919,0.1506432592773438
2026-08-19,2026-08-19T22:17:36+00:00,XLF,57.48,2026-10-16,58,C,62.0,0.07864,0.13,0.2,0.165,0.4242,158,2680,0.15430533203125002
2026-08-19,2026-08-19T22:17:36+00:00,XLF,57.48,2026-10-16,58,C,63.0,0.09603,0.0,0.19,0.095,2.0,1,6679,0.174812939453125
2026-08-19,2026-08-19T22:17:36+00:00,XLF,57.48,2026-10-16,58,P,52.0,-0.09534,0.14,0.33,0.235,0.8085,8,22622,0.22412885253906245
2026-08-19,2026-08-19T22:17:36+00:00,XLF,57.48,2026-10-16,58,P,53.0,-0.07794,0.21,0.35,0.28,0.5,1,27549,0.19751779052734375
2026-08-19,2026-08-19T22:17:36+00:00,XLF,57.48,2026-10-16,58,P,54.0,-0.06054,0.32,0.41,0.365,0.2466,40,49396,0.17627776855468752
2026-08-19,2026-08-19T22:17:36+00:00,XLF,57.48,2026-10-16,58,P,55.0,-0.04315,0.41,0.59,0.5,0.36,599,21214,0.16846534667968754
2026-08-19,2026-08-19T22:17:36+00:00,XLF,57.48,2026-10-16,58,P,56.0,-0.02575,0.65,0.81,0.73,0.2192,86,12479,0.157234990234375
2026-08-19,2026-08-19T22:17:36+00:00,XLF,57.48,2026-10-16,58,P,57.0,-0.00835,0.83,1.14,0.985,0.3147,69,20924,0.1489342919921875
2026-08-19,2026-08-19T22:17:36+00:00,XLF,57.48,2026-10-16,58,P,58.0,0.00905,1.36,1.63,1.495,0.1806,27,2111,0.14624877197265623
2026-08-19,2026-08-19T22:17:36+00:00,XLF,57.48,2026-10-16,58,P,59.0,0.02644,2.01,2.38,2.195,0.1686,44,876,0.1606529248046875
2026-08-19,2026-08-19T22:17:36+00:00,XLF,57.48,2026-10-16,58,P,60.0,0.04384,2.59,3.15,2.87,0.1951,8,287,0.16797707031250003
2026-08-19,2026-08-19T22:17:36+00:00,XLF,57.48,2026-10-16,58,P,61.0,0.06124,3.5,3.95,3.725,0.1208,10,70,0.17017431396484378
2026-08-19,2026-08-19T22:17:36+00:00,XLF,57.48,2026-10-16,58,P,62.0,0.07864,2.52,6.7,4.61,0.9067,20,20,0.422857333984375
2026-08-19,2026-08-19T22:17:36+00:00,XLF,57.48,2026-10-16,58,P,63.0,0.09603,4.45,6.55,5.5,0.3818,0,9,0.31323928955078123
2026-08-19,2026-08-19T22:17:36+00:00,XBI,169.55,2026-09-18,30,C,153.0,-0.09761,16.45,18.2,17.325,0.101,11,278,0.37573866455078125
2026-08-19,2026-08-19T22:17:36+00:00,XBI,169.55,2026-09-18,30,C,154.0,-0.09171,15.6,17.4,16.5,0.1091,5,382,0.375982802734375
2026-08-19,2026-08-19T22:17:36+00:00,XBI,169.55,2026-09-18,30,C,155.0,-0.08582,15.9,16.4,16.15,0.031,136,10828,0.35986968261718744
2026-08-19,2026-08-19T22:17:36+00:00,XBI,169.55,2026-09-18,30,C,156.0,-0.07992,14.1,15.6,14.85,0.101,13,404,0.358404853515625
2026-08-19,2026-08-19T22:17:36+00:00,XBI,169.55,2026-09-18,30,C,157.0,-0.07402,13.05,15.7,14.375,0.1843,9,183,0.4158993957519531
2026-08-19,2026-08-19T22:17:36+00:00,XBI,169.55,2026-09-18,30,C,158.0,-0.06812,12.3,14.1,13.2,0.1364,40,307,0.3587710607910156
2026-08-19,2026-08-19T22:17:36+00:00,XBI,169.55,2026-09-18,30,C,159.0,-0.06222,11.5,13.6,12.55,0.1673,5,983,0.37280900634765624
2026-08-19,2026-08-19T22:17:36+00:00,XBI,169.55,2026-09-18,30,C,160.0,-0.05633,11.8,12.6,12.2,0.0656,360,4150,0.35425450439453116
2026-08-19,2026-08-19T22:17:36+00:00,XBI,169.55,2026-09-18,30,C,161.0,-0.05043,10.2,12.6,11.4,0.2105,36,212,0.39417109741210943
2026-08-19,2026-08-19T22:17:36+00:00,XBI,169.55,2026-09-18,30,C,162.0,-0.04453,9.35,11.7,10.525,0.2233,10,199,0.37964487548828124
2026-08-19,2026-08-19T22:17:36+00:00,XBI,169.55,2026-09-18,30,C,163.0,-0.03863,8.95,10.8,9.875,0.1873,19,234,0.36463037719726565
2026-08-19,2026-08-19T22:17:36+00:00,XBI,169.55,2026-09-18,30,C,164.0,-0.03273,8.25,10.75,9.5,0.2632,5,2784,0.39514765014648445
2026-08-19,2026-08-19T22:17:36+00:00,XBI,169.55,2026-09-18,30,C,165.0,-0.02684,8.6,9.05,8.825,0.051,3884,4598,0.3355779333496094
2026-08-19,2026-08-19T22:17:36+00:00,XBI,169.55,2026-09-18,30,C,166.0,-0.02094,6.8,9.05,7.925,0.2839,3,240,0.36597313720703123
2026-08-19,2026-08-19T22:17:36+00:00,XBI,169.55,2026-09-18,30,C,167.0,-0.01504,6.2,8.8,7.5,0.3467,141,252,0.3812317736816406
2026-08-19,2026-08-19T22:17:36+00:00,XBI,169.55,2026-09-18,30,C,168.0,-0.00914,5.65,8.3,6.975,0.3799,114,720,0.38233039550781245
2026-08-19,2026-08-19T22:17:36+00:00,XBI,169.55,2026-09-18,30,C,169.0,-0.00324,5.1,6.75,5.925,0.2785,8,123,0.3288641333007812
2026-08-19,2026-08-19T22:17:36+00:00,XBI,169.55,2026-09-18,30,C,170.0,0.00265,5.55,6.2,5.875,0.1106,307,7751,0.3254461987304687
2026-08-19,2026-08-19T22:17:36+00:00,XBI,169.55,2026-09-18,30,C,171.0,0.00855,4.4,6.1,5.25,0.3238,37,183,0.34363449340820307
2026-08-19,2026-08-19T22:17:36+00:00,XBI,169.55,2026-09-18,30,C,172.0,0.01445,3.7,5.6,4.65,0.4086,10,66,0.3403386279296875
2026-08-19,2026-08-19T22:17:36+00:00,XBI,169.55,2026-09-18,30,C,173.0,0.02035,3.3,5.3,4.3,0.4651,21,17,0.3460758752441406
2026-08-19,2026-08-19T22:17:36+00:00,XBI,169.55,2026-09-18,30,C,174.0,0.02625,4.0,5.25,4.625,0.2703,5,37,0.36365382446289063
2026-08-19,2026-08-19T22:17:36+00:00,XBI,169.55,2026-09-18,30,C,175.0,0.03214,3.6,4.6,4.1,0.2439,4447,4227,0.3491276025390625
2026-08-19,2026-08-19T22:17:36+00:00,XBI,169.55,2026-09-18,30,C,176.0,0.03804,3.3,4.65,3.975,0.3396,9,24,0.3702455554199219
2026-08-19,2026-08-19T22:17:36+00:00,XBI,169.55,2026-09-18,30,C,177.0,0.04394,2.69,4.15,3.42,0.4269,10,12,0.36133451171875
2026-08-19,2026-08-19T22:17:36+00:00,XBI,169.55,2026-09-18,30,C,178.0,0.04984,2.21,4.05,3.13,0.5879,43,21,0.37305314453125
2026-08-19,2026-08-19T22:17:36+00:00,XBI,169.55,2026-09-18,30,C,180.0,0.06163,2.18,2.86,2.52,0.2698,303,2573,0.3375310388183594
2026-08-19,2026-08-19T22:17:36+00:00,XBI,169.55,2026-09-18,30,C,185.0,0.09112,1.04,1.84,1.44,0.5556,276,2730,0.3409489733886719
2026-08-19,2026-08-19T22:17:36+00:00,XBI,169.55,2026-09-18,30,P,153.0,-0.09761,0.64,1.45,1.045,0.7751,14,224,0.3588931298828125
2026-08-19,2026-08-19T22:17:36+00:00,XBI,169.55,2026-09-18,30,P,154.0,-0.09171,0.83,1.43,1.13,0.531,74,258,0.34180345703125
2026-08-19,2026-08-19T22:17:36+00:00,XBI,169.55,2026-09-18,30,P,155.0,-0.08582,1.11,1.48,1.295,0.2857,132,8246,0.3305731005859375
2026-08-19,2026-08-19T22:17:36+00:00,XBI,169.55,2026-09-18,30,P,156.0,-0.07992,0.97,1.85,1.41,0.6241,24,132,0.3437565625
2026-08-19,2026-08-19T22:17:36+00:00,XBI,169.55,2026-09-18,30,P,157.0,-0.07402,1.22,1.97,1.595,0.4702,2,147,0.3360662097167969
2026-08-19,2026-08-19T22:17:36+00:00,XBI,169.55,2026-09-18,30,P,158.0,-0.06812,1.45,2.61,2.03,0.5714,31,305,0.3627993408203125
2026-08-19,2026-08-19T22:17:36+00:00,XBI,169.55,2026-09-18,30,P,159.0,-0.06222,1.38,2.76,2.07,0.6667,15,68,0.3546207116699218
2026-08-19,2026-08-19T22:17:36+00:00,XBI,169.55,2026-09-18,30,P,160.0,-0.05633,2.12,2.47,2.295,0.1525,4365,1612,0.3181220532226562
2026-08-19,2026-08-19T22:17:36+00:00,XBI,169.55,2026-09-18,30,P,161.0,-0.05043,2.35,3.1,2.725,0.2752,3,646,0.33850759155273435
2026-08-19,2026-08-19T22:17:36+00:00,XBI,169.55,2026-09-18,30,P,162.0,-0.04453,2.55,4.1,3.325,0.4662,1,99,0.37695935546875
2026-08-19,2026-08-19T22:17:36+00:00,XBI,169.55,2026-09-18,30,P,163.0,-0.03863,2.82,4.0,3.41,0.346,68,36,0.3508365698242187
2026-08-19,2026-08-19T22:17:36+00:00,XBI,169.55,2026-09-18,30,P,164.0,-0.03273,2.9,4.6,3.75,0.4533,67,105,0.3627993408203125
2026-08-19,2026-08-19T22:17:36+00:00,XBI,169.55,2026-09-18,30,P,165.0,-0.02684,3.0,4.55,3.775,0.4106,33,12,0.338324487915039
2026-08-19,2026-08-19T22:17:36+00:00,XBI,169.55,2026-09-18,30,P,166.0,-0.02094,3.45,4.8,4.125,0.3273,177,9,0.32923034057617184
2026-08-19,2026-08-19T22:17:36+00:00,XBI,169.55,2026-09-18,30,P,167.0,-0.01504,3.6,5.6,4.6,0.4348,181,78,0.34766277343749996
2026-08-19,2026-08-19T22:17:36+00:00,XBI,169.55,2026-09-18,30,P,169.0,-0.00324,4.95,6.7,5.825,0.3004,0,168,0.35443760803222646
2026-08-19,2026-08-19T22:17:36+00:00,XBI,169.55,2026-09-18,30,P,170.0,0.00265,6.0,6.35,6.175,0.0567,14,130,0.3103096313476562
2026-08-19,2026-08-19T22:17:36+00:00,XBI,169.55,2026-09-18,30,P,171.0,0.00855,6.1,7.95,7.025,0.2633,0,1,0.3640200317382813
2026-08-19,2026-08-19T22:17:36+00:00,XBI,169.55,2026-09-18,30,P,172.0,0.01445,6.85,8.5,7.675,0.215,0,101,0.3632876171875
2026-08-19,2026-08-19T22:17:36+00:00,XBI,169.55,2026-09-18,30,P,173.0,0.02035,6.7,9.1,7.9,0.3038,0,27,0.3640200317382813
2026-08-19,2026-08-19T22:17:36+00:00,XBI,169.55,2026-09-18,30,P,175.0,0.03214,8.3,9.3,8.8,0.1136,0,25,0.309577216796875
2026-08-19,2026-08-19T22:17:36+00:00,XBI,169.55,2026-09-18,30,P,176.0,0.03804,9.35,11.0,10.175,0.1622,8,8,0.3650576190185547
2026-08-19,2026-08-19T22:17:36+00:00,XBI,169.55,2026-09-18,30,P,177.0,0.04394,9.75,11.7,10.725,0.1818,1,1,0.3668276208496094
2026-08-19,2026-08-19T22:17:36+00:00,XBI,169.55,2026-09-18,30,P,178.0,0.04984,10.15,12.35,11.25,0.1956,8,8,0.3649355499267578
2026-08-19,2026-08-19T22:17:36+00:00,XBI,169.55,2026-09-18,30,P,180.0,0.06163,12.35,13.4,12.875,0.0816,1,37,0.3430241479492187
2026-08-19,2026-08-19T22:17:36+00:00,XBI,169.55,2026-10-02,44,C,156.0,-0.07992,14.7,17.5,16.1,0.1739,0,1,0.40296007202148443
2026-08-19,2026-08-19T22:17:36+00:00,XBI,169.55,2026-10-02,44,C,158.0,-0.06812,13.25,15.95,14.6,0.1849,0,1,0.39374385559082037
2026-08-19,2026-08-19T22:17:36+00:00,XBI,169.55,2026-10-02,44,C,164.0,-0.03273,9.15,12.0,10.575,0.2695,0,2,0.38349005187988283
2026-08-19,2026-08-19T22:17:36+00:00,XBI,169.55,2026-10-02,44,P,155.0,-0.08582,1.68,2.65,2.165,0.448,2,1,0.34705242797851554
2026-08-19,2026-08-19T22:17:36+00:00,SMH,560.92,2026-09-18,30,C,505.0,-0.09969,62.0,65.7,63.85,0.0579,1,281,0.48080963531494136
2026-08-19,2026-08-19T22:17:36+00:00,SMH,560.92,2026-09-18,30,C,510.0,-0.09078,57.5,61.5,59.5,0.0672,1,2165,0.4706473834228516
2026-08-19,2026-08-19T22:17:36+00:00,SMH,560.92,2026-09-18,30,C,515.0,-0.08187,54.4,57.5,55.95,0.0554,1,211,0.4630485824584961
2026-08-19,2026-08-19T22:17:36+00:00,SMH,560.92,2026-09-18,30,C,520.0,-0.07295,49.95,53.85,51.9,0.0751,2,437,0.4603935797119141
2026-08-19,2026-08-19T22:17:36+00:00,SMH,560.92,2026-09-18,30,C,525.0,-0.06404,46.5,49.7,48.1,0.0665,2,290,0.44669132415771484
2026-08-19,2026-08-19T22:17:36+00:00,SMH,560.92,2026-09-18,30,C,530.0,-0.05512,42.35,46.0,44.175,0.0826,21,3036,0.4395502822875976
2026-08-19,2026-08-19T22:17:36+00:00,SMH,560.92,2026-09-18,30,C,535.0,-0.04621,39.0,42.05,40.525,0.0753,62,1532,0.42636682037353524
2026-08-19,2026-08-19T22:17:36+00:00,SMH,560.92,2026-09-18,30,C,540.0,-0.0373,35.0,39.0,37.0,0.1081,67,811,0.4264278549194337
2026-08-19,2026-08-19T22:17:36+00:00,SMH,560.92,2026-09-18,30,C,545.0,-0.02838,32.0,35.95,33.975,0.1163,4,151,0.4241695767211914
2026-08-19,2026-08-19T22:17:36+00:00,SMH,560.92,2026-09-18,30,C,550.0,-0.01947,29.15,32.9,31.025,0.1209,165,3805,0.4197140548706054
2026-08-19,2026-08-19T22:17:36+00:00,SMH,560.92,2026-09-18,30,C,555.0,-0.01055,26.75,29.15,27.95,0.0859,7,358,0.40228869201660156
2026-08-19,2026-08-19T22:17:36+00:00,SMH,560.92,2026-09-18,30,C,560.0,-0.00164,24.5,26.95,25.725,0.0952,622,490,0.40668317932128906
2026-08-19,2026-08-19T22:17:36+00:00,SMH,560.92,2026-09-18,30,C,565.0,0.00727,21.6,24.45,23.025,0.1238,95,327,0.4041502456665039
2026-08-19,2026-08-19T22:17:36+00:00,SMH,560.92,2026-09-18,30,C,570.0,0.01619,19.5,22.3,20.9,0.134,186,1847,0.404730073852539
2026-08-19,2026-08-19T22:17:36+00:00,SMH,560.92,2026-09-18,30,C,575.0,0.0251,16.5,18.85,17.675,0.133,882,4326,0.3828491891479492
2026-08-19,2026-08-19T22:17:36+00:00,SMH,560.92,2026-09-18,30,C,580.0,0.03402,14.45,16.85,15.65,0.1534,636,4468,0.38092660095214836
2026-08-19,2026-08-19T22:17:36+00:00,SMH,560.92,2026-09-18,30,C,585.0,0.04293,13.2,15.85,14.525,0.1824,869,2946,0.3927367855834961
2026-08-19,2026-08-19T22:17:36+00:00,SMH,560.92,2026-09-18,30,C,590.0,0.05184,11.1,13.2,12.15,0.1728,2162,2517,0.3754945263671875
2026-08-19,2026-08-19T22:17:36+00:00,SMH,560.92,2026-09-18,30,C,595.0,0.06076,10.3,11.7,11.0,0.1273,355,873,0.3745790081787109
2026-08-19,2026-08-19T22:17:36+00:00,SMH,560.92,2026-09-18,30,C,600.0,0.06967,9.0,10.5,9.75,0.1538,971,15076,0.376684700012207
2026-08-19,2026-08-19T22:17:36+00:00,SMH,560.92,2026-09-18,30,C,605.0,0.07859,7.8,8.9,8.35,0.1317,27,1162,0.36914693359375
2026-08-19,2026-08-19T22:17:36+00:00,SMH,560.92,2026-09-18,30,C,610.0,0.0875,7.0,7.85,7.425,0.1145,814,4731,0.36948262359619144
2026-08-19,2026-08-19T22:17:36+00:00,SMH,560.92,2026-09-18,30,C,615.0,0.09641,5.9,7.0,6.45,0.1705,711,1649,0.3718019363403321
2026-08-19,2026-08-19T22:17:36+00:00,SMH,560.92,2026-09-18,30,P,505.0,-0.09969,5.4,6.75,6.075,0.2222,30,1583,0.41287818572998036
2026-08-19,2026-08-19T22:17:36+00:00,SMH,560.92,2026-09-18,30,P,510.0,-0.09078,6.75,7.6,7.175,0.1185,599,3617,0.4073240420532227
2026-08-19,2026-08-19T22:17:36+00:00,SMH,560.92,2026-09-18,30,P,515.0,-0.08187,7.15,8.45,7.8,0.1667,39,633,0.3998473101806641
2026-08-19,2026-08-19T22:17:36+00:00,SMH,560.92,2026-09-18,30,P,520.0,-0.07295,8.25,9.5,8.875,0.1408,457,6153,0.39456782196044926
2026-08-19,2026-08-19T22:17:36+00:00,SMH,560.92,2026-09-18,30,P,525.0,-0.06404,9.45,10.85,10.15,0.1379,543,5321,0.39288937194824214
2026-08-19,2026-08-19T22:17:36+00:00,SMH,560.92,2026-09-18,30,P,530.0,-0.05512,10.9,12.1,11.5,0.1043,1793,2109,0.3869995382690429
2026-08-19,2026-08-19T22:17:36+00:00,SMH,560.92,2026-09-18,30,P,535.0,-0.04621,12.3,13.6,12.95,0.1004,493,1102,0.3833069482421875
2026-08-19,2026-08-19T22:17:36+00:00,SMH,560.92,2026-09-18,30,P,540.0,-0.0373,13.5,15.0,14.25,0.1053,173,2370,0.37564711273193363
2026-08-19,2026-08-19T22:17:36+00:00,SMH,560.92,2026-09-18,30,P,545.0,-0.02838,15.35,17.1,16.225,0.1079,6591,588,0.3771729763793945
2026-08-19,2026-08-19T22:17:36+00:00,SMH,560.92,2026-09-18,30,P,550.0,-0.01947,17.25,18.75,18.0,0.0833,2400,14020,0.3689638299560547
2026-08-19,2026-08-19T22:17:36+00:00,SMH,560.92,2026-09-18,30,P,555.0,-0.01055,18.65,21.15,19.9,0.1256,52,1055,0.37009296905517575
2026-08-19,2026-08-19T22:17:36+00:00,SMH,560.92,2026-09-18,30,P,560.0,-0.00164,21.05,23.3,22.175,0.1015,1856,2669,0.364813480834961
2026-08-19,2026-08-19T22:17:36+00:00,SMH,560.92,2026-09-18,30,P,565.0,0.00727,23.0,25.9,24.45,0.1186,88,437,0.36389796264648444
2026-08-19,2026-08-19T22:17:36+00:00,SMH,560.92,2026-09-18,30,P,570.0,0.01619,25.5,28.55,27.025,0.1129,421,3221,0.3612429598999023
2026-08-19,2026-08-19T22:17:36+00:00,SMH,560.92,2026-09-18,30,P,575.0,0.0251,28.25,31.2,29.725,0.0992,719,4105,0.3559939889526367
2026-08-19,2026-08-19T22:17:36+00:00,SMH,560.92,2026-09-18,30,P,580.0,0.03402,31.75,35.0,33.375,0.0974,52,3591,0.36627830993652344
2026-08-19,2026-08-19T22:17:36+00:00,SMH,560.92,2026-09-18,30,P,585.0,0.04293,35.0,37.9,36.45,0.0796,16,2041,0.3599307171630859
2026-08-19,2026-08-19T22:17:36+00:00,SMH,560.92,2026-09-18,30,P,590.0,0.05184,38.35,41.9,40.125,0.0885,42,1052,0.36923848541259763
2026-08-19,2026-08-19T22:17:36+00:00,SMH,560.92,2026-09-18,30,P,595.0,0.06076,41.7,45.0,43.35,0.0761,23,868,0.3611514080810546
2026-08-19,2026-08-19T22:17:36+00:00,SMH,560.92,2026-09-18,30,P,600.0,0.06967,45.35,48.5,46.925,0.0671,59,992,0.3572146798706054
2026-08-19,2026-08-19T22:17:36+00:00,SMH,560.92,2026-09-18,30,P,605.0,0.07859,49.0,53.0,51.0,0.0784,69,343,0.36963520996093746
2026-08-19,2026-08-19T22:17:36+00:00,SMH,560.92,2026-09-18,30,P,610.0,0.0875,52.55,56.5,54.525,0.0724,3,569,0.36093778717041014
2026-08-19,2026-08-19T22:17:36+00:00,SMH,560.92,2026-09-18,30,P,615.0,0.09641,56.6,61.0,58.8,0.0748,2,371,0.3702455554199219
2026-08-19,2026-08-19T22:17:36+00:00,SMH,560.92,2026-10-16,58,C,505.0,-0.09969,70.25,74.7,72.475,0.0614,9,81,0.4782156671142578
2026-08-19,2026-08-19T22:17:36+00:00,SMH,560.92,2026-10-16,58,C,510.0,-0.09078,66.5,71.0,68.75,0.0655,11,200,0.473210834350586
2026-08-19,2026-08-19T22:17:36+00:00,SMH,560.92,2026-10-16,58,C,515.0,-0.08187,63.9,67.3,65.6,0.0518,1,176,0.46725996612548826
2026-08-19,2026-08-19T22:17:36+00:00,SMH,560.92,2026-10-16,58,C,520.0,-0.07295,59.0,63.75,61.375,0.0774,30,160,0.4623161679077149
2026-08-19,2026-08-19T22:17:36+00:00,SMH,560.92,2026-10-16,58,C,525.0,-0.06404,55.5,60.2,57.85,0.0812,22,289,0.4563652996826172
2026-08-19,2026-08-19T22:17:36+00:00,SMH,560.92,2026-10-16,58,C,530.0,-0.05512,52.75,56.15,54.45,0.0624,4,360,0.44348701049804684
2026-08-19,2026-08-19T22:17:36+00:00,SMH,560.92,2026-10-16,58,C,535.0,-0.04621,49.0,53.5,51.25,0.0878,1,405,0.44644718597412114
2026-08-19,2026-08-19T22:17:36+00:00,SMH,560.92,2026-10-16,58,C,540.0,-0.0373,46.45,50.4,48.425,0.0816,1,284,0.44289192367553715
2026-08-19,2026-08-19T22:17:36+00:00,SMH,560.92,2026-10-16,58,C,545.0,-0.02838,43.4,46.65,45.025,0.0722,1,205,0.43079182495117196
2026-08-19,2026-08-19T22:17:36+00:00,SMH,560.92,2026-10-16,58,C,550.0,-0.01947,40.0,44.4,42.2,0.1043,35,1020,0.434850622253418
2026-08-19,2026-08-19T22:17:36+00:00,SMH,560.92,2026-10-16,58,C,555.0,-0.01055,37.6,41.0,39.3,0.0865,3,158,0.42470362899780273
2026-08-19,2026-08-19T22:17:36+00:00,SMH,560.92,2026-10-16,58,C,560.0,-0.00164,34.5,38.4,36.45,0.107,251,125,0.42249112670898437
2026-08-19,2026-08-19T22:17:36+00:00,SMH,560.92,2026-10-16,58,C,565.0,0.00727,32.8,36.35,34.575,0.1027,224,597,0.4252529399108887
2026-08-19,2026-08-19T22:17:36+00:00,SMH,560.92,2026-10-16,58,C,570.0,0.01619,30.75,33.7,32.225,0.0915,27,201,0.4201870726013184
2026-08-19,2026-08-19T22:17:36+00:00,SMH,560.92,2026-10-16,58,C,575.0,0.0251,28.4,31.55,29.975,0.1051,42,191,0.4195614685058594
2026-08-19,2026-08-19T22:17:36+00:00,SMH,560.92,2026-10-16,58,C,580.0,0.03402,25.4,29.0,27.2,0.1324,60,1663,0.4133359448242187
2026-08-19,2026-08-19T22:17:36+00:00,SMH,560.92,2026-10-16,58,C,585.0,0.04293,23.35,25.8,24.575,0.0997,548,1122,0.3985503260803223
2026-08-19,2026-08-19T22:17:36+00:00,SMH,560.92,2026-10-16,58,C,590.0,0.05184,22.3,23.8,23.05,0.0651,63,3929,0.3960479096984864
2026-08-19,2026-08-19T22:17:36+00:00,SMH,560.92,2026-10-16,58,C,595.0,0.06076,20.05,22.3,21.175,0.1063,21,251,0.39813834289550787
2026-08-19,2026-08-19T22:17:36+00:00,SMH,560.92,2026-10-16,58,C,600.0,0.06967,18.0,20.25,19.125,0.1176,783,4175,0.39267575103759766
2026-08-19,2026-08-19T22:17:36+00:00,SMH,560.92,2026-10-16,58,C,605.0,0.07859,16.35,18.65,17.5,0.1314,7,316,0.3913177323913574
2026-08-19,2026-08-19T22:17:36+00:00,SMH,560.92,2026-10-16,58,C,610.0,0.0875,15.5,17.0,16.25,0.0923,67,602,0.3881897119140625
2026-08-19,2026-08-19T22:17:36+00:00,SMH,560.92,2026-10-16,58,C,615.0,0.09641,13.4,16.7,15.05,0.2193,983,1834,0.400823862915039
2026-08-19,2026-08-19T22:17:36+00:00,SMH,560.92,2026-10-16,58,P,505.0,-0.09969,12.4,13.75,13.075,0.1033,46,115,0.40787335296630856
2026-08-19,2026-08-19T22:17:36+00:00,SMH,560.92,2026-10-16,58,P,510.0,-0.09078,13.05,15.2,14.125,0.1522,47,418,0.4072935247802735
2026-08-19,2026-08-19T22:17:36+00:00,SMH,560.92,2026-10-16,58,P,515.0,-0.08187,14.8,16.25,15.525,0.0934,9,1482,0.399969379272461
2026-08-19,2026-08-19T22:17:36+00:00,SMH,560.92,2026-10-16,58,P,520.0,-0.07295,16.15,17.9,17.025,0.1028,4139,1355,0.3995116201782227
2026-08-19,2026-08-19T22:17:36+00:00,SMH,560.92,2026-10-16,58,P,525.0,-0.06404,17.65,19.15,18.4,0.0815,116,282,0.39267575103759766
2026-08-19,2026-08-19T22:17:36+00:00,SMH,560.92,2026-10-16,58,P,530.0,-0.05512,18.55,20.95,19.75,0.1215,23,446,0.39157712921142573
2026-08-19,2026-08-19T22:17:36+00:00,SMH,560.92,2026-10-16,58,P,535.0,-0.04621,20.25,22.8,21.525,0.1185,18,181,0.3897460928344727
2026-08-19,2026-08-19T22:17:36+00:00,SMH,560.92,2026-10-16,58,P,540.0,-0.0373,22.75,24.85,23.8,0.0882,48,1366,0.38898316101074215
2026-08-19,2026-08-19T22:17:36+00:00,SMH,560.92,2026-10-16,58,P,545.0,-0.02838,24.25,26.55,25.4,0.0906,372,809,0.3828644477844238
2026-08-19,2026-08-19T22:17:36+00:00,SMH,560.92,2026-10-16,58,P,550.0,-0.01947,25.65,28.6,27.125,0.1088,226,3245,0.37958384094238284
2026-08-19,2026-08-19T22:17:36+00:00,SMH,560.92,2026-10-16,58,P,555.0,-0.01055,28.35,30.85,29.6,0.0845,32,381,0.3772797868347168
2026-08-19,2026-08-19T22:17:36+00:00,SMH,560.92,2026-10-16,58,P,560.0,-0.00164,30.1,34.5,32.3,0.1362,53,768,0.38931885101318364
2026-08-19,2026-08-19T22:17:36+00:00,SMH,560.92,2026-10-16,58,P,565.0,0.00727,32.35,35.65,34.0,0.0971,60,704,0.37219866088867193
2026-08-19,2026-08-19T22:17:36+00:00,SMH,560.92,2026-10-16,58,P,570.0,0.01619,35.8,38.3,37.05,0.0675,25,530,0.3704896936035156
2026-08-19,2026-08-19T22:17:36+00:00,SMH,560.92,2026-10-16,58,P,575.0,0.0251,38.0,42.0,40.0,0.1,4,228,0.3792023750305175
2026-08-19,2026-08-19T22:17:36+00:00,SMH,560.92,2026-10-16,58,P,580.0,0.03402,40.4,43.85,42.125,0.0819,17,474,0.36597313720703123
2026-08-19,2026-08-19T22:17:36+00:00,SMH,560.92,2026-10-16,58,P,585.0,0.04293,43.65,46.8,45.225,0.0697,346,716,0.3637453762817383
2026-08-19,2026-08-19T22:17:36+00:00,SMH,560.92,2026-10-16,58,P,590.0,0.05184,47.15,50.6,48.875,0.0706,222,1066,0.37000141723632807
2026-08-19,2026-08-19T22:17:36+00:00,SMH,560.92,2026-10-16,58,P,595.0,0.06076,50.3,54.0,52.15,0.0709,4,194,0.3705202108764648
2026-08-19,2026-08-19T22:17:36+00:00,SMH,560.92,2026-10-16,58,P,600.0,0.06967,53.5,56.7,55.1,0.0581,16,2345,0.3615023567199707
2026-08-19,2026-08-19T22:17:36+00:00,SMH,560.92,2026-10-16,58,P,605.0,0.07859,56.5,60.3,58.4,0.0651,21,134,0.36188382263183594
2026-08-19,2026-08-19T22:17:36+00:00,SMH,560.92,2026-10-16,58,P,610.0,0.0875,59.9,64.0,61.95,0.0662,3,226,0.3623415817260742
2026-08-19,2026-08-19T22:17:36+00:00,SMH,560.92,2026-10-16,58,P,615.0,0.09641,63.45,67.95,65.7,0.0685,11,129,0.3649050326538086
2026-08-19,2026-08-19T22:17:36+00:00,ARKK,83.31,2026-09-18,30,C,75.0,-0.09975,7.65,9.4,8.525,0.2053,8,1521,0.42676354492187507
2026-08-19,2026-08-19T22:17:36+00:00,ARKK,83.31,2026-09-18,30,C,76.0,-0.08774,6.75,8.95,7.85,0.2803,1,774,0.47070841796875
2026-08-19,2026-08-19T22:17:36+00:00,ARKK,83.31,2026-09-18,30,C,77.0,-0.07574,5.35,8.5,6.925,0.4549,30,318,0.5034229345703125
2026-08-19,2026-08-19T22:17:36+00:00,ARKK,83.31,2026-09-18,30,C,78.0,-0.06374,6.1,6.8,6.45,0.1085,3,539,0.3764710791015625
2026-08-19,2026-08-19T22:17:36+00:00,ARKK,83.31,2026-09-18,30,C,79.0,-0.05173,4.65,6.8,5.725,0.3755,126,5892,0.4567925415039063
2026-08-19,2026-08-19T22:17:36+00:00,ARKK,83.31,2026-09-18,30,C,80.0,-0.03973,4.9,5.45,5.175,0.1063,115,3931,0.3742738354492187
2026-08-19,2026-08-19T22:17:36+00:00,ARKK,83.31,2026-09-18,30,C,81.0,-0.02773,3.85,5.4,4.625,0.3351,31,1411,0.43408769042968753
2026-08-19,2026-08-19T22:17:36+00:00,ARKK,83.31,2026-09-18,30,C,82.0,-0.01572,3.35,4.5,3.925,0.293,1,8839,0.39649041015625003
2026-08-19,2026-08-19T22:17:36+00:00,ARKK,83.31,2026-09-18,30,C,83.0,-0.00372,3.45,3.6,3.525,0.0426,19,1850,0.3562076098632812
2026-08-19,2026-08-19T22:17:36+00:00,ARKK,83.31,2026-09-18,30,C,84.0,0.00828,2.96,3.4,3.18,0.1384,66,1374,0.3841614318847656
2026-08-19,2026-08-19T22:17:36+00:00,ARKK,83.31,2026-09-18,30,C,85.0,0.02029,2.52,2.76,2.64,0.0909,1255,10743,0.36206692626953124
2026-08-19,2026-08-19T22:17:36+00:00,ARKK,83.31,2026-09-18,30,C,86.0,0.03229,2.12,3.2,2.66,0.406,9,529,0.4489801196289062
2026-08-19,2026-08-19T22:17:36+00:00,ARKK,83.31,2026-09-18,30,C,87.0,0.04429,1.77,1.97,1.87,0.107,28,1946,0.35474278076171867
2026-08-19,2026-08-19T22:17:36+00:00,ARKK,83.31,2026-09-18,30,C,88.0,0.0563,1.56,1.65,1.605,0.0561,598,559,0.35242346801757807
2026-08-19,2026-08-19T22:17:36+00:00,ARKK,83.31,2026-09-18,30,C,89.0,0.0683,1.24,1.39,1.315,0.1141,3,763,0.352545537109375
2026-08-19,2026-08-19T22:17:36+00:00,ARKK,83.31,2026-09-18,30,C,90.0,0.0803,1.03,1.09,1.06,0.0566,309,1067,0.34278000976562495
2026-08-19,2026-08-19T22:17:36+00:00,ARKK,83.31,2026-09-18,30,C,91.0,0.09231,0.55,0.9,0.725,0.4828,9,198,0.34278000976562495
2026-08-19,2026-08-19T22:17:36+00:00,ARKK,83.31,2026-09-18,30,P,75.0,-0.09975,0.63,0.74,0.685,0.1606,1077,4503,0.36914693359375
2026-08-19,2026-08-19T22:17:36+00:00,ARKK,83.31,2026-09-18,30,P,76.0,-0.08774,0.66,1.25,0.955,0.6178,4,3713,0.4162656030273437
2026-08-19,2026-08-19T22:17:36+00:00,ARKK,83.31,2026-09-18,30,P,77.0,-0.07574,0.82,1.14,0.98,0.3265,8,1786,0.3657289990234375
2026-08-19,2026-08-19T22:17:36+00:00,ARKK,83.31,2026-09-18,30,P,78.0,-0.06374,1.07,1.53,1.3,0.3538,7,1796,0.3815979809570312
2026-08-19,2026-08-19T22:17:36+00:00,ARKK,83.31,2026-09-18,30,P,79.0,-0.05173,1.4,2.01,1.705,0.3578,4946,26242,0.40112903564453123
2026-08-19,2026-08-19T22:17:36+00:00,ARKK,83.31,2026-09-18,30,P,80.0,-0.03973,1.8,2.08,1.94,0.1443,122,20170,0.3676821044921875
2026-08-19,2026-08-19T22:17:36+00:00,ARKK,83.31,2026-09-18,30,P,81.0,-0.02773,2.2,2.64,2.42,0.1818,17,2541,0.38550419189453117
2026-08-19,2026-08-19T22:17:36+00:00,ARKK,83.31,2026-09-18,30,P,82.0,-0.01572,2.5,2.86,2.68,0.1343,174,852,0.3618227880859375
2026-08-19,2026-08-19T22:17:36+00:00,ARKK,83.31,2026-09-18,30,P,83.0,-0.00372,3.05,3.55,3.3,0.1515,268,726,0.3833069482421875
2026-08-19,2026-08-19T22:17:36+00:00,ARKK,83.31,2026-09-18,30,P,84.0,0.00828,3.55,3.9,3.725,0.094,155,595,0.36463037719726565
2026-08-19,2026-08-19T22:17:36+00:00,ARKK,83.31,2026-09-18,30,P,85.0,0.02029,3.45,4.45,3.95,0.2532,128,872,0.36206692626953124
2026-08-19,2026-08-19T22:17:36+00:00,ARKK,83.31,2026-09-18,30,P,86.0,0.03229,4.15,4.95,4.55,0.1758,201,388,0.34961587890624996
2026-08-19,2026-08-19T22:17:36+00:00,ARKK,83.31,2026-09-18,30,P,87.0,0.04429,4.6,5.65,5.125,0.2049,102,70,0.3537662280273437
2026-08-19,2026-08-19T22:17:36+00:00,ARKK,83.31,2026-09-18,30,P,88.0,0.0563,5.9,6.55,6.225,0.1044,1,119,0.3767152172851562
2026-08-19,2026-08-19T22:17:36+00:00,ARKK,83.31,2026-09-18,30,P,89.0,0.0683,6.2,7.25,6.725,0.1561,1,73,0.37329728271484375
2026-08-19,2026-08-19T22:17:36+00:00,ARKK,83.31,2026-09-18,30,P,90.0,0.0803,7.2,8.05,7.625,0.1115,10,142,0.3781800463867187
2026-08-19,2026-08-19T22:17:36+00:00,ARKK,83.31,2026-09-18,30,P,91.0,0.09231,8.15,10.2,9.175,0.2234,24,60,0.5461471166992189
2026-08-19,2026-08-19T22:17:36+00:00,ARKK,83.31,2026-10-16,58,C,75.0,-0.09975,9.35,10.35,9.85,0.1015,22,248,0.40772076660156253
2026-08-19,2026-08-19T22:17:36+00:00,ARKK,83.31,2026-10-16,58,C,76.0,-0.08774,8.6,9.55,9.075,0.1047,1,394,0.39819937744140627
2026-08-19,2026-08-19T22:17:36+00:00,ARKK,83.31,2026-10-16,58,C,77.0,-0.07574,8.15,9.0,8.575,0.0991,2,179,0.40918559570312496
2026-08-19,2026-08-19T22:17:36+00:00,ARKK,83.31,2026-10-16,58,C,78.0,-0.06374,7.25,9.7,8.475,0.2891,4,48,0.5200243310546875
2026-08-19,2026-08-19T22:17:36+00:00,ARKK,83.31,2026-10-16,58,C,79.0,-0.05173,5.75,7.75,6.75,0.2963,2,313,0.40918559570312496
2026-08-19,2026-08-19T22:17:36+00:00,ARKK,83.31,2026-10-16,58,C,80.0,-0.03973,5.05,7.2,6.125,0.351,10,839,0.4115049084472656
2026-08-19,2026-08-19T22:17:36+00:00,ARKK,83.31,2026-10-16,58,C,81.0,-0.02773,5.5,6.25,5.875,0.1277,4,263,0.3806214282226562
2026-08-19,2026-08-19T22:17:36+00:00,ARKK,83.31,2026-10-16,58,C,82.0,-0.01572,5.1,5.7,5.4,0.1111,92,1362,0.37879039184570307
2026-08-19,2026-08-19T22:17:36+00:00,ARKK,83.31,2026-10-16,58,C,83.0,-0.00372,4.45,5.8,5.125,0.2634,1,829,0.42358974853515624
2026-08-19,2026-08-19T22:17:36+00:00,ARKK,83.31,2026-10-16,58,C,84.0,0.00828,3.85,5.0,4.425,0.2599,22,900,0.39819937744140627
2026-08-19,2026-08-19T22:17:36+00:00,ARKK,83.31,2026-10-16,58,C,85.0,0.02029,4.0,4.65,4.325,0.1503,48,605,0.40442490112304685
2026-08-19,2026-08-19T22:17:36+00:00,ARKK,83.31,2026-10-16,58,C,86.0,0.03229,3.0,3.75,3.375,0.2222,1,179,0.3670717590332031
2026-08-19,2026-08-19T22:17:36+00:00,ARKK,83.31,2026-10-16,58,C,87.0,0.04429,2.85,3.4,3.125,0.176,1,362,0.36865865722656255
2026-08-19,2026-08-19T22:17:36+00:00,ARKK,83.31,2026-10-16,58,C,88.0,0.0563,1.92,3.05,2.485,0.4547,5,134,0.36817038085937503
2026-08-19,2026-08-19T22:17:36+00:00,ARKK,83.31,2026-10-16,58,C,89.0,0.0683,2.5,2.86,2.68,0.1343,1,482,0.3781800463867187
2026-08-19,2026-08-19T22:17:36+00:00,ARKK,83.31,2026-10-16,58,C,90.0,0.0803,1.73,2.5,2.115,0.3641,31,1651,0.37256486816406253
2026-08-19,2026-08-19T22:17:36+00:00,ARKK,83.31,2026-10-16,58,C,91.0,0.09231,1.58,2.16,1.87,0.3102,1,9,0.366217275390625
2026-08-19,2026-08-19T22:17:36+00:00,ARKK,83.31,2026-10-16,58,P,75.0,-0.09975,1.58,2.05,1.815,0.259,1265,7426,0.40869731933593745
2026-08-19,2026-08-19T22:17:36+00:00,ARKK,83.31,2026-10-16,58,P,76.0,-0.08774,1.75,2.23,1.99,0.2412,271,323,0.397466962890625
2026-08-19,2026-08-19T22:17:36+00:00,ARKK,83.31,2026-10-16,58,P,77.0,-0.07574,2.11,2.65,2.38,0.2269,17,200,0.4057676611328125
2026-08-19,2026-08-19T22:17:36+00:00,ARKK,83.31,2026-10-16,58,P,78.0,-0.06374,2.46,2.84,2.65,0.1434,5,537,0.39160764648437496
2026-08-19,2026-08-19T22:17:36+00:00,ARKK,83.31,2026-10-16,58,P,79.0,-0.05173,2.34,4.05,3.195,0.5352,1,10,0.4585015087890626
2026-08-19,2026-08-19T22:17:36+00:00,ARKK,83.31,2026-10-16,58,P,80.0,-0.03973,2.86,3.85,3.355,0.2951,108,856,0.40845318115234375
2026-08-19,2026-08-19T22:17:36+00:00,ARKK,83.31,2026-10-16,58,P,81.0,-0.02773,3.6,4.3,3.95,0.1772,20,153,0.40845318115234375
2026-08-19,2026-08-19T22:17:36+00:00,ARKK,83.31,2026-10-16,58,P,82.0,-0.01572,3.95,4.45,4.2,0.119,12,769,0.38355108642578123
2026-08-19,2026-08-19T22:17:36+00:00,ARKK,83.31,2026-10-16,58,P,83.0,-0.00372,3.95,5.0,4.475,0.2346,160,170,0.38684695190429685
2026-08-19,2026-08-19T22:17:36+00:00,ARKK,83.31,2026-10-16,58,P,84.0,0.00828,4.0,5.6,4.8,0.3333,2,122,0.39160764648437496
2026-08-19,2026-08-19T22:17:36+00:00,ARKK,83.31,2026-10-16,58,P,85.0,0.02029,4.55,6.5,5.525,0.3529,1,19,0.4165097412109374
2026-08-19,2026-08-19T22:17:36+00:00,ARKK,83.31,2026-10-16,58,P,88.0,0.0563,6.7,8.25,7.475,0.2074,1,3,0.4078428356933594
2026-08-19,2026-08-19T22:17:36+00:00,ARKK,83.31,2026-10-16,58,P,89.0,0.0683,7.95,8.65,8.3,0.0843,1,201,0.38623660644531244
2026-08-19,2026-08-19T22:17:36+00:00,ARKK,83.31,2026-10-16,58,P,90.0,0.0803,8.55,9.65,9.1,0.1209,7,35,0.4101621484375
2026-08-19,2026-08-19T22:17:36+00:00,GDX,97.33,2026-09-18,30,C,88.0,-0.09586,10.8,11.3,11.05,0.0452,100,1622,0.5022022436523439
2026-08-19,2026-08-19T22:17:36+00:00,GDX,97.33,2026-09-18,30,C,89.0,-0.08559,10.05,10.45,10.25,0.039,91,544,0.48730981445312505
2026-08-19,2026-08-19T22:17:36+00:00,GDX,97.33,2026-09-18,30,C,90.0,-0.07531,9.35,9.6,9.475,0.0264,2081,16764,0.47095255615234377
2026-08-19,2026-08-19T22:17:36+00:00,GDX,97.33,2026-09-18,30,C,91.0,-0.06504,8.65,9.0,8.825,0.0397,1758,2238,0.47900911621093745
2026-08-19,2026-08-19T22:17:36+00:00,GDX,97.33,2026-09-18,30,C,92.0,-0.05476,7.85,8.45,8.15,0.0736,268,1286,0.48828636718750007
2026-08-19,2026-08-19T22:17:36+00:00,GDX,97.33,2026-09-18,30,C,93.0,-0.04449,7.2,7.6,7.4,0.0541,356,718,0.4655815161132813
2026-08-19,2026-08-19T22:17:36+00:00,GDX,97.33,2026-09-18,30,C,94.0,-0.03421,6.65,7.1,6.875,0.0655,245,2764,0.47412635253906255
2026-08-19,2026-08-19T22:17:36+00:00,GDX,97.33,2026-09-18,30,C,95.0,-0.02394,6.1,6.5,6.3,0.0635,1814,15035,0.47022014160156256
2026-08-19,2026-08-19T22:17:36+00:00,GDX,97.33,2026-09-18,30,C,96.0,-0.01366,5.65,5.95,5.8,0.0517,269,470,0.4682670361328125
2026-08-19,2026-08-19T22:17:36+00:00,GDX,97.33,2026-09-18,30,C,97.0,-0.00339,5.2,5.45,5.325,0.0469,676,1594,0.46802289794921875
2026-08-19,2026-08-19T22:17:36+00:00,GDX,97.33,2026-09-18,30,C,98.0,0.00688,4.7,5.0,4.85,0.0619,392,3472,0.46960979614257814
2026-08-19,2026-08-19T22:17:36+00:00,GDX,97.33,2026-09-18,30,C,99.0,0.01716,4.3,4.55,4.425,0.0565,153,885,0.46851117431640626
2026-08-19,2026-08-19T22:17:36+00:00,GDX,97.33,2026-09-18,30,C,100.0,0.02743,3.95,4.05,4.0,0.025,13344,33361,0.46045461425781253
2026-08-19,2026-08-19T22:17:36+00:00,GDX,97.33,2026-09-18,30,C,101.0,0.03771,3.4,3.75,3.575,0.0979,213,1167,0.4676566906738281
2026-08-19,2026-08-19T22:17:36+00:00,GDX,97.33,2026-09-18,30,C,102.0,0.04798,3.1,3.4,3.25,0.0923,896,416,0.46802289794921875
2026-08-19,2026-08-19T22:17:36+00:00,GDX,97.33,2026-09-18,30,C,103.0,0.05826,2.71,3.1,2.905,0.1343,374,339,0.47046427978515626
2026-08-19,2026-08-19T22:17:36+00:00,GDX,97.33,2026-09-18,30,C,104.0,0.06853,2.61,2.78,2.695,0.0631,238,1204,0.4688773815917969
2026-08-19,2026-08-19T22:17:36+00:00,GDX,97.33,2026-09-18,30,C,105.0,0.0788,2.36,2.53,2.445,0.0695,1403,6688,0.471684970703125
2026-08-19,2026-08-19T22:17:36+00:00,GDX,97.33,2026-09-18,30,C,106.0,0.08908,2.07,2.29,2.18,0.1009,254,891,0.4733939379882813
2026-08-19,2026-08-19T22:17:36+00:00,GDX,97.33,2026-09-18,30,C,107.0,0.09935,1.65,2.09,1.87,0.2353,84,495,0.4770560107421875
2026-08-19,2026-08-19T22:17:36+00:00,GDX,97.33,2026-09-18,30,P,88.0,-0.09586,1.35,1.47,1.41,0.0851,1724,5874,0.44116769775390624
2026-08-19,2026-08-19T22:17:36+00:00,GDX,97.33,2026-09-18,30,P,89.0,-0.08559,1.52,1.79,1.655,0.1631,1766,701,0.44946839599609373
2026-08-19,2026-08-19T22:17:36+00:00,GDX,97.33,2026-09-18,30,P,90.0,-0.07531,1.84,2.03,1.935,0.0982,3742,28698,0.44482977050781247
2026-08-19,2026-08-19T22:17:36+00:00,GDX,97.33,2026-09-18,30,P,91.0,-0.06504,2.14,2.51,2.325,0.1591,1534,2048,0.4624077197265626
2026-08-19,2026-08-19T22:17:36+00:00,GDX,97.33,2026-09-18,30,P,92.0,-0.05476,2.47,2.64,2.555,0.0665,276,1169,0.44067942138671873
2026-08-19,2026-08-19T22:17:36+00:00,GDX,97.33,2026-09-18,30,P,93.0,-0.04449,2.65,3.55,3.1,0.2903,150,452,0.4924367163085938
2026-08-19,2026-08-19T22:17:36+00:00,GDX,97.33,2026-09-18,30,P,94.0,-0.03421,3.2,3.45,3.325,0.0752,244,389,0.44434149414062496
2026-08-19,2026-08-19T22:17:36+00:00,GDX,97.33,2026-09-18,30,P,95.0,-0.02394,3.65,3.9,3.775,0.0662,6860,1429,0.44556218505859374
2026-08-19,2026-08-19T22:17:36+00:00,GDX,97.33,2026-09-18,30,P,96.0,-0.01366,4.1,4.5,4.3,0.093,857,257,0.45752495605468757
2026-08-19,2026-08-19T22:17:36+00:00,GDX,97.33,2026-09-18,30,P,97.0,-0.00339,4.55,4.95,4.75,0.0842,108,281,0.45300839965820316
2026-08-19,2026-08-19T22:17:36+00:00,GDX,97.33,2026-09-18,30,P,98.0,0.00688,5.1,5.75,5.425,0.1198,95,108,0.47681187255859375
2026-08-19,2026-08-19T22:17:36+00:00,GDX,97.33,2026-09-18,30,P,99.0,0.01716,5.25,6.1,5.675,0.1498,268,1434,0.4580132324218751
2026-08-19,2026-08-19T22:17:36+00:00,GDX,97.33,2026-09-18,30,P,100.0,0.02743,6.25,6.5,6.375,0.0392,264,5338,0.4409235595703125
2026-08-19,2026-08-19T22:17:36+00:00,GDX,97.33,2026-09-18,30,P,101.0,0.03771,6.9,7.9,7.4,0.1351,17,152,0.5109912182617188
2026-08-19,2026-08-19T22:17:36+00:00,GDX,97.33,2026-09-18,30,P,102.0,0.04798,7.55,7.9,7.725,0.0453,62,95,0.4523980541992188
2026-08-19,2026-08-19T22:17:36+00:00,GDX,97.33,2026-09-18,30,P,103.0,0.05826,8.2,8.75,8.475,0.0649,11,46,0.4687553125
2026-08-19,2026-08-19T22:17:36+00:00,GDX,97.33,2026-09-18,30,P,104.0,0.06853,8.9,9.5,9.2,0.0652,1,0,0.47376014526367194
2026-08-19,2026-08-19T22:17:36+00:00,GDX,97.33,2026-09-18,30,P,105.0,0.0788,9.6,10.2,9.9,0.0606,4,1,0.471684970703125
2026-08-19,2026-08-19T22:17:36+00:00,GDX,97.33,2026-09-18,30,P,106.0,0.08908,10.4,11.05,10.725,0.0606,6,2,0.4826711889648438
2026-08-19,2026-08-19T22:17:36+00:00,GDX,97.33,2026-09-18,30,P,107.0,0.09935,11.15,12.1,11.625,0.0817,2,2,0.5129443237304687
2026-08-19,2026-08-19T22:17:36+00:00,GDX,97.33,2026-10-16,58,C,88.0,-0.09586,11.95,13.05,12.5,0.088,45,421,0.5042774182128906
2026-08-19,2026-08-19T22:17:36+00:00,GDX,97.33,2026-10-16,58,C,89.0,-0.08559,11.55,12.25,11.9,0.0588,29,1350,0.49268085449218757
2026-08-19,2026-08-19T22:17:36+00:00,GDX,97.33,2026-10-16,58,C,90.0,-0.07531,10.75,11.5,11.125,0.0674,1204,4741,0.48376981079101566
2026-08-19,2026-08-19T22:17:36+00:00,GDX,97.33,2026-10-16,58,C,91.0,-0.06504,9.5,10.95,10.225,0.1418,45,172,0.48792015991210946
2026-08-19,2026-08-19T22:17:36+00:00,GDX,97.33,2026-10-16,58,C,92.0,-0.05476,9.3,10.25,9.775,0.0972,54,766,0.47998566894531247
2026-08-19,2026-08-19T22:17:36+00:00,GDX,97.33,2026-10-16,58,C,93.0,-0.04449,8.7,9.65,9.175,0.1035,124,3378,0.4777884252929688
2026-08-19,2026-08-19T22:17:36+00:00,GDX,97.33,2026-10-16,58,C,94.0,-0.03421,8.55,9.1,8.825,0.0623,35,75,0.4774222180175781
2026-08-19,2026-08-19T22:17:36+00:00,GDX,97.33,2026-10-16,58,C,95.0,-0.02394,8.1,8.55,8.325,0.0541,291,892,0.4757132507324219
2026-08-19,2026-08-19T22:17:36+00:00,GDX,97.33,2026-10-16,58,C,96.0,-0.01366,7.3,8.0,7.65,0.0915,224,114,0.4725394543457031
2026-08-19,2026-08-19T22:17:36+00:00,GDX,97.33,2026-10-16,58,C,97.0,-0.00339,7.0,7.55,7.275,0.0756,100,97,0.47449255981445315
2026-08-19,2026-08-19T22:17:36+00:00,GDX,97.33,2026-10-16,58,C,98.0,0.00688,6.6,7.1,6.85,0.073,65,496,0.4749808361816406
2026-08-19,2026-08-19T22:17:36+00:00,GDX,97.33,2026-10-16,58,C,99.0,0.01716,6.1,6.65,6.375,0.0863,38,91,0.47412635253906255
2026-08-19,2026-08-19T22:17:36+00:00,GDX,97.33,2026-10-16,58,C,100.0,0.02743,5.85,6.15,6.0,0.05,1379,4294,0.4688773815917969
2026-08-19,2026-08-19T22:17:36+00:00,GDX,97.33,2026-10-16,58,C,101.0,0.03771,5.4,6.2,5.8,0.1379,10,50,0.4975636181640626
2026-08-19,2026-08-19T22:17:36+00:00,GDX,97.33,2026-10-16,58,C,102.0,0.04798,4.95,5.45,5.2,0.0962,19,110,0.4735160070800781
2026-08-19,2026-08-19T22:17:36+00:00,GDX,97.33,2026-10-16,58,C,103.0,0.05826,4.65,5.5,5.075,0.1675,10,19,0.500005
2026-08-19,2026-08-19T22:17:36+00:00,GDX,97.33,2026-10-16,58,C,104.0,0.06853,4.05,4.75,4.4,0.1591,14,83,0.4731497998046875
2026-08-19,2026-08-19T22:17:36+00:00,GDX,97.33,2026-10-16,58,C,105.0,0.0788,4.1,4.45,4.275,0.0819,2125,1765,0.47449255981445315
2026-08-19,2026-08-19T22:17:36+00:00,GDX,97.33,2026-10-16,58,C,106.0,0.08908,3.5,4.4,3.95,0.2278,9,1316,0.49158223266601564
2026-08-19,2026-08-19T22:17:36+00:00,GDX,97.33,2026-10-16,58,C,107.0,0.09935,3.55,3.85,3.7,0.0811,46,107,0.47363807617187503
2026-08-19,2026-08-19T22:17:36+00:00,GDX,97.33,2026-10-16,58,P,88.0,-0.09586,2.67,2.85,2.76,0.0652,82,1457,0.436529072265625
2026-08-19,2026-08-19T22:17:36+00:00,GDX,97.33,2026-10-16,58,P,89.0,-0.08559,2.95,3.25,3.1,0.0968,25,147,0.4422663195800781
2026-08-19,2026-08-19T22:17:36+00:00,GDX,97.33,2026-10-16,58,P,90.0,-0.07531,3.3,3.5,3.4,0.0588,178,1506,0.4348201049804688
2026-08-19,2026-08-19T22:17:36+00:00,GDX,97.33,2026-10-16,58,P,91.0,-0.06504,3.65,4.3,3.975,0.1635,34,602,0.46533737792968755
2026-08-19,2026-08-19T22:17:36+00:00,GDX,97.33,2026-10-16,58,P,92.0,-0.05476,4.0,4.7,4.35,0.1609,33,2035,0.46497117065429694
2026-08-19,2026-08-19T22:17:36+00:00,GDX,97.33,2026-10-16,58,P,93.0,-0.04449,4.35,5.2,4.775,0.178,47,46,0.46973186523437505
2026-08-19,2026-08-19T22:17:36+00:00,GDX,97.33,2026-10-16,58,P,94.0,-0.03421,4.8,5.45,5.125,0.1268,36,34,0.45618219604492194
2026-08-19,2026-08-19T22:17:36+00:00,GDX,97.33,2026-10-16,58,P,95.0,-0.02394,5.3,5.6,5.45,0.055,381,2593,0.43506424316406256
2026-08-19,2026-08-19T22:17:36+00:00,GDX,97.33,2026-10-16,58,P,96.0,-0.01366,5.8,6.05,5.925,0.0422,385,332,0.43237872314453124
2026-08-19,2026-08-19T22:17:36+00:00,GDX,97.33,2026-10-16,58,P,97.0,-0.00339,6.3,6.55,6.425,0.0389,181,2,0.43140217041015627
2026-08-19,2026-08-19T22:17:36+00:00,GDX,97.33,2026-10-16,58,P,98.0,0.00688,6.85,7.3,7.075,0.0636,2,17,0.4449518395996094
2026-08-19,2026-08-19T22:17:36+00:00,GDX,97.33,2026-10-16,58,P,99.0,0.01716,7.35,8.0,7.675,0.0847,20,20,0.4537408142089844
2026-08-19,2026-08-19T22:17:36+00:00,GDX,97.33,2026-10-16,58,P,100.0,0.02743,7.95,8.3,8.125,0.0431,112,90,0.43555251953125
2026-08-19,2026-08-19T22:17:36+00:00,GDX,97.33,2026-10-16,58,P,101.0,0.03771,8.55,9.1,8.825,0.0623,1,282,0.4480035668945312
2026-08-19,2026-08-19T22:17:36+00:00,GDX,97.33,2026-10-16,58,P,102.0,0.04798,9.2,9.75,9.475,0.058,2,70,0.4495904650878906
2026-08-19,2026-08-19T22:17:36+00:00,GDX,97.33,2026-10-16,58,P,103.0,0.05826,9.85,10.35,10.1,0.0495,1,17,0.44653873779296877
2026-08-19,2026-08-19T22:17:36+00:00,GDX,97.33,2026-10-16,58,P,104.0,0.06853,10.4,11.45,10.925,0.0961,10,24,0.47522497436523436
2026-08-19,2026-08-19T22:17:36+00:00,GDX,97.33,2026-10-16,58,P,105.0,0.0788,11.2,11.8,11.5,0.0522,3,15,0.45300839965820316
2026-08-19,2026-08-19T22:17:36+00:00,GDX,97.33,2026-10-16,58,P,106.0,0.08908,11.15,12.65,11.9,0.1261,5,6,0.4631401342773438
2026-08-19,2026-08-19T22:17:36+00:00,QQQ,716.08,2026-09-18,30,C,645.0,-0.09926,75.21,77.28,76.245,0.0271,8,9144,0.3645693426513672
2026-08-19,2026-08-19T22:17:36+00:00,QQQ,716.08,2026-09-18,30,C,650.0,-0.09228,70.5,71.43,70.965,0.0131,66,7128,0.32898620239257803
2026-08-19,2026-08-19T22:17:36+00:00,QQQ,716.08,2026-09-18,30,C,651.0,-0.09088,68.34,70.47,69.405,0.0307,2,113,0.3263006823730469
2026-08-19,2026-08-19T22:17:36+00:00,QQQ,716.08,2026-09-18,30,C,652.0,-0.08949,67.4,69.53,68.465,0.0311,1,70,0.32401188690185534
2026-08-19,2026-08-19T22:17:36+00:00,QQQ,716.08,2026-09-18,30,C,653.0,-0.08809,66.47,69.93,68.2,0.0507,1,56,0.3480594979858398
2026-08-19,2026-08-19T22:17:36+00:00,QQQ,716.08,2026-09-18,30,C,654.0,-0.08669,65.53,67.66,66.595,0.032,2,80,0.31952584777832027
2026-08-19,2026-08-19T22:17:36+00:00,QQQ,716.08,2026-09-18,30,C,655.0,-0.0853,64.6,66.76,65.68,0.0329,1,4883,0.31793894958496094
2026-08-19,2026-08-19T22:17:36+00:00,QQQ,716.08,2026-09-18,30,C,656.0,-0.0839,64.9,65.51,65.205,0.0094,42,77,0.3093635958862304
2026-08-19,2026-08-19T22:17:36+00:00,QQQ,716.08,2026-09-18,30,C,657.0,-0.0825,63.98,66.14,65.06,0.0332,21,31,0.33704276245117193
2026-08-19,2026-08-19T22:17:36+00:00,QQQ,716.08,2026-09-18,30,C,658.0,-0.08111,61.82,63.94,62.88,0.0337,2,54,0.3106758386230468
2026-08-19,2026-08-19T22:17:36+00:00,QQQ,716.08,2026-09-18,30,C,659.0,-0.07971,60.9,63.02,61.96,0.0342,3,96,0.30857014678955075
2026-08-19,2026-08-19T22:17:36+00:00,QQQ,716.08,2026-09-18,30,C,660.0,-0.07832,61.19,61.83,61.51,0.0104,42,23910,0.3012765185546875
2026-08-19,2026-08-19T22:17:36+00:00,QQQ,716.08,2026-09-18,30,C,661.0,-0.07692,59.06,61.18,60.12,0.0353,6,47,0.30429772857666015
2026-08-19,2026-08-19T22:17:36+00:00,QQQ,716.08,2026-09-18,30,C,662.0,-0.07552,58.15,60.26,59.205,0.0356,1,204,0.30213100219726563
2026-08-19,2026-08-19T22:17:36+00:00,QQQ,716.08,2026-09-18,30,C,663.0,-0.07413,57.24,59.35,58.295,0.0362,3,35,0.3000863449096679
2026-08-19,2026-08-19T22:17:36+00:00,QQQ,716.08,2026-09-18,30,C,664.0,-0.07273,56.33,58.43,57.38,0.0366,1,57,0.2978280667114257
2026-08-19,2026-08-19T22:17:36+00:00,QQQ,716.08,2026-09-18,30,C,665.0,-0.07133,56.78,57.55,57.165,0.0135,13,2740,0.2962716857910156
2026-08-19,2026-08-19T22:17:36+00:00,QQQ,716.08,2026-09-18,30,C,666.0,-0.06994,54.51,56.62,55.565,0.038,1,158,0.2937692694091796
2026-08-19,2026-08-19T22:17:36+00:00,QQQ,716.08,2026-09-18,30,C,667.0,-0.06854,53.61,55.72,54.665,0.0386,1,86,0.2917856466674803
2026-08-19,2026-08-19T22:17:36+00:00,QQQ,716.08,2026-09-18,30,C,668.0,-0.06714,52.72,54.82,53.77,0.0391,1,46,0.2897409893798828
2026-08-19,2026-08-19T22:17:36+00:00,QQQ,716.08,2026-09-18,30,C,669.0,-0.06575,51.82,53.92,52.87,0.0397,1,65,0.28766581481933584
2026-08-19,2026-08-19T22:17:36+00:00,QQQ,716.08,2026-09-18,30,C,670.0,-0.06435,52.17,53.05,52.61,0.0167,33,10817,0.2860789166259765
2026-08-19,2026-08-19T22:17:36+00:00,QQQ,716.08,2026-09-18,30,C,671.0,-0.06295,51.29,51.86,51.575,0.0111,1,181,0.27899890930175775
2026-08-19,2026-08-19T22:17:36+00:00,QQQ,716.08,2026-09-18,30,C,672.0,-0.06156,49.16,52.65,50.905,0.0686,2,25,0.30466393585205076
2026-08-19,2026-08-19T22:17:36+00:00,QQQ,716.08,2026-09-18,30,C,673.0,-0.06016,48.28,50.36,49.32,0.0422,1,82,0.27967028930664056
2026-08-19,2026-08-19T22:17:36+00:00,QQQ,716.08,2026-09-18,30,C,674.0,-0.05876,47.4,49.48,48.44,0.0429,5,71,0.2777477011108398
2026-08-19,2026-08-19T22:17:36+00:00,QQQ,716.08,2026-09-18,30,C,675.0,-0.05737,47.92,48.61,48.265,0.0143,7,11094,0.27591666473388665
2026-08-19,2026-08-19T22:17:36+00:00,QQQ,716.08,2026-09-18,30,C,676.0,-0.05597,45.65,47.73,46.69,0.0445,1,73,0.27390252471923826
2026-08-19,2026-08-19T22:17:36+00:00,QQQ,716.08,2026-09-18,30,C,677.0,-0.05457,44.79,46.86,45.825,0.0452,38,105,0.27197993652343744
2026-08-19,2026-08-19T22:17:36+00:00,QQQ,716.08,2026-09-18,30,C,678.0,-0.05318,43.92,45.99,44.955,0.046,1,179,0.2700268310546875
2026-08-19,2026-08-19T22:17:36+00:00,QQQ,716.08,2026-09-18,30,C,679.0,-0.05178,43.07,45.13,44.1,0.0467,1,112,0.26816527740478513
2026-08-19,2026-08-19T22:17:36+00:00,QQQ,716.08,2026-09-18,30,C,680.0,-0.05039,43.52,44.31,43.915,0.018,32,12737,0.26688355194091795
2026-08-19,2026-08-19T22:17:36+00:00,QQQ,716.08,2026-09-18,30,C,681.0,-0.04899,42.64,43.43,43.035,0.0184,10,182,0.26462527374267575
2026-08-19,2026-08-19T22:17:36+00:00,QQQ,716.08,2026-09-18,30,C,682.0,-0.04759,41.79,42.58,42.185,0.0187,2,153,0.2627637200927735
2026-08-19,2026-08-19T22:17:36+00:00,QQQ,716.08,2026-09-18,30,C,683.0,-0.0462,40.96,41.65,41.305,0.0167,32,353,0.2596662168884278
2026-08-19,2026-08-19T22:17:36+00:00,QQQ,716.08,2026-09-18,30,C,684.0,-0.0448,40.13,40.65,40.39,0.0129,1,243,0.2555006091308594
2026-08-19,2026-08-19T22:17:36+00:00,QQQ,716.08,2026-09-18,30,C,685.0,-0.0434,39.43,39.89,39.66,0.0116,43,12646,0.2548292291259766
2026-08-19,2026-08-19T22:17:36+00:00,QQQ,716.08,2026-09-18,30,C,686.0,-0.04201,38.48,39.24,38.86,0.0196,26,169,0.2556837127685547
2026-08-19,2026-08-19T22:17:36+00:00,QQQ,716.08,2026-09-18,30,C,687.0,-0.04061,37.66,38.42,38.04,0.02,250,203,0.2539900041198731
2026-08-19,2026-08-19T22:17:36+00:00,QQQ,716.08,2026-09-18,30,C,688.0,-0.03921,36.85,37.6,37.225,0.0201,1,271,0.2522352609252929
2026-08-19,2026-08-19T22:17:36+00:00,QQQ,716.08,2026-09-18,30,C,689.0,-0.03782,36.04,36.79,36.415,0.0206,1,185,0.2505568109130859
2026-08-19,2026-08-19T22:17:36+00:00,QQQ,716.08,2026-09-18,30,C,690.0,-0.03642,35.27,36.0,35.635,0.0205,17,15129,0.24909198181152342
2026-08-19,2026-08-19T22:17:36+00:00,QQQ,716.08,2026-09-18,30,C,691.0,-0.03502,34.58,34.86,34.72,0.0081,1,230,0.2427138717651367
2026-08-19,2026-08-19T22:17:36+00:00,QQQ,716.08,2026-09-18,30,C,692.0,-0.03363,33.77,34.07,33.92,0.0088,2,200,0.24115749084472654
2026-08-19,2026-08-19T22:17:36+00:00,QQQ,716.08,2026-09-18,30,C,693.0,-0.03223,32.99,33.28,33.135,0.0088,12,1014,0.2395095581054687
2026-08-19,2026-08-19T22:17:36+00:00,QQQ,716.08,2026-09-18,30,C,694.0,-0.03083,32.22,32.5,32.36,0.0087,5,2180,0.23795317718505854
2026-08-19,2026-08-19T22:17:36+00:00,QQQ,716.08,2026-09-18,30,C,695.0,-0.02944,31.45,31.73,31.59,0.0089,36,3415,0.23645783081054686
2026-08-19,2026-08-19T22:17:36+00:00,QQQ,716.08,2026-09-18,30,C,696.0,-0.02804,30.68,30.96,30.82,0.0091,10,177,0.2348709326171875
2026-08-19,2026-08-19T22:17:36+00:00,QQQ,716.08,2026-09-18,30,C,697.0,-0.02665,29.92,30.21,30.065,0.0096,37,254,0.23349765533447264
2026-08-19,2026-08-19T22:17:36+00:00,QQQ,716.08,2026-09-18,30,C,698.0,-0.02525,29.17,29.45,29.31,0.0096,10,399,0.23188023986816403
2026-08-19,2026-08-19T22:17:36+00:00,QQQ,716.08,2026-09-18,30,C,699.0,-0.02385,28.43,28.71,28.57,0.0098,23,297,0.2304764453125
2026-08-19,2026-08-19T22:17:36+00:00,QQQ,716.08,2026-09-18,30,C,700.0,-0.02246,27.7,27.91,27.805,0.0076,147,26917,0.22820290847778318
2026-08-19,2026-08-19T22:17:36+00:00,QQQ,716.08,2026-09-18,30,C,701.0,-0.02106,26.97,27.17,27.07,0.0074,5,499,0.2266312689208984
2026-08-19,2026-08-19T22:17:36+00:00,QQQ,716.08,2026-09-18,30,C,702.0,-0.01966,26.25,26.46,26.355,0.008,6,615,0.22534954345703123
2026-08-19,2026-08-19T22:17:36+00:00,QQQ,716.08,2026-09-18,30,C,703.0,-0.01827,25.54,25.73,25.635,0.0074,33,265,0.22373212799072262
2026-08-19,2026-08-19T22:17:36+00:00,QQQ,716.08,2026-09-18,30,C,704.0,-0.01687,24.82,25.03,24.925,0.0084,2,289,0.2224198852539062
2026-08-19,2026-08-19T22:17:36+00:00,QQQ,716.08,2026-09-18,30,C,705.0,-0.01547,24.15,24.33,24.24,0.0074,46,7309,0.22101609069824218
2026-08-19,2026-08-19T22:17:36+00:00,QQQ,716.08,2026-09-18,30,C,706.0,-0.01408,23.44,23.64,23.54,0.0085,3,483,0.2196275547790527
2026-08-19,2026-08-19T22:17:36+00:00,QQQ,716.08,2026-09-18,30,C,707.0,-0.01268,22.76,22.96,22.86,0.0087,9,282,0.21828479476928708
2026-08-19,2026-08-19T22:17:36+00:00,QQQ,716.08,2026-09-18,30,C,708.0,-0.01128,22.08,22.28,22.18,0.009,6,236,0.21683522430419921
2026-08-19,2026-08-19T22:17:36+00:00,QQQ,716.08,2026-09-18,30,C,709.0,-0.00989,21.43,21.62,21.525,0.0088,4,392,0.21555349884033204
2026-08-19,2026-08-19T22:17:36+00:00,QQQ,716.08,2026-09-18,30,C,710.0,-0.00849,20.8,20.96,20.88,0.0077,342,40970,0.21416496292114257
2026-08-19,2026-08-19T22:17:36+00:00,QQQ,716.08,2026-09-18,30,C,711.0,-0.00709,20.12,20.31,20.215,0.0094,54,287,0.21280694427490232
2026-08-19,2026-08-19T22:17:36+00:00,QQQ,716.08,2026-09-18,30,C,712.0,-0.0057,19.51,19.68,19.595,0.0087,20,741,0.21158625335693354
2026-08-19,2026-08-19T22:17:36+00:00,QQQ,716.08,2026-09-18,30,C,713.0,-0.0043,18.86,19.05,18.955,0.01,202,1072,0.21024349334716796
2026-08-19,2026-08-19T22:17:36+00:00,QQQ,716.08,2026-09-18,30,C,714.0,-0.0029,18.25,18.43,18.34,0.0098,92,780,0.2089312506103515
2026-08-19,2026-08-19T22:17:36+00:00,QQQ,716.08,2026-09-18,30,C,715.0,-0.00151,17.68,17.83,17.755,0.0084,511,8802,0.20777159423828123
2026-08-19,2026-08-19T22:17:36+00:00,QQQ,716.08,2026-09-18,30,C,716.0,-0.00011,17.07,17.23,17.15,0.0093,376,484,0.206489868774414
2026-08-19,2026-08-19T22:17:36+00:00,QQQ,716.08,2026-09-18,30,C,717.0,0.00128,16.49,16.65,16.57,0.0097,26798,448,0.20533021240234373
2026-08-19,2026-08-19T22:17:36+00:00,QQQ,716.08,2026-09-18,30,C,718.0,0.00268,15.91,16.07,15.99,0.01,748,458,0.20407900421142577
2026-08-19,2026-08-19T22:17:36+00:00,QQQ,716.08,2026-09-18,30,C,719.0,0.00408,15.36,15.51,15.435,0.0097,431,4255,0.20293460647583006
2026-08-19,2026-08-19T22:17:36+00:00,QQQ,716.08,2026-09-18,30,C,720.0,0.00547,14.83,14.95,14.89,0.0081,4742,20450,0.2016833982849121
2026-08-19,2026-08-19T22:17:36+00:00,QQQ,716.08,2026-09-18,30,C,721.0,0.00687,14.27,14.41,14.34,0.0098,210,1278,0.2005695178222656
2026-08-19,2026-08-19T22:17:36+00:00,QQQ,716.08,2026-09-18,30,C,722.0,0.00827,13.74,13.88,13.81,0.0101,190,826,0.19944037872314452
2026-08-19,2026-08-19T22:17:36+00:00,QQQ,716.08,2026-09-18,30,C,723.0,0.00966,13.22,13.36,13.29,0.0105,82,659,0.19831123962402342
2026-08-19,2026-08-19T22:17:36+00:00,QQQ,716.08,2026-09-18,30,C,724.0,0.01106,12.67,12.85,12.76,0.0141,93,774,0.19719735916137693
2026-08-19,2026-08-19T22:17:36+00:00,QQQ,716.08,2026-09-18,30,C,725.0,0.01246,12.23,12.34,12.285,0.009,12856,14290,0.1959614096069336
2026-08-19,2026-08-19T22:17:36+00:00,QQQ,716.08,2026-09-18,30,C,726.0,0.01385,11.74,11.87,11.805,0.011,43,1231,0.19507640869140624
2026-08-19,2026-08-19T22:17:36+00:00,QQQ,716.08,2026-09-18,30,C,727.0,0.01525,11.22,11.39,11.305,0.015,113,620,0.1939472695922852
2026-08-19,2026-08-19T22:17:36+00:00,QQQ,716.08,2026-09-18,30,C,728.0,0.01665,10.77,10.94,10.855,0.0157,103,389,0.1930622686767578
2026-08-19,2026-08-19T22:17:36+00:00,QQQ,716.08,2026-09-18,30,C,729.0,0.01804,10.31,10.49,10.4,0.0173,84,607,0.1920551986694336
2026-08-19,2026-08-19T22:17:36+00:00,QQQ,716.08,2026-09-18,30,C,730.0,0.01944,9.92,10.05,9.985,0.013,8170,19838,0.19104812866210938
2026-08-19,2026-08-19T22:17:36+00:00,QQQ,716.08,2026-09-18,30,C,731.0,0.02084,9.48,9.62,9.55,0.0147,108,629,0.19001054138183598
2026-08-19,2026-08-19T22:17:36+00:00,QQQ,716.08,2026-09-18,30,C,732.0,0.02223,9.04,9.21,9.125,0.0186,161,564,0.18912554046630858
2026-08-19,2026-08-19T22:17:36+00:00,QQQ,716.08,2026-09-18,30,C,733.0,0.02363,8.68,8.81,8.745,0.0149,284,835,0.188210022277832
2026-08-19,2026-08-19T22:17:36+00:00,QQQ,716.08,2026-09-18,30,C,734.0,0.02503,8.25,8.42,8.335,0.0204,112,902,0.1872945040893555
2026-08-19,2026-08-19T22:17:36+00:00,QQQ,716.08,2026-09-18,30,C,735.0,0.02642,7.94,8.04,7.99,0.0125,2049,13358,0.18637898590087892
2026-08-19,2026-08-19T22:17:36+00:00,QQQ,716.08,2026-09-18,30,C,736.0,0.02782,7.55,7.67,7.61,0.0158,466,1237,0.1854634677124023
2026-08-19,2026-08-19T22:17:36+00:00,QQQ,716.08,2026-09-18,30,C,737.0,0.02921,7.17,7.32,7.245,0.0207,196,596,0.18467001861572263
2026-08-19,2026-08-19T22:17:36+00:00,QQQ,716.08,2026-09-18,30,C,738.0,0.03061,6.85,6.98,6.915,0.0188,264,498,0.18387656951904296
2026-08-19,2026-08-19T22:17:36+00:00,QQQ,716.08,2026-09-18,30,C,739.0,0.03201,6.5,6.65,6.575,0.0228,121,565,0.18308312042236324
2026-08-19,2026-08-19T22:17:36+00:00,QQQ,716.08,2026-09-18,30,C,740.0,0.0334,6.23,6.33,6.28,0.0159,2860,33239,0.18228967132568358
2026-08-19,2026-08-19T22:17:36+00:00,QQQ,716.08,2026-09-18,30,C,741.0,0.0348,5.91,6.02,5.965,0.0184,128,1601,0.1814962222290039
2026-08-19,2026-08-19T22:17:36+00:00,QQQ,716.08,2026-09-18,30,C,742.0,0.0362,5.62,5.73,5.675,0.0194,439,621,0.1808553594970703
2026-08-19,2026-08-19T22:17:36+00:00,QQQ,716.08,2026-09-18,30,C,743.0,0.03759,5.33,5.44,5.385,0.0204,501,393,0.18006191040039063
2026-08-19,2026-08-19T22:17:36+00:00,QQQ,716.08,2026-09-18,30,C,744.0,0.03899,5.06,5.17,5.115,0.0215,58,959,0.17945156494140624
2026-08-19,2026-08-19T22:17:36+00:00,QQQ,716.08,2026-09-18,30,C,745.0,0.04039,4.82,4.9,4.86,0.0165,2816,19279,0.17865811584472657
2026-08-19,2026-08-19T22:17:36+00:00,QQQ,716.08,2026-09-18,30,C,746.0,0.04178,4.54,4.65,4.595,0.0239,240,840,0.1780477703857422
2026-08-19,2026-08-19T22:17:36+00:00,QQQ,716.08,2026-09-18,30,C,747.0,0.04318,4.3,4.41,4.355,0.0253,247,819,0.17746794219970702
2026-08-19,2026-08-19T22:17:36+00:00,QQQ,716.08,2026-09-18,30,C,748.0,0.04458,4.08,4.18,4.13,0.0242,147,551,0.17688811401367188
2026-08-19,2026-08-19T22:17:36+00:00,QQQ,716.08,2026-09-18,30,C,749.0,0.04597,3.86,3.96,3.91,0.0256,628,2655,0.17633880310058597
2026-08-19,2026-08-19T22:17:36+00:00,QQQ,716.08,2026-09-18,30,C,750.0,0.04737,3.66,3.74,3.7,0.0216,4853,52112,0.17566742309570313
2026-08-19,2026-08-19T22:17:36+00:00,QQQ,716.08,2026-09-18,30,C,751.0,0.04877,3.44,3.54,3.49,0.0287,425,452,0.17517914672851562
2026-08-19,2026-08-19T22:17:36+00:00,QQQ,716.08,2026-09-18,30,C,752.0,0.05016,3.25,3.34,3.295,0.0273,110,214,0.17453828399658206
2026-08-19,2026-08-19T22:17:36+00:00,QQQ,716.08,2026-09-18,30,C,753.0,0.05156,3.07,3.16,3.115,0.0289,390,397,0.174111042175293
2026-08-19,2026-08-19T22:17:36+00:00,QQQ,716.08,2026-09-18,30,C,754.0,0.05295,2.9,2.98,2.94,0.0272,270,9311,0.17356173126220703
2026-08-19,2026-08-19T22:17:36+00:00,QQQ,716.08,2026-09-18,30,C,755.0,0.05435,2.75,2.82,2.785,0.0251,560,24647,0.17325655853271482
2026-08-19,2026-08-19T22:17:36+00:00,QQQ,716.08,2026-09-18,30,C,756.0,0.05575,2.57,2.66,2.615,0.0344,356,678,0.1727987994384766
2026-08-19,2026-08-19T22:17:36+00:00,QQQ,716.08,2026-09-18,30,C,757.0,0.05714,2.42,2.5,2.46,0.0325,191,391,0.17221897125244146
2026-08-19,2026-08-19T22:17:36+00:00,QQQ,716.08,2026-09-18,30,C,758.0,0.05854,2.28,2.36,2.32,0.0345,70,490,0.17191379852294925
2026-08-19,2026-08-19T22:17:36+00:00,QQQ,716.08,2026-09-18,30,C,759.0,0.05994,2.15,2.22,2.185,0.032,528,764,0.17145603942871096
2026-08-19,2026-08-19T22:17:36+00:00,QQQ,716.08,2026-09-18,30,C,760.0,0.06133,2.03,2.09,2.06,0.0291,4054,35706,0.17108983215332033
2026-08-19,2026-08-19T22:17:36+00:00,QQQ,716.08,2026-09-18,30,C,765.0,0.06832,1.47,1.53,1.5,0.04,972,15958,0.16931983032226564
2026-08-19,2026-08-19T22:17:36+00:00,QQQ,716.08,2026-09-18,30,C,770.0,0.0753,1.09,1.13,1.11,0.036,809,15810,0.16877051940917973
2026-08-19,2026-08-19T22:17:36+00:00,QQQ,716.08,2026-09-18,30,C,775.0,0.08228,0.8,0.82,0.81,0.0247,865,18711,0.1680991394042969
2026-08-19,2026-08-19T22:17:36+00:00,QQQ,716.08,2026-09-18,30,C,780.0,0.08926,0.59,0.62,0.605,0.0496,485,12439,0.16919776123046876
2026-08-19,2026-08-19T22:17:36+00:00,QQQ,716.08,2026-09-18,30,C,785.0,0.09625,0.44,0.46,0.45,0.0444,312,2953,0.16993017578125003
2026-08-19,2026-08-19T22:17:36+00:00,QQQ,716.08,2026-09-18,30,P,645.0,-0.09926,2.11,2.16,2.135,0.0234,395,10009,0.2659985510253906
2026-08-19,2026-08-19T22:17:36+00:00,QQQ,716.08,2026-09-18,30,P,650.0,-0.09228,2.39,2.41,2.4,0.0083,5366,46098,0.25843026733398444
2026-08-19,2026-08-19T22:17:36+00:00,QQQ,716.08,2026-09-18,30,P,651.0,-0.09088,2.44,2.49,2.465,0.0203,130,755,0.25763681823730467
2026-08-19,2026-08-19T22:17:36+00:00,QQQ,716.08,2026-09-18,30,P,652.0,-0.08949,2.5,2.55,2.525,0.0198,98,659,0.25623302368164064
2026-08-19,2026-08-19T22:17:36+00:00,QQQ,716.08,2026-09-18,30,P,653.0,-0.08809,2.56,2.62,2.59,0.0232,96,374,0.2550733673095704
2026-08-19,2026-08-19T22:17:36+00:00,QQQ,716.08,2026-09-18,30,P,654.0,-0.08669,2.62,2.68,2.65,0.0226,42,1318,0.25354750366210943
2026-08-19,2026-08-19T22:17:36+00:00,QQQ,716.08,2026-09-18,30,P,655.0,-0.0853,2.69,2.74,2.715,0.0184,434,6394,0.25202164001464844
2026-08-19,2026-08-19T22:17:36+00:00,QQQ,716.08,2026-09-18,30,P,656.0,-0.0839,2.76,2.82,2.79,0.0215,537,330,0.2509230181884765
2026-08-19,2026-08-19T22:17:36+00:00,QQQ,716.08,2026-09-18,30,P,657.0,-0.0825,2.83,2.89,2.86,0.021,333,363,0.24958025817871093
2026-08-19,2026-08-19T22:17:36+00:00,QQQ,716.08,2026-09-18,30,P,658.0,-0.08111,2.89,2.98,2.935,0.0307,87,859,0.24860370544433597
2026-08-19,2026-08-19T22:17:36+00:00,QQQ,716.08,2026-09-18,30,P,659.0,-0.07971,2.96,3.04,3.0,0.0267,161,362,0.2468947381591797
2026-08-19,2026-08-19T22:17:36+00:00,QQQ,716.08,2026-09-18,30,P,660.0,-0.07832,3.04,3.11,3.075,0.0228,1225,55945,0.24536887451171874
2026-08-19,2026-08-19T22:17:36+00:00,QQQ,716.08,2026-09-18,30,P,661.0,-0.07692,3.12,3.2,3.16,0.0253,110,297,0.2442702526855469
2026-08-19,2026-08-19T22:17:36+00:00,QQQ,716.08,2026-09-18,30,P,662.0,-0.07552,3.2,3.28,3.24,0.0247,173,478,0.24286645812988278
2026-08-19,2026-08-19T22:17:36+00:00,QQQ,716.08,2026-09-18,30,P,663.0,-0.07413,3.29,3.37,3.33,0.024,180,337,0.24164576721191405
2026-08-19,2026-08-19T22:17:36+00:00,QQQ,716.08,2026-09-18,30,P,664.0,-0.07273,3.38,3.46,3.42,0.0234,273,1243,0.24036404174804685
2026-08-19,2026-08-19T22:17:36+00:00,QQQ,716.08,2026-09-18,30,P,665.0,-0.07133,3.47,3.54,3.505,0.02,401,4107,0.23883817810058594
2026-08-19,2026-08-19T22:17:36+00:00,QQQ,716.08,2026-09-18,30,P,666.0,-0.06994,3.56,3.65,3.605,0.025,98,2120,0.23786162536621092
2026-08-19,2026-08-19T22:17:36+00:00,QQQ,716.08,2026-09-18,30,P,667.0,-0.06854,3.66,3.74,3.7,0.0216,150,449,0.23642731353759766
2026-08-19,2026-08-19T22:17:36+00:00,QQQ,716.08,2026-09-18,30,P,668.0,-0.06714,3.76,3.86,3.81,0.0262,203,447,0.2355423126220703
2026-08-19,2026-08-19T22:17:36+00:00,QQQ,716.08,2026-09-18,30,P,669.0,-0.06575,3.86,3.95,3.905,0.023,217,438,0.23398593170166015
2026-08-19,2026-08-19T22:17:36+00:00,QQQ,716.08,2026-09-18,30,P,670.0,-0.06435,3.97,4.05,4.01,0.02,600,31336,0.23258213714599607
2026-08-19,2026-08-19T22:17:36+00:00,QQQ,716.08,2026-09-18,30,P,671.0,-0.06295,4.08,4.17,4.125,0.0218,71,1854,0.23151403259277342
2026-08-19,2026-08-19T22:17:36+00:00,QQQ,716.08,2026-09-18,30,P,672.0,-0.06156,4.19,4.28,4.235,0.0213,166,316,0.2301712725830078
2026-08-19,2026-08-19T22:17:36+00:00,QQQ,716.08,2026-09-18,30,P,673.0,-0.06016,4.31,4.4,4.355,0.0207,62,255,0.22895058166503907
2026-08-19,2026-08-19T22:17:36+00:00,QQQ,716.08,2026-09-18,30,P,674.0,-0.05876,4.43,4.52,4.475,0.0201,226,404,0.22766885620117186
2026-08-19,2026-08-19T22:17:36+00:00,QQQ,716.08,2026-09-18,30,P,675.0,-0.05737,4.57,4.64,4.605,0.0152,1036,19673,0.22632609619140626
2026-08-19,2026-08-19T22:17:36+00:00,QQQ,716.08,2026-09-18,30,P,676.0,-0.05597,4.68,4.78,4.73,0.0211,121,1942,0.22528850891113278
2026-08-19,2026-08-19T22:17:36+00:00,QQQ,716.08,2026-09-18,30,P,677.0,-0.05457,4.81,4.91,4.86,0.0206,86,446,0.22400678344726557
2026-08-19,2026-08-19T22:17:36+00:00,QQQ,716.08,2026-09-18,30,P,678.0,-0.05318,4.95,5.05,5.0,0.02,130,377,0.22284712707519527
2026-08-19,2026-08-19T22:17:36+00:00,QQQ,716.08,2026-09-18,30,P,679.0,-0.05178,5.09,5.19,5.14,0.0195,4459,458,0.2215654016113281
2026-08-19,2026-08-19T22:17:36+00:00,QQQ,716.08,2026-09-18,30,P,680.0,-0.05039,5.26,5.33,5.295,0.0132,11227,25597,0.2202531588745117
2026-08-19,2026-08-19T22:17:36+00:00,QQQ,716.08,2026-09-18,30,P,681.0,-0.04899,5.39,5.49,5.44,0.0184,53,475,0.21918505432128904
2026-08-19,2026-08-19T22:17:36+00:00,QQQ,716.08,2026-09-18,30,P,682.0,-0.04759,5.54,5.64,5.59,0.0179,1371,1663,0.21790332885742186
2026-08-19,2026-08-19T22:17:36+00:00,QQQ,716.08,2026-09-18,30,P,683.0,-0.0462,5.7,5.81,5.755,0.0191,156,959,0.21686574157714844
2026-08-19,2026-08-19T22:17:36+00:00,QQQ,716.08,2026-09-18,30,P,684.0,-0.0448,5.86,5.97,5.915,0.0186,173,575,0.21555349884033204
2026-08-19,2026-08-19T22:17:36+00:00,QQQ,716.08,2026-09-18,30,P,685.0,-0.0434,6.03,6.13,6.08,0.0164,764,16194,0.2142107388305664
2026-08-19,2026-08-19T22:17:36+00:00,QQQ,716.08,2026-09-18,30,P,686.0,-0.04201,6.21,6.32,6.265,0.0176,278,1221,0.21323418609619144
2026-08-19,2026-08-19T22:17:36+00:00,QQQ,716.08,2026-09-18,30,P,687.0,-0.04061,6.39,6.5,6.445,0.0171,60,2544,0.21204401245117185
2026-08-19,2026-08-19T22:17:36+00:00,QQQ,716.08,2026-09-18,30,P,688.0,-0.03921,6.57,6.68,6.625,0.0166,47,1574,0.21076228698730468
2026-08-19,2026-08-19T22:17:36+00:00,QQQ,716.08,2026-09-18,30,P,689.0,-0.03782,6.76,6.88,6.82,0.0176,113,412,0.209694182434082
2026-08-19,2026-08-19T22:17:36+00:00,QQQ,716.08,2026-09-18,30,P,690.0,-0.03642,6.95,7.06,7.005,0.0157,7109,37021,0.20822935333251946
2026-08-19,2026-08-19T22:17:36+00:00,QQQ,716.08,2026-09-18,30,P,691.0,-0.03502,7.15,7.28,7.215,0.018,70,723,0.20728331787109372
2026-08-19,2026-08-19T22:17:36+00:00,QQQ,716.08,2026-09-18,30,P,692.0,-0.03363,7.36,7.49,7.425,0.0175,139,495,0.2061236614990234
2026-08-19,2026-08-19T22:17:36+00:00,QQQ,716.08,2026-09-18,30,P,693.0,-0.03223,7.58,7.71,7.645,0.017,103,3183,0.2049945223999023
2026-08-19,2026-08-19T22:17:36+00:00,QQQ,716.08,2026-09-18,30,P,694.0,-0.03083,7.79,7.92,7.855,0.0165,36,286,0.20365176239013671
2026-08-19,2026-08-19T22:17:36+00:00,QQQ,716.08,2026-09-18,30,P,695.0,-0.02944,8.02,8.14,8.08,0.0149,4562,16372,0.20237003692626948
2026-08-19,2026-08-19T22:17:36+00:00,QQQ,716.08,2026-09-18,30,P,696.0,-0.02804,8.25,8.37,8.31,0.0144,29,325,0.20111882873535153
2026-08-19,2026-08-19T22:17:36+00:00,QQQ,716.08,2026-09-18,30,P,697.0,-0.02665,8.49,8.62,8.555,0.0152,47,351,0.20005072418212888
2026-08-19,2026-08-19T22:17:36+00:00,QQQ,716.08,2026-09-18,30,P,698.0,-0.02525,8.74,8.87,8.805,0.0148,64,612,0.19889106781005855
2026-08-19,2026-08-19T22:17:36+00:00,QQQ,716.08,2026-09-18,30,P,699.0,-0.02385,8.99,9.16,9.075,0.0187,11,305,0.19815865325927734
2026-08-19,2026-08-19T22:17:36+00:00,QQQ,716.08,2026-09-18,30,P,700.0,-0.02246,9.26,9.41,9.335,0.0161,5144,91279,0.1968158932495117
2026-08-19,2026-08-19T22:17:36+00:00,QQQ,716.08,2026-09-18,30,P,701.0,-0.02106,9.52,9.66,9.59,0.0146,30,335,0.19535106414794923
2026-08-19,2026-08-19T22:17:36+00:00,QQQ,716.08,2026-09-18,30,P,702.0,-0.01966,9.8,9.97,9.885,0.0172,54,503,0.19458813232421873
2026-08-19,2026-08-19T22:17:36+00:00,QQQ,716.08,2026-09-18,30,P,703.0,-0.01827,10.08,10.23,10.155,0.0148,71,497,0.1930622686767578
2026-08-19,2026-08-19T22:17:36+00:00,QQQ,716.08,2026-09-18,30,P,704.0,-0.01687,10.38,10.51,10.445,0.0124,65,674,0.19171950866699222
2026-08-19,2026-08-19T22:17:36+00:00,QQQ,716.08,2026-09-18,30,P,705.0,-0.01547,10.68,10.82,10.75,0.013,5464,9611,0.1906361454772949
2026-08-19,2026-08-19T22:17:36+00:00,QQQ,716.08,2026-09-18,30,P,706.0,-0.01408,10.99,11.13,11.06,0.0127,166,816,0.1894459718322754
2026-08-19,2026-08-19T22:17:36+00:00,QQQ,716.08,2026-09-18,30,P,707.0,-0.01268,11.3,11.48,11.39,0.0158,20,313,0.18863726409912107
2026-08-19,2026-08-19T22:17:36+00:00,QQQ,716.08,2026-09-18,30,P,708.0,-0.01128,11.63,11.77,11.7,0.012,56,353,0.1869893313598633
2026-08-19,2026-08-19T22:17:36+00:00,QQQ,716.08,2026-09-18,30,P,709.0,-0.00989,11.97,12.11,12.04,0.0116,473,299,0.18586019226074219
2026-08-19,2026-08-19T22:17:36+00:00,QQQ,716.08,2026-09-18,30,P,710.0,-0.00849,12.31,12.49,12.4,0.0145,2081,27279,0.18508200180053708
2026-08-19,2026-08-19T22:17:36+00:00,QQQ,716.08,2026-09-18,30,P,711.0,-0.00709,12.67,12.82,12.745,0.0118,453,601,0.18358665542602537
2026-08-19,2026-08-19T22:17:36+00:00,QQQ,716.08,2026-09-18,30,P,712.0,-0.0057,13.04,13.19,13.115,0.0114,151,635,0.18245751632690427
2026-08-19,2026-08-19T22:17:36+00:00,QQQ,716.08,2026-09-18,30,P,713.0,-0.0043,13.41,13.56,13.485,0.0111,404,1363,0.18122156677246093
2026-08-19,2026-08-19T22:17:36+00:00,QQQ,716.08,2026-09-18,30,P,714.0,-0.0029,13.8,13.97,13.885,0.0122,244,757,0.18033656585693358
2026-08-19,2026-08-19T22:17:36+00:00,QQQ,716.08,2026-09-18,30,P,715.0,-0.00151,14.19,14.36,14.275,0.0119,2889,11432,0.1790853576660156
2026-08-19,2026-08-19T22:17:36+00:00,QQQ,716.08,2026-09-18,30,P,716.0,-0.00011,14.6,14.77,14.685,0.0116,539,568,0.17795621856689453
2026-08-19,2026-08-19T22:17:36+00:00,QQQ,716.08,2026-09-18,30,P,717.0,0.00128,15.02,15.19,15.105,0.0113,667,967,0.17682707946777343
2026-08-19,2026-08-19T22:17:36+00:00,QQQ,716.08,2026-09-18,30,P,718.0,0.00268,15.44,15.62,15.53,0.0116,720,1066,0.17566742309570313
2026-08-19,2026-08-19T22:17:36+00:00,QQQ,716.08,2026-09-18,30,P,719.0,0.00408,15.89,16.06,15.975,0.0106,184,1682,0.17450776672363283
2026-08-19,2026-08-19T22:17:36+00:00,QQQ,716.08,2026-09-18,30,P,720.0,0.00547,16.4,16.5,16.45,0.0061,5061,11966,0.17322604125976562
2026-08-19,2026-08-19T22:17:36+00:00,QQQ,716.08,2026-09-18,30,P,721.0,0.00687,16.8,16.98,16.89,0.0107,147,413,0.17228000579833985
2026-08-19,2026-08-19T22:17:36+00:00,QQQ,716.08,2026-09-18,30,P,722.0,0.00827,17.28,17.46,17.37,0.0104,113,761,0.17118138397216798
2026-08-19,2026-08-19T22:17:36+00:00,QQQ,716.08,2026-09-18,30,P,723.0,0.00966,17.77,17.95,17.86,0.0101,93,816,0.1700827621459961
2026-08-19,2026-08-19T22:17:36+00:00,QQQ,716.08,2026-09-18,30,P,724.0,0.01106,18.27,18.46,18.365,0.0103,25,1098,0.1690756921386719
2026-08-19,2026-08-19T22:17:36+00:00,QQQ,716.08,2026-09-18,30,P,725.0,0.01246,18.78,18.96,18.87,0.0095,2682,9960,0.16779396667480473
2026-08-19,2026-08-19T22:17:36+00:00,QQQ,716.08,2026-09-18,30,P,726.0,0.01385,19.3,19.5,19.4,0.0103,7,728,0.16687844848632816
2026-08-19,2026-08-19T22:17:36+00:00,QQQ,716.08,2026-09-18,30,P,727.0,0.01525,19.84,20.04,19.94,0.01,94,801,0.1658103439331055
2026-08-19,2026-08-19T22:17:36+00:00,QQQ,716.08,2026-09-18,30,P,728.0,0.01665,20.38,20.6,20.49,0.0107,66,355,0.16483379119873048
2026-08-19,2026-08-19T22:17:36+00:00,QQQ,716.08,2026-09-18,30,P,729.0,0.01804,20.94,21.16,21.05,0.0105,3,219,0.16368939346313482
2026-08-19,2026-08-19T22:17:36+00:00,QQQ,716.08,2026-09-18,30,P,730.0,0.01944,21.52,21.74,21.63,0.0102,391,9754,0.16265180618286135
2026-08-19,2026-08-19T22:17:36+00:00,QQQ,716.08,2026-09-18,30,P,731.0,0.02084,22.1,22.33,22.215,0.0104,19,497,0.16159896026611326
2026-08-19,2026-08-19T22:17:36+00:00,QQQ,716.08,2026-09-18,30,P,732.0,0.02223,22.7,22.93,22.815,0.0101,9,575,0.16050033843994144
2026-08-19,2026-08-19T22:17:36+00:00,QQQ,716.08,2026-09-18,30,P,733.0,0.02363,23.31,23.54,23.425,0.0098,5,683,0.15935594070434572
2026-08-19,2026-08-19T22:17:36+00:00,QQQ,716.08,2026-09-18,30,P,734.0,0.02503,23.93,24.16,24.045,0.0096,1,449,0.15818102569580078
2026-08-19,2026-08-19T22:17:36+00:00,QQQ,716.08,2026-09-18,30,P,735.0,0.02642,24.57,24.8,24.685,0.0093,87,5584,0.15711292114257813
2026-08-19,2026-08-19T22:17:36+00:00,QQQ,716.08,2026-09-18,30,P,736.0,0.02782,25.23,25.45,25.34,0.0087,15,154,0.15601429931640626
2026-08-19,2026-08-19T22:17:36+00:00,QQQ,716.08,2026-09-18,30,P,737.0,0.02921,25.88,26.12,26.0,0.0092,1,115,0.15500722930908206
2026-08-19,2026-08-19T22:17:36+00:00,QQQ,716.08,2026-09-18,30,P,738.0,0.03061,26.56,26.79,26.675,0.0086,2,44,0.1538170556640625
2026-08-19,2026-08-19T22:17:36+00:00,QQQ,716.08,2026-09-18,30,P,739.0,0.03201,27.15,27.86,27.505,0.0258,19,42,0.15845568115234376
2026-08-19,2026-08-19T22:17:36+00:00,QQQ,716.08,2026-09-18,30,P,740.0,0.0334,27.85,28.33,28.09,0.0171,28,4800,0.15393912475585939
2026-08-19,2026-08-19T22:17:36+00:00,QQQ,716.08,2026-09-18,30,P,741.0,0.0348,26.82,29.29,28.055,0.088,3,82,0.15677723114013675
2026-08-19,2026-08-19T22:17:36+00:00,QQQ,716.08,2026-09-18,30,P,742.0,0.0362,27.54,29.93,28.735,0.0832,1,227,0.1544579183959961
2026-08-19,2026-08-19T22:17:36+00:00,QQQ,716.08,2026-09-18,30,P,743.0,0.03759,28.34,30.76,29.55,0.0819,1,48,0.1550377465820313
2026-08-19,2026-08-19T22:17:36+00:00,QQQ,716.08,2026-09-18,30,P,744.0,0.03899,29.09,31.28,30.185,0.0726,1,17,0.15021601745605473
2026-08-19,2026-08-19T22:17:36+00:00,QQQ,716.08,2026-09-18,30,P,745.0,0.04039,30.0,32.02,31.01,0.0651,18,3955,0.14881222290039062
2026-08-19,2026-08-19T22:17:36+00:00,QQQ,716.08,2026-09-18,30,P,746.0,0.04178,30.56,33.06,31.81,0.0786,1,28,0.152626882019043
2026-08-19,2026-08-19T22:17:36+00:00,QQQ,716.08,2026-09-18,30,P,747.0,0.04318,31.34,33.65,32.495,0.0711,1,5,0.14814084289550783
2026-08-19,2026-08-19T22:17:36+00:00,QQQ,716.08,2026-09-18,30,P,748.0,0.04458,33.88,34.65,34.265,0.0225,4,5,0.1511315356445313
2026-08-19,2026-08-19T22:17:36+00:00,QQQ,716.08,2026-09-18,30,P,749.0,0.04597,32.93,35.47,34.2,0.0743,1,8,0.15058222473144534
2026-08-19,2026-08-19T22:17:36+00:00,QQQ,716.08,2026-09-18,30,P,750.0,0.04737,33.96,36.03,34.995,0.0592,15,2821,0.1443567010498047
2026-08-19,2026-08-19T22:17:36+00:00,QQQ,716.08,2026-09-18,30,P,751.0,0.04877,34.57,36.85,35.71,0.0638,0,1,0.1431970446777344
2026-08-19,2026-08-19T22:17:36+00:00,QQQ,716.08,2026-09-18,30,P,752.0,0.05016,35.42,37.97,36.695,0.0695,0,10,0.14862911926269531
2026-08-19,2026-08-19T22:17:36+00:00,QQQ,716.08,2026-09-18,30,P,753.0,0.05156,36.25,38.81,37.53,0.0682,0,102,0.14777463562011722
2026-08-19,2026-08-19T22:17:36+00:00,QQQ,716.08,2026-09-18,30,P,754.0,0.05295,37.11,39.67,38.39,0.0667,0,13,0.1471642901611328
2026-08-19,2026-08-19T22:17:36+00:00,QQQ,716.08,2026-09-18,30,P,755.0,0.05435,37.97,40.55,39.26,0.0657,24,36,0.14685911743164062
2026-08-19,2026-08-19T22:17:36+00:00,QQQ,716.08,2026-09-18,30,P,756.0,0.05575,38.85,41.42,40.135,0.064,0,33,0.14606566833496093
2026-08-19,2026-08-19T22:17:36+00:00,QQQ,716.08,2026-09-18,30,P,757.0,0.05714,39.74,42.31,41.025,0.0626,0,13,0.1456994610595703
2026-08-19,2026-08-19T22:17:36+00:00,QQQ,716.08,2026-09-18,30,P,758.0,0.05854,40.63,43.21,41.92,0.0615,0,1,0.1453637710571289
2026-08-19,2026-08-19T22:17:36+00:00,QQQ,716.08,2026-09-18,30,P,760.0,0.06133,42.45,45.03,43.74,0.059,1,114,0.1448449774169922
2026-08-19,2026-08-19T22:17:36+00:00,QQQ,716.08,2026-09-18,30,P,765.0,0.06832,47.13,50.57,48.85,0.0704,1,30,0.17285983398437502
2026-08-19,2026-08-19T22:17:36+00:00,QQQ,716.08,2026-09-18,30,P,770.0,0.0753,51.98,55.41,53.695,0.0639,2,70,0.1804891522216797
2026-08-19,2026-08-19T22:17:36+00:00,QQQ,716.08,2026-09-18,30,P,775.0,0.08228,56.98,60.41,58.695,0.0584,2,12,0.192390888671875
2026-08-19,2026-08-19T22:17:36+00:00,QQQ,716.08,2026-09-18,30,P,780.0,0.08926,61.99,65.41,63.7,0.0537,10,12,0.2039874523925781
2026-08-19,2026-08-19T22:17:36+00:00,QQQ,716.08,2026-09-18,30,P,785.0,0.09625,66.98,70.41,68.695,0.0499,1,0,0.21540091247558596
2026-08-19,2026-08-19T22:17:36+00:00,QQQ,716.08,2026-10-16,58,C,645.0,-0.09926,79.87,80.59,80.23,0.009,1,318,0.31011126907348635
2026-08-19,2026-08-19T22:17:36+00:00,QQQ,716.08,2026-10-16,58,C,650.0,-0.09228,75.08,77.64,76.36,0.0335,8,1337,0.32126533233642574
2026-08-19,2026-08-19T22:17:36+00:00,QQQ,716.08,2026-10-16,58,C,651.0,-0.09088,74.24,75.25,74.745,0.0135,2,1,0.30121548400878906
2026-08-19,2026-08-19T22:17:36+00:00,QQQ,716.08,2026-10-16,58,C,652.0,-0.08949,73.67,74.37,74.02,0.0095,2,3,0.29978117218017575
2026-08-19,2026-08-19T22:17:36+00:00,QQQ,716.08,2026-10-16,58,C,653.0,-0.08809,72.46,73.48,72.97,0.014,1,3,0.2982095326232909
2026-08-19,2026-08-19T22:17:36+00:00,QQQ,716.08,2026-10-16,58,C,654.0,-0.08669,71.58,72.61,72.095,0.0143,1,6,0.2968515139770508
2026-08-19,2026-08-19T22:17:36+00:00,QQQ,716.08,2026-10-16,58,C,655.0,-0.0853,70.71,71.73,71.22,0.0143,1,850,0.295356167602539
2026-08-19,2026-08-19T22:17:36+00:00,QQQ,716.08,2026-10-16,58,C,656.0,-0.0839,70.17,70.86,70.515,0.0098,0,32,0.29395237304687494
2026-08-19,2026-08-19T22:17:36+00:00,QQQ,716.08,2026-10-16,58,C,657.0,-0.0825,68.98,69.99,69.485,0.0145,2,1,0.29254857849121085
2026-08-19,2026-08-19T22:17:36+00:00,QQQ,716.08,2026-10-16,58,C,658.0,-0.08111,68.44,69.12,68.78,0.0099,2,14,0.29109900802612293
2026-08-19,2026-08-19T22:17:36+00:00,QQQ,716.08,2026-10-16,58,C,659.0,-0.07971,67.28,68.26,67.77,0.0145,0,27,0.2897409893798828
2026-08-19,2026-08-19T22:17:36+00:00,QQQ,716.08,2026-10-16,58,C,660.0,-0.07832,66.46,67.39,66.925,0.0139,3,964,0.28824564300537103
2026-08-19,2026-08-19T22:17:36+00:00,QQQ,716.08,2026-10-16,58,C,661.0,-0.07692,65.54,66.53,66.035,0.015,5,12,0.28685710708618156
2026-08-19,2026-08-19T22:17:36+00:00,QQQ,716.08,2026-10-16,58,C,662.0,-0.07552,65.01,65.68,65.345,0.0103,2,7,0.28554486434936516
2026-08-19,2026-08-19T22:17:36+00:00,QQQ,716.08,2026-10-16,58,C,663.0,-0.07413,63.84,64.83,64.335,0.0154,1,2,0.28421736297607414
2026-08-19,2026-08-19T22:17:36+00:00,QQQ,716.08,2026-10-16,58,C,664.0,-0.07273,62.99,65.55,64.27,0.0398,1,5,0.30036100036621094
2026-08-19,2026-08-19T22:17:36+00:00,QQQ,716.08,2026-10-16,58,C,665.0,-0.07133,62.15,63.12,62.635,0.0155,5,490,0.28134873931884763
2026-08-19,2026-08-19T22:17:36+00:00,QQQ,716.08,2026-10-16,58,C,666.0,-0.06994,61.31,62.28,61.795,0.0157,1,3,0.28003649658203117
2026-08-19,2026-08-19T22:17:36+00:00,QQQ,716.08,2026-10-16,58,C,667.0,-0.06854,60.47,61.44,60.955,0.0159,1,32,0.2787242538452148
2026-08-19,2026-08-19T22:17:36+00:00,QQQ,716.08,2026-10-16,58,C,668.0,-0.06714,59.95,60.6,60.275,0.0108,1,6,0.27735097656249996
2026-08-19,2026-08-19T22:17:36+00:00,QQQ,716.08,2026-10-16,58,C,669.0,-0.06575,58.81,59.77,59.29,0.0162,2,14,0.2760692510986328
2026-08-19,2026-08-19T22:17:36+00:00,QQQ,716.08,2026-10-16,58,C,670.0,-0.06435,58.29,58.94,58.615,0.0111,11,662,0.274772266998291
2026-08-19,2026-08-19T22:17:36+00:00,QQQ,716.08,2026-10-16,58,C,671.0,-0.06295,57.47,58.11,57.79,0.0111,2,15,0.273444765625
2026-08-19,2026-08-19T22:17:36+00:00,QQQ,716.08,2026-10-16,58,C,672.0,-0.06156,56.34,57.28,56.81,0.0165,10,107,0.2720714883422851
2026-08-19,2026-08-19T22:17:36+00:00,QQQ,716.08,2026-10-16,58,C,673.0,-0.06016,55.52,56.46,55.99,0.0168,1,10,0.27078976287841794
2026-08-19,2026-08-19T22:17:36+00:00,QQQ,716.08,2026-10-16,58,C,674.0,-0.05876,55.01,55.68,55.345,0.0121,1,46,0.269889503326416
2026-08-19,2026-08-19T22:17:36+00:00,QQQ,716.08,2026-10-16,58,C,675.0,-0.05737,54.24,54.83,54.535,0.0108,4,418,0.2682263119506836
2026-08-19,2026-08-19T22:17:36+00:00,QQQ,716.08,2026-10-16,58,C,676.0,-0.05597,53.09,54.02,53.555,0.0174,5,62,0.2669445864868164
2026-08-19,2026-08-19T22:17:36+00:00,QQQ,716.08,2026-10-16,58,C,677.0,-0.05457,52.59,53.22,52.905,0.0119,1,165,0.2657544128417969
2026-08-19,2026-08-19T22:17:36+00:00,QQQ,716.08,2026-10-16,58,C,678.0,-0.05318,51.79,52.41,52.1,0.0119,1,63,0.2644116528320312
2026-08-19,2026-08-19T22:17:36+00:00,QQQ,716.08,2026-10-16,58,C,679.0,-0.05178,50.99,51.61,51.3,0.0121,4,65,0.2631451860046387
2026-08-19,2026-08-19T22:17:36+00:00,QQQ,716.08,2026-10-16,58,C,680.0,-0.05039,50.23,50.82,50.525,0.0117,6,1357,0.2619397537231446
2026-08-19,2026-08-19T22:17:36+00:00,QQQ,716.08,2026-10-16,58,C,681.0,-0.04899,49.41,50.03,49.72,0.0125,3,43,0.26070380416870115
2026-08-19,2026-08-19T22:17:36+00:00,QQQ,716.08,2026-10-16,58,C,682.0,-0.04759,48.63,49.24,48.935,0.0125,4,44,0.2594373373413086
2026-08-19,2026-08-19T22:17:36+00:00,QQQ,716.08,2026-10-16,58,C,683.0,-0.0462,47.56,48.46,48.01,0.0187,10,63,0.25823190505981447
2026-08-19,2026-08-19T22:17:36+00:00,QQQ,716.08,2026-10-16,58,C,684.0,-0.0448,46.79,47.68,47.235,0.0188,1,55,0.25699595550537113
2026-08-19,2026-08-19T22:17:36+00:00,QQQ,716.08,2026-10-16,58,C,685.0,-0.0434,46.31,46.9,46.605,0.0127,1,1141,0.25572948867797857
2026-08-19,2026-08-19T22:17:36+00:00,QQQ,716.08,2026-10-16,58,C,686.0,-0.04201,45.28,46.14,45.71,0.0188,3,117,0.25461560821533213
2026-08-19,2026-08-19T22:17:36+00:00,QQQ,716.08,2026-10-16,58,C,687.0,-0.04061,44.5,45.37,44.935,0.0194,5,90,0.25336440002441407
2026-08-19,2026-08-19T22:17:36+00:00,QQQ,716.08,2026-10-16,58,C,688.0,-0.03921,43.74,44.61,44.175,0.0197,5,96,0.2521742263793946
2026-08-19,2026-08-19T22:17:36+00:00,QQQ,716.08,2026-10-16,58,C,689.0,-0.03782,43.27,43.85,43.56,0.0133,3,222,0.25095353546142574
2026-08-19,2026-08-19T22:17:36+00:00,QQQ,716.08,2026-10-16,58,C,690.0,-0.03642,42.55,43.14,42.845,0.0138,7,1466,0.25016008636474607
2026-08-19,2026-08-19T22:17:36+00:00,QQQ,716.08,2026-10-16,58,C,691.0,-0.03502,41.78,42.35,42.065,0.0136,1,63,0.24857318817138674
2026-08-19,2026-08-19T22:17:36+00:00,QQQ,716.08,2026-10-16,58,C,692.0,-0.03363,40.82,41.61,41.215,0.0192,1,116,0.24742879043579102
2026-08-19,2026-08-19T22:17:36+00:00,QQQ,716.08,2026-10-16,58,C,693.0,-0.03223,40.28,40.88,40.58,0.0148,4,91,0.24634542724609376
2026-08-19,2026-08-19T22:17:36+00:00,QQQ,716.08,2026-10-16,58,C,694.0,-0.03083,39.69,39.98,39.835,0.0073,2,70,0.24361413131713866
2026-08-19,2026-08-19T22:17:36+00:00,QQQ,716.08,2026-10-16,58,C,695.0,-0.02944,38.97,39.26,39.115,0.0074,1,986,0.242546026763916
2026-08-19,2026-08-19T22:17:36+00:00,QQQ,716.08,2026-10-16,58,C,696.0,-0.02804,38.25,38.54,38.395,0.0076,1,95,0.24143214630126952
2026-08-19,2026-08-19T22:17:36+00:00,QQQ,716.08,2026-10-16,58,C,697.0,-0.02665,37.54,37.82,37.68,0.0074,1,63,0.2402724899291992
2026-08-19,2026-08-19T22:17:36+00:00,QQQ,716.08,2026-10-16,58,C,698.0,-0.02525,36.83,37.11,36.97,0.0076,2,102,0.2391586094665527
2026-08-19,2026-08-19T22:17:36+00:00,QQQ,716.08,2026-10-16,58,C,699.0,-0.02385,36.13,36.41,36.27,0.0077,1,49,0.23809050491333006
2026-08-19,2026-08-19T22:17:36+00:00,QQQ,716.08,2026-10-16,58,C,700.0,-0.02246,35.5,35.71,35.605,0.0059,279,18700,0.23699188308715818
2026-08-19,2026-08-19T22:17:36+00:00,QQQ,716.08,2026-10-16,58,C,701.0,-0.02106,34.74,35.02,34.88,0.008,20,53,0.23592377853393554
2026-08-19,2026-08-19T22:17:36+00:00,QQQ,716.08,2026-10-16,58,C,702.0,-0.01966,34.05,34.34,34.195,0.0085,1,67,0.23491670852661134
2026-08-19,2026-08-19T22:17:36+00:00,QQQ,716.08,2026-10-16,58,C,703.0,-0.01827,33.38,33.66,33.52,0.0084,2,95,0.23384860397338864
2026-08-19,2026-08-19T22:17:36+00:00,QQQ,716.08,2026-10-16,58,C,704.0,-0.01687,32.71,32.99,32.85,0.0085,1,124,0.23284153396606444
2026-08-19,2026-08-19T22:17:36+00:00,QQQ,716.08,2026-10-16,58,C,705.0,-0.01547,32.04,32.32,32.18,0.0087,90,915,0.2317734294128418
2026-08-19,2026-08-19T22:17:36+00:00,QQQ,716.08,2026-10-16,58,C,706.0,-0.01408,31.38,31.66,31.52,0.0089,10,192,0.23075110076904298
2026-08-19,2026-08-19T22:17:36+00:00,QQQ,716.08,2026-10-16,58,C,707.0,-0.01268,30.73,31.0,30.865,0.0087,3,209,0.2296829962158203
2026-08-19,2026-08-19T22:17:36+00:00,QQQ,716.08,2026-10-16,58,C,708.0,-0.01128,30.08,30.36,30.22,0.0093,2,129,0.22875221939086915
2026-08-19,2026-08-19T22:17:36+00:00,QQQ,716.08,2026-10-16,58,C,709.0,-0.00989,29.44,29.71,29.575,0.0091,3,145,0.22766885620117186
2026-08-19,2026-08-19T22:17:36+00:00,QQQ,716.08,2026-10-16,58,C,710.0,-0.00849,28.81,29.08,28.945,0.0093,170,1621,0.2267228207397461
2026-08-19,2026-08-19T22:17:36+00:00,QQQ,716.08,2026-10-16,58,C,711.0,-0.00709,28.18,28.45,28.315,0.0095,20,70,0.22571575073242187
2026-08-19,2026-08-19T22:17:36+00:00,QQQ,716.08,2026-10-16,58,C,712.0,-0.0057,27.56,27.83,27.695,0.0097,40,86,0.22476971527099604
2026-08-19,2026-08-19T22:17:36+00:00,QQQ,716.08,2026-10-16,58,C,713.0,-0.0043,26.95,27.22,27.085,0.01,3,169,0.22383893844604486
2026-08-19,2026-08-19T22:17:36+00:00,QQQ,716.08,2026-10-16,58,C,714.0,-0.0029,26.34,26.61,26.475,0.0102,22,119,0.22286238571166989
2026-08-19,2026-08-19T22:17:36+00:00,QQQ,716.08,2026-10-16,58,C,715.0,-0.00151,25.78,26.01,25.895,0.0089,392,4213,0.2219163502502441
2026-08-19,2026-08-19T22:17:36+00:00,QQQ,716.08,2026-10-16,58,C,716.0,-0.00011,25.2,25.42,25.31,0.0087,19,162,0.22101609069824218
2026-08-19,2026-08-19T22:17:36+00:00,QQQ,716.08,2026-10-16,58,C,717.0,0.00128,24.61,24.83,24.72,0.0089,136,135,0.22005479660034177
2026-08-19,2026-08-19T22:17:36+00:00,QQQ,716.08,2026-10-16,58,C,718.0,0.00268,24.04,24.26,24.15,0.0091,128,122,0.21921557159423827
2026-08-19,2026-08-19T22:17:36+00:00,QQQ,716.08,2026-10-16,58,C,719.0,0.00408,23.49,23.69,23.59,0.0085,100,1209,0.2183153120422363
2026-08-19,2026-08-19T22:17:36+00:00,QQQ,716.08,2026-10-16,58,C,720.0,0.00547,22.96,23.12,23.04,0.0069,1129,6302,0.21736927658081057
2026-08-19,2026-08-19T22:17:36+00:00,QQQ,716.08,2026-10-16,58,C,721.0,0.00687,22.38,22.57,22.475,0.0085,20,443,0.216530051574707
2026-08-19,2026-08-19T22:17:36+00:00,QQQ,716.08,2026-10-16,58,C,722.0,0.00827,21.81,22.02,21.915,0.0096,23,362,0.2156450506591797
2026-08-19,2026-08-19T22:17:36+00:00,QQQ,716.08,2026-10-16,58,C,723.0,0.00966,21.29,21.48,21.385,0.0089,47,468,0.21479056701660154
2026-08-19,2026-08-19T22:17:36+00:00,QQQ,716.08,2026-10-16,58,C,724.0,0.01106,20.75,20.95,20.85,0.0096,51,307,0.21396660064697265
2026-08-19,2026-08-19T22:17:36+00:00,QQQ,716.08,2026-10-16,58,C,725.0,0.01246,20.24,20.42,20.33,0.0089,150,4247,0.2130815997314453
2026-08-19,2026-08-19T22:17:36+00:00,QQQ,716.08,2026-10-16,58,C,726.0,0.01385,19.73,19.91,19.82,0.0091,20,634,0.2123186679077148
2026-08-19,2026-08-19T22:17:36+00:00,QQQ,716.08,2026-10-16,58,C,727.0,0.01525,19.21,19.4,19.305,0.0098,35,357,0.21149470153808592
2026-08-19,2026-08-19T22:17:36+00:00,QQQ,716.08,2026-10-16,58,C,728.0,0.01665,18.72,18.9,18.81,0.0096,15,738,0.21070125244140625
2026-08-19,2026-08-19T22:17:36+00:00,QQQ,716.08,2026-10-16,58,C,729.0,0.01804,18.22,18.41,18.315,0.0104,49,230,0.20993832061767576
2026-08-19,2026-08-19T22:17:36+00:00,QQQ,716.08,2026-10-16,58,C,730.0,0.01944,17.74,17.9,17.82,0.009,1201,8960,0.2089312506103515
2026-08-19,2026-08-19T22:17:36+00:00,QQQ,716.08,2026-10-16,58,C,731.0,0.02084,17.26,17.45,17.355,0.0109,30,589,0.20839719833374015
2026-08-19,2026-08-19T22:17:36+00:00,QQQ,716.08,2026-10-16,58,C,732.0,0.02223,16.79,16.98,16.885,0.0113,38,709,0.20761900787353516
2026-08-19,2026-08-19T22:17:36+00:00,QQQ,716.08,2026-10-16,58,C,733.0,0.02363,16.33,16.52,16.425,0.0116,31,390,0.2068865933227539
2026-08-19,2026-08-19T22:17:36+00:00,QQQ,716.08,2026-10-16,58,C,734.0,0.02503,15.89,16.06,15.975,0.0106,39,272,0.20607788558959955
2026-08-19,2026-08-19T22:17:36+00:00,QQQ,716.08,2026-10-16,58,C,735.0,0.02642,15.44,15.63,15.535,0.0122,112,1892,0.2054827987670898
2026-08-19,2026-08-19T22:17:36+00:00,QQQ,716.08,2026-10-16,58,C,736.0,0.02782,15.01,15.18,15.095,0.0113,58,215,0.2046435737609863
2026-08-19,2026-08-19T22:17:36+00:00,QQQ,716.08,2026-10-16,58,C,737.0,0.02921,14.58,14.76,14.67,0.0123,6,302,0.2040027110290527
2026-08-19,2026-08-19T22:17:36+00:00,QQQ,716.08,2026-10-16,58,C,738.0,0.03061,14.16,14.34,14.25,0.0126,8,216,0.20331607238769528
2026-08-19,2026-08-19T22:17:36+00:00,QQQ,716.08,2026-10-16,58,C,739.0,0.03201,13.75,13.93,13.84,0.013,12,163,0.20264469238281246
2026-08-19,2026-08-19T22:17:36+00:00,QQQ,716.08,2026-10-16,58,C,740.0,0.0334,13.36,13.53,13.445,0.0126,547,8203,0.20200382965087887
2026-08-19,2026-08-19T22:17:36+00:00,QQQ,716.08,2026-10-16,58,C,741.0,0.0348,12.96,13.13,13.045,0.013,5,320,0.20131719100952145
2026-08-19,2026-08-19T22:17:36+00:00,QQQ,716.08,2026-10-16,58,C,742.0,0.0362,12.57,12.75,12.66,0.0142,12,314,0.2007373628234863
2026-08-19,2026-08-19T22:17:36+00:00,QQQ,716.08,2026-10-16,58,C,743.0,0.03759,12.19,12.37,12.28,0.0147,11,592,0.20009650009155272
2026-08-19,2026-08-19T22:17:36+00:00,QQQ,716.08,2026-10-16,58,C,744.0,0.03899,11.84,12.0,11.92,0.0134,1,323,0.19947089599609374
2026-08-19,2026-08-19T22:17:36+00:00,QQQ,716.08,2026-10-16,58,C,745.0,0.04039,11.5,11.64,11.57,0.0121,91,3212,0.19889106781005855
2026-08-19,2026-08-19T22:17:36+00:00,QQQ,716.08,2026-10-16,58,C,746.0,0.04178,11.13,11.29,11.21,0.0143,92,962,0.19834175689697264
2026-08-19,2026-08-19T22:17:36+00:00,QQQ,716.08,2026-10-16,58,C,747.0,0.04318,10.78,10.94,10.86,0.0147,3,266,0.19773141143798828
2026-08-19,2026-08-19T22:17:36+00:00,QQQ,716.08,2026-10-16,58,C,748.0,0.04458,10.45,10.6,10.525,0.0143,1,122,0.19715158325195312
2026-08-19,2026-08-19T22:17:36+00:00,QQQ,716.08,2026-10-16,58,C,749.0,0.04597,10.12,10.28,10.2,0.0157,4,191,0.1966938241577148
2026-08-19,2026-08-19T22:17:36+00:00,QQQ,716.08,2026-10-16,58,C,750.0,0.04737,9.82,9.94,9.88,0.0121,321,23537,0.1959766682434082
2026-08-19,2026-08-19T22:17:36+00:00,QQQ,716.08,2026-10-16,58,C,755.0,0.05435,8.33,8.47,8.4,0.0167,55,4718,0.19373364868164064
2026-08-19,2026-08-19T22:17:36+00:00,QQQ,716.08,2026-10-16,58,C,760.0,0.06133,7.03,7.13,7.08,0.0141,176,4346,0.19120071502685548
2026-08-19,2026-08-19T22:17:36+00:00,QQQ,716.08,2026-10-16,58,C,765.0,0.06832,5.9,6.03,5.965,0.0218,92,7473,0.18975114456176762
2026-08-19,2026-08-19T22:17:36+00:00,QQQ,716.08,2026-10-16,58,C,770.0,0.0753,4.93,5.04,4.985,0.0221,419,22016,0.1880269186401367
2026-08-19,2026-08-19T22:17:36+00:00,QQQ,716.08,2026-10-16,58,C,775.0,0.08228,4.1,4.2,4.15,0.0241,106,5246,0.18665364135742188
2026-08-19,2026-08-19T22:17:36+00:00,QQQ,716.08,2026-10-16,58,C,780.0,0.08926,3.39,3.49,3.44,0.0291,134,2110,0.18555501953124998
2026-08-19,2026-08-19T22:17:36+00:00,QQQ,716.08,2026-10-16,58,C,785.0,0.09625,2.8,2.89,2.845,0.0316,25,2350,0.18470053588867186
2026-08-19,2026-08-19T22:17:36+00:00,QQQ,716.08,2026-10-16,58,P,645.0,-0.09926,5.46,5.56,5.51,0.0181,126,698,0.25461560821533213
2026-08-19,2026-08-19T22:17:36+00:00,QQQ,716.08,2026-10-16,58,P,650.0,-0.09228,6.0,6.09,6.045,0.0149,4319,17436,0.24961077545166016
2026-08-19,2026-08-19T22:17:36+00:00,QQQ,716.08,2026-10-16,58,P,651.0,-0.09088,6.08,6.19,6.135,0.0179,79,130,0.24842060180664063
2026-08-19,2026-08-19T22:17:36+00:00,QQQ,716.08,2026-10-16,58,P,652.0,-0.08949,6.19,6.3,6.245,0.0176,20,108,0.24735249725341796
2026-08-19,2026-08-19T22:17:36+00:00,QQQ,716.08,2026-10-16,58,P,653.0,-0.08809,6.3,6.42,6.36,0.0189,12,93,0.24640646179199222
2026-08-19,2026-08-19T22:17:36+00:00,QQQ,716.08,2026-10-16,58,P,654.0,-0.08669,6.42,6.54,6.48,0.0185,15,59,0.24539939178466796
2026-08-19,2026-08-19T22:17:36+00:00,QQQ,716.08,2026-10-16,58,P,655.0,-0.0853,6.54,6.66,6.6,0.0182,76,1820,0.24439232177734377
2026-08-19,2026-08-19T22:17:36+00:00,QQQ,716.08,2026-10-16,58,P,656.0,-0.0839,6.66,6.79,6.725,0.0193,66,76,0.2434768035888672
2026-08-19,2026-08-19T22:17:36+00:00,QQQ,716.08,2026-10-16,58,P,657.0,-0.0825,6.79,6.92,6.855,0.019,17,35,0.2425307681274414
2026-08-19,2026-08-19T22:17:36+00:00,QQQ,716.08,2026-10-16,58,P,658.0,-0.08111,6.92,7.04,6.98,0.0172,32,92,0.2414016290283203
2026-08-19,2026-08-19T22:17:36+00:00,QQQ,716.08,2026-10-16,58,P,659.0,-0.07971,7.05,7.18,7.115,0.0183,18,87,0.24051662811279295
2026-08-19,2026-08-19T22:17:36+00:00,QQQ,716.08,2026-10-16,58,P,660.0,-0.07832,7.2,7.31,7.255,0.0152,3214,12859,0.23947904083251947
2026-08-19,2026-08-19T22:17:36+00:00,QQQ,716.08,2026-10-16,58,P,661.0,-0.07692,7.32,7.45,7.385,0.0176,39,55,0.2385024880981445
2026-08-19,2026-08-19T22:17:36+00:00,QQQ,716.08,2026-10-16,58,P,662.0,-0.07552,7.46,7.59,7.525,0.0173,87,1412,0.23752593536376948
2026-08-19,2026-08-19T22:17:36+00:00,QQQ,716.08,2026-10-16,58,P,663.0,-0.07413,7.6,7.74,7.67,0.0183,239,119,0.23661041717529296
2026-08-19,2026-08-19T22:17:36+00:00,QQQ,716.08,2026-10-16,58,P,664.0,-0.07273,7.74,7.88,7.81,0.0179,34,51,0.2355728298950195
2026-08-19,2026-08-19T22:17:36+00:00,QQQ,716.08,2026-10-16,58,P,665.0,-0.07133,7.9,8.03,7.965,0.0163,113,4277,0.23459627716064452
2026-08-19,2026-08-19T22:17:36+00:00,QQQ,716.08,2026-10-16,58,P,666.0,-0.06994,8.04,8.18,8.11,0.0173,27,264,0.2335892071533203
2026-08-19,2026-08-19T22:17:36+00:00,QQQ,716.08,2026-10-16,58,P,667.0,-0.06854,8.2,8.33,8.265,0.0157,79,204,0.23255161987304687
2026-08-19,2026-08-19T22:17:36+00:00,QQQ,716.08,2026-10-16,58,P,668.0,-0.06714,8.35,8.5,8.425,0.0178,48,151,0.23169713623046873
2026-08-19,2026-08-19T22:17:36+00:00,QQQ,716.08,2026-10-16,58,P,669.0,-0.06575,8.52,8.67,8.595,0.0175,21,65,0.23081213531494144
2026-08-19,2026-08-19T22:17:36+00:00,QQQ,716.08,2026-10-16,58,P,670.0,-0.06435,8.69,8.82,8.755,0.0148,558,18577,0.2296829962158203
2026-08-19,2026-08-19T22:17:36+00:00,QQQ,716.08,2026-10-16,58,P,671.0,-0.06295,8.85,8.99,8.92,0.0157,30,52,0.2287064434814453
2026-08-19,2026-08-19T22:17:36+00:00,QQQ,716.08,2026-10-16,58,P,672.0,-0.06156,9.02,9.17,9.095,0.0165,100,92,0.22783670120239258
2026-08-19,2026-08-19T22:17:36+00:00,QQQ,716.08,2026-10-16,58,P,673.0,-0.06016,9.2,9.34,9.27,0.0151,39,688,0.2268143725585937
2026-08-19,2026-08-19T22:17:36+00:00,QQQ,716.08,2026-10-16,58,P,674.0,-0.05876,9.37,9.53,9.45,0.0169,142,177,0.22595988891601562
2026-08-19,2026-08-19T22:17:36+00:00,QQQ,716.08,2026-10-16,58,P,675.0,-0.05737,9.56,9.7,9.63,0.0145,872,4958,0.22486126708984372
2026-08-19,2026-08-19T22:17:36+00:00,QQQ,716.08,2026-10-16,58,P,676.0,-0.05597,9.74,9.91,9.825,0.0173,98,118,0.22414411117553706
2026-08-19,2026-08-19T22:17:36+00:00,QQQ,716.08,2026-10-16,58,P,677.0,-0.05457,9.93,10.08,10.005,0.015,198,223,0.22296919616699218
2026-08-19,2026-08-19T22:17:36+00:00,QQQ,716.08,2026-10-16,58,P,678.0,-0.05318,10.13,10.3,10.215,0.0166,83,98,0.22228255752563475
2026-08-19,2026-08-19T22:17:36+00:00,QQQ,716.08,2026-10-16,58,P,679.0,-0.05178,10.32,10.48,10.4,0.0154,21,57,0.22112290115356442
2026-08-19,2026-08-19T22:17:36+00:00,QQQ,716.08,2026-10-16,58,P,680.0,-0.05039,10.53,10.68,10.605,0.0141,2511,23405,0.22013108978271478
2026-08-19,2026-08-19T22:17:36+00:00,QQQ,716.08,2026-10-16,58,P,681.0,-0.04899,10.73,10.89,10.81,0.0148,39,270,0.21921557159423827
2026-08-19,2026-08-19T22:17:36+00:00,QQQ,716.08,2026-10-16,58,P,682.0,-0.04759,10.94,11.1,11.02,0.0145,60,259,0.21825427749633786
2026-08-19,2026-08-19T22:17:36+00:00,QQQ,716.08,2026-10-16,58,P,683.0,-0.0462,11.16,11.31,11.235,0.0134,22,630,0.21726246612548827
2026-08-19,2026-08-19T22:17:36+00:00,QQQ,716.08,2026-10-16,58,P,684.0,-0.0448,11.38,11.53,11.455,0.0131,29,113,0.21631643066406248
2026-08-19,2026-08-19T22:17:36+00:00,QQQ,716.08,2026-10-16,58,P,685.0,-0.0434,11.6,11.76,11.68,0.0137,268,7090,0.21543142974853519
2026-08-19,2026-08-19T22:17:36+00:00,QQQ,716.08,2026-10-16,58,P,686.0,-0.04201,11.83,11.99,11.91,0.0134,6,174,0.21448539428710936
2026-08-19,2026-08-19T22:17:36+00:00,QQQ,716.08,2026-10-16,58,P,687.0,-0.04061,12.07,12.22,12.145,0.0124,14,363,0.2135088415527344
2026-08-19,2026-08-19T22:17:36+00:00,QQQ,716.08,2026-10-16,58,P,688.0,-0.03921,12.3,12.46,12.38,0.0129,52,416,0.2125933233642578
2026-08-19,2026-08-19T22:17:36+00:00,QQQ,716.08,2026-10-16,58,P,689.0,-0.03782,12.54,12.71,12.625,0.0135,63,362,0.21172358108520506
2026-08-19,2026-08-19T22:17:36+00:00,QQQ,716.08,2026-10-16,58,P,690.0,-0.03642,12.79,12.95,12.87,0.0124,638,4133,0.21070125244140625
2026-08-19,2026-08-19T22:17:36+00:00,QQQ,716.08,2026-10-16,58,P,691.0,-0.03502,13.04,13.21,13.125,0.013,41,326,0.2098467687988281
2026-08-19,2026-08-19T22:17:36+00:00,QQQ,716.08,2026-10-16,58,P,692.0,-0.03363,13.3,13.47,13.385,0.0127,34,198,0.2089312506103515
2026-08-19,2026-08-19T22:17:36+00:00,QQQ,716.08,2026-10-16,58,P,693.0,-0.03223,13.56,13.76,13.66,0.0146,51,267,0.2082598706054687
2026-08-19,2026-08-19T22:17:36+00:00,QQQ,716.08,2026-10-16,58,P,694.0,-0.03083,13.83,14.01,13.92,0.0129,58,212,0.20714599014282226
2026-08-19,2026-08-19T22:17:36+00:00,QQQ,716.08,2026-10-16,58,P,695.0,-0.02944,14.11,14.29,14.2,0.0127,507,2549,0.20627624786376947
2026-08-19,2026-08-19T22:17:36+00:00,QQQ,716.08,2026-10-16,58,P,696.0,-0.02804,14.38,14.57,14.475,0.0131,72,366,0.20536072967529295
2026-08-19,2026-08-19T22:17:36+00:00,QQQ,716.08,2026-10-16,58,P,697.0,-0.02665,14.67,14.85,14.76,0.0122,72,162,0.20438417694091793
2026-08-19,2026-08-19T22:17:36+00:00,QQQ,716.08,2026-10-16,58,P,698.0,-0.02525,14.96,15.14,15.05,0.012,70,190,0.2034686587524414
2026-08-19,2026-08-19T22:17:36+00:00,QQQ,716.08,2026-10-16,58,P,699.0,-0.02385,15.26,15.45,15.355,0.0124,91,881,0.20265995101928708
2026-08-19,2026-08-19T22:17:36+00:00,QQQ,716.08,2026-10-16,58,P,700.0,-0.02246,15.62,15.74,15.68,0.0077,1916,15933,0.20163762237548827
2026-08-19,2026-08-19T22:17:36+00:00,QQQ,716.08,2026-10-16,58,P,701.0,-0.02106,15.86,16.06,15.96,0.0125,119,83,0.20082891464233393
2026-08-19,2026-08-19T22:17:36+00:00,QQQ,716.08,2026-10-16,58,P,702.0,-0.01966,16.18,16.37,16.275,0.0117,461,547,0.19986762054443358
2026-08-19,2026-08-19T22:17:36+00:00,QQQ,716.08,2026-10-16,58,P,703.0,-0.01827,16.5,16.73,16.615,0.0138,23,175,0.19931830963134767
2026-08-19,2026-08-19T22:17:36+00:00,QQQ,716.08,2026-10-16,58,P,704.0,-0.01687,16.83,17.02,16.925,0.0112,4,104,0.19808236007690427
2026-08-19,2026-08-19T22:17:36+00:00,QQQ,716.08,2026-10-16,58,P,705.0,-0.01547,17.16,17.38,17.27,0.0127,74,2896,0.19741098007202146
2026-08-19,2026-08-19T22:17:36+00:00,QQQ,716.08,2026-10-16,58,P,706.0,-0.01408,17.5,17.7,17.6,0.0114,216,112,0.1963276168823242
2026-08-19,2026-08-19T22:17:36+00:00,QQQ,716.08,2026-10-16,58,P,707.0,-0.01268,17.84,18.07,17.955,0.0128,62,184,0.19564097824096682
2026-08-19,2026-08-19T22:17:36+00:00,QQQ,716.08,2026-10-16,58,P,708.0,-0.01128,18.2,18.41,18.305,0.0115,69,292,0.19461864959716796
2026-08-19,2026-08-19T22:17:36+00:00,QQQ,716.08,2026-10-16,58,P,709.0,-0.00989,18.56,18.77,18.665,0.0113,48,77,0.19373364868164064
2026-08-19,2026-08-19T22:17:36+00:00,QQQ,716.08,2026-10-16,58,P,710.0,-0.00849,18.92,19.14,19.03,0.0116,784,1800,0.19286390640258788
2026-08-19,2026-08-19T22:17:36+00:00,QQQ,716.08,2026-10-16,58,P,711.0,-0.00709,19.3,19.5,19.4,0.0103,63,103,0.19185683639526369
2026-08-19,2026-08-19T22:17:36+00:00,QQQ,716.08,2026-10-16,58,P,712.0,-0.0057,19.68,19.91,19.795,0.0116,89,324,0.1912312322998047
2026-08-19,2026-08-19T22:17:36+00:00,QQQ,716.08,2026-10-16,58,P,713.0,-0.0043,20.07,20.3,20.185,0.0114,66,182,0.19036149002075198
2026-08-19,2026-08-19T22:17:36+00:00,QQQ,716.08,2026-10-16,58,P,714.0,-0.0029,20.46,20.7,20.58,0.0117,32,217,0.18952226501464847
2026-08-19,2026-08-19T22:17:36+00:00,QQQ,716.08,2026-10-16,58,P,715.0,-0.00151,20.89,21.1,20.995,0.01,751,3598,0.18860674682617187
2026-08-19,2026-08-19T22:17:36+00:00,QQQ,716.08,2026-10-16,58,P,716.0,-0.00011,21.28,21.49,21.385,0.0098,134,11422,0.1875539009094238
2026-08-19,2026-08-19T22:17:36+00:00,QQQ,716.08,2026-10-16,58,P,717.0,0.00128,21.69,21.92,21.805,0.0105,136,1447,0.18679096908569337
2026-08-19,2026-08-19T22:17:36+00:00,QQQ,716.08,2026-10-16,58,P,718.0,0.00268,22.12,22.36,22.24,0.0108,203,475,0.1860432958984375
2026-08-19,2026-08-19T22:17:36+00:00,QQQ,716.08,2026-10-16,58,P,719.0,0.00408,22.55,22.8,22.675,0.011,44,1389,0.18524984680175777
2026-08-19,2026-08-19T22:17:36+00:00,QQQ,716.08,2026-10-16,58,P,720.0,0.00547,23.08,23.24,23.16,0.0069,1257,6316,0.18436484588623048
2026-08-19,2026-08-19T22:17:36+00:00,QQQ,716.08,2026-10-16,58,P,721.0,0.00687,23.45,23.67,23.56,0.0093,30,154,0.1833425172424316
2026-08-19,2026-08-19T22:17:36+00:00,QQQ,716.08,2026-10-16,58,P,722.0,0.00827,23.91,24.14,24.025,0.0096,45,179,0.1825948440551758
2026-08-19,2026-08-19T22:17:36+00:00,QQQ,716.08,2026-10-16,58,P,723.0,0.00966,24.37,24.62,24.495,0.0102,11,118,0.18187768814086913
2026-08-19,2026-08-19T22:17:36+00:00,QQQ,716.08,2026-10-16,58,P,724.0,0.01106,24.84,25.09,24.965,0.01,19,349,0.1809926872253418
2026-08-19,2026-08-19T22:17:36+00:00,QQQ,716.08,2026-10-16,58,P,725.0,0.01246,25.33,25.57,25.45,0.0094,234,1690,0.18013820358276367
2026-08-19,2026-08-19T22:17:36+00:00,QQQ,716.08,2026-10-16,58,P,726.0,0.01385,25.82,26.06,25.94,0.0093,30,288,0.17929897857666016
2026-08-19,2026-08-19T22:17:36+00:00,QQQ,716.08,2026-10-16,58,P,727.0,0.01525,26.31,26.56,26.435,0.0095,27,178,0.17845975357055666
2026-08-19,2026-08-19T22:17:36+00:00,QQQ,716.08,2026-10-16,58,P,728.0,0.01665,26.82,27.07,26.945,0.0093,7,891,0.17765104583740232
2026-08-19,2026-08-19T22:17:36+00:00,QQQ,716.08,2026-10-16,58,P,729.0,0.01804,27.33,27.58,27.455,0.0091,2,145,0.1767813035583496
2026-08-19,2026-08-19T22:17:36+00:00,QQQ,716.08,2026-10-16,58,P,730.0,0.01944,27.86,28.11,27.985,0.0089,267,1969,0.17600311309814454
2026-08-19,2026-08-19T22:17:36+00:00,QQQ,716.08,2026-10-16,58,P,731.0,0.02084,28.39,28.66,28.525,0.0095,1,261,0.17533173309326172
2026-08-19,2026-08-19T22:17:36+00:00,QQQ,716.08,2026-10-16,58,P,732.0,0.02223,28.93,29.2,29.065,0.0093,24,398,0.17450776672363283
2026-08-19,2026-08-19T22:17:36+00:00,QQQ,716.08,2026-10-16,58,P,733.0,0.02363,29.48,29.75,29.615,0.0091,1,179,0.17368380035400394
2026-08-19,2026-08-19T22:17:36+00:00,QQQ,716.08,2026-10-16,58,P,734.0,0.02503,30.03,30.31,30.17,0.0093,2,74,0.1728750926208496
2026-08-19,2026-08-19T22:17:36+00:00,QQQ,716.08,2026-10-16,58,P,735.0,0.02642,30.6,30.89,30.745,0.0094,54,693,0.17218845397949223
2026-08-19,2026-08-19T22:17:36+00:00,QQQ,716.08,2026-10-16,58,P,736.0,0.02782,31.17,31.46,31.315,0.0093,1,45,0.17131871170043944
2026-08-19,2026-08-19T22:17:36+00:00,QQQ,716.08,2026-10-16,58,P,737.0,0.02921,31.76,32.05,31.905,0.0091,14,94,0.170555779876709
2026-08-19,2026-08-19T22:17:36+00:00,QQQ,716.08,2026-10-16,58,P,738.0,0.03061,32.35,32.64,32.495,0.0089,3,16,0.1697165548706055
2026-08-19,2026-08-19T22:17:36+00:00,QQQ,716.08,2026-10-16,58,P,739.0,0.03201,32.95,33.24,33.095,0.0088,4,36,0.1688925885009766
2026-08-19,2026-08-19T22:17:36+00:00,QQQ,716.08,2026-10-16,58,P,740.0,0.0334,33.56,33.85,33.705,0.0086,73,6390,0.16808388076782232
2026-08-19,2026-08-19T22:17:36+00:00,QQQ,716.08,2026-10-16,58,P,741.0,0.0348,34.18,34.46,34.32,0.0082,1,1,0.16718362121582034
2026-08-19,2026-08-19T22:17:36+00:00,QQQ,716.08,2026-10-16,58,P,742.0,0.0362,34.8,35.1,34.95,0.0086,3,5,0.16651224121093755
2026-08-19,2026-08-19T22:17:36+00:00,QQQ,716.08,2026-10-16,58,P,743.0,0.03759,35.43,35.73,35.58,0.0084,2,6,0.16564249893188482
2026-08-19,2026-08-19T22:17:36+00:00,QQQ,716.08,2026-10-16,58,P,745.0,0.04039,36.73,37.03,36.88,0.0081,2,883,0.16404034210205082
2026-08-19,2026-08-19T22:17:36+00:00,QQQ,716.08,2026-10-16,58,P,746.0,0.04178,37.39,37.7,37.545,0.0083,7,9,0.16332318618774416
2026-08-19,2026-08-19T22:17:36+00:00,QQQ,716.08,2026-10-16,58,P,747.0,0.04318,38.07,38.36,38.215,0.0076,5,205,0.16239240936279298
2026-08-19,2026-08-19T22:17:36+00:00,QQQ,716.08,2026-10-16,58,P,748.0,0.04458,38.75,39.04,38.895,0.0075,1,1,0.16159896026611326
2026-08-19,2026-08-19T22:17:36+00:00,QQQ,716.08,2026-10-16,58,P,749.0,0.04597,39.43,39.74,39.585,0.0078,2,2,0.1609275802612305
2026-08-19,2026-08-19T22:17:36+00:00,QQQ,716.08,2026-10-16,58,P,750.0,0.04737,39.84,41.89,40.865,0.0502,4,964,0.1757742335510254
2026-08-19,2026-08-19T22:17:36+00:00,QQQ,716.08,2026-10-16,58,P,755.0,0.05435,43.65,44.23,43.94,0.0132,20,64,0.15833361206054689
2026-08-19,2026-08-19T22:17:36+00:00,QQQ,716.08,2026-10-16,58,P,760.0,0.06133,47.18,49.25,48.215,0.0429,3,192,0.1700217276000977
2026-08-19,2026-08-19T22:17:36+00:00,QQQ,716.08,2026-10-16,58,P,765.0,0.06832,51.44,52.07,51.755,0.0122,4,44,0.1511315356445313
2026-08-19,2026-08-19T22:17:36+00:00,QQQ,716.08,2026-10-16,58,P,770.0,0.0753,55.6,57.37,56.485,0.0313,7,510,0.1656882748413086
2026-08-19,2026-08-19T22:17:36+00:00,QQQ,716.08,2026-10-16,58,P,775.0,0.08228,59.92,60.62,60.27,0.0116,16,107,0.14417359741210936
2026-08-19,2026-08-19T22:17:36+00:00,QQQ,716.08,2026-10-16,58,P,780.0,0.08926,62.71,66.17,64.44,0.0537,1,107,0.16407085937500002
2026-08-19,2026-08-19T22:17:36+00:00,QQQ,716.08,2026-10-16,58,P,785.0,0.09625,67.35,70.79,69.07,0.0498,2,104,0.16498637756347656
2026-08-19,2026-08-19T22:17:36+00:00,IWM,301.72,2026-09-18,30,C,272.0,-0.0985,29.4,32.09,30.745,0.0875,46,31,0.3505924316406249
2026-08-19,2026-08-19T22:17:36+00:00,IWM,301.72,2026-09-18,30,C,273.0,-0.09519,28.44,31.13,29.785,0.0903,81,74,0.3441227697753906
2026-08-19,2026-08-19T22:17:36+00:00,IWM,301.72,2026-09-18,30,C,274.0,-0.09187,27.48,29.29,28.385,0.0638,109,84,0.29175512939453113
2026-08-19,2026-08-19T22:17:36+00:00,IWM,301.72,2026-09-18,30,C,275.0,-0.08856,26.66,28.31,27.485,0.06,11,11665,0.28504132934570303
2026-08-19,2026-08-19T22:17:36+00:00,IWM,301.72,2026-09-18,30,C,276.0,-0.08524,25.71,27.39,26.55,0.0633,1379,760,0.2815013256835937
2026-08-19,2026-08-19T22:17:36+00:00,IWM,301.72,2026-09-18,30,C,277.0,-0.08193,24.7,26.44,25.57,0.068,134,76,0.2761302856445312
2026-08-19,2026-08-19T22:17:36+00:00,IWM,301.72,2026-09-18,30,C,278.0,-0.07862,23.83,25.46,24.645,0.0661,10,115,0.2690502783203125
2026-08-19,2026-08-19T22:17:36+00:00,IWM,301.72,2026-09-18,30,C,279.0,-0.0753,22.89,24.57,23.73,0.0708,8,34,0.2664868273925781
2026-08-19,2026-08-19T22:17:36+00:00,IWM,301.72,2026-09-18,30,C,280.0,-0.07199,22.82,23.64,23.23,0.0353,107,16249,0.26166509826660156
2026-08-19,2026-08-19T22:17:36+00:00,IWM,301.72,2026-09-18,30,C,281.0,-0.06867,21.17,22.72,21.945,0.0706,5,38,0.25708750732421876
2026-08-19,2026-08-19T22:17:36+00:00,IWM,301.72,2026-09-18,30,C,282.0,-0.06536,20.24,21.76,21.0,0.0724,157,116,0.25049577636718745
2026-08-19,2026-08-19T22:17:36+00:00,IWM,301.72,2026-09-18,30,C,283.0,-0.06204,19.31,20.85,20.08,0.0767,4,124,0.24597921997070313
2026-08-19,2026-08-19T22:17:36+00:00,IWM,301.72,2026-09-18,30,C,284.0,-0.05873,18.39,19.95,19.17,0.0814,5,41,0.24164576721191405
2026-08-19,2026-08-19T22:17:36+00:00,IWM,301.72,2026-09-18,30,C,285.0,-0.05542,18.47,19.06,18.765,0.0314,3,30048,0.23743438354492186
2026-08-19,2026-08-19T22:17:36+00:00,IWM,301.72,2026-09-18,30,C,286.0,-0.0521,16.57,18.17,17.37,0.0921,4,57,0.23303989624023438
2026-08-19,2026-08-19T22:17:36+00:00,IWM,301.72,2026-09-18,30,C,287.0,-0.04879,16.67,16.93,16.8,0.0155,7,110,0.21442435974121093
2026-08-19,2026-08-19T22:17:36+00:00,IWM,301.72,2026-09-18,30,C,288.0,-0.04547,15.8,16.07,15.935,0.0169,12,122,0.21094539062499998
2026-08-19,2026-08-19T22:17:36+00:00,IWM,301.72,2026-09-18,30,C,289.0,-0.04216,14.95,15.22,15.085,0.0179,1,209,0.20752745605468748
2026-08-19,2026-08-19T22:17:36+00:00,IWM,301.72,2026-09-18,30,C,290.0,-0.03884,14.15,14.37,14.26,0.0154,1270,29815,0.2036212451171875
2026-08-19,2026-08-19T22:17:36+00:00,IWM,301.72,2026-09-18,30,C,291.0,-0.03553,13.31,13.54,13.425,0.0171,11,511,0.2000812414550781
2026-08-19,2026-08-19T22:17:36+00:00,IWM,301.72,2026-09-18,30,C,292.0,-0.03222,12.51,12.73,12.62,0.0174,117,272,0.19678537597656248
2026-08-19,2026-08-19T22:17:36+00:00,IWM,301.72,2026-09-18,30,C,293.0,-0.0289,11.73,11.93,11.83,0.0169,1,573,0.19336744140625
2026-08-19,2026-08-19T22:17:36+00:00,IWM,301.72,2026-09-18,30,C,294.0,-0.02559,10.93,11.14,11.035,0.019,3,702,0.18970536865234378
2026-08-19,2026-08-19T22:17:36+00:00,IWM,301.72,2026-09-18,30,C,295.0,-0.02227,10.18,10.37,10.275,0.0185,755,17395,0.18628743408203124
2026-08-19,2026-08-19T22:17:36+00:00,IWM,301.72,2026-09-18,30,C,296.0,-0.01896,9.44,9.63,9.535,0.0199,1,3476,0.18317467224121092
2026-08-19,2026-08-19T22:17:36+00:00,IWM,301.72,2026-09-18,30,C,297.0,-0.01564,8.71,8.93,8.82,0.0249,4,192,0.18073329040527342
2026-08-19,2026-08-19T22:17:36+00:00,IWM,301.72,2026-09-18,30,C,298.0,-0.01233,7.94,8.23,8.085,0.0359,19,1821,0.17762052856445312
2026-08-19,2026-08-19T22:17:36+00:00,IWM,301.72,2026-09-18,30,C,299.0,-0.00901,7.34,7.56,7.45,0.0295,2,416,0.17475190490722659
2026-08-19,2026-08-19T22:17:36+00:00,IWM,301.72,2026-09-18,30,C,300.0,-0.0057,6.73,6.91,6.82,0.0264,344,26967,0.17182224670410157
2026-08-19,2026-08-19T22:17:36+00:00,IWM,301.72,2026-09-18,30,C,301.0,-0.00239,6.12,6.27,6.195,0.0242,34,1041,0.16846534667968754
2026-08-19,2026-08-19T22:17:36+00:00,IWM,301.72,2026-09-18,30,C,302.0,0.00093,5.54,5.64,5.59,0.0179,193,2895,0.16462017028808595
2026-08-19,2026-08-19T22:17:36+00:00,IWM,301.72,2026-09-18,30,C,303.0,0.00424,5.0,5.09,5.045,0.0178,5534,1634,0.16233137481689452
2026-08-19,2026-08-19T22:17:36+00:00,IWM,301.72,2026-09-18,30,C,304.0,0.00756,4.48,4.57,4.525,0.0199,192,11801,0.16004257934570312
2026-08-19,2026-08-19T22:17:36+00:00,IWM,301.72,2026-09-18,30,C,305.0,0.01087,4.0,4.09,4.045,0.0222,3436,27585,0.15808947387695313
2026-08-19,2026-08-19T22:17:36+00:00,IWM,301.72,2026-09-18,30,C,306.0,0.01419,3.55,3.64,3.595,0.025,98,809,0.15619740295410156
2026-08-19,2026-08-19T22:17:36+00:00,IWM,301.72,2026-09-18,30,C,307.0,0.0175,3.14,3.22,3.18,0.0252,175,15787,0.15424429748535157
2026-08-19,2026-08-19T22:17:36+00:00,IWM,301.72,2026-09-18,30,C,308.0,0.02081,2.77,2.84,2.805,0.025,207,4498,0.15259636474609378
2026-08-19,2026-08-19T22:17:36+00:00,IWM,301.72,2026-09-18,30,C,309.0,0.02413,2.42,2.49,2.455,0.0285,83,1252,0.15100946655273442
2026-08-19,2026-08-19T22:17:36+00:00,IWM,301.72,2026-09-18,30,C,310.0,0.02744,2.11,2.18,2.145,0.0326,1390,39424,0.14978877563476564
2026-08-19,2026-08-19T22:17:36+00:00,IWM,301.72,2026-09-18,30,C,311.0,0.03076,1.83,1.89,1.86,0.0323,2666,5956,0.14832394653320313
2026-08-19,2026-08-19T22:17:36+00:00,IWM,301.72,2026-09-18,30,C,312.0,0.03407,1.58,1.64,1.61,0.0373,1435,6020,0.14734739379882814
2026-08-19,2026-08-19T22:17:36+00:00,IWM,301.72,2026-09-18,30,C,313.0,0.03739,1.36,1.42,1.39,0.0432,289,5488,0.14655394470214844
2026-08-19,2026-08-19T22:17:36+00:00,IWM,301.72,2026-09-18,30,C,314.0,0.0407,1.16,1.22,1.19,0.0504,211,2407,0.14563842651367187
2026-08-19,2026-08-19T22:17:36+00:00,IWM,301.72,2026-09-18,30,C,315.0,0.04401,0.99,1.04,1.015,0.0493,3355,47335,0.14466187377929687
2026-08-19,2026-08-19T22:17:36+00:00,IWM,301.72,2026-09-18,30,C,316.0,0.04733,0.84,0.89,0.865,0.0578,2635,5215,0.14417359741210936
2026-08-19,2026-08-19T22:17:36+00:00,IWM,301.72,2026-09-18,30,C,317.0,0.05064,0.71,0.76,0.735,0.068,67,2289,0.14380739013671873
2026-08-19,2026-08-19T22:17:36+00:00,IWM,301.72,2026-09-18,30,C,318.0,0.05396,0.6,0.64,0.62,0.0645,25,1749,0.1430749755859375
2026-08-19,2026-08-19T22:17:36+00:00,IWM,301.72,2026-09-18,30,C,319.0,0.05727,0.5,0.54,0.52,0.0769,11,9298,0.14270876831054688
2026-08-19,2026-08-19T22:17:36+00:00,IWM,301.72,2026-09-18,30,C,320.0,0.06059,0.42,0.46,0.44,0.0909,585,17190,0.14283083740234376
2026-08-19,2026-08-19T22:17:36+00:00,IWM,301.72,2026-09-18,30,C,321.0,0.0639,0.36,0.39,0.375,0.08,16,15044,0.14283083740234376
2026-08-19,2026-08-19T22:17:36+00:00,IWM,301.72,2026-09-18,30,C,322.0,0.06721,0.3,0.33,0.315,0.0952,4,1558,0.14283083740234376
2026-08-19,2026-08-19T22:17:36+00:00,IWM,301.72,2026-09-18,30,C,323.0,0.07053,0.25,0.28,0.265,0.1132,1706,995,0.1431970446777344
2026-08-19,2026-08-19T22:17:36+00:00,IWM,301.72,2026-09-18,30,C,324.0,0.07384,0.21,0.23,0.22,0.0909,4,167,0.14258669921875
2026-08-19,2026-08-19T22:17:36+00:00,IWM,301.72,2026-09-18,30,C,325.0,0.07716,0.17,0.2,0.185,0.1622,999,26757,0.14380739013671873
2026-08-19,2026-08-19T22:17:36+00:00,IWM,301.72,2026-09-18,30,C,330.0,0.09373,0.08,0.09,0.085,0.1176,65,15304,0.1469811865234375
2026-08-19,2026-08-19T22:17:36+00:00,IWM,301.72,2026-09-18,30,P,272.0,-0.0985,0.57,0.6,0.585,0.0513,23,2274,0.23902128173828124
2026-08-19,2026-08-19T22:17:36+00:00,IWM,301.72,2026-09-18,30,P,273.0,-0.09519,0.62,0.65,0.635,0.0472,7,9473,0.2368240380859375
2026-08-19,2026-08-19T22:17:36+00:00,IWM,301.72,2026-09-18,30,P,274.0,-0.09187,0.66,0.69,0.675,0.0444,203,204,0.233406103515625
2026-08-19,2026-08-19T22:17:36+00:00,IWM,301.72,2026-09-18,30,P,275.0,-0.08856,0.72,0.74,0.73,0.0274,121,38109,0.2304764453125
2026-08-19,2026-08-19T22:17:36+00:00,IWM,301.72,2026-09-18,30,P,276.0,-0.08524,0.76,0.8,0.78,0.0513,35,556,0.2280350634765625
2026-08-19,2026-08-19T22:17:36+00:00,IWM,301.72,2026-09-18,30,P,277.0,-0.08193,0.83,0.86,0.845,0.0355,133,546,0.22534954345703123
2026-08-19,2026-08-19T22:17:36+00:00,IWM,301.72,2026-09-18,30,P,278.0,-0.07862,0.89,0.92,0.905,0.0331,30,3690,0.22217574707031246
2026-08-19,2026-08-19T22:17:36+00:00,IWM,301.72,2026-09-18,30,P,279.0,-0.0753,0.95,0.99,0.97,0.0412,306,3804,0.21949022705078125
2026-08-19,2026-08-19T22:17:36+00:00,IWM,301.72,2026-09-18,30,P,280.0,-0.07199,1.03,1.07,1.05,0.0381,538,68664,0.21692677612304687
2026-08-19,2026-08-19T22:17:36+00:00,IWM,301.72,2026-09-18,30,P,281.0,-0.06867,1.11,1.16,1.135,0.0441,27,5262,0.2146684979248047
2026-08-19,2026-08-19T22:17:36+00:00,IWM,301.72,2026-09-18,30,P,282.0,-0.06536,1.2,1.25,1.225,0.0408,300,20663,0.21192194335937498
2026-08-19,2026-08-19T22:17:36+00:00,IWM,301.72,2026-09-18,30,P,283.0,-0.06204,1.3,1.34,1.32,0.0303,367,840,0.20887021606445308
2026-08-19,2026-08-19T22:17:36+00:00,IWM,301.72,2026-09-18,30,P,284.0,-0.05873,1.4,1.45,1.425,0.0351,263,42242,0.20642883422851557
2026-08-19,2026-08-19T22:17:36+00:00,IWM,301.72,2026-09-18,30,P,285.0,-0.05542,1.51,1.56,1.535,0.0326,3168,51097,0.2036212451171875
2026-08-19,2026-08-19T22:17:36+00:00,IWM,301.72,2026-09-18,30,P,286.0,-0.0521,1.64,1.68,1.66,0.0241,40148,61822,0.20081365600585935
2026-08-19,2026-08-19T22:17:36+00:00,IWM,301.72,2026-09-18,30,P,287.0,-0.04879,1.77,1.82,1.795,0.0279,115,33244,0.19837227416992187
2026-08-19,2026-08-19T22:17:36+00:00,IWM,301.72,2026-09-18,30,P,288.0,-0.04547,1.93,1.97,1.95,0.0205,46085,39157,0.1959308923339844
2026-08-19,2026-08-19T22:17:36+00:00,IWM,301.72,2026-09-18,30,P,289.0,-0.04216,2.08,2.13,2.105,0.0238,1079,49008,0.19342847595214846
2026-08-19,2026-08-19T22:17:36+00:00,IWM,301.72,2026-09-18,30,P,290.0,-0.03884,2.25,2.3,2.275,0.022,6910,81829,0.19080399047851562
2026-08-19,2026-08-19T22:17:36+00:00,IWM,301.72,2026-09-18,30,P,291.0,-0.03553,2.42,2.48,2.45,0.0245,247,8419,0.18805743591308594
2026-08-19,2026-08-19T22:17:36+00:00,IWM,301.72,2026-09-18,30,P,292.0,-0.03222,2.62,2.68,2.65,0.0226,49,4928,0.18549398498535152
2026-08-19,2026-08-19T22:17:36+00:00,IWM,301.72,2026-09-18,30,P,293.0,-0.0289,2.85,2.89,2.87,0.0139,755,57016,0.18274743041992186
2026-08-19,2026-08-19T22:17:36+00:00,IWM,301.72,2026-09-18,30,P,294.0,-0.02559,3.06,3.12,3.09,0.0194,236,10913,0.18006191040039063
2026-08-19,2026-08-19T22:17:36+00:00,IWM,301.72,2026-09-18,30,P,295.0,-0.02227,3.32,3.38,3.35,0.0179,3544,39803,0.17780363220214845
2026-08-19,2026-08-19T22:17:36+00:00,IWM,301.72,2026-09-18,30,P,296.0,-0.01896,3.59,3.65,3.62,0.0166,53,2221,0.17524018127441404
2026-08-19,2026-08-19T22:17:36+00:00,IWM,301.72,2026-09-18,30,P,297.0,-0.01564,3.88,3.94,3.91,0.0153,104,3097,0.1726767303466797
2026-08-19,2026-08-19T22:17:36+00:00,IWM,301.72,2026-09-18,30,P,298.0,-0.01233,4.2,4.26,4.23,0.0142,275,6595,0.17029638305664066
2026-08-19,2026-08-19T22:17:36+00:00,IWM,301.72,2026-09-18,30,P,299.0,-0.00901,4.54,4.61,4.575,0.0153,159,1541,0.16816017395019534
2026-08-19,2026-08-19T22:17:36+00:00,IWM,301.72,2026-09-18,30,P,300.0,-0.0057,4.91,4.98,4.945,0.0142,2184,22373,0.16584086120605473
2026-08-19,2026-08-19T22:17:36+00:00,IWM,301.72,2026-09-18,30,P,301.0,-0.00239,5.31,5.38,5.345,0.0131,322,2623,0.16364361755371098
2026-08-19,2026-08-19T22:17:36+00:00,IWM,301.72,2026-09-18,30,P,302.0,0.00093,5.75,5.82,5.785,0.0121,854,4303,0.16187361572265624
2026-08-19,2026-08-19T22:17:36+00:00,IWM,301.72,2026-09-18,30,P,303.0,0.00424,6.2,6.28,6.24,0.0128,189,1062,0.1598594757080078
2026-08-19,2026-08-19T22:17:36+00:00,IWM,301.72,2026-09-18,30,P,304.0,0.00756,6.7,6.78,6.74,0.0119,443,606,0.15815050842285155
2026-08-19,2026-08-19T22:17:36+00:00,IWM,301.72,2026-09-18,30,P,305.0,0.01087,7.19,7.34,7.265,0.0206,300,6096,0.15729602478027344
2026-08-19,2026-08-19T22:17:36+00:00,IWM,301.72,2026-09-18,30,P,306.0,0.01419,7.73,7.92,7.825,0.0243,22,343,0.1562584375
2026-08-19,2026-08-19T22:17:36+00:00,IWM,301.72,2026-09-18,30,P,307.0,0.0175,8.32,8.51,8.415,0.0226,9,125,0.15461050476074223
2026-08-19,2026-08-19T22:17:36+00:00,IWM,301.72,2026-09-18,30,P,308.0,0.02081,8.95,9.14,9.045,0.021,34,307,0.15332877929687502
2026-08-19,2026-08-19T22:17:36+00:00,IWM,301.72,2026-09-18,30,P,309.0,0.02413,9.6,9.82,9.71,0.0227,9,52,0.15271843383789066
2026-08-19,2026-08-19T22:17:36+00:00,IWM,301.72,2026-09-18,30,P,310.0,0.02744,10.29,10.52,10.405,0.0221,47,9052,0.15192498474121097
2026-08-19,2026-08-19T22:17:36+00:00,IWM,301.72,2026-09-18,30,P,311.0,0.03076,11.01,11.25,11.13,0.0216,1,22,0.15125360473632815
2026-08-19,2026-08-19T22:17:36+00:00,IWM,301.72,2026-09-18,30,P,312.0,0.03407,11.76,12.01,11.885,0.021,3,5,0.1508263629150391
2026-08-19,2026-08-19T22:17:36+00:00,IWM,301.72,2026-09-18,30,P,313.0,0.03739,12.55,12.81,12.68,0.0205,1,5,0.15107050109863285
2026-08-19,2026-08-19T22:17:36+00:00,IWM,301.72,2026-09-18,30,P,314.0,0.0407,13.35,13.6,13.475,0.0186,6,3,0.15009394836425782
2026-08-19,2026-08-19T22:17:36+00:00,IWM,301.72,2026-09-18,30,P,315.0,0.04401,14.18,14.78,14.48,0.0414,4,111,0.165047412109375
2026-08-19,2026-08-19T22:17:36+00:00,IWM,301.72,2026-09-18,30,P,316.0,0.04733,13.45,15.6,14.525,0.148,0,4,0.16468120483398438
2026-08-19,2026-08-19T22:17:36+00:00,IWM,301.72,2026-09-18,30,P,317.0,0.05064,14.06,16.46,15.26,0.1573,0,1,0.16529155029296877
2026-08-19,2026-08-19T22:17:36+00:00,IWM,301.72,2026-09-18,30,P,318.0,0.05396,14.96,18.64,16.8,0.219,2,7,0.2222367816162109
2026-08-19,2026-08-19T22:17:36+00:00,IWM,301.72,2026-09-18,30,P,319.0,0.05727,16.2,18.32,17.26,0.1228,1,2,0.17188328125000002
2026-08-19,2026-08-19T22:17:36+00:00,IWM,301.72,2026-09-18,30,P,320.0,0.06059,17.49,19.11,18.3,0.0885,6,199,0.16700051757812504
2026-08-19,2026-08-19T22:17:36+00:00,IWM,301.72,2026-09-18,30,P,325.0,0.07716,21.51,25.1,23.305,0.154,69,0,0.24976336181640624
2026-08-19,2026-08-19T22:17:36+00:00,IWM,301.72,2026-09-18,30,P,330.0,0.09373,27.07,29.62,28.345,0.09,5,143,0.2573316455078125
2026-08-19,2026-08-19T22:17:36+00:00,IWM,301.72,2026-10-16,58,C,272.0,-0.0985,31.55,34.07,32.81,0.0768,3,31,0.31903757141113276
2026-08-19,2026-08-19T22:17:36+00:00,IWM,301.72,2026-10-16,58,C,273.0,-0.09519,30.87,31.4,31.135,0.017,28,19,0.2588575091552735
2026-08-19,2026-08-19T22:17:36+00:00,IWM,301.72,2026-10-16,58,C,275.0,-0.08856,29.15,29.6,29.375,0.0153,8,792,0.252937158203125
2026-08-19,2026-08-19T22:17:36+00:00,IWM,301.72,2026-10-16,58,C,276.0,-0.08524,28.15,28.71,28.43,0.0197,6,24,0.2500685345458984
2026-08-19,2026-08-19T22:17:36+00:00,IWM,301.72,2026-10-16,58,C,277.0,-0.08193,27.29,27.83,27.56,0.0196,23,27,0.24738301452636718
2026-08-19,2026-08-19T22:17:36+00:00,IWM,301.72,2026-10-16,58,C,278.0,-0.07862,26.41,26.95,26.68,0.0202,7,7,0.24451439086914065
2026-08-19,2026-08-19T22:17:36+00:00,IWM,301.72,2026-10-16,58,C,279.0,-0.0753,25.53,26.08,25.805,0.0213,17,12,0.24176783630371096
2026-08-19,2026-08-19T22:17:36+00:00,IWM,301.72,2026-10-16,58,C,280.0,-0.07199,24.84,25.18,25.01,0.0136,1,4046,0.23804472900390622
2026-08-19,2026-08-19T22:17:36+00:00,IWM,301.72,2026-10-16,58,C,281.0,-0.06867,23.98,24.32,24.15,0.0141,25,13,0.2352371398925781
2026-08-19,2026-08-19T22:17:36+00:00,IWM,301.72,2026-10-16,58,C,282.0,-0.06536,23.13,23.47,23.3,0.0146,5,41,0.2326126544189453
2026-08-19,2026-08-19T22:17:36+00:00,IWM,301.72,2026-10-16,58,C,283.0,-0.06204,22.29,22.62,22.455,0.0147,102,113,0.22974403076171873
2026-08-19,2026-08-19T22:17:36+00:00,IWM,301.72,2026-10-16,58,C,284.0,-0.05873,21.46,21.79,21.625,0.0153,5,19,0.22724161437988277
2026-08-19,2026-08-19T22:17:36+00:00,IWM,301.72,2026-10-16,58,C,285.0,-0.05542,20.64,20.95,20.795,0.0149,31,995,0.22425092163085933
2026-08-19,2026-08-19T22:17:36+00:00,IWM,301.72,2026-10-16,58,C,286.0,-0.0521,19.82,20.15,19.985,0.0165,4,21,0.22205367797851558
2026-08-19,2026-08-19T22:17:36+00:00,IWM,301.72,2026-10-16,58,C,287.0,-0.04879,19.02,19.34,19.18,0.0167,2,16,0.2194291925048828
2026-08-19,2026-08-19T22:17:36+00:00,IWM,301.72,2026-10-16,58,C,288.0,-0.04547,18.23,18.54,18.385,0.0169,6,44,0.21680470703125
2026-08-19,2026-08-19T22:17:36+00:00,IWM,301.72,2026-10-16,58,C,289.0,-0.04216,17.44,17.76,17.6,0.0182,2,27,0.21445487701416016
2026-08-19,2026-08-19T22:17:36+00:00,IWM,301.72,2026-10-16,58,C,290.0,-0.03884,16.71,16.98,16.845,0.016,54,6745,0.21186090881347652
2026-08-19,2026-08-19T22:17:36+00:00,IWM,301.72,2026-10-16,58,C,291.0,-0.03553,15.91,16.22,16.065,0.0193,1,32,0.20945004425048824
2026-08-19,2026-08-19T22:17:36+00:00,IWM,301.72,2026-10-16,58,C,292.0,-0.03222,15.21,15.48,15.345,0.0176,2,234,0.2072528005981445
2026-08-19,2026-08-19T22:17:36+00:00,IWM,301.72,2026-10-16,58,C,293.0,-0.0289,14.49,14.74,14.615,0.0171,9,54,0.20478090148925776
2026-08-19,2026-08-19T22:17:36+00:00,IWM,301.72,2026-10-16,58,C,294.0,-0.02559,13.77,14.0,13.885,0.0166,12,112,0.2020343469238281
2026-08-19,2026-08-19T22:17:36+00:00,IWM,301.72,2026-10-16,58,C,295.0,-0.02227,13.07,13.29,13.18,0.0167,18,3388,0.1997150341796875
2026-08-19,2026-08-19T22:17:36+00:00,IWM,301.72,2026-10-16,58,C,296.0,-0.01896,12.39,12.61,12.5,0.0176,4,804,0.19770089416503905
2026-08-19,2026-08-19T22:17:36+00:00,IWM,301.72,2026-10-16,58,C,297.0,-0.01564,11.72,11.93,11.825,0.0178,4,1294,0.19538158142089845
2026-08-19,2026-08-19T22:17:36+00:00,IWM,301.72,2026-10-16,58,C,298.0,-0.01233,11.03,11.27,11.15,0.0215,6,992,0.1931843377685547
2026-08-19,2026-08-19T22:17:36+00:00,IWM,301.72,2026-10-16,58,C,299.0,-0.00901,10.4,10.63,10.515,0.0219,1,834,0.19107864593505858
2026-08-19,2026-08-19T22:17:36+00:00,IWM,301.72,2026-10-16,58,C,300.0,-0.0057,9.82,10.01,9.915,0.0192,54,9536,0.1890645059204102
2026-08-19,2026-08-19T22:17:36+00:00,IWM,301.72,2026-10-16,58,C,301.0,-0.00239,9.23,9.41,9.32,0.0193,7,1132,0.1871419177246094
2026-08-19,2026-08-19T22:17:36+00:00,IWM,301.72,2026-10-16,58,C,302.0,0.00093,8.66,8.77,8.715,0.0126,6,511,0.18399863861083982
2026-08-19,2026-08-19T22:17:36+00:00,IWM,301.72,2026-10-16,58,C,303.0,0.00424,8.1,8.24,8.17,0.0171,20,528,0.1828084649658203
2026-08-19,2026-08-19T22:17:36+00:00,IWM,301.72,2026-10-16,58,C,304.0,0.00756,7.56,7.69,7.625,0.017,232,149,0.18079432495117187
2026-08-19,2026-08-19T22:17:36+00:00,IWM,301.72,2026-10-16,58,C,305.0,0.01087,7.05,7.17,7.11,0.0169,3121,3135,0.17902432312011718
2026-08-19,2026-08-19T22:17:36+00:00,IWM,301.72,2026-10-16,58,C,306.0,0.01419,6.55,6.68,6.615,0.0197,1,1274,0.17752897674560547
2026-08-19,2026-08-19T22:17:36+00:00,IWM,301.72,2026-10-16,58,C,307.0,0.0175,6.08,6.21,6.145,0.0212,8,710,0.17603363037109376
2026-08-19,2026-08-19T22:17:36+00:00,IWM,301.72,2026-10-16,58,C,308.0,0.02081,5.63,5.76,5.695,0.0228,27,993,0.17456880126953128
2026-08-19,2026-08-19T22:17:36+00:00,IWM,301.72,2026-10-16,58,C,309.0,0.02413,5.22,5.33,5.275,0.0209,11,460,0.17310397216796874
2026-08-19,2026-08-19T22:17:36+00:00,IWM,301.72,2026-10-16,58,C,310.0,0.02744,4.82,4.93,4.875,0.0226,229,2738,0.17188328125000002
2026-08-19,2026-08-19T22:17:36+00:00,IWM,301.72,2026-10-16,58,C,311.0,0.03076,4.44,4.55,4.495,0.0245,12,605,0.1706625903320313
2026-08-19,2026-08-19T22:17:36+00:00,IWM,301.72,2026-10-16,58,C,312.0,0.03407,4.08,4.18,4.13,0.0242,6,226,0.1692587957763672
2026-08-19,2026-08-19T22:17:36+00:00,IWM,301.72,2026-10-16,58,C,313.0,0.03739,3.74,3.84,3.79,0.0264,50,133,0.1680991394042969
2026-08-19,2026-08-19T22:17:36+00:00,IWM,301.72,2026-10-16,58,C,314.0,0.0407,3.42,3.52,3.47,0.0288,2,2222,0.16700051757812504
2026-08-19,2026-08-19T22:17:36+00:00,IWM,301.72,2026-10-16,58,C,315.0,0.04401,3.13,3.22,3.175,0.0283,43,3693,0.16596293029785159
2026-08-19,2026-08-19T22:17:36+00:00,IWM,301.72,2026-10-16,58,C,316.0,0.04733,2.85,2.95,2.9,0.0345,23,737,0.16523051574707032
2026-08-19,2026-08-19T22:17:36+00:00,IWM,301.72,2026-10-16,58,C,317.0,0.05064,2.6,2.69,2.645,0.034,27,327,0.16431499755859375
2026-08-19,2026-08-19T22:17:36+00:00,IWM,301.72,2026-10-16,58,C,318.0,0.05396,2.36,2.45,2.405,0.0374,221,274,0.16349103118896485
2026-08-19,2026-08-19T22:17:36+00:00,IWM,301.72,2026-10-16,58,C,319.0,0.05727,2.14,2.22,2.18,0.0367,4,205,0.16251447845458983
2026-08-19,2026-08-19T22:17:36+00:00,IWM,301.72,2026-10-16,58,C,320.0,0.06059,1.94,2.02,1.98,0.0404,90,8163,0.1619346502685547
2026-08-19,2026-08-19T22:17:36+00:00,IWM,301.72,2026-10-16,58,C,321.0,0.0639,1.75,1.83,1.79,0.0447,6,168,0.16126327026367188
2026-08-19,2026-08-19T22:17:36+00:00,IWM,301.72,2026-10-16,58,C,322.0,0.06721,1.58,1.65,1.615,0.0433,33,175,0.1604698211669922
2026-08-19,2026-08-19T22:17:36+00:00,IWM,301.72,2026-10-16,58,C,323.0,0.07053,1.42,1.49,1.455,0.0481,11,703,0.15992051025390625
2026-08-19,2026-08-19T22:17:36+00:00,IWM,301.72,2026-10-16,58,C,324.0,0.07384,1.27,1.34,1.305,0.0536,11,410,0.15924913024902343
2026-08-19,2026-08-19T22:17:36+00:00,IWM,301.72,2026-10-16,58,C,325.0,0.07716,1.14,1.21,1.175,0.0596,11,3141,0.15894395751953128
2026-08-19,2026-08-19T22:17:36+00:00,IWM,301.72,2026-10-16,58,C,330.0,0.09373,0.65,0.7,0.675,0.0741,318,7600,0.15699085205078128
2026-08-19,2026-08-19T22:17:36+00:00,IWM,301.72,2026-10-16,58,P,272.0,-0.0985,1.68,1.75,1.715,0.0408,4,64,0.23035437622070312
2026-08-19,2026-08-19T22:17:36+00:00,IWM,301.72,2026-10-16,58,P,273.0,-0.09519,1.77,1.84,1.805,0.0388,1,105,0.2282181671142578
2026-08-19,2026-08-19T22:17:36+00:00,IWM,301.72,2026-10-16,58,P,274.0,-0.09187,1.86,1.93,1.895,0.0369,48,6890,0.22583781982421874
2026-08-19,2026-08-19T22:17:36+00:00,IWM,301.72,2026-10-16,58,P,275.0,-0.08856,1.96,2.03,1.995,0.0351,217,12188,0.22364057617187497
2026-08-19,2026-08-19T22:17:36+00:00,IWM,301.72,2026-10-16,58,P,276.0,-0.08524,2.07,2.13,2.1,0.0286,9,1396,0.22126022888183594
2026-08-19,2026-08-19T22:17:36+00:00,IWM,301.72,2026-10-16,58,P,277.0,-0.08193,2.17,2.25,2.21,0.0362,13,2637,0.21936815795898437
2026-08-19,2026-08-19T22:17:36+00:00,IWM,301.72,2026-10-16,58,P,278.0,-0.07862,2.28,2.36,2.32,0.0345,6,956,0.21692677612304687
2026-08-19,2026-08-19T22:17:36+00:00,IWM,301.72,2026-10-16,58,P,279.0,-0.0753,2.41,2.48,2.445,0.0286,19,241,0.2146684979248047
2026-08-19,2026-08-19T22:17:36+00:00,IWM,301.72,2026-10-16,58,P,280.0,-0.07199,2.54,2.62,2.58,0.031,360,40995,0.21277642700195312
2026-08-19,2026-08-19T22:17:36+00:00,IWM,301.72,2026-10-16,58,P,281.0,-0.06867,2.68,2.75,2.715,0.0258,2,522,0.21039607971191404
2026-08-19,2026-08-19T22:17:36+00:00,IWM,301.72,2026-10-16,58,P,282.0,-0.06536,2.83,2.9,2.865,0.0244,27,3134,0.20838193969726557
2026-08-19,2026-08-19T22:17:36+00:00,IWM,301.72,2026-10-16,58,P,283.0,-0.06204,2.98,3.06,3.02,0.0265,8,2609,0.20642883422851557
2026-08-19,2026-08-19T22:17:36+00:00,IWM,301.72,2026-10-16,58,P,284.0,-0.05873,3.14,3.22,3.18,0.0252,1,131,0.20423159057617185
2026-08-19,2026-08-19T22:17:36+00:00,IWM,301.72,2026-10-16,58,P,285.0,-0.05542,3.32,3.39,3.355,0.0209,6048,22107,0.2020343469238281
2026-08-19,2026-08-19T22:17:36+00:00,IWM,301.72,2026-10-16,58,P,286.0,-0.0521,3.5,3.57,3.535,0.0198,2,413,0.1998981378173828
2026-08-19,2026-08-19T22:17:36+00:00,IWM,301.72,2026-10-16,58,P,287.0,-0.04879,3.69,3.76,3.725,0.0188,41,517,0.1977619287109375
2026-08-19,2026-08-19T22:17:36+00:00,IWM,301.72,2026-10-16,58,P,288.0,-0.04547,3.89,3.96,3.925,0.0178,39,725,0.1956257196044922
2026-08-19,2026-08-19T22:17:36+00:00,IWM,301.72,2026-10-16,58,P,289.0,-0.04216,4.1,4.18,4.14,0.0193,7,135,0.19367261413574222
2026-08-19,2026-08-19T22:17:36+00:00,IWM,301.72,2026-10-16,58,P,290.0,-0.03884,4.33,4.4,4.365,0.016,294,12964,0.1915058877563477
2026-08-19,2026-08-19T22:17:36+00:00,IWM,301.72,2026-10-16,58,P,291.0,-0.03553,4.57,4.64,4.605,0.0152,5,6536,0.18952226501464847
2026-08-19,2026-08-19T22:17:36+00:00,IWM,301.72,2026-10-16,58,P,292.0,-0.03222,4.82,4.9,4.86,0.0165,106,978,0.1876912286376953
2026-08-19,2026-08-19T22:17:36+00:00,IWM,301.72,2026-10-16,58,P,293.0,-0.0289,5.08,5.16,5.12,0.0156,6,456,0.18555501953124998
2026-08-19,2026-08-19T22:17:36+00:00,IWM,301.72,2026-10-16,58,P,294.0,-0.02559,5.36,5.45,5.405,0.0167,3,1799,0.18378501770019529
2026-08-19,2026-08-19T22:17:36+00:00,IWM,301.72,2026-10-16,58,P,295.0,-0.02227,5.66,5.74,5.7,0.014,113,10112,0.18167932586669922
2026-08-19,2026-08-19T22:17:36+00:00,IWM,301.72,2026-10-16,58,P,296.0,-0.01896,5.97,6.06,6.015,0.015,15,616,0.17990932403564452
2026-08-19,2026-08-19T22:17:36+00:00,IWM,301.72,2026-10-16,58,P,297.0,-0.01564,6.29,6.39,6.34,0.0158,11,1127,0.17801725311279298
2026-08-19,2026-08-19T22:17:36+00:00,IWM,301.72,2026-10-16,58,P,298.0,-0.01233,6.64,6.74,6.69,0.0149,148,610,0.17621673400878907
2026-08-19,2026-08-19T22:17:36+00:00,IWM,301.72,2026-10-16,58,P,299.0,-0.00901,7.01,7.11,7.06,0.0142,63,60,0.1744467321777344
2026-08-19,2026-08-19T22:17:36+00:00,IWM,301.72,2026-10-16,58,P,300.0,-0.0057,7.39,7.49,7.44,0.0134,2823,22563,0.1725241439819336
2026-08-19,2026-08-19T22:17:36+00:00,IWM,301.72,2026-10-16,58,P,301.0,-0.00239,7.8,7.9,7.85,0.0127,215,100,0.1708456939697266
2026-08-19,2026-08-19T22:17:36+00:00,IWM,301.72,2026-10-16,58,P,302.0,0.00093,8.22,8.3,8.26,0.0097,55,122,0.16858741577148442
2026-08-19,2026-08-19T22:17:36+00:00,IWM,301.72,2026-10-16,58,P,303.0,0.00424,8.63,8.77,8.7,0.0161,10,278,0.16739724212646484
2026-08-19,2026-08-19T22:17:36+00:00,IWM,301.72,2026-10-16,58,P,304.0,0.00756,9.1,9.24,9.17,0.0153,30,69,0.16577982666015628
2026-08-19,2026-08-19T22:17:36+00:00,IWM,301.72,2026-10-16,58,P,305.0,0.01087,9.59,9.74,9.665,0.0155,59,855,0.1643760321044922
2026-08-19,2026-08-19T22:17:36+00:00,IWM,301.72,2026-10-16,58,P,306.0,0.01419,10.09,10.26,10.175,0.0167,15,27,0.16294172027587894
2026-08-19,2026-08-19T22:17:36+00:00,IWM,301.72,2026-10-16,58,P,307.0,0.0175,10.58,10.81,10.695,0.0215,64,65,0.16172102935791016
2026-08-19,2026-08-19T22:17:36+00:00,IWM,301.72,2026-10-16,58,P,308.0,0.02081,11.12,11.38,11.25,0.0231,4,8,0.16050033843994144
2026-08-19,2026-08-19T22:17:36+00:00,IWM,301.72,2026-10-16,58,P,309.0,0.02413,11.7,11.96,11.83,0.022,3,8,0.1590355093383789
2026-08-19,2026-08-19T22:17:36+00:00,IWM,301.72,2026-10-16,58,P,310.0,0.02744,12.3,12.58,12.44,0.0225,13,216,0.1580284393310547
2026-08-19,2026-08-19T22:17:36+00:00,IWM,301.72,2026-10-16,58,P,311.0,0.03076,12.95,13.2,13.075,0.0191,2,7,0.15650257568359377
2026-08-19,2026-08-19T22:17:36+00:00,IWM,301.72,2026-10-16,58,P,313.0,0.03739,14.23,14.56,14.395,0.0229,2,8,0.1549156774902344
2026-08-19,2026-08-19T22:17:36+00:00,IWM,301.72,2026-10-16,58,P,314.0,0.0407,14.94,15.26,15.1,0.0212,6,6,0.15387809020996096
2026-08-19,2026-08-19T22:17:36+00:00,IWM,301.72,2026-10-16,58,P,315.0,0.04401,15.64,15.99,15.815,0.0221,14,150,0.15314567565917972
2026-08-19,2026-08-19T22:17:36+00:00,IWM,301.72,2026-10-16,58,P,316.0,0.04733,16.38,16.74,16.56,0.0217,5,6,0.1524742956542969
2026-08-19,2026-08-19T22:17:36+00:00,IWM,301.72,2026-10-16,58,P,317.0,0.05064,17.13,17.51,17.32,0.0219,15,1,0.15189446746826174
2026-08-19,2026-08-19T22:17:36+00:00,IWM,301.72,2026-10-16,58,P,318.0,0.05396,17.91,18.29,18.1,0.021,0,3,0.1511315356445313
2026-08-19,2026-08-19T22:17:36+00:00,IWM,301.72,2026-10-16,58,P,319.0,0.05727,18.67,19.09,18.88,0.0222,1,3,0.15046015563964849
2026-08-19,2026-08-19T22:17:36+00:00,IWM,301.72,2026-10-16,58,P,320.0,0.06059,19.51,19.91,19.71,0.0203,11,497,0.14997187927246097
2026-08-19,2026-08-19T22:17:36+00:00,IWM,301.72,2026-10-16,58,P,321.0,0.0639,20.31,20.74,20.525,0.021,1,13,0.14930049926757813
2026-08-19,2026-08-19T22:17:36+00:00,IWM,301.72,2026-10-16,58,P,323.0,0.07053,21.8,22.49,22.145,0.0312,5,11,0.14991084472656252
2026-08-19,2026-08-19T22:17:36+00:00,IWM,301.72,2026-10-16,58,P,324.0,0.07384,22.69,24.96,23.825,0.0953,1,3,0.20282779602050777
2026-08-19,2026-08-19T22:17:36+00:00,IWM,301.72,2026-10-16,58,P,325.0,0.07716,23.58,24.27,23.925,0.0288,44,67,0.15015498291015628
2026-08-19,2026-08-19T22:17:36+00:00,IWM,301.72,2026-10-16,58,P,330.0,0.09373,27.92,30.34,29.13,0.0831,4,37,0.2132036688232422
2026-08-19,2026-08-19T22:17:36+00:00,SPY,769.06,2026-09-18,30,C,693.0,-0.0989,77.67,80.47,79.07,0.0354,1,12,0.3175422250366211
2026-08-19,2026-08-19T22:17:36+00:00,SPY,769.06,2026-09-18,30,C,694.0,-0.0976,76.7,79.49,78.095,0.0357,4,34,0.31485670501708973
2026-08-19,2026-08-19T22:17:36+00:00,SPY,769.06,2026-09-18,30,C,695.0,-0.0963,75.71,78.51,77.11,0.0363,13,8583,0.3121711849975586
2026-08-19,2026-08-19T22:17:36+00:00,SPY,769.06,2026-09-18,30,C,696.0,-0.095,74.74,77.54,76.14,0.0368,5,12,0.3096992858886719
2026-08-19,2026-08-19T22:17:36+00:00,SPY,769.06,2026-09-18,30,C,697.0,-0.0937,73.74,76.56,75.15,0.0375,1,5,0.3070137658691406
2026-08-19,2026-08-19T22:17:36+00:00,SPY,769.06,2026-09-18,30,C,698.0,-0.0924,72.76,75.59,74.175,0.0382,2,22,0.30451134948730463
2026-08-19,2026-08-19T22:17:36+00:00,SPY,769.06,2026-09-18,30,C,699.0,-0.0911,71.81,74.61,73.21,0.0382,14,27,0.301764794921875
2026-08-19,2026-08-19T22:17:36+00:00,SPY,769.06,2026-09-18,30,C,700.0,-0.0898,70.84,73.64,72.24,0.0388,34,8700,0.299262378540039
2026-08-19,2026-08-19T22:17:36+00:00,SPY,769.06,2026-09-18,30,C,701.0,-0.0885,69.85,72.66,71.255,0.0394,1,47,0.29651582397460935
2026-08-19,2026-08-19T22:17:36+00:00,SPY,769.06,2026-09-18,30,C,702.0,-0.0872,68.89,71.69,70.29,0.0398,2,12,0.29398289031982416
2026-08-19,2026-08-19T22:17:36+00:00,SPY,769.06,2026-09-18,30,C,703.0,-0.0859,67.92,70.72,69.32,0.0404,1,10,0.2914194393920897
2026-08-19,2026-08-19T22:17:36+00:00,SPY,769.06,2026-09-18,30,C,704.0,-0.0846,66.95,69.75,68.35,0.041,1,4,0.28885598846435534
2026-08-19,2026-08-19T22:17:36+00:00,SPY,769.06,2026-09-18,30,C,705.0,-0.0833,65.98,68.78,67.38,0.0416,9,8766,0.28626202026367187
2026-08-19,2026-08-19T22:17:36+00:00,SPY,769.06,2026-09-18,30,C,706.0,-0.082,65.01,67.81,66.41,0.0422,1,9,0.2836985693359374
2026-08-19,2026-08-19T22:17:36+00:00,SPY,769.06,2026-09-18,30,C,707.0,-0.0807,64.02,66.85,65.435,0.0432,1,27,0.28125718749999995
2026-08-19,2026-08-19T22:17:36+00:00,SPY,769.06,2026-09-18,30,C,708.0,-0.0794,63.08,65.89,64.485,0.0436,1,20,0.2788463229370117
2026-08-19,2026-08-19T22:17:36+00:00,SPY,769.06,2026-09-18,30,C,709.0,-0.0781,62.11,64.91,63.51,0.0441,1,6,0.27600821655273433
2026-08-19,2026-08-19T22:17:36+00:00,SPY,769.06,2026-09-18,30,C,710.0,-0.0768,61.15,63.96,62.555,0.0449,2,6511,0.27374993835449213
2026-08-19,2026-08-19T22:17:36+00:00,SPY,769.06,2026-09-18,30,C,711.0,-0.07549,60.16,62.99,61.575,0.046,1,21,0.2710949356079102
2026-08-19,2026-08-19T22:17:36+00:00,SPY,769.06,2026-09-18,30,C,712.0,-0.07419,59.22,62.03,60.625,0.0464,1,8,0.2686230364990234
2026-08-19,2026-08-19T22:17:36+00:00,SPY,769.06,2026-09-18,30,C,713.0,-0.07289,58.26,61.06,59.66,0.0469,3,10,0.2659069992065429
2026-08-19,2026-08-19T22:17:36+00:00,SPY,769.06,2026-09-18,30,C,714.0,-0.07159,57.3,60.11,58.705,0.0479,7,37,0.2635876864624024
2026-08-19,2026-08-19T22:17:36+00:00,SPY,769.06,2026-09-18,30,C,715.0,-0.07029,56.35,59.16,57.755,0.0487,3,12858,0.2612378564453125
2026-08-19,2026-08-19T22:17:36+00:00,SPY,769.06,2026-09-18,30,C,716.0,-0.06899,55.39,58.19,56.79,0.0493,1,119,0.2584913018798829
2026-08-19,2026-08-19T22:17:36+00:00,SPY,769.06,2026-09-18,30,C,717.0,-0.06769,54.44,57.25,55.845,0.0503,4,27,0.2562635409545898
2026-08-19,2026-08-19T22:17:36+00:00,SPY,769.06,2026-09-18,30,C,718.0,-0.06639,53.48,56.28,54.88,0.051,1,34,0.253486469116211
2026-08-19,2026-08-19T22:17:36+00:00,SPY,769.06,2026-09-18,30,C,719.0,-0.06509,52.54,55.33,53.935,0.0517,14,65,0.2510450872802734
2026-08-19,2026-08-19T22:17:36+00:00,SPY,769.06,2026-09-18,30,C,720.0,-0.06379,51.59,54.38,52.985,0.0527,12,17179,0.24860370544433597
2026-08-19,2026-08-19T22:17:36+00:00,SPY,769.06,2026-09-18,30,C,721.0,-0.06249,50.63,53.43,52.03,0.0538,1,92,0.2461012890625
2026-08-19,2026-08-19T22:17:36+00:00,SPY,769.06,2026-09-18,30,C,722.0,-0.06119,49.69,52.49,51.09,0.0548,3,56,0.24378197631835938
2026-08-19,2026-08-19T22:17:36+00:00,SPY,769.06,2026-09-18,30,C,723.0,-0.05989,48.74,51.54,50.14,0.0558,1,18,0.24124904266357422
2026-08-19,2026-08-19T22:17:36+00:00,SPY,769.06,2026-09-18,30,C,724.0,-0.05859,47.79,50.6,49.195,0.0571,10,29,0.23886869537353517
2026-08-19,2026-08-19T22:17:36+00:00,SPY,769.06,2026-09-18,30,C,725.0,-0.05729,46.86,49.66,48.26,0.058,22,17629,0.23645783081054686
2026-08-19,2026-08-19T22:17:36+00:00,SPY,769.06,2026-09-18,30,C,726.0,-0.05599,45.93,48.72,47.325,0.059,1,157,0.23401644897460935
2026-08-19,2026-08-19T22:17:36+00:00,SPY,769.06,2026-09-18,30,C,727.0,-0.05469,45.0,47.79,46.395,0.0601,17,68,0.23172765350341795
2026-08-19,2026-08-19T22:17:36+00:00,SPY,769.06,2026-09-18,30,C,728.0,-0.05339,44.07,46.86,45.465,0.0614,1,51,0.22940834075927735
2026-08-19,2026-08-19T22:17:36+00:00,SPY,769.06,2026-09-18,30,C,729.0,-0.05209,43.14,45.93,44.535,0.0626,20,102,0.22705851074218747
2026-08-19,2026-08-19T22:17:36+00:00,SPY,769.06,2026-09-18,30,C,730.0,-0.05079,42.19,44.1,43.145,0.0443,133,30018,0.21015194152832029
2026-08-19,2026-08-19T22:17:36+00:00,SPY,769.06,2026-09-18,30,C,731.0,-0.04949,41.29,44.08,42.685,0.0654,1,307,0.222389367980957
2026-08-19,2026-08-19T22:17:36+00:00,SPY,769.06,2026-09-18,30,C,732.0,-0.04819,40.37,43.16,41.765,0.0668,1,177,0.22010057250976559
2026-08-19,2026-08-19T22:17:36+00:00,SPY,769.06,2026-09-18,30,C,733.0,-0.04689,39.45,42.24,40.845,0.0683,1,715,0.2177507424926758
2026-08-19,2026-08-19T22:17:36+00:00,SPY,769.06,2026-09-18,30,C,734.0,-0.04559,38.53,41.32,39.925,0.0699,1,356,0.21537039520263673
2026-08-19,2026-08-19T22:17:36+00:00,SPY,769.06,2026-09-18,30,C,735.0,-0.04429,37.62,40.41,39.015,0.0715,93,12484,0.21311211700439453
2026-08-19,2026-08-19T22:17:36+00:00,SPY,769.06,2026-09-18,30,C,736.0,-0.04299,36.72,39.5,38.11,0.0729,2,611,0.2108233215332031
2026-08-19,2026-08-19T22:17:36+00:00,SPY,769.06,2026-09-18,30,C,737.0,-0.04169,35.81,38.6,37.205,0.075,4,700,0.20862607788085932
2026-08-19,2026-08-19T22:17:36+00:00,SPY,769.06,2026-09-18,30,C,738.0,-0.04039,34.91,37.7,36.305,0.0768,2,778,0.20639831695556637
2026-08-19,2026-08-19T22:17:36+00:00,SPY,769.06,2026-09-18,30,C,739.0,-0.03909,34.02,36.81,35.415,0.0788,1,1099,0.20426210784912108
2026-08-19,2026-08-19T22:17:36+00:00,SPY,769.06,2026-09-18,30,C,740.0,-0.03779,33.13,35.91,34.52,0.0805,105,12555,0.20194279510498048
2026-08-19,2026-08-19T22:17:36+00:00,SPY,769.06,2026-09-18,30,C,741.0,-0.03649,32.24,35.03,33.635,0.0829,3,1450,0.19986762054443358
2026-08-19,2026-08-19T22:17:36+00:00,SPY,769.06,2026-09-18,30,C,742.0,-0.03519,31.33,34.14,32.735,0.0858,15,1855,0.1975788250732422
2026-08-19,2026-08-19T22:17:36+00:00,SPY,769.06,2026-09-18,30,C,743.0,-0.03389,30.48,33.27,31.875,0.0875,30,839,0.19553416778564453
2026-08-19,2026-08-19T22:17:36+00:00,SPY,769.06,2026-09-18,30,C,744.0,-0.03259,29.61,32.39,31.0,0.0897,2,797,0.19327588958740233
2026-08-19,2026-08-19T22:17:36+00:00,SPY,769.06,2026-09-18,30,C,745.0,-0.03128,28.76,30.7,29.73,0.0653,38,16377,0.18004665176391604
2026-08-19,2026-08-19T22:17:36+00:00,SPY,769.06,2026-09-18,30,C,746.0,-0.02998,27.88,30.66,29.27,0.095,44,940,0.18903398864746096
2026-08-19,2026-08-19T22:17:36+00:00,SPY,769.06,2026-09-18,30,C,747.0,-0.02868,27.02,29.75,28.385,0.0962,4,1676,0.1862416581726074
2026-08-19,2026-08-19T22:17:36+00:00,SPY,769.06,2026-09-18,30,C,748.0,-0.02738,26.17,28.9,27.535,0.0991,4,1554,0.18418174224853517
2026-08-19,2026-08-19T22:17:36+00:00,SPY,769.06,2026-09-18,30,C,749.0,-0.02608,25.33,28.06,26.695,0.1023,2,1891,0.18216760223388673
2026-08-19,2026-08-19T22:17:36+00:00,SPY,769.06,2026-09-18,30,C,750.0,-0.02478,25.39,26.21,25.8,0.0318,318,35137,0.16715310394287114
2026-08-19,2026-08-19T22:17:36+00:00,SPY,769.06,2026-09-18,30,C,751.0,-0.02348,23.66,26.39,25.025,0.1091,65,134,0.17809354629516605
2026-08-19,2026-08-19T22:17:36+00:00,SPY,769.06,2026-09-18,30,C,752.0,-0.02218,22.84,25.57,24.205,0.1128,8,1401,0.17612518218994144
2026-08-19,2026-08-19T22:17:36+00:00,SPY,769.06,2026-09-18,30,C,753.0,-0.02088,22.02,24.76,23.39,0.1171,16,812,0.17423311126708985
2026-08-19,2026-08-19T22:17:36+00:00,SPY,769.06,2026-09-18,30,C,754.0,-0.01958,21.22,23.95,22.585,0.1209,6,1725,0.17223422988891607
2026-08-19,2026-08-19T22:17:36+00:00,SPY,769.06,2026-09-18,30,C,755.0,-0.01828,21.4,22.13,21.765,0.0335,238,15627,0.15787585296630857
2026-08-19,2026-08-19T22:17:36+00:00,SPY,769.06,2026-09-18,30,C,756.0,-0.01698,19.63,22.36,20.995,0.13,5,1149,0.16837379486083986
2026-08-19,2026-08-19T22:17:36+00:00,SPY,769.06,2026-09-18,30,C,757.0,-0.01568,18.85,21.58,20.215,0.135,4,1818,0.16651224121093755
2026-08-19,2026-08-19T22:17:36+00:00,SPY,769.06,2026-09-18,30,C,758.0,-0.01438,18.08,20.81,19.445,0.1404,5,932,0.16465068756103518
2026-08-19,2026-08-19T22:17:36+00:00,SPY,769.06,2026-09-18,30,C,759.0,-0.01308,17.32,20.06,18.69,0.1466,19,689,0.16294172027587894
2026-08-19,2026-08-19T22:17:36+00:00,SPY,769.06,2026-09-18,30,C,760.0,-0.01178,17.62,18.28,17.95,0.0368,613,21470,0.14914791290283202
2026-08-19,2026-08-19T22:17:36+00:00,SPY,769.06,2026-09-18,30,C,761.0,-0.01048,16.33,18.1,17.215,0.1028,1,948,0.15393912475585939
2026-08-19,2026-08-19T22:17:36+00:00,SPY,769.06,2026-09-18,30,C,762.0,-0.00918,16.12,17.36,16.74,0.0741,11,962,0.15207757110595704
2026-08-19,2026-08-19T22:17:36+00:00,SPY,769.06,2026-09-18,30,C,763.0,-0.00788,15.19,16.24,15.715,0.0668,23,1078,0.14577575424194333
2026-08-19,2026-08-19T22:17:36+00:00,SPY,769.06,2026-09-18,30,C,764.0,-0.00658,13.97,15.52,14.745,0.1051,24,1178,0.1439599765014648
2026-08-19,2026-08-19T22:17:36+00:00,SPY,769.06,2026-09-18,30,C,765.0,-0.00528,14.35,14.53,14.44,0.0125,778,17146,0.138955143737793
2026-08-19,2026-08-19T22:17:36+00:00,SPY,769.06,2026-09-18,30,C,766.0,-0.00398,12.66,14.5,13.58,0.1355,19,1254,0.14466187377929687
2026-08-19,2026-08-19T22:17:36+00:00,SPY,769.06,2026-09-18,30,C,767.0,-0.00268,13.04,13.09,13.065,0.0038,85,1285,0.13471324279785157
2026-08-19,2026-08-19T22:17:36+00:00,SPY,769.06,2026-09-18,30,C,768.0,-0.00138,12.4,12.45,12.425,0.004,313,1726,0.13329418960571288
2026-08-19,2026-08-19T22:17:36+00:00,SPY,769.06,2026-09-18,30,C,769.0,-8e-05,11.77,11.82,11.795,0.0042,1170,1560,0.131844619140625
2026-08-19,2026-08-19T22:17:36+00:00,SPY,769.06,2026-09-18,30,C,770.0,0.00122,11.16,11.21,11.185,0.0045,3943,15467,0.13045608322143554
2026-08-19,2026-08-19T22:17:36+00:00,SPY,769.06,2026-09-18,30,C,771.0,0.00252,10.57,10.62,10.595,0.0047,833,1339,0.12914384048461913
2026-08-19,2026-08-19T22:17:36+00:00,SPY,769.06,2026-09-18,30,C,772.0,0.00382,9.99,10.04,10.015,0.005,1624,2435,0.1277858218383789
2026-08-19,2026-08-19T22:17:36+00:00,SPY,769.06,2026-09-18,30,C,773.0,0.00512,9.43,9.48,9.455,0.0053,1227,2000,0.1264888377380371
2026-08-19,2026-08-19T22:17:36+00:00,SPY,769.06,2026-09-18,30,C,774.0,0.00642,8.89,8.94,8.915,0.0056,233,2048,0.12525288818359376
2026-08-19,2026-08-19T22:17:36+00:00,SPY,769.06,2026-09-18,30,C,775.0,0.00772,8.36,8.41,8.385,0.006,1728,12348,0.12397116271972657
2026-08-19,2026-08-19T22:17:36+00:00,SPY,769.06,2026-09-18,30,C,776.0,0.00902,7.86,7.91,7.885,0.0063,472,1954,0.12284202362060548
2026-08-19,2026-08-19T22:17:36+00:00,SPY,769.06,2026-09-18,30,C,777.0,0.01032,7.37,7.42,7.395,0.0068,548,3117,0.12163659133911134
2026-08-19,2026-08-19T22:17:36+00:00,SPY,769.06,2026-09-18,30,C,778.0,0.01162,6.9,6.95,6.925,0.0072,742,2939,0.12049219360351562
2026-08-19,2026-08-19T22:17:36+00:00,SPY,769.06,2026-09-18,30,C,779.0,0.01292,6.46,6.5,6.48,0.0062,240,1671,0.11939357177734375
2026-08-19,2026-08-19T22:17:36+00:00,SPY,769.06,2026-09-18,30,C,780.0,0.01423,6.03,6.07,6.05,0.0066,1851,19063,0.11835598449707031
2026-08-19,2026-08-19T22:17:36+00:00,SPY,769.06,2026-09-18,30,C,781.0,0.01553,5.62,5.66,5.64,0.0071,221,2094,0.1173489144897461
2026-08-19,2026-08-19T22:17:36+00:00,SPY,769.06,2026-09-18,30,C,782.0,0.01683,5.22,5.27,5.245,0.0095,268,4023,0.1163723617553711
2026-08-19,2026-08-19T22:17:36+00:00,SPY,769.06,2026-09-18,30,C,783.0,0.01813,4.85,4.89,4.87,0.0082,206,2401,0.11535003311157227
2026-08-19,2026-08-19T22:17:36+00:00,SPY,769.06,2026-09-18,30,C,784.0,0.01943,4.5,4.54,4.52,0.0088,220,1947,0.11448029083251954
2026-08-19,2026-08-19T22:17:36+00:00,SPY,769.06,2026-09-18,30,C,785.0,0.02073,4.16,4.2,4.18,0.0096,938,21718,0.11356477264404297
2026-08-19,2026-08-19T22:17:36+00:00,SPY,769.06,2026-09-18,30,C,786.0,0.02203,3.84,3.88,3.86,0.0104,162,1237,0.11267977172851562
2026-08-19,2026-08-19T22:17:36+00:00,SPY,769.06,2026-09-18,30,C,787.0,0.02333,3.55,3.58,3.565,0.0084,311,1409,0.1118558053588867
2026-08-19,2026-08-19T22:17:36+00:00,SPY,769.06,2026-09-18,30,C,788.0,0.02463,3.27,3.3,3.285,0.0091,268,1475,0.11112339080810546
2026-08-19,2026-08-19T22:17:36+00:00,SPY,769.06,2026-09-18,30,C,789.0,0.02593,3.0,3.04,3.02,0.0132,651,3680,0.11045201080322264
2026-08-19,2026-08-19T22:17:36+00:00,SPY,769.06,2026-09-18,30,C,790.0,0.02723,2.75,2.79,2.77,0.0144,1757,47203,0.1097195962524414
2026-08-19,2026-08-19T22:17:36+00:00,SPY,769.06,2026-09-18,30,C,791.0,0.02853,2.52,2.55,2.535,0.0118,348,1599,0.1088956298828125
2026-08-19,2026-08-19T22:17:36+00:00,SPY,769.06,2026-09-18,30,C,792.0,0.02983,2.31,2.34,2.325,0.0129,158,1672,0.10837683624267577
2026-08-19,2026-08-19T22:17:36+00:00,SPY,769.06,2026-09-18,30,C,793.0,0.03113,2.1,2.14,2.12,0.0189,337,2933,0.10779700805664064
2026-08-19,2026-08-19T22:17:36+00:00,SPY,769.06,2026-09-18,30,C,794.0,0.03243,1.92,1.95,1.935,0.0155,1787,3792,0.10715614532470702
2026-08-19,2026-08-19T22:17:36+00:00,SPY,769.06,2026-09-18,30,C,795.0,0.03373,1.74,1.77,1.755,0.0171,1145,15035,0.106454248046875
2026-08-19,2026-08-19T22:17:36+00:00,SPY,769.06,2026-09-18,30,C,796.0,0.03503,1.58,1.61,1.595,0.0188,404,3350,0.10596597167968749
2026-08-19,2026-08-19T22:17:36+00:00,SPY,769.06,2026-09-18,30,C,797.0,0.03633,1.44,1.46,1.45,0.0138,91,1676,0.10541666076660156
2026-08-19,2026-08-19T22:17:36+00:00,SPY,769.06,2026-09-18,30,C,798.0,0.03763,1.3,1.33,1.315,0.0228,398,3162,0.10511148803710937
2026-08-19,2026-08-19T22:17:36+00:00,SPY,769.06,2026-09-18,30,C,799.0,0.03893,1.18,1.2,1.19,0.0168,724,2513,0.10456217712402342
2026-08-19,2026-08-19T22:17:36+00:00,SPY,769.06,2026-09-18,30,C,800.0,0.04023,1.07,1.09,1.08,0.0185,1782,31323,0.10425700439453123
2026-08-19,2026-08-19T22:17:36+00:00,SPY,769.06,2026-09-18,30,C,801.0,0.04153,0.96,0.98,0.97,0.0206,69,2099,0.10376872802734374
2026-08-19,2026-08-19T22:17:36+00:00,SPY,769.06,2026-09-18,30,C,802.0,0.04283,0.86,0.89,0.875,0.0343,143,1079,0.10358562438964843
2026-08-19,2026-08-19T22:17:36+00:00,SPY,769.06,2026-09-18,30,C,803.0,0.04413,0.78,0.8,0.79,0.0253,91,2571,0.10315838256835935
2026-08-19,2026-08-19T22:17:36+00:00,SPY,769.06,2026-09-18,30,C,804.0,0.04543,0.7,0.72,0.71,0.0282,133,2412,0.10285320983886719
2026-08-19,2026-08-19T22:17:36+00:00,SPY,769.06,2026-09-18,30,C,805.0,0.04673,0.63,0.65,0.64,0.0313,718,5945,0.10267010620117187
2026-08-19,2026-08-19T22:17:36+00:00,SPY,769.06,2026-09-18,30,C,806.0,0.04803,0.57,0.59,0.58,0.0345,103,1580,0.10267010620117187
2026-08-19,2026-08-19T22:17:36+00:00,SPY,769.06,2026-09-18,30,C,807.0,0.04933,0.51,0.53,0.52,0.0385,262,963,0.10242596801757811
2026-08-19,2026-08-19T22:17:36+00:00,SPY,769.06,2026-09-18,30,C,808.0,0.05063,0.46,0.48,0.47,0.0426,97,1140,0.10242596801757811
2026-08-19,2026-08-19T22:17:36+00:00,SPY,769.06,2026-09-18,30,C,809.0,0.05193,0.41,0.43,0.42,0.0476,170,1139,0.10218182983398436
2026-08-19,2026-08-19T22:17:36+00:00,SPY,769.06,2026-09-18,30,C,810.0,0.05323,0.38,0.39,0.385,0.026,696,8142,0.10230389892578123
2026-08-19,2026-08-19T22:17:36+00:00,SPY,769.06,2026-09-18,30,C,811.0,0.05453,0.34,0.35,0.345,0.029,31,1092,0.10218182983398436
2026-08-19,2026-08-19T22:17:36+00:00,SPY,769.06,2026-09-18,30,C,812.0,0.05583,0.3,0.32,0.31,0.0645,25,1034,0.10242596801757811
2026-08-19,2026-08-19T22:17:36+00:00,SPY,769.06,2026-09-18,30,C,813.0,0.05713,0.28,0.29,0.285,0.0351,334,3993,0.10254803710937499
2026-08-19,2026-08-19T22:17:36+00:00,SPY,769.06,2026-09-18,30,C,814.0,0.05843,0.25,0.26,0.255,0.0392,6,829,0.10242596801757811
2026-08-19,2026-08-19T22:17:36+00:00,SPY,769.06,2026-09-18,30,C,815.0,0.05974,0.23,0.24,0.235,0.0426,1411,12648,0.10291424438476562
2026-08-19,2026-08-19T22:17:36+00:00,SPY,769.06,2026-09-18,30,C,816.0,0.06104,0.21,0.22,0.215,0.0465,76,951,0.10328045166015623
2026-08-19,2026-08-19T22:17:36+00:00,SPY,769.06,2026-09-18,30,C,817.0,0.06234,0.19,0.2,0.195,0.0513,307,791,0.10352458984374999
2026-08-19,2026-08-19T22:17:36+00:00,SPY,769.06,2026-09-18,30,C,818.0,0.06364,0.17,0.18,0.175,0.0571,8,3172,0.10352458984374999
2026-08-19,2026-08-19T22:17:36+00:00,SPY,769.06,2026-09-18,30,C,819.0,0.06494,0.16,0.17,0.165,0.0606,51,352,0.10425700439453123
2026-08-19,2026-08-19T22:17:36+00:00,SPY,769.06,2026-09-18,30,C,820.0,0.06624,0.15,0.16,0.155,0.0645,327,31669,0.10511148803710937
2026-08-19,2026-08-19T22:17:36+00:00,SPY,769.06,2026-09-18,30,C,821.0,0.06754,0.14,0.15,0.145,0.069,901,622,0.10572183349609374
2026-08-19,2026-08-19T22:17:36+00:00,SPY,769.06,2026-09-18,30,C,822.0,0.06884,0.13,0.14,0.135,0.0741,56,1542,0.106454248046875
2026-08-19,2026-08-19T22:17:36+00:00,SPY,769.06,2026-09-18,30,C,823.0,0.07014,0.12,0.13,0.125,0.08,2021,602,0.1069425244140625
2026-08-19,2026-08-19T22:17:36+00:00,SPY,769.06,2026-09-18,30,C,824.0,0.07144,0.11,0.12,0.115,0.087,929,1139,0.10743080078125
2026-08-19,2026-08-19T22:17:36+00:00,SPY,769.06,2026-09-18,30,C,825.0,0.07274,0.11,0.12,0.115,0.087,639,9174,0.1088956298828125
2026-08-19,2026-08-19T22:17:36+00:00,SPY,769.06,2026-09-18,30,C,830.0,0.07924,0.08,0.09,0.085,0.1176,268,7965,0.1128018408203125
2026-08-19,2026-08-19T22:17:36+00:00,SPY,769.06,2026-09-18,30,C,835.0,0.08574,0.06,0.07,0.065,0.1538,58,4928,0.1167080517578125
2026-08-19,2026-08-19T22:17:36+00:00,SPY,769.06,2026-09-18,30,C,840.0,0.09224,0.05,0.06,0.055,0.1818,18,5702,0.12207909179687501
2026-08-19,2026-08-19T22:17:36+00:00,SPY,769.06,2026-09-18,30,C,845.0,0.09874,0.04,0.05,0.045,0.2222,13,10472,0.12647357910156248
2026-08-19,2026-08-19T22:17:36+00:00,SPY,769.06,2026-09-18,30,P,693.0,-0.0989,1.02,1.04,1.03,0.0194,6,1190,0.2205888488769531
2026-08-19,2026-08-19T22:17:36+00:00,SPY,769.06,2026-09-18,30,P,694.0,-0.0976,1.04,1.06,1.05,0.019,196,908,0.21900195068359374
2026-08-19,2026-08-19T22:17:36+00:00,SPY,769.06,2026-09-18,30,P,695.0,-0.0963,1.06,1.08,1.07,0.0187,2949,6419,0.21741505249023438
2026-08-19,2026-08-19T22:17:36+00:00,SPY,769.06,2026-09-18,30,P,696.0,-0.095,1.08,1.1,1.09,0.0183,17,1070,0.2157060852050781
2026-08-19,2026-08-19T22:17:36+00:00,SPY,769.06,2026-09-18,30,P,697.0,-0.0937,1.11,1.12,1.115,0.009,3,794,0.21411918701171873
2026-08-19,2026-08-19T22:17:36+00:00,SPY,769.06,2026-09-18,30,P,698.0,-0.0924,1.13,1.15,1.14,0.0175,31,2078,0.21277642700195312
2026-08-19,2026-08-19T22:17:36+00:00,SPY,769.06,2026-09-18,30,P,699.0,-0.0911,1.16,1.17,1.165,0.0086,465,1241,0.21106745971679686
2026-08-19,2026-08-19T22:17:36+00:00,SPY,769.06,2026-09-18,30,P,700.0,-0.0898,1.18,1.2,1.19,0.0168,5028,58220,0.20972469970703123
2026-08-19,2026-08-19T22:17:36+00:00,SPY,769.06,2026-09-18,30,P,701.0,-0.0885,1.21,1.22,1.215,0.0082,11,1549,0.20795469787597654
2026-08-19,2026-08-19T22:17:36+00:00,SPY,769.06,2026-09-18,30,P,702.0,-0.0872,1.23,1.25,1.24,0.0161,4,825,0.20655090332031245
2026-08-19,2026-08-19T22:17:36+00:00,SPY,769.06,2026-09-18,30,P,703.0,-0.0859,1.26,1.28,1.27,0.0157,8,625,0.20508607421874997
2026-08-19,2026-08-19T22:17:36+00:00,SPY,769.06,2026-09-18,30,P,704.0,-0.0846,1.29,1.31,1.3,0.0154,52,1310,0.2036212451171875
2026-08-19,2026-08-19T22:17:36+00:00,SPY,769.06,2026-09-18,30,P,705.0,-0.0833,1.32,1.34,1.33,0.015,360,9421,0.20215641601562498
2026-08-19,2026-08-19T22:17:36+00:00,SPY,769.06,2026-09-18,30,P,706.0,-0.082,1.35,1.37,1.36,0.0147,128,925,0.2005695178222656
2026-08-19,2026-08-19T22:17:36+00:00,SPY,769.06,2026-09-18,30,P,707.0,-0.0807,1.38,1.4,1.39,0.0144,27,1662,0.19898261962890623
2026-08-19,2026-08-19T22:17:36+00:00,SPY,769.06,2026-09-18,30,P,708.0,-0.0794,1.42,1.44,1.43,0.014,69,1145,0.19770089416503905
2026-08-19,2026-08-19T22:17:36+00:00,SPY,769.06,2026-09-18,30,P,709.0,-0.0781,1.45,1.47,1.46,0.0137,173,7390,0.1961139959716797
2026-08-19,2026-08-19T22:17:36+00:00,SPY,769.06,2026-09-18,30,P,710.0,-0.0768,1.49,1.5,1.495,0.0067,431,55693,0.19440502868652343
2026-08-19,2026-08-19T22:17:36+00:00,SPY,769.06,2026-09-18,30,P,711.0,-0.07549,1.53,1.54,1.535,0.0065,47,2722,0.19300123413085937
2026-08-19,2026-08-19T22:17:36+00:00,SPY,769.06,2026-09-18,30,P,712.0,-0.07419,1.56,1.58,1.57,0.0127,301,1752,0.19159743957519532
2026-08-19,2026-08-19T22:17:36+00:00,SPY,769.06,2026-09-18,30,P,713.0,-0.07289,1.6,1.62,1.61,0.0124,240,1115,0.19013261047363283
2026-08-19,2026-08-19T22:17:36+00:00,SPY,769.06,2026-09-18,30,P,714.0,-0.07159,1.64,1.66,1.65,0.0121,20,1727,0.18860674682617187
2026-08-19,2026-08-19T22:17:36+00:00,SPY,769.06,2026-09-18,30,P,715.0,-0.07029,1.69,1.71,1.7,0.0118,3305,31949,0.18738605590820312
2026-08-19,2026-08-19T22:17:36+00:00,SPY,769.06,2026-09-18,30,P,716.0,-0.06899,1.73,1.75,1.74,0.0115,75,1498,0.18579915771484373
2026-08-19,2026-08-19T22:17:36+00:00,SPY,769.06,2026-09-18,30,P,717.0,-0.06769,1.78,1.8,1.79,0.0112,416,2026,0.18439536315917968
2026-08-19,2026-08-19T22:17:36+00:00,SPY,769.06,2026-09-18,30,P,718.0,-0.06639,1.83,1.85,1.84,0.0109,175,2454,0.1830220858764648
2026-08-19,2026-08-19T22:17:36+00:00,SPY,769.06,2026-09-18,30,P,719.0,-0.06509,1.88,1.9,1.89,0.0106,469,4020,0.18158777404785154
2026-08-19,2026-08-19T22:17:36+00:00,SPY,769.06,2026-09-18,30,P,720.0,-0.06379,1.93,1.95,1.94,0.0103,1792,41621,0.18009242767333983
2026-08-19,2026-08-19T22:17:36+00:00,SPY,769.06,2026-09-18,30,P,721.0,-0.06249,1.98,2.0,1.99,0.0101,180,2264,0.1785360467529297
2026-08-19,2026-08-19T22:17:36+00:00,SPY,769.06,2026-09-18,30,P,722.0,-0.06119,2.04,2.06,2.05,0.0098,82,2104,0.17722380401611326
2026-08-19,2026-08-19T22:17:36+00:00,SPY,769.06,2026-09-18,30,P,723.0,-0.05989,2.1,2.12,2.11,0.0095,89,2453,0.17585052673339846
2026-08-19,2026-08-19T22:17:36+00:00,SPY,769.06,2026-09-18,30,P,724.0,-0.05859,2.16,2.18,2.17,0.0092,219,1124,0.17438569763183598
2026-08-19,2026-08-19T22:17:36+00:00,SPY,769.06,2026-09-18,30,P,725.0,-0.05729,2.22,2.24,2.23,0.009,982,24793,0.17292086853027344
2026-08-19,2026-08-19T22:17:36+00:00,SPY,769.06,2026-09-18,30,P,726.0,-0.05599,2.29,2.31,2.3,0.0087,150,3563,0.17160862579345704
2026-08-19,2026-08-19T22:17:36+00:00,SPY,769.06,2026-09-18,30,P,727.0,-0.05469,2.35,2.38,2.365,0.0127,491,1339,0.17023534851074223
2026-08-19,2026-08-19T22:17:36+00:00,SPY,769.06,2026-09-18,30,P,728.0,-0.05339,2.42,2.45,2.435,0.0123,161,1530,0.16883155395507815
2026-08-19,2026-08-19T22:17:36+00:00,SPY,769.06,2026-09-18,30,P,729.0,-0.05209,2.5,2.52,2.51,0.008,233,9511,0.16736672485351564
2026-08-19,2026-08-19T22:17:36+00:00,SPY,769.06,2026-09-18,30,P,730.0,-0.05079,2.57,2.59,2.58,0.0078,18941,55334,0.1658103439331055
2026-08-19,2026-08-19T22:17:36+00:00,SPY,769.06,2026-09-18,30,P,731.0,-0.04949,2.65,2.68,2.665,0.0113,124,2673,0.16462017028808595
2026-08-19,2026-08-19T22:17:36+00:00,SPY,769.06,2026-09-18,30,P,732.0,-0.04819,2.74,2.76,2.75,0.0073,11176,27591,0.1631858584594727
2026-08-19,2026-08-19T22:17:36+00:00,SPY,769.06,2026-09-18,30,P,733.0,-0.04689,2.82,2.85,2.835,0.0106,18645,2661,0.16187361572265624
2026-08-19,2026-08-19T22:17:36+00:00,SPY,769.06,2026-09-18,30,P,734.0,-0.04559,2.91,2.94,2.925,0.0103,60,7577,0.16050033843994144
2026-08-19,2026-08-19T22:17:36+00:00,SPY,769.06,2026-09-18,30,P,735.0,-0.04429,3.01,3.03,3.02,0.0066,1459,32311,0.15906602661132813
2026-08-19,2026-08-19T22:17:36+00:00,SPY,769.06,2026-09-18,30,P,736.0,-0.04299,3.1,3.13,3.115,0.0096,58,16745,0.1577232666015625
2026-08-19,2026-08-19T22:17:36+00:00,SPY,769.06,2026-09-18,30,P,737.0,-0.04169,3.21,3.23,3.22,0.0062,145,3177,0.15631947204589847
2026-08-19,2026-08-19T22:17:36+00:00,SPY,769.06,2026-09-18,30,P,738.0,-0.04039,3.31,3.34,3.325,0.009,175,3613,0.1550377465820313
2026-08-19,2026-08-19T22:17:36+00:00,SPY,769.06,2026-09-18,30,P,739.0,-0.03909,3.42,3.45,3.435,0.0087,323,20653,0.15366446929931643
2026-08-19,2026-08-19T22:17:36+00:00,SPY,769.06,2026-09-18,30,P,740.0,-0.03779,3.54,3.56,3.55,0.0056,11745,18833,0.15223015747070315
2026-08-19,2026-08-19T22:17:36+00:00,SPY,769.06,2026-09-18,30,P,741.0,-0.03649,3.66,3.68,3.67,0.0054,209,3213,0.15088739746093754
2026-08-19,2026-08-19T22:17:36+00:00,SPY,769.06,2026-09-18,30,P,742.0,-0.03519,3.78,3.81,3.795,0.0079,320,2920,0.14963618927001954
2026-08-19,2026-08-19T22:17:36+00:00,SPY,769.06,2026-09-18,30,P,743.0,-0.03389,3.91,3.94,3.925,0.0076,438,2976,0.1482629119873047
2026-08-19,2026-08-19T22:17:36+00:00,SPY,769.06,2026-09-18,30,P,744.0,-0.03259,4.05,4.07,4.06,0.0049,860,2617,0.14685911743164062
2026-08-19,2026-08-19T22:17:36+00:00,SPY,769.06,2026-09-18,30,P,745.0,-0.03128,4.19,4.22,4.205,0.0071,673,18389,0.14563842651367187
2026-08-19,2026-08-19T22:17:36+00:00,SPY,769.06,2026-09-18,30,P,746.0,-0.02998,4.34,4.36,4.35,0.0046,640,3827,0.14418885604858395
2026-08-19,2026-08-19T22:17:36+00:00,SPY,769.06,2026-09-18,30,P,747.0,-0.02868,4.49,4.52,4.505,0.0067,189,3118,0.14295290649414064
2026-08-19,2026-08-19T22:17:36+00:00,SPY,769.06,2026-09-18,30,P,748.0,-0.02738,4.65,4.68,4.665,0.0064,339,2274,0.141610146484375
2026-08-19,2026-08-19T22:17:36+00:00,SPY,769.06,2026-09-18,30,P,749.0,-0.02608,4.82,4.85,4.835,0.0062,595,2830,0.1403284210205078
2026-08-19,2026-08-19T22:17:36+00:00,SPY,769.06,2026-09-18,30,P,750.0,-0.02478,5.0,5.02,5.01,0.004,6826,31621,0.138955143737793
2026-08-19,2026-08-19T22:17:36+00:00,SPY,769.06,2026-09-18,30,P,751.0,-0.02348,5.18,5.21,5.195,0.0058,402,1475,0.13773445281982422
2026-08-19,2026-08-19T22:17:36+00:00,SPY,769.06,2026-09-18,30,P,752.0,-0.02218,5.37,5.4,5.385,0.0056,668,2071,0.1364222100830078
2026-08-19,2026-08-19T22:17:36+00:00,SPY,769.06,2026-09-18,30,P,753.0,-0.02088,5.57,5.6,5.585,0.0054,235,2833,0.13514048461914066
2026-08-19,2026-08-19T22:17:36+00:00,SPY,769.06,2026-09-18,30,P,754.0,-0.01958,5.78,5.81,5.795,0.0052,429,2627,0.13385875915527345
2026-08-19,2026-08-19T22:17:36+00:00,SPY,769.06,2026-09-18,30,P,755.0,-0.01828,5.99,6.02,6.005,0.005,2498,35919,0.1324854818725586
2026-08-19,2026-08-19T22:17:36+00:00,SPY,769.06,2026-09-18,30,P,756.0,-0.01698,6.22,6.25,6.235,0.0048,502,2047,0.13123427368164062
2026-08-19,2026-08-19T22:17:36+00:00,SPY,769.06,2026-09-18,30,P,757.0,-0.01568,6.46,6.49,6.475,0.0046,108,3495,0.13001358276367186
2026-08-19,2026-08-19T22:17:36+00:00,SPY,769.06,2026-09-18,30,P,758.0,-0.01438,6.7,6.73,6.715,0.0045,442,3591,0.12867082275390623
2026-08-19,2026-08-19T22:17:36+00:00,SPY,769.06,2026-09-18,30,P,759.0,-0.01308,6.96,6.99,6.975,0.0043,338,2002,0.12741961456298828
2026-08-19,2026-08-19T22:17:36+00:00,SPY,769.06,2026-09-18,30,P,760.0,-0.01178,7.23,7.26,7.245,0.0041,7420,48758,0.1261684063720703
2026-08-19,2026-08-19T22:17:36+00:00,SPY,769.06,2026-09-18,30,P,761.0,-0.01048,7.51,7.55,7.53,0.0053,271,1463,0.12503926727294923
2026-08-19,2026-08-19T22:17:36+00:00,SPY,769.06,2026-09-18,30,P,762.0,-0.00918,7.81,7.84,7.825,0.0038,374,1393,0.12375754180908202
2026-08-19,2026-08-19T22:17:36+00:00,SPY,769.06,2026-09-18,30,P,763.0,-0.00788,8.11,8.15,8.13,0.0049,182,806,0.12256736816406251
2026-08-19,2026-08-19T22:17:36+00:00,SPY,769.06,2026-09-18,30,P,764.0,-0.00658,8.43,8.47,8.45,0.0047,457,1240,0.12136193588256836
2026-08-19,2026-08-19T22:17:36+00:00,SPY,769.06,2026-09-18,30,P,765.0,-0.00528,8.77,8.8,8.785,0.0034,2263,23563,0.12011072769165038
2026-08-19,2026-08-19T22:17:36+00:00,SPY,769.06,2026-09-18,30,P,766.0,-0.00398,9.12,9.15,9.135,0.0033,521,1209,0.11893581268310546
2026-08-19,2026-08-19T22:17:36+00:00,SPY,769.06,2026-09-18,30,P,767.0,-0.00268,9.49,9.52,9.505,0.0032,611,1784,0.11783719085693359
2026-08-19,2026-08-19T22:17:36+00:00,SPY,769.06,2026-09-18,30,P,768.0,-0.00138,9.86,9.9,9.88,0.004,2440,1897,0.11667753448486329
2026-08-19,2026-08-19T22:17:36+00:00,SPY,769.06,2026-09-18,30,P,769.0,-8e-05,10.26,10.29,10.275,0.0029,2880,1619,0.11545684356689453
2026-08-19,2026-08-19T22:17:36+00:00,SPY,769.06,2026-09-18,30,P,770.0,0.00122,10.67,10.71,10.69,0.0037,6965,16602,0.11441925628662111
2026-08-19,2026-08-19T22:17:36+00:00,SPY,769.06,2026-09-18,30,P,771.0,0.00252,11.1,11.14,11.12,0.0036,1346,1958,0.11332063446044921
2026-08-19,2026-08-19T22:17:36+00:00,SPY,769.06,2026-09-18,30,P,772.0,0.00382,11.55,11.58,11.565,0.0026,698,2230,0.11213046081542967
2026-08-19,2026-08-19T22:17:36+00:00,SPY,769.06,2026-09-18,30,P,773.0,0.00512,12.01,12.05,12.03,0.0033,1486,4300,0.11112339080810546
2026-08-19,2026-08-19T22:17:36+00:00,SPY,769.06,2026-09-18,30,P,774.0,0.00642,12.3,12.69,12.495,0.0312,226,4284,0.11182528808593749
2026-08-19,2026-08-19T22:17:36+00:00,SPY,769.06,2026-09-18,30,P,775.0,0.00772,12.76,13.21,12.985,0.0347,739,8827,0.11100132171630858
2026-08-19,2026-08-19T22:17:36+00:00,SPY,769.06,2026-09-18,30,P,776.0,0.00902,13.26,13.74,13.5,0.0356,236,2152,0.11011632080078124
2026-08-19,2026-08-19T22:17:36+00:00,SPY,769.06,2026-09-18,30,P,777.0,0.01032,13.78,14.34,14.06,0.0398,184,1690,0.10982640670776367
2026-08-19,2026-08-19T22:17:36+00:00,SPY,769.06,2026-09-18,30,P,778.0,0.01162,14.31,14.91,14.61,0.0411,129,1297,0.10900244033813475
2026-08-19,2026-08-19T22:17:36+00:00,SPY,769.06,2026-09-18,30,P,779.0,0.01292,14.87,15.5,15.185,0.0415,44,1210,0.10822424987792968
2026-08-19,2026-08-19T22:17:36+00:00,SPY,769.06,2026-09-18,30,P,780.0,0.01423,15.58,16.1,15.84,0.0328,832,3944,0.10733924896240235
2026-08-19,2026-08-19T22:17:36+00:00,SPY,769.06,2026-09-18,30,P,781.0,0.01553,16.08,17.83,16.955,0.1032,35,536,0.12024805541992187
2026-08-19,2026-08-19T22:17:36+00:00,SPY,769.06,2026-09-18,30,P,782.0,0.01683,15.75,18.47,17.11,0.159,40,484,0.11969874450683593
2026-08-19,2026-08-19T22:17:36+00:00,SPY,769.06,2026-09-18,30,P,783.0,0.01813,16.39,19.12,17.755,0.1538,14,673,0.11911891632080077
2026-08-19,2026-08-19T22:17:36+00:00,SPY,769.06,2026-09-18,30,P,784.0,0.01943,17.06,19.79,18.425,0.1482,6,115,0.11860012268066406
2026-08-19,2026-08-19T22:17:36+00:00,SPY,769.06,2026-09-18,30,P,785.0,0.02073,18.59,19.54,19.065,0.0498,112,1162,0.1054776953125
2026-08-19,2026-08-19T22:17:36+00:00,SPY,769.06,2026-09-18,30,P,786.0,0.02203,18.45,21.18,19.815,0.1378,14,49,0.1176846044921875
2026-08-19,2026-08-19T22:17:36+00:00,SPY,769.06,2026-09-18,30,P,787.0,0.02333,19.17,21.9,20.535,0.1329,2,100,0.11728787994384765
2026-08-19,2026-08-19T22:17:36+00:00,SPY,769.06,2026-09-18,30,P,788.0,0.02463,19.91,22.64,21.275,0.1283,10,54,0.11698270721435547
2026-08-19,2026-08-19T22:17:36+00:00,SPY,769.06,2026-09-18,30,P,789.0,0.02593,20.67,23.39,22.03,0.1235,2,144,0.11664701721191406
2026-08-19,2026-08-19T22:17:36+00:00,SPY,769.06,2026-09-18,30,P,790.0,0.02723,21.44,24.16,22.8,0.1193,30,1968,0.11643339630126953
2026-08-19,2026-08-19T22:17:36+00:00,SPY,769.06,2026-09-18,30,P,791.0,0.02853,22.22,24.92,23.57,0.1146,23,501,0.11585356811523437
2026-08-19,2026-08-19T22:17:36+00:00,SPY,769.06,2026-09-18,30,P,792.0,0.02983,23.6,25.75,24.675,0.0871,2,532,0.116219775390625
2026-08-19,2026-08-19T22:17:36+00:00,SPY,769.06,2026-09-18,30,P,793.0,0.03113,23.76,26.56,25.16,0.1113,2,32,0.11612822357177735
2026-08-19,2026-08-19T22:17:36+00:00,SPY,769.06,2026-09-18,30,P,794.0,0.03243,24.59,27.38,25.985,0.1074,1,5,0.11600615447998047
2026-08-19,2026-08-19T22:17:36+00:00,SPY,769.06,2026-09-18,30,P,795.0,0.03373,25.43,28.22,26.825,0.104,30,856,0.1160671890258789
2026-08-19,2026-08-19T22:17:36+00:00,SPY,769.06,2026-09-18,30,P,796.0,0.03503,26.28,29.08,27.68,0.1012,3,3,0.11634184448242188
2026-08-19,2026-08-19T22:17:36+00:00,SPY,769.06,2026-09-18,30,P,797.0,0.03633,27.15,29.95,28.55,0.0981,3,77,0.11664701721191406
2026-08-19,2026-08-19T22:17:36+00:00,SPY,769.06,2026-09-18,30,P,798.0,0.03763,28.03,30.83,29.43,0.0951,100,10,0.1170437417602539
2026-08-19,2026-08-19T22:17:36+00:00,SPY,769.06,2026-09-18,30,P,799.0,0.03893,28.92,31.73,30.325,0.0927,40,13,0.1176846044921875
2026-08-19,2026-08-19T22:17:36+00:00,SPY,769.06,2026-09-18,30,P,800.0,0.04023,29.85,32.65,31.25,0.0896,2,1421,0.1186611572265625
2026-08-19,2026-08-19T22:17:36+00:00,SPY,769.06,2026-09-18,30,P,801.0,0.04153,30.79,33.59,32.19,0.087,4,2,0.11994288269042967
2026-08-19,2026-08-19T22:17:36+00:00,SPY,769.06,2026-09-18,30,P,802.0,0.04283,31.74,34.55,33.145,0.0848,2,8682,0.12162133270263673
2026-08-19,2026-08-19T22:17:36+00:00,SPY,769.06,2026-09-18,30,P,803.0,0.04413,32.73,35.53,34.13,0.082,2,1,0.1236965072631836
2026-08-19,2026-08-19T22:17:36+00:00,SPY,769.06,2026-09-18,30,P,804.0,0.04543,33.72,36.52,35.12,0.0797,2,0,0.125985302734375
2026-08-19,2026-08-19T22:17:36+00:00,SPY,769.06,2026-09-18,30,P,805.0,0.04673,34.72,37.51,36.115,0.0773,2,12,0.12824358093261717
2026-08-19,2026-08-19T22:17:36+00:00,SPY,769.06,2026-09-18,30,P,806.0,0.04803,35.72,38.52,37.12,0.0754,77,3,0.13092910095214844
2026-08-19,2026-08-19T22:17:36+00:00,SPY,769.06,2026-09-18,30,P,807.0,0.04933,36.72,39.51,38.115,0.0732,1,3,0.1331568618774414
2026-08-19,2026-08-19T22:17:36+00:00,SPY,769.06,2026-09-18,30,P,808.0,0.05063,37.72,40.52,39.12,0.0716,45,0,0.13584238189697267
2026-08-19,2026-08-19T22:17:36+00:00,SPY,769.06,2026-09-18,30,P,809.0,0.05193,38.72,41.52,40.12,0.0698,0,0,0.13825324645996095
2026-08-19,2026-08-19T22:17:36+00:00,SPY,769.06,2026-09-18,30,P,810.0,0.05323,39.72,42.52,41.12,0.0681,2,0,0.14069462829589846
2026-08-19,2026-08-19T22:17:36+00:00,SPY,769.06,2026-09-18,30,P,811.0,0.05453,40.72,43.52,42.12,0.0665,1,1,0.1430749755859375
2026-08-19,2026-08-19T22:17:36+00:00,SPY,769.06,2026-09-18,30,P,812.0,0.05583,41.71,44.52,43.115,0.0652,0,0,0.1454858401489258
2026-08-19,2026-08-19T22:17:36+00:00,SPY,769.06,2026-09-18,30,P,813.0,0.05713,42.72,45.52,44.12,0.0635,0,0,0.14783567016601565
2026-08-19,2026-08-19T22:17:36+00:00,SPY,769.06,2026-09-18,30,P,814.0,0.05843,43.72,46.52,45.12,0.0621,0,0,0.15021601745605473
2026-08-19,2026-08-19T22:17:36+00:00,SPY,769.06,2026-09-18,30,P,815.0,0.05974,44.72,47.52,46.12,0.0607,4,0,0.15259636474609378
2026-08-19,2026-08-19T22:17:36+00:00,SPY,769.06,2026-09-18,30,P,816.0,0.06104,45.71,48.52,47.115,0.0596,0,0,0.1549156774902344
2026-08-19,2026-08-19T22:17:36+00:00,SPY,769.06,2026-09-18,30,P,817.0,0.06234,46.72,49.51,48.115,0.058,0,0,0.15699085205078128
2026-08-19,2026-08-19T22:17:36+00:00,SPY,769.06,2026-09-18,30,P,818.0,0.06364,47.72,50.52,49.12,0.057,1,0,0.1595543029785156
2026-08-19,2026-08-19T22:17:36+00:00,SPY,769.06,2026-09-18,30,P,819.0,0.06494,48.72,51.52,50.12,0.0559,0,0,0.16187361572265624
2026-08-19,2026-08-19T22:17:36+00:00,SPY,769.06,2026-09-18,30,P,820.0,0.06624,49.72,52.52,51.12,0.0548,5,0,0.1641929284667969
2026-08-19,2026-08-19T22:17:36+00:00,SPY,769.06,2026-09-18,30,P,821.0,0.06754,50.72,53.52,52.12,0.0537,1,0,0.1664512066650391
2026-08-19,2026-08-19T22:17:36+00:00,SPY,769.06,2026-09-18,30,P,825.0,0.07274,54.71,57.51,56.11,0.0499,2,0,0.17524018127441404
2026-08-19,2026-08-19T22:17:36+00:00,SPY,769.06,2026-09-18,30,P,830.0,0.07924,59.72,62.51,61.115,0.0457,64,10,0.1863484686279297
2026-08-19,2026-08-19T22:17:36+00:00,SPY,769.06,2026-09-18,30,P,840.0,0.09224,184.15,188.03,186.09,0.0209,0,0,1.5967732563781736
2026-08-19,2026-08-19T22:17:36+00:00,SPY,769.06,2026-10-16,58,C,695.0,-0.0963,78.44,81.26,79.85,0.0353,1,1034,0.26593751647949215
2026-08-19,2026-08-19T22:17:36+00:00,SPY,769.06,2026-10-16,58,C,700.0,-0.0898,73.83,76.43,75.13,0.0346,11,875,0.25571423004150395
2026-08-19,2026-08-19T22:17:36+00:00,SPY,769.06,2026-10-16,58,C,701.0,-0.0885,72.82,75.62,74.22,0.0377,2,20,0.2556226782226563
2026-08-19,2026-08-19T22:17:36+00:00,SPY,769.06,2026-10-16,58,C,702.0,-0.0872,71.89,74.7,73.295,0.0383,2,75,0.2541273318481446
2026-08-19,2026-08-19T22:17:36+00:00,SPY,769.06,2026-10-16,58,C,703.0,-0.0859,70.96,73.77,72.365,0.0388,2,6,0.2524793991088867
2026-08-19,2026-08-19T22:17:36+00:00,SPY,769.06,2026-10-16,58,C,704.0,-0.0846,70.03,72.83,71.43,0.0392,2,72,0.2506788800048828
2026-08-19,2026-08-19T22:17:36+00:00,SPY,769.06,2026-10-16,58,C,705.0,-0.0833,69.1,71.89,70.495,0.0396,2,337,0.2488783609008789
2026-08-19,2026-08-19T22:17:36+00:00,SPY,769.06,2026-10-16,58,C,706.0,-0.082,68.17,70.97,69.57,0.0402,0,23,0.24730672134399412
2026-08-19,2026-08-19T22:17:36+00:00,SPY,769.06,2026-10-16,58,C,707.0,-0.0807,67.25,70.04,68.645,0.0406,0,41,0.24559775405883788
2026-08-19,2026-08-19T22:17:36+00:00,SPY,769.06,2026-10-16,58,C,708.0,-0.0794,66.32,69.12,67.72,0.0413,0,1,0.24399559722900394
2026-08-19,2026-08-19T22:17:36+00:00,SPY,769.06,2026-10-16,58,C,709.0,-0.0781,65.4,68.19,66.795,0.0418,1,2,0.24225611267089842
2026-08-19,2026-08-19T22:17:36+00:00,SPY,769.06,2026-10-16,58,C,710.0,-0.0768,64.48,67.27,65.875,0.0424,2,1023,0.2406081799316406
2026-08-19,2026-08-19T22:17:36+00:00,SPY,769.06,2026-10-16,58,C,711.0,-0.07549,63.56,66.35,64.955,0.043,3,5,0.2389602471923828
2026-08-19,2026-08-19T22:17:36+00:00,SPY,769.06,2026-10-16,58,C,712.0,-0.07419,62.64,65.43,64.035,0.0436,1,12,0.2372970558166504
2026-08-19,2026-08-19T22:17:36+00:00,SPY,769.06,2026-10-16,58,C,713.0,-0.07289,61.72,64.51,63.115,0.0442,1,2,0.2356033471679687
2026-08-19,2026-08-19T22:17:36+00:00,SPY,769.06,2026-10-16,58,C,714.0,-0.07159,60.8,63.6,62.2,0.045,80,80,0.23401644897460935
2026-08-19,2026-08-19T22:17:36+00:00,SPY,769.06,2026-10-16,58,C,715.0,-0.07029,59.88,62.68,61.28,0.0457,1,339,0.23230748168945312
2026-08-19,2026-08-19T22:17:36+00:00,SPY,769.06,2026-10-16,58,C,716.0,-0.06899,58.98,61.78,60.38,0.0464,1,17,0.2307816180419922
2026-08-19,2026-08-19T22:17:36+00:00,SPY,769.06,2026-10-16,58,C,718.0,-0.06639,57.16,59.96,58.56,0.0478,1,17,0.22748575256347653
2026-08-19,2026-08-19T22:17:36+00:00,SPY,769.06,2026-10-16,58,C,719.0,-0.06509,56.28,59.05,57.665,0.048,5,11,0.22580730255126952
2026-08-19,2026-08-19T22:17:36+00:00,SPY,769.06,2026-10-16,58,C,720.0,-0.06379,55.76,58.15,56.955,0.042,4,449,0.22420514572143552
2026-08-19,2026-08-19T22:17:36+00:00,SPY,769.06,2026-10-16,58,C,721.0,-0.06249,54.45,57.25,55.85,0.0501,9,29,0.2225877302551269
2026-08-19,2026-08-19T22:17:36+00:00,SPY,769.06,2026-10-16,58,C,722.0,-0.06119,53.58,56.36,54.97,0.0506,74,76,0.22106186660766602
2026-08-19,2026-08-19T22:17:36+00:00,SPY,769.06,2026-10-16,58,C,723.0,-0.05989,52.67,55.46,54.065,0.0516,2,7,0.21939867523193357
2026-08-19,2026-08-19T22:17:36+00:00,SPY,769.06,2026-10-16,58,C,724.0,-0.05859,51.77,54.57,53.17,0.0527,2,11,0.2178422943115234
2026-08-19,2026-08-19T22:17:36+00:00,SPY,769.06,2026-10-16,58,C,725.0,-0.05729,50.89,53.68,52.285,0.0534,2,395,0.2162401374816894
2026-08-19,2026-08-19T22:17:36+00:00,SPY,769.06,2026-10-16,58,C,726.0,-0.05599,50.0,52.8,51.4,0.0545,1,19,0.21472953247070312
2026-08-19,2026-08-19T22:17:36+00:00,SPY,769.06,2026-10-16,58,C,727.0,-0.05469,49.12,51.91,50.515,0.0552,1,83,0.2130815997314453
2026-08-19,2026-08-19T22:17:36+00:00,SPY,769.06,2026-10-16,58,C,728.0,-0.05339,48.24,51.03,49.635,0.0562,1,9,0.21152521881103514
2026-08-19,2026-08-19T22:17:36+00:00,SPY,769.06,2026-10-16,58,C,729.0,-0.05209,47.36,50.15,48.755,0.0572,22,34,0.20993832061767576
2026-08-19,2026-08-19T22:17:36+00:00,SPY,769.06,2026-10-16,58,C,730.0,-0.05079,47.24,49.28,48.26,0.0423,81,862,0.20842771560668938
2026-08-19,2026-08-19T22:17:36+00:00,SPY,769.06,2026-10-16,58,C,731.0,-0.04949,45.61,48.4,47.005,0.0594,6,58,0.2067950415039062
2026-08-19,2026-08-19T22:17:36+00:00,SPY,769.06,2026-10-16,58,C,732.0,-0.04819,44.74,47.54,46.14,0.0607,9,29,0.20533021240234373
2026-08-19,2026-08-19T22:17:36+00:00,SPY,769.06,2026-10-16,58,C,733.0,-0.04689,43.88,46.67,45.275,0.0616,2,178,0.20372805557250978
2026-08-19,2026-08-19T22:17:36+00:00,SPY,769.06,2026-10-16,58,C,734.0,-0.04559,43.01,45.81,44.41,0.063,6,30,0.2022174505615234
2026-08-19,2026-08-19T22:17:36+00:00,SPY,769.06,2026-10-16,58,C,735.0,-0.04429,42.9,44.96,43.93,0.0469,5,1760,0.20075262145996092
2026-08-19,2026-08-19T22:17:36+00:00,SPY,769.06,2026-10-16,58,C,736.0,-0.04299,41.31,44.1,42.705,0.0653,75,89,0.19918098190307615
2026-08-19,2026-08-19T22:17:36+00:00,SPY,769.06,2026-10-16,58,C,737.0,-0.04169,40.45,43.26,41.855,0.0671,5,168,0.1977619287109375
2026-08-19,2026-08-19T22:17:36+00:00,SPY,769.06,2026-10-16,58,C,738.0,-0.04039,39.63,42.41,41.02,0.0678,139,221,0.19620554779052735
2026-08-19,2026-08-19T22:17:36+00:00,SPY,769.06,2026-10-16,58,C,739.0,-0.03909,38.78,41.57,40.175,0.0694,1,469,0.1947254600524902
2026-08-19,2026-08-19T22:17:36+00:00,SPY,769.06,2026-10-16,58,C,740.0,-0.03779,38.83,39.98,39.405,0.0292,74,1762,0.18616536499023437
2026-08-19,2026-08-19T22:17:36+00:00,SPY,769.06,2026-10-16,58,C,741.0,-0.03649,37.12,39.9,38.51,0.0722,42,209,0.19175002593994145
2026-08-19,2026-08-19T22:17:36+00:00,SPY,769.06,2026-10-16,58,C,742.0,-0.03519,36.27,39.07,37.67,0.0743,5,171,0.1902699382019043
2026-08-19,2026-08-19T22:17:36+00:00,SPY,769.06,2026-10-16,58,C,743.0,-0.03389,35.46,38.25,36.855,0.0757,100,168,0.18883562637329104
2026-08-19,2026-08-19T22:17:36+00:00,SPY,769.06,2026-10-16,58,C,744.0,-0.03259,34.64,37.44,36.04,0.0777,2,231,0.18744709045410157
2026-08-19,2026-08-19T22:17:36+00:00,SPY,769.06,2026-10-16,58,C,745.0,-0.03128,33.82,36.62,35.22,0.0795,25,1527,0.1859517440795898
2026-08-19,2026-08-19T22:17:36+00:00,SPY,769.06,2026-10-16,58,C,746.0,-0.02998,33.03,35.82,34.425,0.081,4,244,0.18457846679687498
2026-08-19,2026-08-19T22:17:36+00:00,SPY,769.06,2026-10-16,58,C,747.0,-0.02868,32.23,35.02,33.625,0.083,22,241,0.18317467224121092
2026-08-19,2026-08-19T22:17:36+00:00,SPY,769.06,2026-10-16,58,C,748.0,-0.02738,31.43,34.22,32.825,0.085,2,54,0.18174036041259767
2026-08-19,2026-08-19T22:17:36+00:00,SPY,769.06,2026-10-16,58,C,749.0,-0.02608,30.64,33.44,32.04,0.0874,50,366,0.18042811767578126
2026-08-19,2026-08-19T22:17:36+00:00,SPY,769.06,2026-10-16,58,C,750.0,-0.02478,30.88,31.66,31.27,0.0249,19,2746,0.17032690032958986
2026-08-19,2026-08-19T22:17:36+00:00,SPY,769.06,2026-10-16,58,C,751.0,-0.02348,29.09,31.82,30.455,0.0896,25,178,0.1771627694702148
2026-08-19,2026-08-19T22:17:36+00:00,SPY,769.06,2026-10-16,58,C,752.0,-0.02218,28.31,31.05,29.68,0.0923,3,460,0.17582000946044923
2026-08-19,2026-08-19T22:17:36+00:00,SPY,769.06,2026-10-16,58,C,753.0,-0.02088,27.55,30.28,28.915,0.0944,3,188,0.1744162149047852
2026-08-19,2026-08-19T22:17:36+00:00,SPY,769.06,2026-10-16,58,C,754.0,-0.01958,27.65,29.52,28.585,0.0654,4,574,0.17307345489501952
2026-08-19,2026-08-19T22:17:36+00:00,SPY,769.06,2026-10-16,58,C,755.0,-0.01828,26.89,28.78,27.835,0.0679,14,3256,0.17183750534057618
2026-08-19,2026-08-19T22:17:36+00:00,SPY,769.06,2026-10-16,58,C,756.0,-0.01698,26.16,28.04,27.1,0.0694,21,541,0.170555779876709
2026-08-19,2026-08-19T22:17:36+00:00,SPY,769.06,2026-10-16,58,C,757.0,-0.01568,25.56,27.3,26.43,0.0658,34,229,0.16922827850341798
2026-08-19,2026-08-19T22:17:36+00:00,SPY,769.06,2026-10-16,58,C,758.0,-0.01438,24.11,26.35,25.23,0.0888,3,177,0.1660849993896485
2026-08-19,2026-08-19T22:17:36+00:00,SPY,769.06,2026-10-16,58,C,759.0,-0.01308,24.14,24.95,24.545,0.033,1,315,0.1591575784301758
2026-08-19,2026-08-19T22:17:36+00:00,SPY,769.06,2026-10-16,58,C,760.0,-0.01178,23.5,24.07,23.785,0.024,46,7441,0.1565483515930176
2026-08-19,2026-08-19T22:17:36+00:00,SPY,769.06,2026-10-16,58,C,761.0,-0.01048,22.76,23.51,23.135,0.0324,1,342,0.156533092956543
2026-08-19,2026-08-19T22:17:36+00:00,SPY,769.06,2026-10-16,58,C,762.0,-0.00918,22.0,22.81,22.405,0.0362,2,230,0.1552971434020996
2026-08-19,2026-08-19T22:17:36+00:00,SPY,769.06,2026-10-16,58,C,763.0,-0.00788,21.43,22.15,21.79,0.033,3,376,0.15433584930419925
2026-08-19,2026-08-19T22:17:36+00:00,SPY,769.06,2026-10-16,58,C,764.0,-0.00658,20.75,21.52,21.135,0.0364,12,289,0.15355765884399414
2026-08-19,2026-08-19T22:17:36+00:00,SPY,769.06,2026-10-16,58,C,765.0,-0.00528,20.19,20.56,20.375,0.0182,108,5183,0.1500023965454102
2026-08-19,2026-08-19T22:17:36+00:00,SPY,769.06,2026-10-16,58,C,766.0,-0.00398,19.45,20.12,19.785,0.0339,28,452,0.1506432592773438
2026-08-19,2026-08-19T22:17:36+00:00,SPY,769.06,2026-10-16,58,C,767.0,-0.00268,18.93,19.48,19.205,0.0286,6,265,0.1495904133605957
2026-08-19,2026-08-19T22:17:36+00:00,SPY,769.06,2026-10-16,58,C,768.0,-0.00138,18.22,18.84,18.53,0.0335,65,363,0.1484765328979492
2026-08-19,2026-08-19T22:17:36+00:00,SPY,769.06,2026-10-16,58,C,769.0,-8e-05,17.81,17.86,17.835,0.0028,147,481,0.14452454605102538
2026-08-19,2026-08-19T22:17:36+00:00,SPY,769.06,2026-10-16,58,C,770.0,0.00122,17.2,17.24,17.22,0.0023,750,7467,0.1434259242248535
2026-08-19,2026-08-19T22:17:36+00:00,SPY,769.06,2026-10-16,58,C,771.0,0.00252,16.6,16.64,16.62,0.0024,464,879,0.1424188542175293
2026-08-19,2026-08-19T22:17:36+00:00,SPY,769.06,2026-10-16,58,C,772.0,0.00382,16.01,16.05,16.03,0.0025,394,1391,0.14141178421020512
2026-08-19,2026-08-19T22:17:36+00:00,SPY,769.06,2026-10-16,58,C,773.0,0.00512,15.43,15.47,15.45,0.0026,159,740,0.14041997283935548
2026-08-19,2026-08-19T22:17:36+00:00,SPY,769.06,2026-10-16,58,C,774.0,0.00642,14.86,14.91,14.885,0.0034,56,571,0.1395044546508789
2026-08-19,2026-08-19T22:17:36+00:00,SPY,769.06,2026-10-16,58,C,775.0,0.00772,14.31,14.35,14.33,0.0028,277,4226,0.13852790191650394
2026-08-19,2026-08-19T22:17:36+00:00,SPY,769.06,2026-10-16,58,C,776.0,0.00902,13.76,13.8,13.78,0.0029,100,588,0.1375360905456543
2026-08-19,2026-08-19T22:17:36+00:00,SPY,769.06,2026-10-16,58,C,777.0,0.01032,13.23,13.27,13.25,0.003,35,466,0.13663583099365234
2026-08-19,2026-08-19T22:17:36+00:00,SPY,769.06,2026-10-16,58,C,778.0,0.01162,12.71,12.75,12.73,0.0031,44,2159,0.13573557144165044
2026-08-19,2026-08-19T22:17:36+00:00,SPY,769.06,2026-10-16,58,C,779.0,0.01292,12.2,12.24,12.22,0.0033,43,1568,0.13483531188964848
2026-08-19,2026-08-19T22:17:36+00:00,SPY,769.06,2026-10-16,58,C,780.0,0.01423,11.7,11.75,11.725,0.0043,621,4939,0.13401134552001953
2026-08-19,2026-08-19T22:17:36+00:00,SPY,769.06,2026-10-16,58,C,781.0,0.01553,11.22,11.26,11.24,0.0036,101,1087,0.13311108596801757
2026-08-19,2026-08-19T22:17:36+00:00,SPY,769.06,2026-10-16,58,C,782.0,0.01683,10.75,10.79,10.77,0.0037,35,770,0.13227186096191407
2026-08-19,2026-08-19T22:17:36+00:00,SPY,769.06,2026-10-16,58,C,783.0,0.01813,10.29,10.33,10.31,0.0039,22,583,0.13144789459228517
2026-08-19,2026-08-19T22:17:36+00:00,SPY,769.06,2026-10-16,58,C,784.0,0.01943,9.85,9.89,9.87,0.0041,15,881,0.1307002214050293
2026-08-19,2026-08-19T22:17:36+00:00,SPY,769.06,2026-10-16,58,C,785.0,0.02073,9.41,9.45,9.43,0.0042,147,2668,0.1298609963989258
2026-08-19,2026-08-19T22:17:36+00:00,SPY,769.06,2026-10-16,58,C,786.0,0.02203,8.99,9.03,9.01,0.0044,160,312,0.1290980645751953
2026-08-19,2026-08-19T22:17:36+00:00,SPY,769.06,2026-10-16,58,C,787.0,0.02333,8.59,8.62,8.605,0.0035,89,460,0.1283351327514648
2026-08-19,2026-08-19T22:17:36+00:00,SPY,769.06,2026-10-16,58,C,788.0,0.02463,8.19,8.23,8.21,0.0049,81,542,0.12764849411010742
2026-08-19,2026-08-19T22:17:36+00:00,SPY,769.06,2026-10-16,58,C,789.0,0.02593,7.81,7.85,7.83,0.0051,82,322,0.12696185546875
2026-08-19,2026-08-19T22:17:36+00:00,SPY,769.06,2026-10-16,58,C,790.0,0.02723,7.44,7.48,7.46,0.0054,441,10254,0.12627521682739257
2026-08-19,2026-08-19T22:17:36+00:00,SPY,769.06,2026-10-16,58,C,791.0,0.02853,7.08,7.12,7.1,0.0056,40,616,0.1255885781860352
2026-08-19,2026-08-19T22:17:36+00:00,SPY,769.06,2026-10-16,58,C,792.0,0.02983,6.74,6.78,6.76,0.0059,16,295,0.12497823272705078
2026-08-19,2026-08-19T22:17:36+00:00,SPY,769.06,2026-10-16,58,C,793.0,0.03113,6.41,6.45,6.43,0.0062,16,654,0.12436788726806641
2026-08-19,2026-08-19T22:17:36+00:00,SPY,769.06,2026-10-16,58,C,794.0,0.03243,6.09,6.13,6.11,0.0065,41,599,0.12375754180908202
2026-08-19,2026-08-19T22:17:36+00:00,SPY,769.06,2026-10-16,58,C,795.0,0.03373,5.78,5.82,5.8,0.0069,46,6888,0.12314719635009766
2026-08-19,2026-08-19T22:17:36+00:00,SPY,769.06,2026-10-16,58,C,796.0,0.03503,5.49,5.52,5.505,0.0054,143,970,0.1225368508911133
2026-08-19,2026-08-19T22:17:36+00:00,SPY,769.06,2026-10-16,58,C,797.0,0.03633,5.21,5.24,5.225,0.0057,18,10849,0.12201805725097657
2026-08-19,2026-08-19T22:17:36+00:00,SPY,769.06,2026-10-16,58,C,798.0,0.03763,4.94,4.97,4.955,0.0061,162,1602,0.12152978088378906
2026-08-19,2026-08-19T22:17:36+00:00,SPY,769.06,2026-10-16,58,C,799.0,0.03893,4.68,4.71,4.695,0.0064,233,1382,0.12102624588012695
2026-08-19,2026-08-19T22:17:36+00:00,SPY,769.06,2026-10-16,58,C,800.0,0.04023,4.43,4.46,4.445,0.0067,584,8677,0.12052271087646485
2026-08-19,2026-08-19T22:17:36+00:00,SPY,769.06,2026-10-16,58,C,805.0,0.04673,3.34,3.37,3.355,0.0089,441,2849,0.11838650177001953
2026-08-19,2026-08-19T22:17:36+00:00,SPY,769.06,2026-10-16,58,C,810.0,0.05323,2.48,2.51,2.495,0.012,853,7269,0.11661649993896485
2026-08-19,2026-08-19T22:17:36+00:00,SPY,769.06,2026-10-16,58,C,815.0,0.05974,1.82,1.84,1.83,0.0109,1850,9785,0.1150906362915039
2026-08-19,2026-08-19T22:17:36+00:00,SPY,769.06,2026-10-16,58,C,820.0,0.06624,1.32,1.34,1.33,0.015,503,8652,0.11405304901123048
2026-08-19,2026-08-19T22:17:36+00:00,SPY,769.06,2026-10-16,58,C,825.0,0.07274,0.95,0.97,0.96,0.0208,238,3013,0.11335115173339844
2026-08-19,2026-08-19T22:17:36+00:00,SPY,769.06,2026-10-16,58,C,830.0,0.07924,0.68,0.7,0.69,0.029,97,13009,0.11298494445800782
2026-08-19,2026-08-19T22:17:36+00:00,SPY,769.06,2026-10-16,58,C,835.0,0.08574,0.5,0.51,0.505,0.0198,105,10755,0.11316804809570313
2026-08-19,2026-08-19T22:17:36+00:00,SPY,769.06,2026-10-16,58,C,840.0,0.09224,0.36,0.37,0.365,0.0274,63,2399,0.11341218627929686
2026-08-19,2026-08-19T22:17:36+00:00,SPY,769.06,2026-10-16,58,C,845.0,0.09874,0.26,0.28,0.27,0.0741,107,10305,0.11451080810546876
2026-08-19,2026-08-19T22:17:36+00:00,SPY,769.06,2026-10-16,58,P,695.0,-0.0963,3.01,3.03,3.02,0.0066,43,3192,0.20215641601562498
2026-08-19,2026-08-19T22:17:36+00:00,SPY,769.06,2026-10-16,58,P,700.0,-0.0898,3.28,3.3,3.29,0.0061,6024,25478,0.1963276168823242
2026-08-19,2026-08-19T22:17:36+00:00,SPY,769.06,2026-10-16,58,P,701.0,-0.0885,3.33,3.36,3.345,0.009,17,1163,0.19519847778320312
2026-08-19,2026-08-19T22:17:36+00:00,SPY,769.06,2026-10-16,58,P,702.0,-0.0872,3.39,3.42,3.405,0.0088,18,404,0.19403882141113282
2026-08-19,2026-08-19T22:17:36+00:00,SPY,769.06,2026-10-16,58,P,703.0,-0.0859,3.45,3.48,3.465,0.0087,15,649,0.1928791650390625
2026-08-19,2026-08-19T22:17:36+00:00,SPY,769.06,2026-10-16,58,P,704.0,-0.0846,3.52,3.55,3.535,0.0085,19,1011,0.19184157775878907
2026-08-19,2026-08-19T22:17:36+00:00,SPY,769.06,2026-10-16,58,P,705.0,-0.0833,3.58,3.61,3.595,0.0083,62,3886,0.19062088684082032
2026-08-19,2026-08-19T22:17:36+00:00,SPY,769.06,2026-10-16,58,P,706.0,-0.082,3.65,3.68,3.665,0.0082,15,313,0.1895527822875977
2026-08-19,2026-08-19T22:17:36+00:00,SPY,769.06,2026-10-16,58,P,707.0,-0.0807,3.71,3.74,3.725,0.0081,15,485,0.18827105682373046
2026-08-19,2026-08-19T22:17:36+00:00,SPY,769.06,2026-10-16,58,P,708.0,-0.0794,3.78,3.81,3.795,0.0079,27,358,0.1871419177246094
2026-08-19,2026-08-19T22:17:36+00:00,SPY,769.06,2026-10-16,58,P,709.0,-0.0781,3.85,3.88,3.865,0.0078,16,923,0.18598226135253904
2026-08-19,2026-08-19T22:17:36+00:00,SPY,769.06,2026-10-16,58,P,710.0,-0.0768,3.93,3.95,3.94,0.0051,364,11237,0.18479208770751948
2026-08-19,2026-08-19T22:17:36+00:00,SPY,769.06,2026-10-16,58,P,711.0,-0.07549,4.0,4.03,4.015,0.0075,15,3997,0.18372398315429686
2026-08-19,2026-08-19T22:17:36+00:00,SPY,769.06,2026-10-16,58,P,712.0,-0.07419,4.08,4.11,4.095,0.0073,29,249,0.18265587860107418
2026-08-19,2026-08-19T22:17:36+00:00,SPY,769.06,2026-10-16,58,P,713.0,-0.07289,4.15,4.18,4.165,0.0072,23,329,0.181374153137207
2026-08-19,2026-08-19T22:17:36+00:00,SPY,769.06,2026-10-16,58,P,714.0,-0.07159,4.23,4.26,4.245,0.0071,34,385,0.18024501403808596
2026-08-19,2026-08-19T22:17:36+00:00,SPY,769.06,2026-10-16,58,P,715.0,-0.07029,4.31,4.35,4.33,0.0092,152,4776,0.17920742675781248
2026-08-19,2026-08-19T22:17:36+00:00,SPY,769.06,2026-10-16,58,P,716.0,-0.06899,4.4,4.43,4.415,0.0068,16,513,0.17801725311279298
2026-08-19,2026-08-19T22:17:36+00:00,SPY,769.06,2026-10-16,58,P,717.0,-0.06769,4.48,4.52,4.5,0.0089,18,270,0.1769186312866211
2026-08-19,2026-08-19T22:17:36+00:00,SPY,769.06,2026-10-16,58,P,718.0,-0.06639,4.57,4.6,4.585,0.0065,19,932,0.17566742309570313
2026-08-19,2026-08-19T22:17:36+00:00,SPY,769.06,2026-10-16,58,P,719.0,-0.06509,4.66,4.7,4.68,0.0085,20,183,0.1746298358154297
2026-08-19,2026-08-19T22:17:36+00:00,SPY,769.06,2026-10-16,58,P,720.0,-0.06379,4.76,4.79,4.775,0.0063,240,10950,0.17347017944335938
2026-08-19,2026-08-19T22:17:36+00:00,SPY,769.06,2026-10-16,58,P,721.0,-0.06249,4.85,4.88,4.865,0.0062,34,492,0.17224948852539065
2026-08-19,2026-08-19T22:17:36+00:00,SPY,769.06,2026-10-16,58,P,722.0,-0.06119,4.95,4.98,4.965,0.006,36,819,0.17113560806274414
2026-08-19,2026-08-19T22:17:36+00:00,SPY,769.06,2026-10-16,58,P,723.0,-0.05989,5.05,5.08,5.065,0.0059,18,504,0.16999121032714848
2026-08-19,2026-08-19T22:17:36+00:00,SPY,769.06,2026-10-16,58,P,724.0,-0.05859,5.15,5.18,5.165,0.0058,17,171,0.16881629531860354
2026-08-19,2026-08-19T22:17:36+00:00,SPY,769.06,2026-10-16,58,P,725.0,-0.05729,5.26,5.29,5.275,0.0057,16962,5079,0.16773293212890628
2026-08-19,2026-08-19T22:17:36+00:00,SPY,769.06,2026-10-16,58,P,726.0,-0.05599,5.37,5.4,5.385,0.0056,15,910,0.16660379302978523
2026-08-19,2026-08-19T22:17:36+00:00,SPY,769.06,2026-10-16,58,P,727.0,-0.05469,5.48,5.51,5.495,0.0055,34,1450,0.16544413665771485
2026-08-19,2026-08-19T22:17:36+00:00,SPY,769.06,2026-10-16,58,P,728.0,-0.05339,5.59,5.63,5.61,0.0071,23,1264,0.1643760321044922
2026-08-19,2026-08-19T22:17:36+00:00,SPY,769.06,2026-10-16,58,P,729.0,-0.05209,5.71,5.75,5.73,0.007,31,518,0.16327741027832032
2026-08-19,2026-08-19T22:17:36+00:00,SPY,769.06,2026-10-16,58,P,730.0,-0.05079,5.83,5.87,5.85,0.0068,2994,18310,0.16211775390625
2026-08-19,2026-08-19T22:17:36+00:00,SPY,769.06,2026-10-16,58,P,731.0,-0.04949,5.96,5.99,5.975,0.005,31,747,0.1609428388977051
2026-08-19,2026-08-19T22:17:36+00:00,SPY,769.06,2026-10-16,58,P,732.0,-0.04819,6.09,6.12,6.105,0.0049,25,776,0.15984421707153318
2026-08-19,2026-08-19T22:17:36+00:00,SPY,769.06,2026-10-16,58,P,733.0,-0.04689,6.22,6.25,6.235,0.0048,32,2608,0.15869981933593752
2026-08-19,2026-08-19T22:17:36+00:00,SPY,769.06,2026-10-16,58,P,734.0,-0.04559,6.35,6.39,6.37,0.0063,21,477,0.15763171478271482
2026-08-19,2026-08-19T22:17:36+00:00,SPY,769.06,2026-10-16,58,P,735.0,-0.04429,6.5,6.53,6.515,0.0046,123,8719,0.15650257568359377
2026-08-19,2026-08-19T22:17:36+00:00,SPY,769.06,2026-10-16,58,P,736.0,-0.04299,6.64,6.68,6.66,0.006,19,869,0.15546498840332032
2026-08-19,2026-08-19T22:17:36+00:00,SPY,769.06,2026-10-16,58,P,737.0,-0.04169,6.79,6.83,6.81,0.0059,36,1481,0.15436636657714847
2026-08-19,2026-08-19T22:17:36+00:00,SPY,769.06,2026-10-16,58,P,738.0,-0.04039,6.94,6.98,6.96,0.0057,34,2227,0.15323722747802737
2026-08-19,2026-08-19T22:17:36+00:00,SPY,769.06,2026-10-16,58,P,739.0,-0.03909,7.1,7.14,7.12,0.0056,24,2073,0.15216912292480472
2026-08-19,2026-08-19T22:17:36+00:00,SPY,769.06,2026-10-16,58,P,740.0,-0.03779,7.26,7.3,7.28,0.0055,993,9768,0.15103998382568362
2026-08-19,2026-08-19T22:17:36+00:00,SPY,769.06,2026-10-16,58,P,741.0,-0.03649,7.43,7.47,7.45,0.0054,92,888,0.14997187927246097
2026-08-19,2026-08-19T22:17:36+00:00,SPY,769.06,2026-10-16,58,P,742.0,-0.03519,7.6,7.64,7.62,0.0052,42,5161,0.14887325744628904
2026-08-19,2026-08-19T22:17:36+00:00,SPY,769.06,2026-10-16,58,P,743.0,-0.03389,7.78,7.82,7.8,0.0051,162,460,0.14780515289306645
2026-08-19,2026-08-19T22:17:36+00:00,SPY,769.06,2026-10-16,58,P,744.0,-0.03259,7.96,8.0,7.98,0.005,84,869,0.14670653106689452
2026-08-19,2026-08-19T22:17:36+00:00,SPY,769.06,2026-10-16,58,P,745.0,-0.03128,8.15,8.19,8.17,0.0049,391,6655,0.14563842651367187
2026-08-19,2026-08-19T22:17:36+00:00,SPY,769.06,2026-10-16,58,P,746.0,-0.02998,8.34,8.39,8.365,0.006,108,444,0.14463135650634767
2026-08-19,2026-08-19T22:17:36+00:00,SPY,769.06,2026-10-16,58,P,747.0,-0.02868,8.54,8.59,8.565,0.0058,38,411,0.143563251953125
2026-08-19,2026-08-19T22:17:36+00:00,SPY,769.06,2026-10-16,58,P,748.0,-0.02738,8.75,8.79,8.77,0.0046,35,388,0.14243411285400392
2026-08-19,2026-08-19T22:17:36+00:00,SPY,769.06,2026-10-16,58,P,749.0,-0.02608,8.96,9.0,8.98,0.0045,24,866,0.14135074966430666
2026-08-19,2026-08-19T22:17:36+00:00,SPY,769.06,2026-10-16,58,P,750.0,-0.02478,9.18,9.22,9.2,0.0043,2097,14401,0.14031316238403319
2026-08-19,2026-08-19T22:17:36+00:00,SPY,769.06,2026-10-16,58,P,751.0,-0.02348,9.41,9.45,9.43,0.0042,39,451,0.1392908337402344
2026-08-19,2026-08-19T22:17:36+00:00,SPY,769.06,2026-10-16,58,P,752.0,-0.02218,9.64,9.68,9.66,0.0041,76,744,0.13822272918701173
2026-08-19,2026-08-19T22:17:36+00:00,SPY,769.06,2026-10-16,58,P,753.0,-0.02088,9.88,9.92,9.9,0.004,326,2673,0.1371851419067383
2026-08-19,2026-08-19T22:17:36+00:00,SPY,769.06,2026-10-16,58,P,754.0,-0.01958,10.13,10.17,10.15,0.0039,143,723,0.13617807189941405
2026-08-19,2026-08-19T22:17:36+00:00,SPY,769.06,2026-10-16,58,P,755.0,-0.01828,10.38,10.43,10.405,0.0048,278,4363,0.13518626052856447
2026-08-19,2026-08-19T22:17:36+00:00,SPY,769.06,2026-10-16,58,P,756.0,-0.01698,10.64,10.69,10.665,0.0047,94,400,0.13414867324829105
2026-08-19,2026-08-19T22:17:36+00:00,SPY,769.06,2026-10-16,58,P,757.0,-0.01568,10.91,10.96,10.935,0.0046,44,461,0.13311108596801757
2026-08-19,2026-08-19T22:17:36+00:00,SPY,769.06,2026-10-16,58,P,758.0,-0.01438,11.19,11.24,11.215,0.0045,100,494,0.132119274597168
2026-08-19,2026-08-19T22:17:36+00:00,SPY,769.06,2026-10-16,58,P,759.0,-0.01308,11.48,11.53,11.505,0.0043,65,376,0.13112746322631835
2026-08-19,2026-08-19T22:17:36+00:00,SPY,769.06,2026-10-16,58,P,760.0,-0.01178,11.78,11.83,11.805,0.0042,506,3414,0.13015091049194333
2026-08-19,2026-08-19T22:17:36+00:00,SPY,769.06,2026-10-16,58,P,761.0,-0.01048,12.08,12.13,12.105,0.0041,19,196,0.1290980645751953
2026-08-19,2026-08-19T22:17:36+00:00,SPY,769.06,2026-10-16,58,P,762.0,-0.00918,12.4,12.45,12.425,0.004,30,290,0.1281520291137695
2026-08-19,2026-08-19T22:17:36+00:00,SPY,769.06,2026-10-16,58,P,763.0,-0.00788,12.72,12.78,12.75,0.0047,250,786,0.12722125228881837
2026-08-19,2026-08-19T22:17:36+00:00,SPY,769.06,2026-10-16,58,P,764.0,-0.00658,13.06,13.11,13.085,0.0038,240,361,0.1261989236450195
2026-08-19,2026-08-19T22:17:36+00:00,SPY,769.06,2026-10-16,58,P,765.0,-0.00528,13.4,13.46,13.43,0.0045,378,2847,0.12528340545654298
2026-08-19,2026-08-19T22:17:36+00:00,SPY,769.06,2026-10-16,58,P,766.0,-0.00398,13.76,13.81,13.785,0.0036,35,343,0.12427633544921876
2026-08-19,2026-08-19T22:17:36+00:00,SPY,769.06,2026-10-16,58,P,767.0,-0.00268,14.12,14.18,14.15,0.0042,45,1092,0.1233455586242676
2026-08-19,2026-08-19T22:17:36+00:00,SPY,769.06,2026-10-16,58,P,768.0,-0.00138,14.5,14.56,14.53,0.0041,627,573,0.12243004043579103
2026-08-19,2026-08-19T22:17:36+00:00,SPY,769.06,2026-10-16,58,P,769.0,-8e-05,14.89,14.94,14.915,0.0034,533,489,0.12142297042846678
2026-08-19,2026-08-19T22:17:36+00:00,SPY,769.06,2026-10-16,58,P,770.0,0.00122,15.29,15.34,15.315,0.0033,5017,6414,0.12049219360351562
2026-08-19,2026-08-19T22:17:36+00:00,SPY,769.06,2026-10-16,58,P,771.0,0.00252,15.7,15.75,15.725,0.0032,176,1033,0.11956141677856444
2026-08-19,2026-08-19T22:17:36+00:00,SPY,769.06,2026-10-16,58,P,772.0,0.00382,16.12,16.18,16.15,0.0037,199,1380,0.11870693313598632
2026-08-19,2026-08-19T22:17:36+00:00,SPY,769.06,2026-10-16,58,P,773.0,0.00512,16.55,16.61,16.58,0.0036,113,699,0.11776089767456055
2026-08-19,2026-08-19T22:17:36+00:00,SPY,769.06,2026-10-16,58,P,774.0,0.00642,17.0,17.06,17.03,0.0035,16,450,0.1168911553955078
2026-08-19,2026-08-19T22:17:36+00:00,SPY,769.06,2026-10-16,58,P,775.0,0.00772,17.46,17.52,17.49,0.0034,421,2977,0.11599089584350586
2026-08-19,2026-08-19T22:17:36+00:00,SPY,769.06,2026-10-16,58,P,776.0,0.00902,17.93,17.99,17.96,0.0033,16,715,0.1150906362915039
2026-08-19,2026-08-19T22:17:36+00:00,SPY,769.06,2026-10-16,58,P,777.0,0.01032,18.41,18.47,18.44,0.0033,45,1200,0.11417511810302736
2026-08-19,2026-08-19T22:17:36+00:00,SPY,769.06,2026-10-16,58,P,778.0,0.01162,18.66,19.15,18.905,0.0259,7,506,0.11481598083496095
2026-08-19,2026-08-19T22:17:36+00:00,SPY,769.06,2026-10-16,58,P,779.0,0.01292,19.16,19.7,19.43,0.0278,2,398,0.11428192855834962
2026-08-19,2026-08-19T22:17:36+00:00,SPY,769.06,2026-10-16,58,P,780.0,0.01423,19.65,20.24,19.945,0.0296,64,929,0.11358003128051758
2026-08-19,2026-08-19T22:17:36+00:00,SPY,769.06,2026-10-16,58,P,781.0,0.01553,20.24,20.86,20.55,0.0302,2,132,0.11344270355224609
2026-08-19,2026-08-19T22:17:36+00:00,SPY,769.06,2026-10-16,58,P,782.0,0.01683,20.77,21.64,21.205,0.041,23,145,0.11460235992431642
2026-08-19,2026-08-19T22:17:36+00:00,SPY,769.06,2026-10-16,58,P,783.0,0.01813,21.13,22.22,21.675,0.0503,4,76,0.11394623855590821
2026-08-19,2026-08-19T22:17:36+00:00,SPY,769.06,2026-10-16,58,P,784.0,0.01943,21.87,22.52,22.195,0.0293,1,86,0.11072666625976563
2026-08-19,2026-08-19T22:17:36+00:00,SPY,769.06,2026-10-16,58,P,785.0,0.02073,22.45,23.09,22.77,0.0281,9,362,0.10975011352539063
2026-08-19,2026-08-19T22:17:36+00:00,SPY,769.06,2026-10-16,58,P,786.0,0.02203,22.94,24.44,23.69,0.0633,0,7,0.11567046447753906
2026-08-19,2026-08-19T22:17:36+00:00,SPY,769.06,2026-10-16,58,P,787.0,0.02333,23.54,25.43,24.485,0.0772,2,68,0.11835598449707031
2026-08-19,2026-08-19T22:17:36+00:00,SPY,769.06,2026-10-16,58,P,789.0,0.02593,23.91,26.7,25.305,0.1103,1,2,0.11708951766967773
2026-08-19,2026-08-19T22:17:36+00:00,SPY,769.06,2026-10-16,58,P,790.0,0.02723,25.4,26.35,25.875,0.0367,4,118,0.10686623123168945
2026-08-19,2026-08-19T22:17:36+00:00,SPY,769.06,2026-10-16,58,P,791.0,0.02853,25.24,28.05,26.645,0.1055,3,132,0.11615874084472656
2026-08-19,2026-08-19T22:17:36+00:00,SPY,769.06,2026-10-16,58,P,792.0,0.02983,25.93,28.73,27.33,0.1025,0,0,0.11557891265869141
2026-08-19,2026-08-19T22:17:36+00:00,SPY,769.06,2026-10-16,58,P,793.0,0.03113,26.63,29.44,28.035,0.1002,4,0,0.11521270538330078
2026-08-19,2026-08-19T22:17:36+00:00,SPY,769.06,2026-10-16,58,P,794.0,0.03243,27.35,30.15,28.75,0.0974,0,2,0.1147244290161133
2026-08-19,2026-08-19T22:17:36+00:00,SPY,769.06,2026-10-16,58,P,795.0,0.03373,28.07,30.88,29.475,0.0953,3,12,0.11434296310424805
2026-08-19,2026-08-19T22:17:36+00:00,SPY,769.06,2026-10-16,58,P,798.0,0.03763,30.33,33.13,31.73,0.0882,0,1,0.11322908264160156
2026-08-19,2026-08-19T22:17:36+00:00,SPY,769.06,2026-10-16,58,P,800.0,0.04023,32.37,34.5,33.435,0.0637,18,506,0.11042149353027343
2026-08-19,2026-08-19T22:17:36+00:00,SPY,769.06,2026-10-16,58,P,805.0,0.04673,35.98,38.78,37.38,0.0749,1,17,0.11173373626708984
2026-08-19,2026-08-19T22:17:36+00:00,SPY,769.06,2026-10-16,58,P,810.0,0.05323,40.31,43.11,41.71,0.0671,7,39,0.11173373626708984
2026-08-19,2026-08-19T22:17:36+00:00,SPY,769.06,2026-10-16,58,P,815.0,0.05974,44.88,47.68,46.28,0.0605,30,2,0.11359528991699218
2026-08-19,2026-08-19T22:17:36+00:00,SPY,769.06,2026-10-16,58,P,820.0,0.06624,49.72,52.44,51.08,0.0532,45,1,0.11756253540039063
2026-08-19,2026-08-19T22:17:36+00:00,SPY,769.06,2026-10-16,58,P,830.0,0.07924,59.71,62.44,61.075,0.0447,30,30,0.13373669006347655
2026-08-19,2026-08-19T22:17:36+00:00,SPY,769.06,2026-10-16,58,P,835.0,0.08574,64.71,67.49,66.1,0.0421,1,0,0.14267825103759768
2026-08-19,2026-08-19T22:17:36+00:00,SPY,769.06,2026-10-16,58,P,840.0,0.09224,69.72,72.44,71.08,0.0383,1,1,0.14930049926757813
2026-08-19,2026-08-19T22:17:36+00:00,SPY,769.06,2026-10-16,58,P,845.0,0.09874,74.71,77.44,76.075,0.0359,1,0,0.1568687829589844
