date,ticker,open,high,low,close,volume,rv20_yz,rv60_yz,rv20_c2c,rv20_pctile
2024-08-22,NVDA,130.02,130.75,123.1,123.74,376189100,,,,
2024-08-23,NVDA,125.86,129.6,125.22,129.37,323230300,,,,
2024-08-26,NVDA,129.57,131.26,124.37,126.46,331964700,,,,
2024-08-27,NVDA,125.05,129.2,123.88,128.3,303134600,,,,
2024-08-28,NVDA,128.12,128.33,122.64,125.61,448101100,,,,
2024-08-29,NVDA,121.36,124.43,116.71,117.59,453023300,,,,
2024-08-30,NVDA,119.53,121.75,117.22,119.37,333751600,,,,
2024-09-03,NVDA,116.01,116.21,107.29,108.0,477155100,,,,
2024-09-04,NVDA,105.41,113.27,104.12,106.21,372470300,,,,
2024-09-05,NVDA,104.99,109.65,104.76,107.21,306850700,,,,
2024-09-06,NVDA,108.04,108.15,100.95,102.83,413638100,,,,
2024-09-09,NVDA,104.88,106.55,103.69,106.47,273912000,,,,
2024-09-10,NVDA,107.81,109.4,104.95,108.1,268283700,,,,
2024-09-11,NVDA,109.39,117.19,107.42,116.91,441422400,,,,
2024-09-12,NVDA,116.84,120.79,115.38,119.14,366052700,,,,
2024-09-13,NVDA,119.08,119.96,117.6,119.1,238358300,,,,
2024-09-16,NVDA,116.79,118.18,114.36,116.78,248772300,,,,
2024-09-17,NVDA,118.17,118.8,114.83,115.59,231925900,,,,
2024-09-18,NVDA,115.89,117.7,113.22,113.37,310318900,,,,
2024-09-19,NVDA,117.35,119.66,117.25,117.87,293506400,,,,
2024-09-20,NVDA,117.06,118.62,115.39,116.0,382462400,0.568046,,0.63317,
2024-09-23,NVDA,116.55,116.99,114.86,116.26,206228500,0.563022,,0.608201,
2024-09-24,NVDA,116.52,121.8,115.38,120.87,354966800,0.561351,,0.623952,
2024-09-25,NVDA,122.02,124.94,121.61,123.51,284692900,0.55785,,0.627005,
2024-09-26,NVDA,126.8,127.67,121.8,124.04,302582900,0.564034,,0.62312,
2024-09-27,NVDA,123.97,124.03,119.26,121.4,271009200,0.53693,,0.579752,
2024-09-30,NVDA,118.31,121.5,118.15,121.44,226553700,0.538762,,0.577579,
2024-10-01,NVDA,121.77,122.44,115.79,117.0,302094500,0.522247,,0.463742,
2024-10-02,NVDA,116.44,119.38,115.14,118.85,221845900,0.465106,,0.458782,
2024-10-03,NVDA,120.92,124.36,120.34,122.85,277118000,0.456492,,0.468973,
2024-10-04,NVDA,124.94,125.04,121.83,124.92,243678100,0.444683,,0.433298,
2024-10-07,NVDA,124.99,130.64,124.95,127.72,346250200,0.450652,,0.425871,
2024-10-08,NVDA,130.26,133.48,129.42,132.89,285722500,0.445133,,0.439182,
2024-10-09,NVDA,134.11,134.52,131.38,132.65,246191600,0.418199,,0.359443,
2024-10-10,NVDA,131.91,135.0,131.0,134.81,242311300,0.411427,,0.3583,
2024-10-11,NVDA,134.01,135.78,133.66,134.8,170209500,0.41159,,0.358238,
2024-10-14,NVDA,136.47,139.6,136.3,138.07,232347700,0.398299,,0.349845,
2024-10-15,NVDA,137.87,138.57,128.74,131.6,377831000,0.421437,,0.398736,
2024-10-16,NVDA,133.98,136.62,131.58,135.72,264879700,0.423602,,0.39534,
2024-10-17,NVDA,139.34,140.89,136.87,136.93,306435900,0.418459,,0.37923,
2024-10-18,NVDA,138.67,138.9,137.28,138.0,176090200,0.412183,,0.368951,
2024-10-21,NVDA,138.13,143.71,138.0,143.71,264554500,0.413427,,0.384792,
2024-10-22,NVDA,142.91,144.42,141.78,143.59,226311600,0.40452,,0.37167,
2024-10-23,NVDA,142.03,142.43,137.46,139.56,285930000,0.412351,,0.390477,
2024-10-24,NVDA,140.82,141.35,138.46,140.41,172354900,0.394768,,0.390417,
2024-10-25,NVDA,140.93,144.13,140.8,141.54,205122100,0.389095,,0.376439,
2024-10-28,NVDA,143.0,143.14,140.05,140.52,173586700,0.372718,,0.379342,
2024-10-29,NVDA,140.29,142.26,138.9,141.25,157593600,0.361705,,0.341249,
2024-10-30,NVDA,139.54,140.33,136.81,139.34,179418100,0.363858,,0.349851,
2024-10-31,NVDA,137.6,137.61,132.11,132.76,270039600,0.365949,,0.389467,
2024-11-01,NVDA,134.7,137.31,134.57,135.4,207127800,0.359679,,0.390911,
2024-11-04,NVDA,137.21,138.96,135.57,136.05,187528200,0.349095,,0.385039,
2024-11-05,NVDA,137.45,140.37,137.33,139.91,160537400,0.341988,,0.372346,
2024-11-06,NVDA,142.96,146.49,141.96,145.61,242043900,0.349201,,0.394642,
2024-11-07,NVDA,146.39,148.93,146.17,148.88,207323300,0.343401,,0.397556,
2024-11-08,NVDA,148.77,149.77,146.26,147.63,175665800,0.343804,,0.40006,
2024-11-11,NVDA,148.68,148.85,143.57,145.26,182325600,0.34637,,0.399593,
2024-11-12,NVDA,146.78,149.65,146.01,148.29,198634700,0.315795,,0.356415,
2024-11-13,NVDA,149.07,149.33,145.9,146.27,191903300,0.302497,,0.35023,
2024-11-14,NVDA,147.64,149.0,145.55,146.76,194463300,0.290734,,0.349704,
2024-11-15,NVDA,144.87,145.24,140.08,141.98,250132900,0.304525,0.441525,0.372402,
2024-11-18,NVDA,139.5,141.55,137.15,140.15,221205300,0.316461,0.443273,0.3453,
2024-11-19,NVDA,141.32,147.13,140.99,147.01,227834900,0.32019,0.439943,0.386731,
2024-11-20,NVDA,147.41,147.56,142.73,145.89,309871700,0.318273,0.439219,0.372358,
2024-11-21,NVDA,149.35,152.89,140.7,146.67,400946600,0.375595,0.450625,0.372266,
2024-11-22,NVDA,145.93,147.16,141.1,141.95,236406200,0.379769,0.43901,0.391379,
2024-11-25,NVDA,141.99,142.05,135.82,136.02,344941900,0.38234,0.436914,0.41945,
2024-11-26,NVDA,137.7,139.3,135.67,136.92,190287700,0.38369,0.427229,0.419784,
2024-11-27,NVDA,135.01,137.22,131.8,135.34,226370900,0.391338,0.407427,0.419079,
2024-11-29,NVDA,136.78,139.35,136.05,138.25,141863200,0.385513,0.402435,0.387385,
2024-12-02,NVDA,138.83,140.45,137.82,138.63,171682800,0.382641,0.395535,0.381766,
2024-12-03,NVDA,138.26,140.54,137.95,140.26,164414000,0.379303,0.39346,0.383413,
2024-12-04,NVDA,142.0,145.79,140.29,145.14,231224300,0.386565,0.391783,0.389694,
2024-12-05,NVDA,145.11,146.54,143.95,145.06,172621200,0.377728,0.380894,0.362767,
2024-12-06,NVDA,144.6,145.7,141.31,142.44,188505600,0.382052,0.378499,0.358018,
2024-12-09,NVDA,138.97,139.95,137.13,138.81,189308600,0.393499,0.383028,0.367223,
2024-12-10,NVDA,139.01,141.82,133.79,135.07,210020900,0.405719,0.384128,0.374542,
2024-12-11,NVDA,137.36,140.17,135.21,139.31,184905200,0.413064,0.385761,0.384993,
2024-12-12,NVDA,137.08,138.44,135.8,137.34,159211400,0.418121,0.38567,0.38519,
2024-12-13,NVDA,138.94,139.6,132.54,134.25,231514900,0.427658,0.38391,0.390459,76.67
2024-12-16,NVDA,134.18,134.4,130.42,132.0,237951100,0.422781,0.383525,0.378743,73.77
2024-12-17,NVDA,129.09,131.59,126.86,130.39,259410300,0.427894,0.389379,0.378522,77.42
2024-12-18,NVDA,133.86,136.7,128.28,128.91,277444500,0.450457,0.395015,0.326691,80.95
2024-12-19,NVDA,131.76,134.03,129.55,130.68,209719200,0.454485,0.397627,0.334405,82.81
2024-12-20,NVDA,129.81,135.28,128.22,134.7,306528600,0.419166,0.395631,0.356171,67.69
2024-12-23,NVDA,136.28,139.79,135.12,139.67,176053500,0.418098,0.394359,0.36703,62.12
2024-12-24,NVDA,140.0,141.9,138.65,140.22,105157000,0.416722,0.390068,0.332151,61.19
2024-12-26,NVDA,139.7,140.85,137.73,139.93,116205600,0.414588,0.38691,0.331819,60.29
2024-12-27,NVDA,138.55,139.02,134.71,137.01,170582600,0.408611,0.38752,0.338274,50.72
2024-12-30,NVDA,134.83,140.27,134.02,137.49,167734700,0.421532,0.390995,0.32965,71.43
2024-12-31,NVDA,138.03,138.07,133.83,134.29,155659200,0.421995,0.388088,0.33952,71.83
2025-01-02,NVDA,136.0,138.88,134.63,138.31,198247200,0.428023,0.385393,0.354318,77.78
2025-01-03,NVDA,140.01,144.9,139.73,144.47,229322500,0.424542,0.384304,0.367867,73.97
2025-01-06,NVDA,148.59,152.16,147.82,149.43,265377400,0.439476,0.388656,0.387125,78.38
2025-01-07,NVDA,153.03,153.13,140.01,140.14,351782200,0.457416,0.39529,0.447783,86.67
2025-01-08,NVDA,142.58,143.95,137.56,140.11,227349900,0.455779,0.399403,0.437938,84.21
2025-01-10,NVDA,137.45,139.92,134.22,135.91,207602500,0.456901,0.404197,0.440697,85.71
2025-01-13,NVDA,129.99,133.49,129.51,133.23,204808900,0.482307,0.408181,0.430707,88.46
2025-01-14,NVDA,136.05,136.38,130.05,131.76,195590500,0.488933,0.40906,0.429687,88.61
2025-01-15,NVDA,133.65,136.45,131.29,136.24,185217300,0.487839,0.408714,0.439986,87.5
2025-01-16,NVDA,138.64,138.75,133.49,133.57,209235600,0.488291,0.410147,0.441639,87.65
2025-01-17,NVDA,136.69,138.5,135.46,137.71,201188800,0.476775,0.41171,0.451132,84.15
2025-01-21,NVDA,139.16,141.83,137.09,140.83,197749000,0.458986,0.413323,0.453034,81.93
2025-01-22,NVDA,144.66,147.79,143.67,147.07,237651400,0.458397,0.413821,0.472898,80.95
2025-01-23,NVDA,145.05,147.23,143.72,147.22,155915500,0.452699,0.415398,0.464209,74.12
2025-01-24,NVDA,148.37,148.97,141.88,142.62,234657600,0.454644,0.416381,0.46518,75.58
2025-01-27,NVDA,124.8,128.4,116.7,118.42,818830900,0.698402,0.514886,0.810018,98.85
2025-01-28,NVDA,121.81,129.0,116.25,128.99,579666400,0.745247,0.535555,0.876107,98.86
2025-01-29,NVDA,126.5,126.89,120.05,123.7,467120600,0.756206,0.540939,0.884529,98.88
2025-01-30,NVDA,123.1,125.0,118.1,124.65,392925500,0.763277,0.546727,0.885188,98.89
2025-01-31,NVDA,123.78,127.85,119.19,120.07,388161100,0.779228,0.553422,0.890424,98.9
2025-02-03,NVDA,114.75,118.57,113.01,116.66,371235700,0.798283,0.563586,0.883977,98.91
2025-02-04,NVDA,116.96,121.2,116.7,118.65,256550000,0.799711,0.565436,0.868064,98.92
2025-02-05,NVDA,121.76,125.0,120.76,124.83,262230800,0.798323,0.566314,0.881401,97.87
2025-02-06,NVDA,127.42,128.77,125.21,128.68,251483600,0.791107,0.56902,0.866657,95.79
2025-02-07,NVDA,129.22,130.37,125.0,129.84,228186300,0.790175,0.57236,0.867839,94.79
2025-02-10,NVDA,130.09,135.0,129.96,133.57,216989100,0.786279,0.572396,0.868989,93.81
2025-02-11,NVDA,132.58,134.48,131.02,132.8,178902400,0.771965,0.572466,0.866324,91.84
2025-02-12,NVDA,130.02,132.24,129.08,131.14,160278600,0.765991,0.574522,0.866589,90.91
2025-02-13,NVDA,131.56,136.5,131.17,135.29,197430000,0.762101,0.575205,0.86545,89.0
2025-02-14,NVDA,136.48,139.25,135.5,138.85,195479600,0.758769,0.573953,0.867059,88.12
2025-02-18,NVDA,141.27,143.44,137.93,139.4,219176600,0.760019,0.574361,0.860546,88.24
2025-02-19,NVDA,139.51,141.36,137.22,139.23,167536000,0.757528,0.574238,0.856688,86.41
2025-02-20,NVDA,140.03,140.66,136.79,140.11,143903600,0.751441,0.57384,0.84145,84.62
2025-02-21,NVDA,140.04,141.46,134.03,134.43,228217600,0.756307,0.563697,0.852538,85.71
2025-02-24,NVDA,136.56,138.59,130.08,130.28,251381100,0.763626,0.566712,0.852375,90.57
2025-02-25,NVDA,129.98,130.2,124.44,126.63,271428700,0.568216,0.568451,0.530206,80.37
2025-02-26,NVDA,129.99,133.73,128.49,131.28,322553800,0.520947,0.571813,0.451876,72.22
2025-02-27,NVDA,135.0,135.01,120.01,120.15,443175800,0.529685,0.5782,0.533547,73.39
2025-02-28,NVDA,118.02,125.09,116.4,124.92,389091100,0.527867,0.583616,0.551868,72.73
2025-03-03,NVDA,123.51,123.7,112.28,114.06,411381400,0.530883,0.59153,0.627643,73.87
2025-03-04,NVDA,110.65,119.31,110.11,115.99,398163300,0.533366,0.603069,0.623207,74.11
2025-03-05,NVDA,117.58,118.28,114.51,117.3,284337900,0.53287,0.603315,0.62145,73.45
2025-03-06,NVDA,113.53,115.35,110.22,110.57,321181900,0.545176,0.609169,0.623409,76.32
2025-03-07,NVDA,111.25,113.48,107.56,112.69,341755500,0.553081,0.61334,0.615847,76.52
2025-03-10,NVDA,109.9,111.85,105.46,106.98,366487400,0.561194,0.617034,0.633139,77.59
2025-03-11,NVDA,106.99,112.24,104.77,108.76,354865700,0.577938,0.619706,0.625067,82.05
2025-03-12,NVDA,114.12,116.76,112.88,115.74,323857500,0.604877,0.626239,0.676052,82.2
2025-03-13,NVDA,117.03,117.76,113.79,115.58,299033100,0.601819,0.626694,0.675967,81.51
2025-03-14,NVDA,118.61,121.88,118.15,121.67,277593500,0.604572,0.62654,0.694364,81.67
2025-03-17,NVDA,122.74,122.89,118.03,119.53,255501500,0.606393,0.627342,0.685529,82.64
2025-03-18,NVDA,118.0,119.02,114.54,115.43,299686900,0.605723,0.625736,0.69078,81.97
2025-03-19,NVDA,117.27,120.45,115.68,117.52,273426200,0.611404,0.622146,0.697123,82.93
2025-03-20,NVDA,116.55,120.2,116.47,118.53,248829700,0.612579,0.62077,0.697804,83.06
2025-03-21,NVDA,116.94,117.99,115.42,117.7,266498500,0.611008,0.619076,0.68681,81.6
2025-03-24,NVDA,119.88,122.22,119.34,121.41,228452500,0.603098,0.619184,0.692718,77.78
2025-03-25,NVDA,120.55,121.29,118.92,120.69,167447200,0.598034,0.619284,0.686574,76.38
2025-03-26,NVDA,118.73,118.84,112.71,113.76,293463300,0.593847,0.621667,0.698883,75.78
2025-03-27,NVDA,111.35,114.45,110.66,111.43,236902100,0.574828,0.623654,0.632348,74.42
2025-03-28,NVDA,111.49,112.87,109.07,109.67,229872500,0.560849,0.621148,0.6129,69.23
2025-03-31,NVDA,105.13,110.96,103.65,108.38,299212700,0.573243,0.632714,0.526598,74.05
2025-04-01,NVDA,108.52,110.2,106.47,110.15,222614000,0.543954,0.632969,0.526319,65.91
2025-04-02,NVDA,107.29,111.98,106.79,110.42,220601200,0.549796,0.636219,0.524181,66.92
2025-04-03,NVDA,103.51,105.63,101.6,101.8,338769400,0.582471,0.647309,0.56034,76.12
2025-04-04,NVDA,98.91,100.13,92.11,94.31,532273800,0.596365,0.651025,0.608411,77.04
2025-04-07,NVDA,87.46,101.75,86.62,97.64,611041300,0.705398,0.688813,0.604783,85.29
2025-04-08,NVDA,103.81,105.85,94.46,96.3,476243400,0.765293,0.710858,0.600333,92.7
2025-04-09,NVDA,98.89,115.1,97.53,114.33,612918300,0.791811,0.724817,0.842288,97.1
2025-04-10,NVDA,109.37,110.86,99.15,107.57,437812400,0.850893,0.74674,0.86912,99.28
2025-04-11,NVDA,108.5,111.55,107.48,110.93,313417300,0.845121,0.745734,0.854811,98.57
2025-04-14,NVDA,114.11,114.29,109.07,110.71,264705000,0.855488,0.748781,0.853431,99.29
2025-04-15,NVDA,110.97,113.62,110.5,112.2,228966900,0.854792,0.747211,0.847302,98.59
2025-04-16,NVDA,104.55,106.79,100.45,104.49,397016900,0.883168,0.762514,0.878775,99.3
2025-04-17,NVDA,104.45,104.47,100.05,101.49,292517500,0.886518,0.760738,0.880746,99.31
2025-04-21,NVDA,98.77,99.44,95.04,96.91,288501100,0.892429,0.763536,0.891216,99.31
2025-04-22,NVDA,98.78,99.81,97.28,98.89,241004800,0.893582,0.764006,0.885468,99.32
2025-04-23,NVDA,104.52,104.8,102.02,102.71,247526000,0.927067,0.717373,0.901828,99.32
2025-04-24,NVDA,103.48,106.54,103.11,106.43,220815000,0.925123,0.701775,0.893318,98.65
2025-04-25,NVDA,106.85,111.92,105.73,111.01,251064700,0.92677,0.69951,0.904884,98.66
2025-04-28,NVDA,109.69,110.37,106.02,108.73,207708500,0.928731,0.696314,0.906159,99.33
2025-04-29,NVDA,107.67,110.2,107.44,109.02,170444300,0.910266,0.690793,0.905201,96.69
2025-04-30,NVDA,104.47,108.92,104.08,108.92,235044600,0.916326,0.688518,0.903249,96.71
2025-05-01,NVDA,113.08,114.94,111.3,111.61,236121500,0.927301,0.692624,0.907569,98.69
2025-05-02,NVDA,114.18,115.4,113.37,114.5,190194800,0.901645,0.69146,0.857691,94.81
2025-05-05,NVDA,112.91,114.67,112.66,113.82,133163200,0.88006,0.68936,0.802721,91.61
2025-05-06,NVDA,111.48,114.74,110.82,113.54,158525600,0.781147,0.688129,0.798012,83.97
2025-05-07,NVDA,113.05,117.68,112.28,117.06,206758800,0.717293,0.68848,0.797794,74.52
2025-05-08,NVDA,118.25,118.68,115.85,117.37,198428100,0.663026,0.688891,0.520323,72.78
2025-05-09,NVDA,117.35,118.23,115.21,116.65,132972200,0.571823,0.688021,0.466983,62.26
2025-05-12,NVDA,121.97,123.0,120.28,123.0,225023300,0.591374,0.694074,0.489971,65.0
2025-05-13,NVDA,124.98,131.22,124.47,129.93,330430100,0.584704,0.696318,0.519563,64.6
2025-05-14,NVDA,133.2,135.44,131.68,135.34,281180800,0.590663,0.696447,0.532284,64.81
2025-05-15,NVDA,134.29,136.3,132.66,134.83,226632600,0.509201,0.696339,0.443299,47.85
2025-05-16,NVDA,136.22,136.35,133.46,135.4,226542500,0.503546,0.695911,0.416511,47.56
2025-05-19,NVDA,132.39,135.87,132.39,135.57,193154600,0.489054,0.695136,0.354391,47.27
2025-05-20,NVDA,134.29,134.58,132.62,134.38,161514200,0.487372,0.691116,0.365473,45.18
2025-05-21,NVDA,133.06,137.4,130.59,131.8,270608700,0.465148,0.692807,0.375002,43.71
2025-05-22,NVDA,132.23,134.25,131.55,132.83,187344000,0.464896,0.68886,0.365133,42.86
2025-05-23,NVDA,130.0,132.68,129.16,131.29,198821300,0.463241,0.680845,0.35422,42.6
2025-05-27,NVDA,134.15,135.66,133.31,135.5,192953600,0.456831,0.678429,0.34571,40.0
2025-05-28,NVDA,136.03,137.25,134.79,134.81,304021100,0.454173,0.671297,0.349278,37.43
2025-05-29,NVDA,142.25,143.49,137.91,139.19,369241900,0.460838,0.673249,0.354348,43.02
2025-05-30,NVDA,138.72,139.62,132.92,135.13,333170900,0.453555,0.67355,0.380684,36.99
2025-06-02,NVDA,135.49,138.12,135.4,137.38,197663100,0.448273,0.668333,0.376976,35.06
2025-06-03,NVDA,138.78,142.0,137.95,141.22,225578800,0.445553,0.664716,0.377987,34.86
2025-06-04,NVDA,142.19,142.39,139.54,141.92,167120800,0.433166,0.659685,0.37545,32.95
2025-06-05,NVDA,142.17,144.0,138.83,139.99,231397900,0.431133,0.655086,0.377988,32.77
2025-06-06,NVDA,142.51,143.27,141.51,141.72,153986200,0.429722,0.64729,0.377406,32.58
2025-06-09,NVDA,143.19,145.0,141.94,142.63,185114500,0.427898,0.646281,0.373139,31.84
2025-06-10,NVDA,142.69,144.29,141.53,143.96,155881900,0.403495,0.643678,0.336902,18.33
2025-06-11,NVDA,144.61,144.99,141.87,142.83,167694000,0.392021,0.642127,0.291475,16.57
2025-06-12,NVDA,141.97,145.0,141.85,145.0,162365000,0.382545,0.64021,0.26209,13.19
2025-06-13,NVDA,142.48,143.58,140.85,141.97,180820600,0.385272,0.638117,0.275324,14.75
2025-06-16,NVDA,143.35,146.18,143.2,144.69,183133700,0.383958,0.637693,0.281406,14.67
2025-06-17,NVDA,144.49,145.22,143.78,144.12,139108000,0.371152,0.636589,0.282516,9.19
2025-06-18,NVDA,144.01,145.65,143.12,145.48,161494100,0.367765,0.634988,0.279745,9.14
2025-06-20,NVDA,145.45,146.2,142.65,143.85,242956200,0.345192,0.635048,0.272137,5.35
2025-06-23,NVDA,142.5,144.78,142.03,144.17,154308900,0.347695,0.632283,0.271928,6.38
2025-06-24,NVDA,145.56,147.96,145.5,147.9,187566100,0.329909,0.629157,0.275381,3.7
2025-06-25,NVDA,149.27,154.45,149.26,154.31,269146500,0.326281,0.628345,0.291035,3.68
2025-06-26,NVDA,155.98,156.72,154.0,155.02,198145700,0.326287,0.617426,0.287925,4.19
2025-06-27,NVDA,156.04,158.71,155.26,157.75,263234500,0.262981,0.616158,0.275561,0.0
2025-06-30,NVDA,158.4,158.66,155.96,157.99,194580300,0.243553,0.611876,0.241934,0.0
2025-07-01,NVDA,156.29,157.2,151.49,153.3,213143600,0.258908,0.596359,0.274202,0.52
2025-07-02,NVDA,152.98,157.6,152.97,157.25,171224100,0.255146,0.584635,0.272024,0.51
2025-07-03,NVDA,158.37,160.98,157.77,159.34,143716100,0.252615,0.532226,0.273427,0.51
2025-07-07,NVDA,158.2,159.31,157.34,158.24,140139000,0.242968,0.502257,0.268035,0.0
2025-07-08,NVDA,159.33,160.22,158.39,160.0,138133000,0.235927,0.475851,0.267698,0.0
2025-07-09,NVDA,161.22,164.42,161.16,162.88,183656400,0.233086,0.432939,0.270948,0.0
2025-07-10,NVDA,164.32,164.5,161.61,164.1,167704100,0.236932,0.43192,0.270789,1.0
2025-07-11,NVDA,163.72,167.89,163.47,164.92,193633300,0.242433,0.42682,0.265497,1.49
2025-07-14,NVDA,165.37,165.49,162.02,164.07,136975800,0.246165,0.426479,0.267239,2.97
2025-07-15,NVDA,171.19,172.4,169.2,170.7,230627400,0.274778,0.398076,0.271877,5.42
2025-07-16,NVDA,171.06,171.75,168.9,171.37,158831500,0.273819,0.395214,0.269953,5.39
2025-07-17,NVDA,172.02,174.16,170.83,173.0,160841100,0.275256,0.385825,0.265944,6.34
2025-07-18,NVDA,173.64,174.25,171.26,172.41,146456400,0.275203,0.383748,0.269639,6.31
2025-07-21,NVDA,172.75,173.38,171.0,171.38,123126100,0.270914,0.367795,0.265124,5.31
2025-07-22,NVDA,171.34,171.39,164.58,167.03,193114300,0.278622,0.370305,0.291483,7.69
2025-07-23,NVDA,169.53,171.26,167.97,170.78,154082200,0.28303,0.366605,0.288949,8.13
2025-07-24,NVDA,172.44,173.83,171.3,173.74,128984600,0.281116,0.361004,0.260627,8.1
2025-07-25,NVDA,173.61,174.72,172.96,173.5,122316800,0.279555,0.358826,0.261893,8.06
2025-07-28,NVDA,174.02,177.0,173.97,176.75,140023500,0.27695,0.343433,0.262581,7.55
2025-07-29,NVDA,177.96,179.38,175.02,175.51,154077500,0.277934,0.335093,0.266117,7.98
2025-07-30,NVDA,176.51,179.89,176.04,179.27,174312200,0.262735,0.33284,0.236275,4.67
2025-07-31,NVDA,182.9,183.3,175.93,177.87,221685400,0.274577,0.335004,0.232875,6.51
2025-08-01,NVDA,174.09,176.54,170.89,173.72,204529000,0.298196,0.335475,0.253826,11.57
2025-08-04,NVDA,175.16,180.2,174.52,180.0,148174600,0.298163,0.332726,0.272873,11.52
2025-08-05,NVDA,179.62,180.26,175.9,178.26,156407600,0.30422,0.332911,0.278123,12.84
2025-08-06,NVDA,176.33,179.9,176.25,179.42,137192300,0.308099,0.332995,0.274283,13.7
2025-08-07,NVDA,181.57,183.88,178.8,180.77,151878400,0.311108,0.323181,0.274287,14.09
2025-08-08,NVDA,181.55,183.3,180.4,182.7,123396700,0.303702,0.317881,0.275056,12.67
2025-08-11,NVDA,182.05,183.84,180.25,182.06,138323200,0.303803,0.314202,0.274295,13.06
2025-08-12,NVDA,182.96,184.48,179.46,183.16,145485700,0.275197,0.313902,0.242471,7.17
2025-08-13,NVDA,182.62,183.97,179.35,181.59,179871700,0.27861,0.313954,0.246248,9.38
2025-08-14,NVDA,179.75,183.02,179.46,182.02,129554000,0.281839,0.310644,0.245022,11.11
2025-08-15,NVDA,181.88,181.9,178.04,180.45,156602200,0.285027,0.310379,0.24741,11.95
2025-08-18,NVDA,180.6,182.94,180.59,182.01,132008000,0.28499,0.300571,0.246362,11.89
2025-08-19,NVDA,182.43,182.5,175.49,175.64,185229200,0.276836,0.301155,0.263603,8.33
2025-08-20,NVDA,175.17,176.0,168.8,175.4,215142700,0.296744,0.303435,0.25333,13.54
2025-08-21,NVDA,174.85,176.9,173.81,174.98,140040900,0.296424,0.301806,0.246525,13.48
2025-08-22,NVDA,172.61,178.59,171.2,177.99,172789400,0.310053,0.306285,0.253394,17.75
2025-08-25,NVDA,178.35,181.91,176.57,179.81,163012800,0.31612,0.286383,0.247488,18.97
2025-08-26,NVDA,180.06,182.39,178.81,181.77,168688200,0.313508,0.280516,0.248058,18.45
2025-08-27,NVDA,181.98,182.49,179.1,181.6,235518900,0.31432,0.281185,0.237253,18.8
2025-08-28,NVDA,180.82,184.47,176.41,180.17,281787800,0.310967,0.285466,0.237284,17.87
2025-08-29,NVDA,178.11,178.15,173.15,174.18,243257900,0.299947,0.286358,0.253336,14.83
2025-09-02,NVDA,170.0,172.38,167.22,170.78,231164900,0.311944,0.290603,0.22534,18.99
2025-09-03,NVDA,171.06,172.41,168.88,170.62,164424900,0.31038,0.289497,0.223829,18.07
2025-09-04,NVDA,170.57,171.86,169.41,171.66,141670100,0.308926,0.287956,0.223623,17.57
2025-09-05,NVDA,168.03,169.03,164.07,167.02,224441400,0.313138,0.293688,0.237417,20.0
2025-09-08,NVDA,167.55,170.96,167.35,168.31,163769100,0.316322,0.294365,0.235252,21.99
2025-09-09,NVDA,169.09,170.98,166.74,170.76,157548400,0.320695,0.295809,0.244316,23.55
2025-09-10,NVDA,176.64,179.29,175.47,177.33,226852000,0.342941,0.301099,0.283094,25.51
2025-09-11,NVDA,179.68,180.28,176.48,177.17,151159300,0.34467,0.30127,0.281889,26.64
2025-09-12,NVDA,177.77,178.6,176.45,177.82,124911000,0.342324,0.30136,0.282146,25.31
2025-09-15,NVDA,175.67,178.85,174.51,177.75,147061600,0.344055,0.303434,0.280756,26.83
2025-09-16,NVDA,177.0,177.5,174.38,174.88,140737800,0.344634,0.302725,0.283632,27.13
2025-09-17,NVDA,172.64,173.2,168.41,170.29,211843800,0.347669,0.304738,0.270964,28.63
2025-09-18,NVDA,173.98,177.1,172.96,176.24,191763300,0.338779,0.308009,0.299432,24.5
2025-09-19,NVDA,175.77,178.08,175.18,176.67,237182100,0.338221,0.307312,0.29936,24.4
2025-09-22,NVDA,175.3,184.55,174.71,183.61,269637000,0.339032,0.310999,0.323834,25.1
2025-09-23,NVDA,181.97,182.42,176.21,178.43,192559600,0.341904,0.313429,0.339057,25.4
2025-09-24,NVDA,179.77,179.78,175.4,176.97,143564100,0.344671,0.313972,0.337432,28.97
2025-09-25,NVDA,174.48,180.26,173.13,177.69,191586700,0.355218,0.315351,0.337977,31.75
2025-09-26,NVDA,178.17,179.77,174.93,178.19,148573700,0.346506,0.316618,0.33725,30.16
2025-09-29,NVDA,180.43,184.0,180.32,181.85,193063500,0.347296,0.317436,0.320791,30.56
2025-09-30,NVDA,182.08,187.35,181.48,186.58,236981000,0.332391,0.318211,0.320214,24.21
2025-10-01,NVDA,185.24,188.14,183.9,187.24,173844900,0.333549,0.319336,0.319614,24.6
2025-10-02,NVDA,189.6,191.05,188.06,188.89,136805800,0.336713,0.319496,0.319917,25.0
2025-10-03,NVDA,189.19,190.36,185.38,187.62,137596900,0.32339,0.319621,0.300147,23.02
2025-10-06,NVDA,185.5,187.23,183.33,185.54,157678100,0.325434,0.319201,0.305978,23.41
2025-10-07,NVDA,186.23,189.06,184.0,185.04,140088000,0.326179,0.319931,0.304911,23.81
2025-10-08,NVDA,186.57,189.6,186.54,189.11,130168900,0.301502,0.307829,0.286146,14.29
2025-10-09,NVDA,192.23,195.3,191.06,192.57,182997200,0.305158,0.309998,0.290456,16.67
2025-10-10,NVDA,193.51,195.62,182.05,183.16,268774400,0.332003,0.318295,0.348573,26.19
2025-10-13,NVDA,187.97,190.11,185.96,188.32,153482800,0.339901,0.323012,0.360703,28.97
2025-10-14,NVDA,184.77,184.8,179.7,180.03,205641400,0.34869,0.32614,0.393862,35.71
2025-10-15,NVDA,184.8,184.87,177.29,179.83,214450500,0.359972,0.330358,0.379933,37.7
2025-10-16,NVDA,182.23,183.28,179.77,181.81,179723300,0.355283,0.330142,0.3628,37.3
2025-10-17,NVDA,180.18,184.1,179.75,183.22,173135200,0.358383,0.330772,0.363456,37.7
2025-10-20,NVDA,183.13,185.2,181.73,182.64,128544700,0.34657,0.331526,0.336754,34.52
2025-10-21,NVDA,182.79,182.79,179.8,181.16,124240200,0.337758,0.331858,0.32138,27.78
2025-10-22,NVDA,181.14,183.44,176.76,180.28,162249600,0.344952,0.334074,0.320358,33.73
2025-10-23,NVDA,180.42,183.03,179.79,182.16,111363700,0.329048,0.333772,0.321957,25.79
2025-10-24,NVDA,183.84,187.47,183.5,186.26,131296700,0.325775,0.329397,0.330501,24.6
2025-10-27,NVDA,189.99,192.0,188.43,191.49,153452700,0.327955,0.326586,0.336824,26.19
2025-10-28,NVDA,193.05,203.15,191.91,201.03,297986200,0.340659,0.331032,0.366246,30.95
2025-10-29,NVDA,207.98,212.19,204.78,207.04,308829600,0.358536,0.339543,0.377451,40.87
2025-10-30,NVDA,205.15,206.16,201.41,202.89,178864400,0.364103,0.339962,0.387552,42.86
2025-10-31,NVDA,206.45,207.97,202.07,202.49,179802200,0.365003,0.340418,0.386234,42.86
2025-11-03,NVDA,208.08,211.34,205.56,206.88,180267300,0.367713,0.345909,0.386817,43.25
2025-11-04,NVDA,203.0,203.97,197.93,198.69,188919300,0.378824,0.348957,0.419132,44.84
2025-11-05,NVDA,198.77,202.92,194.65,195.21,171350300,0.390801,0.351268,0.419793,49.21
2025-11-06,NVDA,196.42,197.62,186.38,188.08,223029800,0.399268,0.355098,0.436495,50.4
2025-11-07,NVDA,184.9,188.32,178.91,188.15,264942300,0.41193,0.364271,0.396395,51.59
2025-11-10,NVDA,195.11,199.94,193.79,199.05,198897100,0.422054,0.371336,0.432897,54.76
2025-11-11,NVDA,195.16,195.42,191.3,193.16,176483300,0.423563,0.374804,0.413806,55.16
2025-11-12,NVDA,195.72,195.89,191.13,193.8,154935300,0.413269,0.375826,0.413447,51.19
2025-11-13,NVDA,191.05,191.44,183.85,186.86,207423100,0.425001,0.373944,0.436119,55.56
2025-11-14,NVDA,182.86,191.01,180.58,190.17,186591900,0.443952,0.381453,0.439404,58.73
2025-11-17,NVDA,185.97,189.0,184.32,186.6,173628900,0.454789,0.382044,0.445332,61.9
2025-11-18,NVDA,183.38,184.8,179.65,181.36,213598900,0.462858,0.383714,0.456626,64.68
2025-11-19,NVDA,184.79,187.86,182.83,186.52,247246400,0.46262,0.386167,0.466759,64.29
2025-11-20,NVDA,195.95,196.0,179.85,180.64,343504800,0.505467,0.403873,0.480382,69.05
2025-11-21,NVDA,181.24,184.56,172.93,178.88,346926200,0.525736,0.408864,0.473741,69.84
2025-11-24,NVDA,179.49,183.5,176.48,182.55,256618300,0.528703,0.410055,0.468292,70.24
2025-11-25,NVDA,174.91,178.16,169.55,177.82,320600300,0.557603,0.421638,0.434307,73.41
2025-11-26,NVDA,181.63,182.91,178.24,180.26,183852000,0.545991,0.423819,0.420517,72.22
2025-11-28,NVDA,179.01,179.29,176.5,177.0,121332800,0.543996,0.424095,0.419737,71.43
2025-12-01,NVDA,174.76,180.3,173.68,179.92,188131000,0.544595,0.422149,0.427522,71.43
2025-12-02,NVDA,181.76,185.66,180.0,181.46,182632200,0.537865,0.423419,0.418928,70.24
2025-12-03,NVDA,181.08,182.45,179.11,179.59,165138000,0.532752,0.422615,0.399885,69.05
2025-12-04,NVDA,181.62,184.52,179.96,183.38,167364900,0.528372,0.418286,0.407104,67.46
2025-12-05,NVDA,183.89,184.66,180.91,182.41,143971100,0.518888,0.417865,0.38693,65.87
2025-12-08,NVDA,182.64,188.0,182.4,185.55,204378100,0.501447,0.419478,0.392517,64.29
2025-12-09,NVDA,185.56,185.72,183.32,184.97,144719700,0.480409,0.417777,0.329687,61.51
2025-12-10,NVDA,184.97,185.48,182.04,183.78,162785400,0.474977,0.417914,0.314969,60.71
2025-12-11,NVDA,180.28,181.32,176.62,180.93,182136600,0.478577,0.419785,0.317509,61.11
2025-12-12,NVDA,181.11,182.82,174.62,175.02,204274900,0.475575,0.419803,0.313196,60.32
2025-12-15,NVDA,177.94,178.42,175.03,176.29,164775600,0.461527,0.420786,0.306151,57.54
2025-12-16,NVDA,176.26,178.49,174.9,177.72,148588100,0.451995,0.417531,0.30342,51.98
2025-12-17,NVDA,176.1,176.13,170.31,170.94,222775500,0.446901,0.416453,0.317213,50.79
2025-12-18,NVDA,174.53,176.15,171.82,174.14,176096000,0.447343,0.41831,0.306499,50.79
2025-12-19,NVDA,176.67,181.45,176.34,180.99,324925900,0.398873,0.415282,0.32125,40.87
2025-12-22,NVDA,183.92,184.16,182.35,183.69,129064400,0.372935,0.414578,0.32307,38.49
2025-12-23,NVDA,182.97,189.33,182.9,189.21,174873600,0.365778,0.414438,0.331882,37.3
2025-12-24,NVDA,187.94,188.91,186.59,188.61,65528500,0.304018,0.413873,0.315736,15.08
2025-12-26,NVDA,189.92,192.69,188.0,190.53,139740300,0.296178,0.413684,0.314407,11.9
2025-12-29,NVDA,187.71,188.76,185.91,188.22,120006100,0.30157,0.414972,0.309739,14.68
2025-12-30,NVDA,188.24,188.99,186.93,187.54,97687300,0.290115,0.413763,0.306472,11.9
2025-12-31,NVDA,189.57,190.56,186.49,186.5,120100500,0.282588,0.412641,0.306619,10.71
2026-01-02,NVDA,189.84,192.93,188.26,188.85,148240500,0.291314,0.413621,0.305766,12.7
2026-01-05,NVDA,191.76,193.63,186.15,188.12,183529700,0.299607,0.416574,0.298583,15.08
2026-01-06,NVDA,190.52,192.17,186.82,187.24,176862600,0.303409,0.416258,0.298411,16.67
2026-01-07,NVDA,188.57,191.37,186.56,189.11,153543200,0.300987,0.411059,0.294464,15.87
2026-01-08,NVDA,189.11,189.55,183.71,185.04,172457000,0.304714,0.408789,0.305117,19.05
2026-01-09,NVDA,185.08,186.34,183.67,184.86,131327500,0.303368,0.406059,0.304194,17.06
2026-01-12,NVDA,183.22,187.12,183.02,184.94,137968500,0.290623,0.40215,0.29833,12.7
2026-01-13,NVDA,185.0,188.11,183.4,185.81,160128900,0.284439,0.402157,0.269463,11.51
2026-01-14,NVDA,184.32,184.46,180.8,183.14,159586100,0.286156,0.402245,0.275871,12.7
2026-01-15,NVDA,186.5,189.7,186.33,187.05,206188600,0.291352,0.403681,0.283524,14.29
2026-01-16,NVDA,189.08,190.44,186.08,186.23,187967200,0.286465,0.404281,0.239676,13.1
2026-01-20,NVDA,181.9,182.38,177.61,178.07,223345300,0.295643,0.405611,0.289906,15.08
2026-01-21,NVDA,179.05,185.38,178.4,183.32,200381000,0.299537,0.407687,0.275175,17.46
2026-01-22,NVDA,184.75,186.17,183.93,184.84,139636600,0.296304,0.40708,0.271662,15.87
2026-01-23,NVDA,187.5,189.6,186.82,187.67,142748100,0.295901,0.406034,0.255376,15.48
2026-01-26,NVDA,187.16,189.12,185.99,186.47,124799600,0.29569,0.401682,0.256099,15.48
2026-01-27,NVDA,187.24,190.0,185.7,188.52,143711600,0.29452,0.394467,0.256561,15.08
2026-01-28,NVDA,191.27,192.35,189.84,191.52,148552700,0.287901,0.393996,0.258903,13.49
2026-01-29,NVDA,191.34,193.48,186.06,192.51,171764400,0.305908,0.396176,0.258759,25.0
2026-01-30,NVDA,191.21,194.49,189.47,191.13,179489500,0.311771,0.392922,0.259398,27.78
2026-02-02,NVDA,187.2,190.3,184.88,185.61,165794100,0.320511,0.394187,0.277126,30.56
2026-02-03,NVDA,186.24,186.27,176.23,180.34,204019600,0.329888,0.396592,0.294312,34.52
2026-02-04,NVDA,179.46,179.58,171.91,174.19,207014100,0.33437,0.395109,0.316255,36.51
2026-02-05,NVDA,174.93,176.82,171.03,171.88,206312900,0.33564,0.387318,0.313815,36.9
2026-02-06,NVDA,176.69,187.0,174.6,185.41,231346200,0.369344,0.390259,0.417615,50.0
2026-02-09,NVDA,184.26,193.66,183.95,190.04,196387400,0.385621,0.392523,0.426562,52.78
2026-02-10,NVDA,191.38,192.48,188.12,188.54,136764800,0.382941,0.391211,0.427838,51.98
2026-02-11,NVDA,192.45,193.26,188.77,190.05,144192700,0.386862,0.389234,0.428376,53.57
2026-02-12,NVDA,193.03,193.61,186.51,186.94,189932500,0.387882,0.383164,0.429414,53.97
2026-02-13,NVDA,187.48,187.5,181.59,182.81,161888000,0.385033,0.379415,0.430148,52.78
2026-02-17,NVDA,181.75,187.15,179.18,184.97,162276900,0.394892,0.379925,0.432342,55.56
2026-02-18,NVDA,188.75,190.37,186.76,187.98,164749100,0.386598,0.379336,0.402287,53.97
2026-02-19,NVDA,187.06,188.43,185.66,187.9,126554500,0.38133,0.360905,0.390103,51.59
2026-02-20,NVDA,186.57,190.33,185.94,189.82,178422300,0.384862,0.351394,0.390618,53.17
2026-02-23,NVDA,191.4,193.95,189.58,191.55,171584800,0.385138,0.349126,0.388333,53.97
2026-02-24,NVDA,191.49,193.77,187.4,192.85,175123600,0.392071,0.331433,0.387803,57.14
2026-02-25,NVDA,194.45,197.63,193.79,195.56,250637100,0.391872,0.328896,0.388905,56.75
2026-02-26,NVDA,194.27,194.29,184.32,184.89,360807900,0.397383,0.331448,0.435615,58.33
2026-02-27,NVDA,181.25,182.59,176.38,177.19,311636500,0.39672,0.332984,0.457898,58.33
2026-03-02,NVDA,175.01,183.46,174.64,182.48,209095300,0.403346,0.334731,0.472864,59.92
2026-03-03,NVDA,178.49,180.9,176.92,180.05,178099400,0.401373,0.338855,0.464114,59.92
2026-03-04,NVDA,180.44,184.7,180.06,183.04,177731200,0.385496,0.338313,0.456577,54.76
2026-03-05,NVDA,181.17,184.06,177.88,183.34,198779700,0.385656,0.341659,0.436966,55.56
2026-03-06,NVDA,179.84,182.76,176.82,177.82,189021900,0.393252,0.344889,0.449381,58.73
2026-03-09,NVDA,176.83,182.91,175.56,182.65,177213600,0.363964,0.347369,0.368693,48.02
2026-03-10,NVDA,182.4,186.44,182.01,184.77,179118500,0.349984,0.347833,0.359523,46.03
2026-03-11,NVDA,185.91,187.62,184.45,186.03,145280400,0.348901,0.343383,0.35978,46.03
2026-03-12,NVDA,184.05,184.94,181.75,183.14,155762700,0.338829,0.341533,0.36202,38.89
2026-03-13,NVDA,184.92,186.09,179.94,180.25,160988400,0.335099,0.341532,0.361708,36.9
2026-03-16,NVDA,182.97,188.88,181.41,183.22,217307400,0.3519,0.347113,0.358654,47.62
2026-03-17,NVDA,185.06,185.4,181.68,181.93,182497800,0.343481,0.345908,0.356772,42.06
2026-03-18,NVDA,182.48,183.38,180.33,180.4,156683100,0.33285,0.342595,0.351902,36.11
2026-03-19,NVDA,178.01,179.98,175.79,178.56,170968500,0.337627,0.343251,0.353024,38.49
2026-03-20,NVDA,178.0,178.26,171.72,172.7,241323500,0.340932,0.34367,0.365818,41.67
2026-03-23,NVDA,177.26,178.37,174.76,175.64,182836300,0.353044,0.34691,0.370741,49.6
2026-03-24,NVDA,174.83,176.22,173.98,175.2,147667800,0.343616,0.346679,0.368513,43.65
2026-03-25,NVDA,177.1,181.22,176.85,178.68,162602100,0.347092,0.347321,0.372902,47.22
2026-03-26,NVDA,176.07,176.51,171.14,171.24,186152200,0.344163,0.347579,0.350426,44.44
2026-03-27,NVDA,170.0,170.97,167.01,167.52,196212700,0.335087,0.348759,0.327122,37.3
2026-03-30,NVDA,168.78,169.45,164.27,165.17,185627000,0.32848,0.349298,0.30607,34.13
2026-03-31,NVDA,166.97,174.62,166.96,174.4,226181300,0.324403,0.348489,0.369357,31.75
2026-04-01,NVDA,176.0,177.37,174.75,175.75,168132000,0.32277,0.344917,0.364958,31.35
2026-04-02,NVDA,172.18,177.49,171.37,177.39,143143200,0.324576,0.34712,0.366983,32.54
2026-04-06,NVDA,177.16,177.79,175.76,177.64,107564300,0.308283,0.345668,0.350755,25.79
2026-04-07,NVDA,175.73,178.23,173.66,178.1,132534900,0.307156,0.346493,0.336408,25.4
2026-04-08,NVDA,184.5,185.26,180.3,182.08,147732700,0.330817,0.354945,0.343746,37.7
2026-04-09,NVDA,181.84,184.08,180.62,183.91,116428500,0.331242,0.353791,0.344864,38.1
2026-04-10,NVDA,184.31,190.0,184.3,188.63,160459500,0.330676,0.35378,0.351718,37.7
2026-04-13,NVDA,186.03,189.66,185.74,189.31,133648200,0.331222,0.35392,0.345695,38.49
2026-04-14,NVDA,190.84,196.51,190.77,196.51,161307000,0.313168,0.351981,0.364398,29.76
2026-04-15,NVDA,196.54,200.4,195.74,198.87,185338400,0.313386,0.351482,0.363331,30.16
2026-04-16,NVDA,197.43,199.85,195.81,198.35,134012900,0.315943,0.348244,0.36117,31.35
2026-04-17,NVDA,199.9,201.7,199.27,201.68,160324400,0.308254,0.345681,0.358973,26.19
2026-04-20,NVDA,199.98,202.17,197.84,202.06,119381400,0.305873,0.346802,0.328061,25.0
2026-04-21,NVDA,202.13,202.75,199.0,199.88,107945300,0.290826,0.345669,0.33267,14.68
2026-04-22,NVDA,200.99,202.5,199.0,202.5,107501000,0.292557,0.345839,0.331681,15.87
2026-04-23,NVDA,202.46,203.83,197.22,199.64,113561800,0.293567,0.347067,0.33662,16.27
2026-04-24,NVDA,199.96,210.95,199.81,208.27,214134400,0.299519,0.350479,0.309546,20.63
2026-04-27,NVDA,209.65,216.83,207.38,216.61,187172400,0.304326,0.348968,0.302462,25.79
2026-04-28,NVDA,209.49,214.73,208.2,213.17,180275400,0.325628,0.355473,0.304753,38.1
2026-04-29,NVDA,212.7,212.72,207.58,209.25,123711800,0.324569,0.351729,0.281741,37.3
2026-04-30,NVDA,209.93,210.3,198.7,199.57,225239200,0.336045,0.348242,0.34589,47.22
2026-05-01,NVDA,201.28,203.0,197.12,198.45,128647000,0.332155,0.34652,0.348257,44.44
2026-05-04,NVDA,199.5,201.73,194.74,198.48,125368100,0.341798,0.347445,0.348487,51.98
2026-05-05,NVDA,199.3,200.24,196.03,196.5,113406600,0.337261,0.33549,0.352757,48.41
2026-05-06,NVDA,199.89,208.27,198.61,207.83,188362800,0.322141,0.334212,0.392996,36.11
2026-05-07,NVDA,208.34,214.2,206.5,211.5,168307900,0.329505,0.336084,0.394753,42.06
2026-05-08,NVDA,213.03,217.8,212.89,215.2,136421400,0.330448,0.334051,0.390822,43.25
2026-05-11,NVDA,214.04,222.3,213.89,219.44,160685800,0.334749,0.333826,0.393282,47.62
2026-05-12,NVDA,218.55,223.75,214.92,220.78,159176600,0.344758,0.336118,0.377033,58.33
2026-05-13,NVDA,224.93,227.84,221.57,225.83,150405400,0.353497,0.335823,0.381212,63.89
2026-05-14,NVDA,229.85,236.54,229.3,235.74,180782900,0.356959,0.335516,0.400793,65.08
2026-05-15,NVDA,229.76,231.5,224.24,225.32,180977600,0.375668,0.341109,0.442376,70.24
2026-05-18,NVDA,229.87,230.0,218.37,222.32,146280900,0.39283,0.348516,0.447353,78.17
2026-05-19,NVDA,219.62,224.48,217.91,220.61,140948200,0.400717,0.350118,0.44604,80.95
2026-05-20,NVDA,223.18,226.13,220.5,223.47,184201600,0.403944,0.34908,0.446006,82.54
2026-05-21,NVDA,222.29,227.4,217.93,219.51,203381800,0.411076,0.352823,0.448271,82.94
2026-05-22,NVDA,220.9,221.01,214.8,215.33,169275700,0.401042,0.350712,0.432815,81.35
2026-05-26,NVDA,216.54,218.18,212.0,214.86,187202600,0.396849,0.348218,0.409438,79.76
2026-05-27,NVDA,214.12,214.15,208.78,212.6,167601200,0.376001,0.346583,0.407139,70.63
2026-05-28,NVDA,211.28,215.52,211.22,214.25,143996000,0.376236,0.34323,0.402021,71.03
2026-05-29,NVDA,214.58,217.86,211.13,211.14,289410600,0.372912,0.344576,0.364644,69.84
2026-06-01,NVDA,215.73,224.87,215.7,224.36,212850700,0.377846,0.344797,0.416632,71.83
2026-06-02,NVDA,227.18,232.28,221.35,222.82,193362900,0.386504,0.345961,0.418717,76.98
2026-06-03,NVDA,221.72,222.82,214.51,214.75,160907000,0.391172,0.345432,0.442361,78.97
2026-06-04,NVDA,213.91,221.6,210.97,218.66,169022200,0.394495,0.34966,0.402295,81.35
2026-06-05,NVDA,214.53,214.87,204.33,205.1,219655500,0.401506,0.354523,0.46176,85.32
2026-06-08,NVDA,210.18,210.47,206.0,208.64,138372800,0.408835,0.357333,0.461636,86.9
2026-06-09,NVDA,210.62,211.4,199.34,208.19,180962500,0.431622,0.367785,0.454884,90.08
2026-06-10,NVDA,204.43,207.22,199.92,200.42,161746600,0.434257,0.36677,0.470367,90.08
2026-06-11,NVDA,201.49,205.66,199.54,204.87,158643200,0.430375,0.367756,0.469865,89.29
2026-06-12,NVDA,204.86,207.07,203.44,205.19,112001800,0.424111,0.367985,0.435729,88.49
2026-06-15,NVDA,208.92,212.71,208.34,212.45,149936700,0.413687,0.367429,0.43505,87.3
2026-06-16,NVDA,211.18,211.49,207.29,207.41,125694100,0.396402,0.366093,0.440034,80.95
2026-06-17,NVDA,208.53,209.21,203.08,204.65,128363500,0.39038,0.363472,0.44122,77.38
2026-06-18,NVDA,207.33,211.39,206.5,210.69,241272000,0.389483,0.364503,0.452919,76.98
2026-06-22,NVDA,211.44,213.99,207.72,208.65,122041400,0.380382,0.364378,0.450271,71.83
2026-06-23,NVDA,202.17,203.77,200.0,200.04,153496200,0.399602,0.36891,0.468513,82.94
2026-06-24,NVDA,200.12,201.67,196.58,199.0,151810700,0.398209,0.369039,0.468508,81.75
2026-06-25,NVDA,200.08,200.8,192.13,195.74,149550000,0.403982,0.371833,0.470114,85.32
2026-06-26,NVDA,193.12,195.55,191.22,192.53,179304100,0.407623,0.372067,0.469884,85.32
2026-06-29,NVDA,193.85,196.18,189.8,194.97,148835700,0.410386,0.374456,0.47268,85.71
2026-06-30,NVDA,197.24,200.63,195.11,200.09,166476700,0.404654,0.372454,0.423012,84.52
2026-07-01,NVDA,196.2,199.85,193.45,197.58,146147600,0.400649,0.376997,0.42371,81.35
2026-07-02,NVDA,197.14,200.06,192.35,194.83,142068700,0.405339,0.378093,0.40913,84.52
2026-07-06,NVDA,194.42,197.55,193.99,195.55,108999000,0.393106,0.370803,0.401571,76.19
2026-07-07,NVDA,192.37,198.41,191.14,196.93,124154600,0.391475,0.37419,0.338724,74.6
2026-07-08,NVDA,195.18,205.16,195.06,204.12,147419100,0.386239,0.376134,0.358724,71.03
2026-07-09,NVDA,204.46,204.59,198.96,202.78,132037400,0.355788,0.376999,0.359242,60.32
2026-07-10,NVDA,202.0,211.0,201.92,210.96,148421000,0.346476,0.377676,0.359621,54.76
2026-07-13,NVDA,208.54,210.57,203.0,203.53,121411000,0.34967,0.379745,0.376424,57.54
2026-07-14,NVDA,208.2,212.55,203.8,211.8,124379600,0.372363,0.385651,0.402573,64.29
2026-07-15,NVDA,211.96,213.81,206.04,212.5,124797200,0.377367,0.389447,0.383199,66.27
2026-07-16,NVDA,210.17,211.08,205.85,207.4,122986100,0.38079,0.389788,0.383436,67.46
2026-07-17,NVDA,202.64,206.65,197.97,202.81,144281900,0.394449,0.396462,0.388885,76.59
2026-07-20,NVDA,205.87,207.74,202.28,203.28,88701500,0.397652,0.398049,0.37321,78.97
2026-07-21,NVDA,207.54,208.65,204.01,207.29,108685600,0.404941,0.399407,0.379358,84.13
2026-07-22,NVDA,205.81,214.39,204.95,212.06,137645600,0.398316,0.39857,0.353545,78.97
2026-07-23,NVDA,209.46,210.87,205.96,208.76,110505300,0.399526,0.397426,0.358656,79.76
2026-07-24,NVDA,207.45,211.91,204.81,206.84,114836800,0.394299,0.392645,0.354473,74.6
2026-07-27,NVDA,208.2,208.75,195.44,196.51,154353700,0.405687,0.396466,0.398217,84.52
2026-07-28,NVDA,195.0,198.7,192.74,197.01,134111500,0.401867,0.395429,0.395935,81.75
2026-07-29,NVDA,195.85,197.07,190.01,190.01,147680800,0.399228,0.395349,0.404366,78.17
2026-07-30,NVDA,193.45,197.25,191.52,195.04,129010200,0.400012,0.395836,0.414866,79.37
2026-07-31,NVDA,198.44,202.0,194.95,200.75,139961200,0.404433,0.399495,0.424345,82.94
2026-08-03,NVDA,197.69,208.74,196.85,206.64,128406900,0.419088,0.40143,0.43538,87.3
2026-08-04,NVDA,211.3,213.06,209.05,211.94,134922000,0.419312,0.402098,0.442545,87.3
2026-08-05,NVDA,216.86,222.22,216.4,219.22,158187400,0.422176,0.404881,0.440589,87.7
2026-08-06,NVDA,221.53,223.63,217.0,218.99,113940600,0.421585,0.404176,0.439333,86.9
2026-08-07,NVDA,221.54,224.76,220.66,223.96,105669400,0.419288,0.401677,0.424854,86.11
2026-08-10,NVDA,223.4,224.14,216.77,217.55,115846600,0.413967,0.39973,0.417208,85.32
2026-08-11,NVDA,222.17,222.2,216.2,217.5,101273100,0.403409,0.400107,0.394333,79.37
2026-08-12,NVDA,221.04,225.1,220.2,224.09,108783600,0.39556,0.396491,0.407146,71.03
2026-08-13,NVDA,225.06,227.23,223.71,225.3,98867200,0.389485,0.390202,0.394527,65.48
2026-08-14,NVDA,226.77,227.49,224.5,225.16,75680900,0.361918,0.387341,0.382506,52.78
2026-08-17,NVDA,225.98,227.92,224.86,225.01,93678700,0.357877,0.385882,0.382953,51.19
2026-08-18,NVDA,220.45,221.64,218.69,219.74,103128200,0.362176,0.384204,0.391951,52.78
2026-08-19,NVDA,221.67,222.87,216.76,217.56,96797300,0.352221,0.384754,0.38717,48.02
2026-08-20,NVDA,218.36,219.86,215.66,216.85,92457000,0.34429,0.383569,0.382434,41.27
2026-08-21,NVDA,218.42,218.74,214.5,214.72,98545600,0.332209,0.381833,0.382684,29.76
2024-08-22,TSLA,223.82,224.8,210.32,210.66,79514500,,,,
2024-08-23,TSLA,214.46,221.48,214.21,220.32,81525200,,,,
2024-08-26,TSLA,218.75,219.09,211.01,213.21,59301200,,,,
2024-08-27,TSLA,213.25,215.66,206.94,209.21,62821400,,,,
2024-08-28,TSLA,209.72,211.84,202.59,205.75,64116400,,,,
2024-08-29,TSLA,209.8,214.89,205.97,206.28,62308800,,,,
2024-08-30,TSLA,208.63,214.57,207.03,214.11,63370600,,,,
2024-09-03,TSLA,215.26,219.9,209.64,210.6,76714200,,,,
2024-09-04,TSLA,210.59,222.22,210.57,219.41,80651800,,,,
2024-09-05,TSLA,223.49,235.0,222.25,230.17,119355000,,,,
2024-09-06,TSLA,232.6,233.6,210.51,210.73,112177000,,,,
2024-09-09,TSLA,216.2,219.87,213.67,216.27,67443500,,,,
2024-09-10,TSLA,220.07,226.4,218.64,226.17,78891100,,,,
2024-09-11,TSLA,224.55,228.47,216.8,228.13,83548600,,,,
2024-09-12,TSLA,224.66,231.45,223.83,229.81,71894900,,,,
2024-09-13,TSLA,228.0,232.67,226.32,230.29,59515100,,,,
2024-09-16,TSLA,229.3,229.96,223.53,226.78,54323000,,,,
2024-09-17,TSLA,229.45,234.57,226.55,227.87,66761600,,,,
2024-09-18,TSLA,230.09,235.68,226.88,227.2,78010200,,,,
2024-09-19,TSLA,234.0,244.24,232.13,243.92,102694600,,,,
2024-09-20,TSLA,241.52,243.99,235.92,238.25,99879100,0.467458,,0.576566,
2024-09-23,TSLA,242.61,250.0,241.92,250.0,86927200,0.466629,,0.579618,
2024-09-24,TSLA,254.08,257.19,249.05,254.27,88491000,0.465234,,0.561704,
2024-09-25,TSLA,252.54,257.05,252.28,257.02,65034300,0.459361,,0.552057,
2024-09-26,TSLA,260.6,261.75,251.53,254.22,67142200,0.456308,,0.548713,
2024-09-27,TSLA,257.38,260.7,254.12,260.46,70988100,0.44565,,0.549913,
2024-09-30,TSLA,259.04,264.86,255.77,261.63,80705700,0.449673,,0.541929,
2024-10-01,TSLA,262.67,263.98,248.53,258.02,87397600,0.462976,,0.540295,
2024-10-02,TSLA,247.55,251.16,241.5,249.02,93983900,0.492498,,0.55053,
2024-10-03,TSLA,244.48,249.79,237.81,240.66,80729200,0.493761,,0.545397,
2024-10-04,TSLA,246.69,250.96,244.58,250.08,86573200,0.476965,,0.442288,
2024-10-07,TSLA,249.0,249.83,240.7,240.83,68113300,0.469724,,0.466147,
2024-10-08,TSLA,243.56,246.21,240.56,244.5,56303200,0.466664,,0.444298,
2024-10-09,TSLA,243.82,247.43,239.51,241.05,66289500,0.450188,,0.448449,
2024-10-10,TSLA,241.81,242.79,232.34,238.77,83087100,0.455171,,0.450147,
2024-10-11,TSLA,220.13,223.34,214.38,217.8,142628900,0.548039,,0.55996,
2024-10-14,TSLA,220.13,221.91,213.74,219.16,86291900,0.553508,,0.558774,
2024-10-15,TSLA,220.01,224.26,217.12,219.57,62988800,0.550326,,0.558419,
2024-10-16,TSLA,221.4,222.82,218.93,221.33,49632800,0.542477,,0.559482,
2024-10-17,TSLA,221.59,222.08,217.9,220.89,50791800,0.525299,,0.490027,
2024-10-18,TSLA,220.71,222.28,219.23,220.7,49611900,0.520385,,0.485221,
2024-10-21,TSLA,218.9,220.48,215.73,218.85,47329000,0.51531,,0.444726,
2024-10-22,TSLA,217.31,218.22,215.26,217.97,43268700,0.505865,,0.43612,
2024-10-23,TSLA,217.13,218.72,212.11,213.65,80938900,0.508555,,0.43251,
2024-10-24,TSLA,244.68,262.12,242.65,260.48,204491900,0.71821,,0.85363,
2024-10-25,TSLA,256.01,269.49,255.32,269.19,161611900,0.722378,,0.857266,
2024-10-28,TSLA,270.0,273.54,262.24,262.51,107653600,0.722998,,0.862396,
2024-10-29,TSLA,264.51,264.98,255.51,259.52,80521800,0.711178,,0.861912,
2024-10-30,TSLA,258.04,263.35,255.82,257.55,53993600,0.690913,,0.852182,
2024-10-31,TSLA,257.99,259.75,249.25,249.85,66575300,0.6811,,0.850169,
2024-11-01,TSLA,252.04,254.0,246.63,248.98,57544800,0.677614,,0.839235,
2024-11-04,TSLA,244.56,248.9,238.88,242.84,68802400,0.68547,,0.832893,
2024-11-05,TSLA,247.34,255.28,246.21,251.44,69282500,0.689885,,0.840397,
2024-11-06,TSLA,284.67,289.59,275.62,288.53,165228700,0.819372,,0.966319,
2024-11-07,TSLA,288.89,299.75,285.52,296.91,117309200,0.817875,,0.96612,
2024-11-08,TSLA,299.14,328.71,297.66,321.22,204782800,0.763233,,0.913693,
2024-11-11,TSLA,346.3,358.64,336.0,350.0,210521600,0.802119,,0.941682,
2024-11-12,TSLA,342.74,345.84,323.31,328.49,155726000,0.820314,,0.988832,
2024-11-13,TSLA,335.85,344.6,322.5,330.24,125405600,0.833051,,0.989313,
2024-11-14,TSLA,327.69,329.98,310.37,311.18,120726100,0.840992,,1.02658,
2024-11-15,TSLA,310.57,324.68,309.22,320.72,114440300,0.846194,0.637558,1.025278,
2024-11-18,TSLA,340.73,348.55,330.01,338.74,126085600,0.863307,0.649871,1.027608,
2024-11-19,TSLA,335.76,347.38,332.75,346.0,88852500,0.867082,0.650349,1.023075,
2024-11-20,TSLA,345.0,346.6,334.3,342.03,66340700,0.869242,0.650695,1.018769,
2024-11-21,TSLA,343.81,347.99,335.28,339.64,58011700,0.745819,0.649939,0.785961,
2024-11-22,TSLA,341.09,361.53,337.7,352.56,89140700,0.748827,0.652251,0.787589,
2024-11-25,TSLA,360.14,361.93,338.2,338.59,95890900,0.750626,0.654613,0.799327,
2024-11-26,TSLA,341.0,346.96,335.66,338.23,62295900,0.750266,0.65308,0.796002,
2024-11-27,TSLA,341.8,342.55,326.59,332.89,57896400,0.750436,0.653128,0.799422,
2024-11-29,TSLA,336.08,345.45,334.65,345.16,37167600,0.747431,0.649686,0.786541,
2024-12-02,TSLA,352.38,360.0,351.15,357.09,77986500,0.746182,0.644807,0.785373,
2024-12-03,TSLA,351.8,355.69,348.2,351.42,58267200,0.740018,0.644791,0.779486,
2024-12-04,TSLA,353.0,358.1,348.6,357.93,50810900,0.739375,0.644435,0.777101,
2024-12-05,TSLA,359.87,375.43,359.5,369.49,81403600,0.612325,0.640878,0.638997,
2024-12-06,TSLA,377.42,389.49,370.8,389.22,81455800,0.613581,0.641631,0.652152,
2024-12-09,TSLA,397.61,404.8,378.01,389.79,96359200,0.604693,0.646871,0.605775,
2024-12-10,TSLA,392.68,409.73,390.85,400.99,97563600,0.54631,0.648226,0.540844,
2024-12-11,TSLA,409.7,424.88,402.38,424.77,104287600,0.53184,0.650041,0.501625,
2024-12-12,TSLA,424.84,429.3,415.0,418.1,87752200,0.514345,0.649061,0.511357,
2024-12-13,TSLA,420.0,436.3,415.71,436.23,89000200,0.506477,0.647586,0.446929,26.67
2024-12-16,TSLA,441.09,463.19,436.15,463.02,114083800,0.506385,0.648054,0.470126,26.23
2024-12-17,TSLA,475.9,483.99,457.51,479.86,131223000,0.481463,0.653941,0.4553,20.97
2024-12-18,TSLA,466.5,488.54,427.01,440.13,149340800,0.572979,0.678334,0.585176,47.62
2024-12-19,TSLA,451.88,456.36,420.02,436.17,118566100,0.599624,0.687591,0.583905,48.44
2024-12-20,TSLA,425.51,447.08,417.64,421.06,132216200,0.633353,0.697303,0.604449,53.85
2024-12-23,TSLA,431.0,434.51,415.41,430.6,72698100,0.629909,0.700694,0.598027,53.03
2024-12-24,TSLA,435.9,462.78,435.14,462.28,59551800,0.624305,0.70063,0.604165,52.24
2024-12-26,TSLA,465.16,465.33,451.02,454.13,76366400,0.622444,0.695643,0.613122,51.47
2024-12-27,TSLA,449.52,450.0,426.5,431.66,82666800,0.625222,0.689296,0.647704,53.62
2024-12-30,TSLA,419.4,427.0,415.75,417.41,64941000,0.639942,0.689465,0.661744,57.14
2024-12-31,TSLA,423.79,427.93,402.54,403.84,76825100,0.646225,0.690982,0.671562,57.75
2025-01-02,TSLA,390.1,392.73,373.04,379.28,109710700,0.665238,0.698113,0.71133,58.33
2025-01-03,TSLA,381.48,411.88,379.45,410.44,95423300,0.674993,0.701446,0.758707,58.9
2025-01-06,TSLA,423.2,426.43,401.7,411.05,85516500,0.688075,0.705503,0.753098,63.51
2025-01-07,TSLA,405.83,414.33,390.0,394.36,75699500,0.692473,0.707819,0.749315,66.67
2025-01-08,TSLA,392.95,402.5,387.4,394.94,73038800,0.677466,0.683314,0.749315,57.89
2025-01-10,TSLA,391.4,399.28,377.29,394.74,62287300,0.684591,0.68709,0.742148,61.04
2025-01-13,TSLA,383.21,403.79,380.07,403.31,67580500,0.687361,0.692631,0.715026,62.82
2025-01-14,TSLA,414.34,422.64,394.54,396.36,84565000,0.704692,0.698057,0.715429,68.35
2025-01-15,TSLA,409.9,429.8,405.66,428.22,81375500,0.716878,0.701785,0.754243,70.0
2025-01-16,TSLA,423.49,424.0,409.13,413.82,68335200,0.712184,0.703828,0.727425,69.14
2025-01-17,TSLA,421.5,439.74,419.75,426.5,94991400,0.70346,0.706015,0.723502,65.85
2025-01-21,TSLA,432.64,433.2,406.31,424.07,87320900,0.654854,0.712017,0.658121,50.6
2025-01-22,TSLA,416.81,428.0,414.59,415.11,60963300,0.630351,0.714723,0.661347,46.43
2025-01-23,TSLA,416.06,420.73,408.95,412.38,50690600,0.598968,0.661285,0.650236,36.47
2025-01-24,TSLA,414.45,418.88,405.78,406.58,56427100,0.584496,0.658729,0.645688,36.05
2025-01-27,TSLA,394.8,406.69,389.0,397.15,58125500,0.59379,0.663926,0.586742,36.78
2025-01-28,TSLA,396.91,400.59,386.5,398.09,48910700,0.598368,0.664678,0.586459,37.5
2025-01-29,TSLA,395.21,398.59,384.48,389.1,68033600,0.59477,0.664982,0.56662,37.08
2025-01-30,TSLA,410.78,412.5,384.41,400.28,98092900,0.638148,0.67827,0.568099,51.11
2025-01-31,TSLA,401.53,419.99,401.34,404.6,83283600,0.641758,0.68179,0.557619,52.75
2025-02-03,TSLA,386.68,389.17,374.36,383.68,93732100,0.649192,0.688659,0.544079,54.35
2025-02-04,TSLA,382.63,394.0,381.4,392.21,57072200,0.638147,0.687803,0.46741,49.46
2025-02-05,TSLA,387.51,388.39,375.53,378.17,57223300,0.619054,0.640628,0.482522,42.55
2025-02-06,TSLA,373.03,375.4,363.18,374.32,77918200,0.612657,0.641388,0.462854,41.05
2025-02-07,TSLA,370.19,380.55,360.34,361.62,70298300,0.621031,0.63691,0.476087,43.75
2025-02-10,TSLA,356.21,362.7,350.51,350.73,77514900,0.611186,0.616292,0.484707,39.18
2025-02-11,TSLA,345.8,349.37,325.1,328.5,118543400,0.608736,0.615385,0.516761,38.78
2025-02-12,TSLA,329.94,346.4,329.12,336.51,105382700,0.598897,0.612476,0.529978,35.35
2025-02-13,TSLA,345.0,358.69,342.85,355.94,89441500,0.589202,0.613032,0.488358,32.0
2025-02-14,TSLA,360.62,362.0,347.5,355.84,68277300,0.595263,0.613511,0.480137,34.65
2025-02-18,TSLA,355.01,359.1,350.02,354.11,51631700,0.580527,0.598386,0.459273,30.39
2025-02-19,TSLA,354.0,367.34,353.67,360.56,67094400,0.558697,0.598322,0.46937,29.13
2025-02-20,TSLA,361.51,362.3,348.0,354.4,45965400,0.556141,0.598247,0.468054,28.85
2025-02-21,TSLA,353.44,354.98,334.42,337.8,74058600,0.562266,0.599672,0.489089,30.48
2025-02-24,TSLA,338.14,342.4,324.7,330.53,76052300,0.569614,0.597014,0.490692,31.13
2025-02-25,TSLA,327.02,328.89,297.25,302.8,134228800,0.580319,0.602787,0.561212,32.71
2025-02-26,TSLA,303.71,309.0,288.04,290.8,100118300,0.588208,0.606423,0.56565,35.19
2025-02-27,TSLA,291.16,297.23,280.88,281.95,101748200,0.594712,0.607157,0.56772,37.61
2025-02-28,TSLA,279.5,293.88,273.6,292.98,115697000,0.551916,0.612424,0.579154,26.36
2025-03-03,TSLA,300.34,303.94,277.3,284.65,115551400,0.574433,0.621766,0.572281,32.43
2025-03-04,TSLA,270.93,284.35,261.84,272.04,126706600,0.60252,0.638724,0.566517,44.64
2025-03-05,TSLA,272.92,279.55,267.71,279.1,94042900,0.608251,0.640302,0.569985,46.02
2025-03-06,TSLA,272.06,272.65,260.02,263.45,98451600,0.616501,0.642229,0.58441,50.88
2025-03-07,TSLA,259.32,266.25,250.73,262.67,102369600,0.627184,0.643971,0.58627,55.65
2025-03-10,TSLA,252.54,253.37,220.0,222.15,189076900,0.659298,0.652772,0.791199,64.66
2025-03-11,TSLA,225.31,237.06,217.02,230.58,174896400,0.688628,0.660613,0.820227,72.65
2025-03-12,TSLA,247.22,251.84,241.1,248.09,142215700,0.731516,0.674155,0.866804,82.2
2025-03-13,TSLA,248.13,248.29,232.6,240.68,114813500,0.735699,0.679072,0.856517,82.35
2025-03-14,TSLA,247.31,251.58,240.73,249.98,100242300,0.739137,0.682218,0.838196,82.5
2025-03-17,TSLA,245.06,245.4,232.8,238.01,111900600,0.742645,0.682918,0.842651,84.3
2025-03-18,TSLA,228.16,230.1,222.28,225.31,111477600,0.757919,0.681503,0.849306,90.16
2025-03-19,TSLA,231.61,241.41,229.2,235.86,111993800,0.769755,0.664536,0.872285,91.06
2025-03-20,TSLA,233.35,238.0,230.05,236.26,99028300,0.769748,0.654945,0.876013,90.32
2025-03-21,TSLA,234.99,249.52,234.55,248.71,132728700,0.771603,0.64741,0.904837,91.2
2025-03-24,TSLA,258.08,278.64,256.33,278.39,169079900,0.789176,0.651297,1.011749,91.27
2025-03-25,TSLA,283.6,288.2,271.28,288.14,150361500,0.788807,0.657113,0.97746,90.55
2025-03-26,TSLA,282.66,284.9,266.51,272.06,153629800,0.791492,0.662016,0.988012,91.41
2025-03-27,TSLA,272.48,291.85,271.82,273.13,162572100,0.813039,0.671789,0.98284,92.25
2025-03-28,TSLA,275.58,276.1,260.57,263.55,123809400,0.806222,0.670998,0.978054,91.54
2025-03-31,TSLA,249.31,260.56,243.36,259.16,134008900,0.815801,0.682397,0.975137,92.37
2025-04-01,TSLA,263.8,277.45,259.25,268.46,146486900,0.793008,0.683446,0.972558,89.39
2025-04-02,TSLA,254.6,284.99,251.27,282.76,212787800,0.836339,0.698756,0.986351,95.49
2025-04-03,TSLA,265.29,276.3,261.51,267.28,136174300,0.865338,0.707055,0.98526,97.76
2025-04-04,TSLA,255.38,261.0,236.0,239.43,181229400,0.888095,0.717297,1.06097,99.26
2025-04-07,TSLA,223.78,252.0,214.25,233.29,183453800,0.955328,0.759252,0.875439,99.26
2025-04-08,TSLA,245.0,250.44,217.8,221.86,171603500,0.990684,0.777521,0.884346,99.27
2025-04-09,TSLA,224.69,274.69,223.88,272.2,219433400,0.992871,0.794734,1.122903,99.28
2025-04-10,TSLA,260.0,262.49,239.33,252.4,181722600,1.014236,0.803893,1.152636,99.28
2025-04-11,TSLA,251.84,257.74,241.36,252.31,128948100,1.011578,0.802835,1.144967,98.57
2025-04-14,TSLA,258.36,261.8,245.93,252.35,100135200,1.022054,0.807872,1.129957,99.29
2025-04-15,TSLA,249.91,258.75,247.54,254.11,79594300,1.016436,0.805509,1.10916,98.59
2025-04-16,TSLA,247.61,251.97,233.89,241.55,112378700,1.016919,0.805369,1.116137,98.6
2025-04-17,TSLA,243.47,244.34,237.68,241.37,83404800,1.019142,0.804582,1.116156,98.61
2025-04-21,TSLA,230.26,232.21,222.79,227.5,97768000,1.028362,0.810084,1.119067,99.31
2025-04-22,TSLA,230.96,242.79,229.85,237.97,120858500,1.016235,0.813058,1.048592,95.89
2025-04-23,TSLA,254.86,259.45,244.43,250.74,150381900,1.047483,0.827128,1.059987,99.32
2025-04-24,TSLA,250.5,259.54,249.2,259.51,94464200,1.039614,0.826289,1.05207,98.65
2025-04-25,TSLA,261.69,286.85,259.63,284.95,167560700,1.029018,0.831165,1.105862,97.99
2025-04-28,TSLA,288.98,294.86,272.42,285.88,151731800,1.042339,0.82443,1.096799,98.67
2025-04-29,TSLA,285.5,293.32,279.47,292.03,108906600,1.02441,0.823115,1.09552,96.03
2025-04-30,TSLA,279.9,284.45,270.78,282.16,128961100,1.023065,0.823864,1.098713,95.39
2025-05-01,TSLA,280.01,290.87,279.81,280.52,99659000,0.996647,0.826163,1.083282,90.2
2025-05-02,TSLA,284.9,294.78,279.81,287.21,114454700,0.975688,0.829213,1.065569,88.31
2025-05-05,TSLA,284.57,284.85,274.4,280.26,94618900,0.946348,0.829033,0.984782,87.1
2025-05-06,TSLA,273.11,277.73,271.35,275.35,76715800,0.840389,0.827186,0.981432,82.05
2025-05-07,TSLA,276.88,277.92,271.0,276.22,71592600,0.776928,0.826653,0.957205,73.25
2025-05-08,TSLA,279.63,289.8,279.41,284.82,97539400,0.722039,0.824776,0.636065,60.13
2025-05-09,TSLA,290.21,307.04,290.0,298.26,132387800,0.681181,0.826443,0.5831,50.94
2025-05-12,TSLA,321.99,322.21,311.5,318.38,112826700,0.720037,0.840822,0.615739,60.0
2025-05-13,TSLA,320.0,337.59,316.8,334.07,136992600,0.711767,0.841224,0.627304,57.76
2025-05-14,TSLA,342.5,350.0,337.0,347.68,136997300,0.711841,0.843881,0.633266,58.02
2025-05-15,TSLA,340.34,346.14,334.72,342.82,97882600,0.692097,0.844371,0.594525,54.6
2025-05-16,TSLA,346.24,351.62,342.33,349.98,95895700,0.690922,0.843658,0.590652,54.27
2025-05-19,TSLA,336.3,343.0,333.37,342.09,88869900,0.678473,0.845313,0.538989,48.48
2025-05-20,TSLA,347.87,354.99,341.63,343.82,131715500,0.675986,0.845242,0.533434,46.99
2025-05-21,TSLA,344.43,347.35,332.2,334.62,102354800,0.626642,0.839608,0.54096,38.32
2025-05-22,TSLA,331.9,347.27,331.39,341.04,97113400,0.632874,0.837445,0.536171,40.48
2025-05-23,TSLA,337.92,343.18,333.21,339.34,84654800,0.617386,0.835262,0.448416,34.91
2025-05-27,TSLA,347.35,363.79,347.32,362.89,120146400,0.592088,0.833592,0.493106,24.71
2025-05-28,TSLA,364.84,365.0,355.91,356.9,91404300,0.584149,0.824728,0.501861,22.81
2025-05-29,TSLA,365.29,367.71,356.0,358.43,88087800,0.553055,0.814043,0.474501,17.44
2025-05-30,TSLA,355.52,363.68,345.29,346.46,123474900,0.553049,0.815151,0.498403,17.34
2025-06-02,TSLA,343.5,348.02,333.33,342.69,81873800,0.550968,0.814077,0.501497,16.67
2025-06-03,TSLA,346.6,355.4,343.04,344.27,99324500,0.548976,0.811571,0.486256,16.0
2025-06-04,TSLA,345.1,345.6,327.33,332.05,98912100,0.545215,0.799394,0.504418,14.77
2025-06-05,TSLA,322.49,324.55,273.21,284.7,287499800,0.648582,0.816164,0.768689,46.89
2025-06-06,TSLA,298.83,305.5,291.14,295.14,164747700,0.669438,0.809812,0.771611,49.44
2025-06-09,TSLA,285.96,309.83,281.85,308.58,140908900,0.688811,0.812258,0.770429,56.42
2025-06-10,TSLA,314.94,327.83,310.67,326.09,151256500,0.641047,0.81108,0.760151,45.0
2025-06-11,TSLA,334.4,335.5,322.5,326.43,122611400,0.639294,0.810544,0.739714,44.2
2025-06-12,TSLA,323.08,332.56,316.86,319.11,105127500,0.640706,0.808066,0.726863,45.05
2025-06-13,TSLA,313.97,332.99,313.3,325.31,128964300,0.648216,0.807167,0.730524,46.99
2025-06-16,TSLA,331.29,332.05,326.41,329.13,83925900,0.648516,0.807145,0.727411,47.28
2025-06-17,TSLA,326.09,327.26,314.74,316.35,88282700,0.631625,0.806782,0.735852,41.08
2025-06-18,TSLA,317.31,329.32,315.45,322.05,95137700,0.63186,0.801755,0.739317,41.4
2025-06-20,TSLA,327.95,332.36,317.78,322.16,108688000,0.635982,0.797712,0.733974,42.78
2025-06-23,TSLA,327.54,357.54,327.48,348.68,190716800,0.652398,0.799753,0.785847,49.47
2025-06-24,TSLA,356.17,356.26,340.44,340.47,114736200,0.651517,0.791727,0.790615,49.21
2025-06-25,TSLA,342.7,343.0,320.4,327.55,119845100,0.658167,0.793457,0.760432,50.53
2025-06-26,TSLA,324.61,331.05,323.61,325.78,80440900,0.662289,0.781703,0.759219,51.31
2025-06-27,TSLA,324.51,329.34,317.5,323.63,89067000,0.661802,0.777121,0.758521,51.04
2025-06-30,TSLA,319.9,325.58,316.6,317.66,76695100,0.656237,0.760958,0.752711,49.74
2025-07-01,TSLA,298.46,305.89,293.21,300.71,145085700,0.694455,0.758567,0.773652,62.37
2025-07-02,TSLA,312.63,316.83,303.82,315.65,119483700,0.709662,0.750225,0.797351,63.59
2025-07-03,TSLA,317.99,318.45,312.76,315.35,58042300,0.70342,0.703857,0.788471,62.24
2025-07-07,TSLA,291.37,296.15,288.77,293.94,131177900,0.677851,0.700882,0.611884,54.31
2025-07-08,TSLA,297.0,304.05,294.35,297.81,103246700,0.649796,0.679741,0.600077,46.97
2025-07-09,TSLA,297.55,300.15,293.55,295.88,75586800,0.620229,0.660082,0.577264,34.17
2025-07-10,TSLA,300.05,310.48,300.0,309.87,104365300,0.610375,0.654654,0.566202,30.5
2025-07-11,TSLA,307.89,314.09,305.65,313.51,79236400,0.599442,0.648842,0.568352,27.86
2025-07-14,TSLA,317.73,322.6,312.67,316.9,78043400,0.59344,0.647712,0.564611,24.26
2025-07-15,TSLA,319.68,321.2,310.5,310.78,77556300,0.579292,0.638679,0.56353,20.69
2025-07-16,TSLA,312.8,323.5,312.62,321.67,97284800,0.577709,0.638309,0.576651,20.59
2025-07-17,TSLA,323.15,324.34,317.06,319.41,73922900,0.574875,0.628051,0.55917,20.49
2025-07-18,TSLA,321.66,330.9,321.42,329.65,94255000,0.568107,0.624486,0.566877,18.93
2025-07-21,TSLA,334.4,338.0,326.88,328.49,75768800,0.562506,0.606189,0.567117,18.84
2025-07-22,TSLA,329.74,335.41,321.55,332.11,77370400,0.540643,0.607895,0.48877,12.02
2025-07-23,TSLA,330.9,336.2,328.67,332.56,92553800,0.533346,0.601064,0.482282,11.96
2025-07-24,TSLA,310.0,310.15,300.41,305.3,156966000,0.571606,0.609811,0.553936,20.95
2025-07-25,TSLA,308.74,323.63,308.01,316.06,148227000,0.583189,0.610553,0.570124,24.64
2025-07-28,TSLA,318.45,330.49,315.69,325.59,112673800,0.586669,0.602211,0.5803,25.94
2025-07-29,TSLA,325.55,326.25,318.25,321.2,87358900,0.584408,0.598605,0.578392,25.35
2025-07-30,TSLA,322.18,324.45,311.62,319.04,83931900,0.54265,0.596578,0.541313,13.08
2025-07-31,TSLA,319.61,321.37,306.1,308.27,85270900,0.518755,0.595949,0.52861,10.23
2025-08-01,TSLA,306.21,309.31,297.82,302.63,89121400,0.523155,0.594777,0.532152,11.11
2025-08-04,TSLA,309.08,312.12,303.0,309.26,78683900,0.447526,0.596212,0.47251,0.46
2025-08-05,TSLA,308.95,312.45,305.5,308.72,57961300,0.442382,0.594546,0.471053,0.0
2025-08-06,TSLA,307.89,320.47,306.93,319.91,78523600,0.444867,0.589548,0.484725,0.46
2025-08-07,TSLA,319.79,322.4,316.16,322.27,66658700,0.442343,0.566894,0.458683,0.0
2025-08-08,TSLA,321.43,335.15,320.98,329.65,91200300,0.448522,0.565019,0.46339,2.26
2025-08-11,TSLA,335.0,346.64,334.15,339.03,105320200,0.453496,0.564083,0.471472,3.6
2025-08-12,TSLA,345.0,345.26,332.94,340.84,80522100,0.462852,0.564313,0.463667,5.38
2025-08-13,TSLA,341.5,348.98,338.2,339.38,67838900,0.466351,0.564942,0.450829,6.7
2025-08-14,TSLA,335.76,340.47,330.4,335.58,75000700,0.470608,0.559511,0.45228,8.89
2025-08-15,TSLA,337.66,339.3,327.02,330.56,74319800,0.474302,0.557885,0.442691,9.29
2025-08-18,TSLA,329.62,336.27,329.59,335.16,56956600,0.467277,0.556046,0.445062,7.93
2025-08-19,TSLA,335.79,340.55,327.85,329.31,75956000,0.46314,0.554542,0.44813,6.14
2025-08-20,TSLA,329.22,331.37,314.6,323.9,77481800,0.477511,0.557608,0.451687,10.92
2025-08-21,TSLA,322.08,324.9,318.68,320.11,55744400,0.396254,0.554881,0.328355,0.0
2025-08-22,TSLA,321.66,340.25,319.69,340.01,94016300,0.390509,0.557573,0.371615,0.0
2025-08-25,TSLA,338.9,349.53,335.03,346.6,86670000,0.38814,0.556767,0.363628,0.0
2025-08-26,TSLA,344.93,351.9,343.72,351.67,76651600,0.386877,0.552868,0.360173,0.0
2025-08-27,TSLA,351.94,355.39,349.16,349.6,65519000,0.376279,0.549758,0.359835,0.0
2025-08-28,TSLA,350.91,353.55,340.26,345.98,67903200,0.375318,0.548901,0.334655,0.0
2025-08-29,TSLA,347.23,348.75,331.7,333.87,81145700,0.375418,0.547886,0.356006,0.42
2025-09-02,TSLA,328.23,333.33,325.6,329.36,58392000,0.371118,0.511389,0.355999,0.0
2025-09-03,TSLA,335.2,343.33,328.51,334.09,88733300,0.386695,0.502343,0.35761,1.68
2025-09-04,TSLA,336.15,338.89,331.48,338.53,60711000,0.385158,0.489826,0.339701,1.67
2025-09-05,TSLA,348.0,355.87,344.68,350.84,108989800,0.399515,0.489168,0.35908,4.17
2025-09-08,TSLA,354.64,358.44,344.84,346.4,75208300,0.39639,0.486834,0.356996,4.15
2025-09-09,TSLA,348.44,350.77,343.82,346.97,53816000,0.385012,0.482101,0.343969,1.65
2025-09-10,TSLA,350.55,356.33,346.07,347.79,72121700,0.376664,0.476666,0.343653,1.65
2025-09-11,TSLA,350.17,368.99,347.6,368.81,103756000,0.380939,0.478384,0.399012,2.05
2025-09-12,TSLA,370.94,396.69,370.24,395.94,168156400,0.384109,0.479736,0.459126,2.45
2025-09-15,TSLA,423.13,425.7,402.43,410.04,163823700,0.453427,0.499289,0.45976,9.76
2025-09-16,TSLA,414.5,423.25,411.43,421.62,104285700,0.454472,0.496311,0.463673,10.53
2025-09-17,TSLA,415.75,428.31,409.67,425.86,106133500,0.462031,0.48917,0.450885,12.1
2025-09-18,TSLA,428.87,432.22,416.56,416.85,90454500,0.448714,0.487871,0.455358,8.84
2025-09-19,TSLA,421.82,429.47,421.72,426.07,93131000,0.44574,0.48172,0.447048,8.0
2025-09-22,TSLA,431.11,444.98,429.13,434.21,97108800,0.445518,0.483495,0.413423,7.57
2025-09-23,TSLA,439.88,440.97,423.72,425.85,83422700,0.440704,0.483116,0.427301,6.35
2025-09-24,TSLA,429.83,444.21,429.03,442.79,93133600,0.439467,0.481727,0.439188,6.35
2025-09-25,TSLA,435.24,435.35,419.08,423.39,96746400,0.453197,0.463046,0.479509,11.51
2025-09-26,TSLA,428.3,440.47,421.02,440.4,101628200,0.454928,0.456401,0.484538,13.1
2025-09-29,TSLA,444.35,450.98,439.5,443.21,79491500,0.449086,0.457197,0.451519,10.71
2025-09-30,TSLA,441.52,445.0,433.12,444.72,74358000,0.443942,0.425339,0.441576,7.94
2025-10-01,TSLA,443.8,462.29,440.75,459.46,98122300,0.441165,0.425825,0.445941,7.14
2025-10-02,TSLA,470.54,470.75,435.57,436.0,137009000,0.454965,0.431505,0.507796,13.89
2025-10-03,TSLA,443.29,446.77,416.58,429.83,133188200,0.473689,0.440832,0.508669,17.86
2025-10-06,TSLA,440.75,453.55,436.69,453.25,85324900,0.475488,0.443121,0.522816,18.65
2025-10-07,TSLA,447.82,452.68,432.45,433.09,102296100,0.488054,0.445095,0.562221,20.24
2025-10-08,TSLA,437.57,441.33,425.23,438.69,71192100,0.493208,0.447652,0.561294,20.24
2025-10-09,TSLA,431.81,436.35,426.18,435.54,69339900,0.494918,0.449504,0.53617,20.24
2025-10-10,TSLA,436.54,443.13,411.45,413.49,112107900,0.503245,0.455949,0.523018,20.24
2025-10-13,TSLA,423.53,436.89,419.7,435.9,79552800,0.450504,0.459012,0.541315,11.51
2025-10-14,TSLA,426.79,434.2,417.86,429.24,72669400,0.465436,0.462647,0.536793,15.48
2025-10-15,TSLA,434.9,440.51,426.33,435.15,71558200,0.457439,0.461384,0.537776,14.29
2025-10-16,TSLA,434.73,439.35,421.31,428.75,77189900,0.463009,0.463504,0.534633,15.48
2025-10-17,TSLA,425.5,441.46,423.6,439.31,89331600,0.468988,0.437485,0.535949,17.46
2025-10-20,TSLA,443.87,449.8,440.61,447.43,63719000,0.46121,0.43301,0.535691,14.68
2025-10-21,TSLA,445.76,449.3,442.05,442.6,54412200,0.457404,0.430168,0.532094,14.29
2025-10-22,TSLA,443.45,445.54,429.0,438.97,84023500,0.462806,0.432484,0.514566,15.87
2025-10-23,TSLA,420.0,449.4,413.9,448.98,126709800,0.504481,0.448334,0.49261,23.02
2025-10-24,TSLA,446.83,451.68,430.17,433.72,94727800,0.503501,0.449254,0.489974,23.02
2025-10-27,TSLA,439.98,460.16,438.69,452.42,105867500,0.511851,0.450249,0.512879,24.6
2025-10-28,TSLA,454.78,467.0,451.6,460.55,80185700,0.51179,0.449013,0.516303,24.6
2025-10-29,TSLA,462.5,465.7,452.65,461.51,67983500,0.508759,0.449802,0.503311,24.6
2025-10-30,TSLA,451.05,455.06,439.61,440.1,72447900,0.502176,0.453107,0.496763,22.62
2025-10-31,TSLA,446.75,458.0,443.69,456.56,83135800,0.478342,0.454047,0.509515,21.03
2025-11-03,TSLA,455.99,474.07,453.8,468.37,84595200,0.471668,0.453598,0.48231,19.44
2025-11-04,TSLA,454.46,460.22,443.6,444.26,87756600,0.479363,0.457344,0.492438,21.83
2025-11-05,TSLA,452.05,466.33,440.71,462.07,85573000,0.489206,0.460017,0.509352,23.02
2025-11-06,TSLA,461.96,467.45,435.09,445.91,109622900,0.508192,0.466327,0.526289,26.59
2025-11-07,TSLA,437.92,439.36,421.88,429.52,103471500,0.499918,0.46891,0.509106,24.21
2025-11-10,TSLA,439.6,449.67,433.36,445.23,76515900,0.500506,0.470959,0.489918,24.6
2025-11-11,TSLA,439.4,442.49,432.36,439.62,60533200,0.492436,0.472817,0.488801,23.41
2025-11-12,TSLA,442.15,442.33,426.56,430.6,58513500,0.48931,0.472177,0.492394,23.41
2025-11-13,TSLA,423.13,424.5,396.34,401.99,118948000,0.500032,0.474218,0.547314,25.4
2025-11-14,TSLA,386.3,412.19,382.78,404.35,105506700,0.532868,0.489062,0.538841,31.75
2025-11-17,TSLA,398.74,423.96,398.74,408.92,102214300,0.551883,0.495286,0.535504,34.92
2025-11-18,TSLA,405.38,408.9,393.71,401.25,80688600,0.557734,0.495689,0.53754,36.9
2025-11-19,TSLA,406.18,411.78,398.5,403.99,72047700,0.557819,0.497246,0.538953,37.3
2025-11-20,TSLA,414.63,428.94,394.74,395.23,113548800,0.56093,0.510423,0.532816,38.1
2025-11-21,TSLA,402.32,402.8,383.76,391.09,100460600,0.56693,0.512573,0.522674,39.29
2025-11-24,TSLA,402.17,421.72,401.09,417.78,96806400,0.572302,0.515317,0.557001,40.87
2025-11-25,TSLA,414.42,420.48,405.95,419.4,71915600,0.574366,0.515708,0.551942,41.67
2025-11-26,TSLA,423.95,426.94,416.89,426.58,63463000,0.574975,0.513016,0.556872,42.86
2025-11-28,TSLA,426.59,432.93,426.2,430.17,36252900,0.566303,0.512342,0.533735,39.29
2025-12-01,TSLA,425.32,433.66,425.29,430.14,57463600,0.563191,0.509573,0.514762,39.29
2025-12-02,TSLA,430.81,436.8,422.12,429.24,69336600,0.561453,0.509282,0.503683,38.49
2025-12-03,TSLA,432.1,447.92,431.11,446.74,87483000,0.549529,0.50984,0.492808,34.52
2025-12-04,TSLA,449.94,454.63,445.39,454.53,71906500,0.53312,0.508776,0.475576,32.14
2025-12-05,TSLA,453.03,458.87,451.66,455.0,56427500,0.511426,0.50614,0.45748,29.37
2025-12-08,TSLA,447.45,449.75,435.25,439.58,69165800,0.506928,0.505748,0.454278,28.57
2025-12-09,TSLA,437.54,452.39,435.7,445.17,62367400,0.500264,0.485307,0.437865,25.79
2025-12-10,TSLA,446.07,456.88,443.61,451.45,63257500,0.499244,0.485227,0.437868,25.0
2025-12-11,TSLA,448.95,449.27,440.33,446.89,55979500,0.496962,0.482418,0.432375,25.0
2025-12-12,TSLA,448.09,463.01,441.67,458.96,95656700,0.485096,0.484095,0.350629,22.62
2025-12-15,TSLA,469.44,481.77,467.66,475.31,114542200,0.448216,0.486659,0.36476,10.32
2025-12-16,TSLA,472.21,491.5,465.83,489.88,107608100,0.429104,0.487089,0.373045,6.35
2025-12-17,TSLA,488.22,495.28,466.2,467.26,106490400,0.434858,0.489497,0.412682,6.75
2025-12-18,TSLA,478.16,490.86,473.12,483.37,95168400,0.440523,0.492633,0.423051,7.54
2025-12-19,TSLA,488.12,490.49,474.72,481.2,103305400,0.397342,0.491491,0.410511,5.95
2025-12-22,TSLA,489.88,498.83,485.33,488.73,86916100,0.387867,0.490547,0.403726,4.37
2025-12-23,TSLA,489.4,491.97,482.84,485.56,58223600,0.36914,0.489564,0.351712,0.0
2025-12-24,TSLA,488.48,490.9,476.8,485.4,41285400,0.364157,0.489474,0.352605,0.0
2025-12-26,TSLA,485.23,489.09,473.82,475.19,58780700,0.363241,0.488062,0.364615,0.0
2025-12-29,TSLA,469.0,469.4,459.0,459.64,66263000,0.367725,0.482985,0.389237,0.79
2025-12-30,TSLA,461.09,463.12,453.83,454.43,59238500,0.363961,0.473309,0.392606,0.4
2025-12-31,TSLA,456.1,456.55,449.3,449.72,49078000,0.356106,0.468907,0.395072,0.0
2026-01-02,TSLA,457.8,458.34,435.3,438.07,85535400,0.364148,0.469555,0.381084,1.19
2026-01-05,TSLA,447.99,457.55,444.57,451.67,67940800,0.372905,0.469228,0.392284,3.17
2026-01-06,TSLA,446.38,448.25,428.78,432.96,89093800,0.383412,0.470111,0.419528,5.56
2026-01-07,TSLA,435.9,438.37,431.29,431.41,59828800,0.371336,0.463669,0.402255,3.17
2026-01-08,TSLA,427.89,436.89,424.37,435.8,57041100,0.367631,0.460604,0.401228,1.98
2026-01-09,TSLA,435.95,449.05,430.39,445.01,67331500,0.373337,0.458426,0.405396,4.37
2026-01-12,TSLA,441.23,454.3,438.0,448.96,61649600,0.379122,0.458114,0.405138,6.35
2026-01-13,TSLA,450.2,451.81,443.95,447.2,53719200,0.36685,0.455399,0.393051,1.98
2026-01-14,TSLA,442.81,443.91,434.22,439.2,57259500,0.360162,0.454584,0.372648,0.4
2026-01-15,TSLA,441.13,445.36,437.65,438.57,49465800,0.343265,0.45408,0.350463,0.0
2026-01-16,TSLA,439.5,447.25,435.26,437.5,60220600,0.330715,0.455212,0.31386,0.0
2026-01-20,TSLA,429.36,430.73,417.44,419.25,63187300,0.323998,0.454718,0.31111,0.0
2026-01-21,TSLA,421.66,438.2,419.62,431.44,68124000,0.329796,0.440532,0.336075,0.4
2026-01-22,TSLA,435.16,449.5,432.63,449.36,71546700,0.325809,0.438717,0.367339,0.4
2026-01-23,TSLA,447.43,452.43,444.04,449.06,56771400,0.326845,0.434594,0.367437,0.79
2026-01-26,TSLA,445.0,445.04,434.28,435.2,49397400,0.321428,0.433256,0.379725,0.0
2026-01-27,TSLA,437.41,437.52,430.69,430.9,37733100,0.316698,0.43147,0.37558,0.0
2026-01-28,TSLA,431.91,438.26,430.1,431.46,54857400,0.315611,0.427978,0.360686,0.0
2026-01-29,TSLA,437.8,440.23,414.62,416.56,81686100,0.332397,0.430354,0.37734,3.17
2026-01-30,TSLA,425.35,439.88,422.7,430.41,82626100,0.352866,0.432723,0.398596,3.97
2026-02-02,TSLA,421.29,427.15,414.5,421.81,58739500,0.354264,0.430002,0.394301,4.37
2026-02-03,TSLA,424.27,428.56,413.69,421.96,56886500,0.349074,0.424893,0.375442,3.97
2026-02-04,TSLA,420.46,423.9,399.18,406.01,74606900,0.358224,0.421591,0.370461,5.56
2026-02-05,TSLA,397.02,402.1,387.53,397.21,72819800,0.375095,0.422362,0.37637,11.11
2026-02-06,TSLA,400.87,414.55,397.75,411.11,62677100,0.380781,0.420276,0.397812,13.49
2026-02-09,TSLA,409.91,421.25,407.29,417.32,54484300,0.376473,0.420038,0.393641,12.7
2026-02-10,TSLA,418.08,427.25,417.0,425.21,64450200,0.370045,0.418887,0.399184,9.52
2026-02-11,TSLA,427.96,436.35,420.03,428.27,57362000,0.379169,0.413743,0.400679,14.29
2026-02-12,TSLA,430.3,436.23,414.0,417.07,61933400,0.388917,0.400028,0.406207,18.65
2026-02-13,TSLA,414.31,424.06,410.88,417.44,51434100,0.394263,0.390727,0.406378,19.44
2026-02-17,TSLA,412.36,413.72,400.51,410.63,59678800,0.400799,0.391328,0.409396,21.43
2026-02-18,TSLA,411.11,416.9,409.58,411.32,45921400,0.393973,0.389299,0.382079,19.44
2026-02-19,TSLA,407.25,415.25,404.11,411.71,51019600,0.388088,0.373193,0.36591,18.25
2026-02-20,TSLA,408.3,414.7,405.5,411.82,57912200,0.384641,0.368085,0.329137,16.27
2026-02-23,TSLA,407.29,407.7,394.04,399.83,69680000,0.391122,0.363292,0.340602,20.24
2026-02-24,TSLA,399.5,410.82,397.64,409.38,58579500,0.393536,0.360915,0.341796,20.63
2026-02-25,TSLA,412.15,420.34,412.15,417.4,54809700,0.395664,0.359358,0.34974,21.83
2026-02-26,TSLA,414.42,416.81,403.66,408.58,53602500,0.398993,0.361416,0.356439,23.41
2026-02-27,TSLA,402.94,407.12,398.11,402.51,56890100,0.386143,0.362125,0.33886,17.46
2026-03-02,TSLA,390.6,404.54,388.25,403.32,55088300,0.381114,0.367072,0.314117,15.48
2026-03-03,TSLA,395.09,396.34,385.39,392.43,62617300,0.381217,0.369643,0.320233,15.87
2026-03-04,TSLA,397.85,408.33,394.58,405.94,68305500,0.382152,0.371624,0.346707,16.27
2026-03-05,TSLA,401.57,408.62,399.42,405.55,51925900,0.364,0.372643,0.318619,7.14
2026-03-06,TSLA,398.09,402.35,394.21,396.73,64054600,0.353866,0.371909,0.318687,4.76
2026-03-09,TSLA,390.05,401.59,381.4,398.68,67018900,0.361535,0.376236,0.292515,6.75
2026-03-10,TSLA,402.22,406.59,398.19,399.24,59258700,0.3627,0.375866,0.286242,7.14
2026-03-11,TSLA,402.28,416.38,402.15,407.82,62559900,0.373091,0.37835,0.28883,12.7
2026-03-12,TSLA,405.18,406.5,394.65,395.01,60973800,0.363262,0.374965,0.305077,7.94
2026-03-13,TSLA,399.17,400.2,389.95,391.2,58504100,0.353009,0.371307,0.294311,4.76
2026-03-16,TSLA,396.22,403.73,394.42,395.56,58068300,0.357853,0.36888,0.298387,6.35
2026-03-17,TSLA,395.69,400.12,393.0,399.27,46890500,0.34781,0.363539,0.296653,3.97
2026-03-18,TSLA,399.0,403.07,392.31,392.78,50853100,0.349579,0.358435,0.301063,4.76
2026-03-19,TSLA,387.27,387.27,378.73,380.3,67078300,0.348146,0.356888,0.318888,4.37
2026-03-20,TSLA,379.85,379.89,364.46,367.96,78628600,0.353456,0.355151,0.334494,6.35
2026-03-23,TSLA,373.09,385.33,372.73,380.85,74606000,0.35709,0.35826,0.350532,7.94
2026-03-24,TSLA,376.56,387.48,376.31,383.03,60004900,0.358922,0.358028,0.338449,9.13
2026-03-25,TSLA,389.99,396.23,385.01,385.95,55157300,0.369959,0.360839,0.330433,14.68
2026-03-26,TSLA,381.6,384.44,371.87,372.11,55522900,0.369294,0.361838,0.345104,14.68
2026-03-27,TSLA,369.69,369.86,359.47,361.83,62065700,0.367621,0.362479,0.353276,13.49
2026-03-30,TSLA,365.86,367.29,352.14,355.28,67954400,0.356974,0.365933,0.355018,7.94
2026-03-31,TSLA,361.51,373.33,361.0,371.75,75534900,0.352953,0.364118,0.389948,5.95
2026-04-01,TSLA,378.63,383.14,374.08,381.26,58683800,0.352861,0.362526,0.380345,5.56
2026-04-02,TSLA,364.2,370.28,359.03,360.59,83031200,0.392025,0.372318,0.423451,30.16
2026-04-06,TSLA,362.59,367.72,346.64,352.82,77697600,0.403814,0.378838,0.423348,34.52
2026-04-07,TSLA,346.44,348.02,337.24,346.65,74515400,0.396737,0.382068,0.423307,32.94
2026-04-08,TSLA,363.79,364.5,339.67,343.25,78838600,0.443771,0.398556,0.42223,38.49
2026-04-09,TSLA,343.15,348.88,337.25,345.62,62164000,0.441162,0.398308,0.412177,37.3
2026-04-10,TSLA,346.29,350.36,342.74,348.95,51336000,0.441514,0.398769,0.4069,38.1
2026-04-13,TSLA,350.07,356.35,348.57,352.42,53617500,0.442008,0.398508,0.410593,38.49
2026-04-14,TSLA,357.67,367.63,354.77,364.2,59979600,0.444856,0.401392,0.428951,40.48
2026-04-15,TSLA,366.83,394.65,362.5,391.95,113810400,0.47032,0.409555,0.508583,51.59
2026-04-16,TSLA,393.81,394.06,381.8,388.9,63515100,0.4735,0.409364,0.506029,52.78
2026-04-17,TSLA,395.92,409.28,391.65,400.62,90640000,0.48172,0.411595,0.502194,55.56
2026-04-20,TSLA,402.58,406.8,388.33,392.5,64603900,0.484645,0.413218,0.492302,55.95
2026-04-21,TSLA,393.0,393.95,385.22,386.42,50530600,0.479676,0.413035,0.482176,55.56
2026-04-22,TSLA,387.57,393.01,385.3,387.51,62362800,0.474178,0.413152,0.481889,53.57
2026-04-23,TSLA,375.28,386.0,368.39,373.72,93969500,0.496663,0.422986,0.498265,59.92
2026-04-24,TSLA,373.5,382.76,370.73,376.3,62893300,0.496466,0.424211,0.48147,59.92
2026-04-27,TSLA,372.09,380.78,364.02,378.67,66735800,0.506461,0.423869,0.46972,64.68
2026-04-28,TSLA,374.68,382.29,372.54,376.02,50864400,0.504968,0.419693,0.464868,64.68
2026-04-29,TSLA,375.4,376.4,370.04,372.8,45384800,0.499747,0.416318,0.438152,61.51
2026-04-30,TSLA,372.75,384.75,368.17,381.63,51076000,0.500739,0.416652,0.436792,63.49
2026-05-01,TSLA,382.49,397.82,378.8,390.82,65338300,0.477426,0.415112,0.390886,54.76
2026-05-04,TSLA,390.23,394.64,384.8,392.51,48765100,0.463668,0.411025,0.378823,50.0
2026-05-05,TSLA,395.19,402.12,389.0,389.37,47780600,0.456369,0.410688,0.372578,46.83
2026-05-06,TSLA,386.25,401.68,384.02,398.73,53465400,0.413307,0.411837,0.372934,35.32
2026-05-07,TSLA,407.48,415.83,402.12,411.79,64294200,0.419497,0.415903,0.3831,35.71
2026-05-08,TSLA,416.48,431.2,416.39,428.35,65050000,0.421971,0.414827,0.398297,36.11
2026-05-11,TSLA,422.16,449.16,416.8,445.0,78376100,0.444267,0.418954,0.410392,41.67
2026-05-12,TSLA,441.41,447.8,422.26,433.45,60569300,0.457559,0.424145,0.423369,49.6
2026-05-13,TSLA,436.67,453.4,430.21,445.27,68283200,0.448122,0.425924,0.355853,44.05
2026-05-14,TSLA,446.49,451.98,441.16,443.3,46070400,0.444051,0.426411,0.354265,41.67
2026-05-15,TSLA,433.98,434.66,422.0,422.24,52688700,0.435583,0.42757,0.393405,37.3
2026-05-18,TSLA,419.27,421.13,405.33,409.99,52474200,0.431457,0.429063,0.401589,36.9
2026-05-19,TSLA,403.16,405.63,393.63,404.11,46500600,0.439526,0.430153,0.400925,38.49
2026-05-20,TSLA,407.6,417.46,406.39,417.26,45294700,0.439904,0.429976,0.414652,38.89
2026-05-21,TSLA,422.18,426.95,412.9,417.85,42636900,0.421561,0.43201,0.38719,36.11
2026-05-22,TSLA,422.67,431.51,420.51,426.01,46104700,0.421543,0.431979,0.390258,36.11
2026-05-26,TSLA,430.26,435.2,426.12,433.59,45658900,0.410851,0.431447,0.392364,35.32
2026-05-27,TSLA,442.89,445.6,435.52,440.36,44656500,0.413881,0.428071,0.389998,36.11
2026-05-28,TSLA,437.62,443.96,436.3,442.1,32435000,0.413914,0.424427,0.385475,36.51
2026-05-29,TSLA,439.85,441.07,428.14,435.79,45176800,0.411911,0.424094,0.389437,35.71
2026-06-01,TSLA,427.49,429.6,415.43,415.88,44937900,0.409213,0.425807,0.426935,35.32
2026-06-02,TSLA,418.22,424.42,413.65,423.74,37596000,0.40913,0.424497,0.430524,35.32
2026-06-03,TSLA,418.7,433.6,416.0,423.7,44500700,0.414754,0.422286,0.428541,38.1
2026-06-04,TSLA,419.84,426.35,417.16,418.45,35323300,0.410777,0.422793,0.425928,36.11
2026-06-05,TSLA,420.5,424.68,388.59,391.0,63420200,0.425225,0.428703,0.477977,40.48
2026-06-08,TSLA,396.33,412.94,394.72,408.95,50328800,0.430475,0.431332,0.484687,41.27
2026-06-09,TSLA,411.03,418.5,384.24,396.68,59940200,0.444626,0.443805,0.469686,48.81
2026-06-10,TSLA,391.54,397.09,380.15,381.59,49695600,0.434882,0.445549,0.478931,42.46
2026-06-11,TSLA,388.28,399.54,380.66,399.15,45324300,0.43689,0.450735,0.499461,43.25
2026-06-12,TSLA,399.49,406.68,386.76,406.43,63514500,0.453907,0.456077,0.506421,55.56
2026-06-15,TSLA,412.37,416.0,407.1,411.15,45620500,0.450295,0.456185,0.480978,53.97
2026-06-16,TSLA,404.11,412.42,400.54,404.66,40255500,0.453303,0.457362,0.472818,55.16
2026-06-17,TSLA,401.53,405.94,393.76,396.38,43534300,0.446657,0.45672,0.475736,51.59
2026-06-18,TSLA,398.1,402.52,384.7,400.49,58384700,0.460846,0.460211,0.461808,59.92
2026-06-22,TSLA,394.85,414.75,394.4,405.05,47819500,0.471857,0.463083,0.464128,65.87
2026-06-23,TSLA,392.61,392.87,379.06,381.61,50420200,0.482753,0.467096,0.500193,70.63
2026-06-24,TSLA,380.08,384.58,373.05,375.53,37081400,0.482793,0.467572,0.493777,71.03
2026-06-25,TSLA,375.27,379.12,371.22,375.12,30138800,0.474275,0.46546,0.487138,67.46
2026-06-26,TSLA,370.15,387.8,368.6,379.71,53434100,0.488058,0.468279,0.490675,73.02
2026-06-29,TSLA,381.79,413.27,379.3,411.84,57645800,0.503452,0.472369,0.582029,80.16
2026-06-30,TSLA,406.0,424.54,406.0,420.6,43385600,0.504516,0.46419,0.563616,81.35
2026-07-01,TSLA,421.46,432.86,418.09,425.3,40127900,0.507158,0.460472,0.561005,82.94
2026-07-02,TSLA,428.01,432.35,389.3,393.45,73717700,0.530769,0.468786,0.625669,86.11
2026-07-06,TSLA,397.5,420.0,390.5,419.77,54727900,0.547147,0.459582,0.669808,88.49
2026-07-07,TSLA,416.96,419.56,401.88,402.9,38149900,0.529814,0.459779,0.639774,86.11
2026-07-08,TSLA,399.38,399.63,390.51,394.06,33844900,0.522537,0.460127,0.623539,85.71
2026-07-09,TSLA,393.99,407.86,390.86,406.55,37835000,0.491749,0.461278,0.624435,74.21
2026-07-10,TSLA,410.49,413.16,402.81,407.76,33410000,0.487031,0.459957,0.606275,72.62
2026-07-13,TSLA,404.61,405.57,391.37,394.76,32809200,0.475238,0.453317,0.597899,68.25
2026-07-14,TSLA,399.05,402.22,394.76,396.18,23385000,0.460686,0.45208,0.594112,59.92
2026-07-15,TSLA,399.4,406.59,390.66,394.46,31549800,0.464502,0.45001,0.592238,63.49
2026-07-16,TSLA,392.35,395.31,385.32,391.06,29269100,0.460247,0.447782,0.590547,59.92
2026-07-17,TSLA,381.78,385.69,377.22,380.84,31394600,0.464037,0.450418,0.593374,63.89
2026-07-20,TSLA,386.05,386.61,369.43,369.57,33901500,0.455241,0.452216,0.599524,58.33
2026-07-21,TSLA,371.17,384.07,369.98,378.93,32735300,0.445669,0.445596,0.606103,51.19
2026-07-22,TSLA,375.53,380.17,372.9,374.01,30646100,0.431315,0.44464,0.57024,41.67
2026-07-23,TSLA,341.0,342.11,315.74,319.69,115606400,0.553795,0.485107,0.79465,94.05
2026-07-24,TSLA,320.72,322.96,306.51,313.03,62760000,0.564366,0.488221,0.795491,96.03
2026-07-27,TSLA,313.24,317.0,304.28,309.22,44919400,0.55926,0.49065,0.791568,94.84
2026-07-28,TSLA,305.93,311.16,300.69,307.44,39802400,0.544791,0.490149,0.714702,92.46
2026-07-29,TSLA,307.14,309.06,297.38,298.32,39478000,0.540025,0.487711,0.70383,92.06
2026-07-30,TSLA,302.7,310.87,301.33,308.85,38005400,0.541745,0.489046,0.72116,92.46
2026-07-31,TSLA,309.69,315.5,301.97,311.21,36630600,0.52205,0.490323,0.686946,89.68
2026-08-03,TSLA,310.96,324.65,310.43,322.08,38281400,0.506123,0.489966,0.649493,86.11
2026-08-04,TSLA,324.0,329.57,320.79,327.35,33318300,0.506443,0.487,0.648815,86.51
2026-08-05,TSLA,323.42,327.14,320.28,321.55,27820800,0.507114,0.485967,0.647955,87.3
2026-08-06,TSLA,317.05,323.0,315.52,319.53,26033800,0.503977,0.479785,0.629611,84.13
2026-08-07,TSLA,322.34,333.73,321.25,328.58,39492300,0.508037,0.476581,0.643582,87.7
2026-08-10,TSLA,326.6,332.05,326.15,330.88,25003800,0.504877,0.47178,0.641223,84.52
2026-08-11,TSLA,332.8,336.2,329.53,332.81,23345200,0.503538,0.471603,0.641843,82.94
2026-08-12,TSLA,335.0,335.5,323.64,327.51,28698900,0.500206,0.471732,0.642132,79.76
2026-08-13,TSLA,327.2,341.64,325.24,339.96,34708300,0.50496,0.472269,0.663129,84.52
2026-08-14,TSLA,342.33,351.26,335.33,342.27,45437100,0.510727,0.473323,0.660674,88.49
2026-08-17,TSLA,340.69,345.45,337.48,339.3,26037100,0.505621,0.473264,0.654406,84.52
2026-08-18,TSLA,333.22,340.53,331.12,336.87,27994500,0.503984,0.472907,0.645212,82.14
2026-08-19,TSLA,338.89,351.62,335.7,351.12,36735400,0.510359,0.473696,0.665834,88.1
2026-08-20,TSLA,346.2,347.5,338.96,345.13,30766400,0.373321,0.474229,0.345519,19.05
2026-08-21,TSLA,349.88,366.5,346.9,362.86,58979800,0.371956,0.47592,0.369063,18.25
2024-08-22,AMD,158.87,159.84,151.01,151.7,45737300,,,,
2024-08-23,AMD,153.6,156.4,151.83,154.98,43694600,,,,
2024-08-26,AMD,154.7,158.28,148.91,149.99,49893300,,,,
2024-08-27,AMD,150.13,151.7,148.44,150.5,35102700,,,,
2024-08-28,AMD,149.4,150.43,144.72,146.36,34075800,,,,
2024-08-29,AMD,146.59,149.49,144.47,145.49,31602100,,,,
2024-08-30,AMD,147.52,148.99,145.25,148.56,31169100,,,,
2024-09-03,AMD,146.41,146.49,136.1,136.94,42172700,,,,
2024-09-04,AMD,140.51,143.37,138.51,140.87,42130600,,,,
2024-09-05,AMD,138.2,141.71,137.83,139.44,25023000,,,,
2024-09-06,AMD,138.7,139.13,132.11,134.35,39993500,,,,
2024-09-09,AMD,136.1,138.45,134.86,138.15,27194500,,,,
2024-09-10,AMD,139.06,143.08,137.25,142.84,37217500,,,,
2024-09-11,AMD,145.32,150.16,140.71,149.86,50935400,,,,
2024-09-12,AMD,148.43,151.54,147.65,150.77,29233700,,,,
2024-09-13,AMD,152.32,153.03,150.7,152.31,25117200,,,,
2024-09-16,AMD,151.7,154.44,150.91,152.08,27677800,,,,
2024-09-17,AMD,153.55,154.04,149.23,150.82,29889000,,,,
2024-09-18,AMD,150.9,152.82,148.01,148.29,26320100,,,,
2024-09-19,AMD,153.81,159.25,152.77,156.74,44500000,,,,
2024-09-20,AMD,156.0,157.45,152.47,155.95,40248200,0.440404,,0.508052,
2024-09-23,AMD,156.45,157.19,154.97,156.75,21728500,0.435566,,0.502808,
2024-09-24,AMD,157.46,159.64,154.58,158.32,27531200,0.421396,,0.48793,
2024-09-25,AMD,158.5,162.95,158.18,162.02,35233300,0.422075,,0.493286,
2024-09-26,AMD,167.06,168.68,164.05,167.49,38044900,0.427846,,0.489062,
2024-09-27,AMD,167.48,168.73,163.74,164.35,27876000,0.42427,,0.495649,
2024-09-30,AMD,163.1,165.08,162.18,164.08,21881600,0.422607,,0.493179,
2024-10-01,AMD,164.48,165.4,158.08,159.75,31831900,0.409947,,0.394383,
2024-10-02,AMD,159.31,163.1,158.67,159.78,24630400,0.402617,,0.387479,
2024-10-03,AMD,159.71,166.79,159.4,162.85,29598800,0.402987,,0.384853,
2024-10-04,AMD,166.53,171.21,164.42,170.9,44556500,0.398435,,0.371782,
2024-10-07,AMD,171.08,172.41,168.21,170.97,38379900,0.399078,,0.36902,
2024-10-08,AMD,171.75,173.6,170.0,172.8,34730200,0.393071,,0.359141,
2024-10-09,AMD,174.05,174.05,169.55,171.02,33890700,0.362924,,0.335187,
2024-10-10,AMD,169.76,172.01,162.0,164.18,75113600,0.379004,,0.37512,
2024-10-11,AMD,164.19,169.35,163.01,167.89,42136200,0.385141,,0.380122,
2024-10-14,AMD,167.77,168.9,165.15,165.27,31757200,0.38256,,0.386583,
2024-10-15,AMD,163.21,164.13,155.74,156.64,50768000,0.392418,,0.436249,
2024-10-16,AMD,158.07,158.28,154.92,156.13,30575800,0.388945,,0.431102,
2024-10-17,AMD,160.0,160.44,156.2,156.25,29491900,0.368419,,0.383244,
2024-10-18,AMD,157.41,158.01,155.56,155.97,23823000,0.35944,,0.382866,
2024-10-21,AMD,155.76,158.0,154.15,157.9,25781200,0.362755,,0.38498,
2024-10-22,AMD,156.6,156.74,151.91,154.09,34997400,0.363916,,0.392879,
2024-10-23,AMD,153.0,153.45,150.52,152.91,26095900,0.364857,,0.382525,
2024-10-24,AMD,154.74,155.19,152.35,153.44,22877000,0.347027,,0.359154,
2024-10-25,AMD,155.4,158.91,155.05,156.23,29758500,0.350624,,0.36323,
2024-10-28,AMD,158.5,160.28,157.04,159.92,36010100,0.351732,,0.374691,
2024-10-29,AMD,161.1,167.51,158.94,166.25,71896000,0.357846,,0.387654,
2024-10-30,AMD,153.01,153.12,148.1,148.6,87701700,0.469944,,0.561169,
2024-10-31,AMD,147.8,148.68,143.33,144.07,44386600,0.46149,,0.562452,
2024-11-01,AMD,144.44,144.54,141.32,141.86,39027400,0.446613,,0.524977,
2024-11-04,AMD,141.7,143.64,139.72,140.71,29117400,0.446896,,0.523753,
2024-11-05,AMD,141.94,143.08,140.8,141.66,27067300,0.44643,,0.521911,
2024-11-06,AMD,144.95,145.63,141.52,145.1,32911500,0.458377,,0.535607,
2024-11-07,AMD,146.68,150.12,145.66,149.82,30326400,0.447366,,0.539191,
2024-11-08,AMD,149.39,150.71,147.53,147.95,27560300,0.442463,,0.530237,
2024-11-11,AMD,147.38,148.57,144.91,147.35,29868100,0.444984,,0.529108,
2024-11-12,AMD,147.0,147.45,141.55,143.63,33560300,0.44177,,0.504211,
2024-11-13,AMD,142.86,144.49,139.07,139.3,35146600,0.445372,,0.512713,
2024-11-14,AMD,140.34,141.4,138.56,138.84,31681400,0.437428,,0.512234,
2024-11-15,AMD,136.57,137.35,133.65,134.9,44217500,0.442571,0.415339,0.518286,
2024-11-18,AMD,138.19,140.9,137.21,138.93,38705400,0.452847,0.417017,0.530293,
2024-11-19,AMD,137.41,139.75,137.14,139.39,23131400,0.449588,0.411324,0.526916,
2024-11-20,AMD,138.96,140.77,135.48,137.6,28843100,0.454147,0.413425,0.527597,
2024-11-21,AMD,138.87,140.28,134.93,137.49,29311400,0.460413,0.413868,0.526877,
2024-11-22,AMD,137.35,139.13,137.04,138.35,21784700,0.45416,0.411641,0.521537,
2024-11-25,AMD,140.49,142.35,139.05,141.13,30923100,0.455264,0.411308,0.519094,
2024-11-26,AMD,142.55,142.8,136.62,137.72,32092400,0.448718,0.407386,0.494228,
2024-11-27,AMD,137.2,137.94,132.96,136.24,30175300,0.339611,0.405808,0.31184,
2024-11-29,AMD,136.24,138.59,135.78,137.18,16085700,0.335707,0.40233,0.297603,
2024-12-02,AMD,137.92,142.82,137.8,142.06,33102400,0.340285,0.398934,0.321241,
2024-12-03,AMD,142.58,143.45,141.08,141.98,22665300,0.335863,0.397584,0.319795,
2024-12-04,AMD,142.96,144.12,141.18,143.99,25942700,0.337828,0.395574,0.322748,
2024-12-05,AMD,143.68,143.95,140.38,141.36,29576900,0.323611,0.384997,0.317431,
2024-12-06,AMD,141.48,142.79,137.4,138.59,33576800,0.325608,0.385602,0.29798,
2024-12-09,AMD,135.71,135.77,130.0,130.87,57055600,0.339233,0.389805,0.352586,
2024-12-10,AMD,131.56,131.56,127.07,127.74,38907200,0.337686,0.389479,0.358223,
2024-12-11,AMD,128.52,131.21,126.22,130.15,45588100,0.339714,0.390982,0.362449,
2024-12-12,AMD,130.0,132.32,129.07,130.6,34267100,0.335849,0.39049,0.350404,
2024-12-13,AMD,131.3,131.3,124.77,126.91,67544700,0.348737,0.384809,0.361853,20.0
2024-12-16,AMD,126.01,127.76,123.12,126.69,42090300,0.351464,0.385887,0.35032,22.95
2024-12-17,AMD,124.45,127.08,123.15,125.02,43314900,0.350245,0.389679,0.32985,20.97
2024-12-18,AMD,125.43,127.75,120.43,121.41,49724400,0.366632,0.393386,0.338785,36.51
2024-12-19,AMD,122.16,123.38,118.45,118.88,46160700,0.364672,0.394518,0.341917,34.38
2024-12-20,AMD,118.0,121.86,117.9,119.21,53591200,0.365022,0.391482,0.343053,36.92
2024-12-23,AMD,120.71,126.34,120.47,124.6,47777900,0.379477,0.395122,0.386442,42.42
2024-12-24,AMD,127.51,127.51,124.66,126.29,24829600,0.384428,0.397944,0.381545,44.78
2024-12-26,AMD,125.52,127.3,125.05,125.06,24998200,0.379796,0.396161,0.375408,42.65
2024-12-27,AMD,124.37,126.18,122.26,125.19,32924000,0.37595,0.396408,0.375259,39.13
2024-12-30,AMD,123.56,124.1,122.35,122.44,30501600,0.376674,0.392386,0.378036,40.0
2024-12-31,AMD,123.1,123.55,120.14,120.79,30203400,0.373811,0.387764,0.346799,38.03
2025-01-02,AMD,122.29,123.14,119.44,120.63,34256200,0.379819,0.388688,0.346589,45.83
2025-01-03,AMD,121.65,125.56,121.42,125.37,36785300,0.381083,0.389354,0.37696,46.58
2025-01-06,AMD,129.07,130.73,127.36,129.55,48020200,0.396324,0.393941,0.399409,55.41
2025-01-07,AMD,130.51,131.71,126.85,127.33,39220400,0.395559,0.389629,0.398223,54.67
2025-01-08,AMD,124.51,125.3,120.12,121.84,46723100,0.40036,0.393194,0.377023,59.21
2025-01-10,AMD,118.18,118.71,114.45,116.04,59415600,0.420291,0.40028,0.403975,63.64
2025-01-13,AMD,115.28,117.48,114.41,117.32,39128900,0.414287,0.397682,0.398918,62.82
2025-01-14,AMD,118.0,118.66,114.5,116.09,37005300,0.417734,0.399134,0.397989,63.29
2025-01-15,AMD,117.55,120.42,117.46,119.96,38185800,0.40922,0.397192,0.410923,60.0
2025-01-16,AMD,120.24,121.09,118.25,118.44,29414100,0.400368,0.397477,0.412396,56.79
2025-01-17,AMD,120.78,122.74,120.55,121.46,35765900,0.394829,0.398876,0.422608,50.0
2025-01-21,AMD,122.39,123.75,121.12,122.28,31578800,0.378743,0.397612,0.410281,36.14
2025-01-22,AMD,123.08,125.65,121.91,123.75,35023800,0.377014,0.398336,0.404113,35.71
2025-01-23,AMD,121.43,123.71,120.63,123.04,24921100,0.37666,0.400434,0.405032,34.12
2025-01-24,AMD,124.55,125.25,122.23,122.84,31570300,0.366824,0.399488,0.372394,30.23
2025-01-27,AMD,117.8,118.08,112.8,115.01,61067900,0.399403,0.411053,0.433745,57.47
2025-01-28,AMD,115.18,116.15,112.95,114.17,40554800,0.400434,0.407339,0.433449,60.23
2025-01-29,AMD,115.77,118.52,114.96,117.35,40199100,0.40162,0.371107,0.447889,60.67
2025-01-30,AMD,118.53,120.44,117.09,118.86,29788400,0.404019,0.371208,0.445442,63.33
2025-01-31,AMD,119.14,119.57,115.33,115.95,40463400,0.405487,0.372386,0.451222,63.74
2025-02-03,AMD,113.88,115.16,112.98,114.27,34586100,0.406276,0.373576,0.453395,64.13
2025-02-04,AMD,115.45,119.85,114.79,119.5,69412100,0.410594,0.375966,0.461355,66.67
2025-02-05,AMD,107.61,112.09,106.5,112.01,110385200,0.545031,0.432626,0.49157,98.94
2025-02-06,AMD,110.93,112.56,109.02,110.16,50426600,0.542448,0.432919,0.491405,97.89
2025-02-07,AMD,109.13,109.92,106.79,107.56,46082500,0.535401,0.433761,0.47633,96.88
2025-02-10,AMD,108.44,111.4,108.15,110.48,34905400,0.527355,0.434223,0.462127,95.88
2025-02-11,AMD,108.98,113.07,108.94,111.1,35033800,0.532848,0.435158,0.460447,95.92
2025-02-12,AMD,109.52,111.84,109.06,111.72,25319700,0.527709,0.434509,0.46037,94.95
2025-02-13,AMD,112.0,114.6,110.4,111.81,40911800,0.530347,0.436561,0.442018,95.0
2025-02-14,AMD,112.65,114.63,111.7,113.1,32477200,0.532815,0.435916,0.443667,95.05
2025-02-18,AMD,114.05,115.55,113.45,114.28,31720300,0.527019,0.43244,0.434522,91.18
2025-02-19,AMD,114.25,116.11,113.14,114.69,28807700,0.525846,0.432883,0.433726,90.29
2025-02-20,AMD,115.01,116.55,113.11,114.17,27219600,0.524627,0.431842,0.430019,89.42
2025-02-21,AMD,114.85,115.76,110.43,110.84,41353700,0.529853,0.43124,0.439514,93.33
2025-02-24,AMD,111.49,111.6,107.98,108.11,29072200,0.527381,0.431867,0.444744,91.51
2025-02-25,AMD,107.89,108.64,103.62,103.96,39169200,0.507242,0.431988,0.405754,86.92
2025-02-26,AMD,104.95,105.8,103.99,104.74,29178200,0.506979,0.430177,0.408048,86.11
2025-02-27,AMD,105.08,105.76,99.5,99.51,47263700,0.50817,0.430268,0.422123,87.16
2025-02-28,AMD,99.56,101.8,98.69,99.86,45194600,0.507087,0.43157,0.41725,85.45
2025-03-03,AMD,101.52,102.34,97.09,98.23,38958000,0.518856,0.435284,0.414028,87.39
2025-03-04,AMD,96.0,103.18,95.89,100.75,54156900,0.541612,0.446112,0.429918,97.32
2025-03-05,AMD,100.36,101.84,98.87,101.67,27855500,0.537841,0.446666,0.390593,96.46
2025-03-06,AMD,99.05,101.08,98.27,98.85,28985000,0.394897,0.450579,0.338294,40.35
2025-03-07,AMD,98.88,100.65,96.39,100.31,33254400,0.402465,0.452774,0.343739,48.7
2025-03-10,AMD,98.57,101.29,95.83,96.63,38733200,0.421809,0.45646,0.356821,59.48
2025-03-11,AMD,96.79,98.16,94.73,96.76,34078300,0.424202,0.457674,0.337319,61.54
2025-03-12,AMD,99.05,101.72,98.17,100.79,34241300,0.428405,0.459523,0.375264,63.56
2025-03-13,AMD,99.72,100.07,97.27,98.11,28575200,0.427806,0.459841,0.380978,62.18
2025-03-14,AMD,99.64,101.22,99.58,100.97,24715300,0.423067,0.457279,0.400476,60.0
2025-03-17,AMD,102.6,106.15,102.6,104.59,43689500,0.429118,0.457762,0.421819,64.46
2025-03-18,AMD,103.85,104.55,102.97,103.51,27152800,0.428246,0.455083,0.418917,63.11
2025-03-19,AMD,104.42,107.9,101.96,106.23,32287500,0.444478,0.455935,0.43226,69.92
2025-03-20,AMD,105.12,108.26,105.12,107.14,26871800,0.445848,0.455176,0.43446,71.77
2025-03-21,AMD,105.33,107.25,104.33,106.44,30767900,0.445576,0.454611,0.423431,71.2
2025-03-24,AMD,109.73,114.85,109.4,113.85,53342000,0.464782,0.457981,0.480033,82.54
2025-03-25,AMD,113.27,114.95,112.71,114.81,29077500,0.458186,0.454548,0.454186,79.53
2025-03-26,AMD,114.11,115.9,108.68,110.19,39824000,0.47553,0.460107,0.482439,83.59
2025-03-27,AMD,106.11,107.62,105.55,106.65,32773700,0.48416,0.464624,0.458924,83.72
2025-03-28,AMD,105.53,106.51,102.48,103.22,31069100,0.485907,0.46634,0.476528,83.85
2025-03-31,AMD,100.24,102.82,98.8,102.74,30865300,0.483324,0.470927,0.472403,82.44
2025-04-01,AMD,102.16,102.83,100.93,102.78,23523200,0.457472,0.469206,0.464467,76.52
2025-04-02,AMD,101.52,104.19,100.76,102.96,20794000,0.458661,0.469888,0.4635,78.2
2025-04-03,AMD,97.79,99.45,93.64,93.8,50472500,0.492627,0.478846,0.563708,84.33
2025-04-04,AMD,90.1,91.08,83.67,85.76,65847000,0.525487,0.492316,0.637935,88.89
2025-04-07,AMD,80.68,89.0,77.75,83.64,70515400,0.625276,0.532853,0.631828,99.26
2025-04-08,AMD,86.15,88.93,76.48,78.21,69910200,0.702355,0.560705,0.665375,99.27
2025-04-09,AMD,79.22,97.91,78.87,96.84,97827400,0.766363,0.592505,1.027183,99.28
2025-04-10,AMD,91.0,92.95,85.06,88.7,65210600,0.813383,0.613462,1.06866,99.28
2025-04-11,AMD,90.51,94.76,90.5,93.4,57892600,0.820396,0.616558,1.081275,99.29
2025-04-14,AMD,97.11,97.37,93.45,94.5,36003000,0.835831,0.624397,1.073182,99.29
2025-04-15,AMD,94.66,96.85,94.62,95.29,28116500,0.838534,0.622985,1.074009,99.3
2025-04-16,AMD,87.61,90.47,85.3,88.29,62109000,0.875616,0.646802,1.097101,99.3
2025-04-17,AMD,88.84,89.03,86.52,87.5,34801400,0.879147,0.646558,1.095096,99.31
2025-04-21,AMD,86.02,86.14,83.75,85.56,33855400,0.880745,0.647349,1.095858,99.31
2025-04-22,AMD,86.12,87.17,85.17,86.26,35236700,0.86586,0.646807,1.059368,97.26
2025-04-23,AMD,91.88,93.74,90.12,90.39,41102600,0.913499,0.657974,1.078648,99.32
2025-04-24,AMD,91.59,94.75,90.37,94.47,33681900,0.912683,0.660211,1.090492,98.65
2025-04-25,AMD,93.28,97.1,92.85,96.65,28575300,0.909389,0.659599,1.091429,97.99
2025-04-28,AMD,95.58,97.49,94.27,96.39,30456700,0.90881,0.659262,1.08649,97.33
2025-04-29,AMD,95.76,97.18,95.33,96.06,20700600,0.903265,0.658395,1.08648,96.69
2025-04-30,AMD,92.81,97.55,91.87,97.35,29730700,0.912314,0.662817,1.088044,98.03
2025-05-01,AMD,99.27,100.1,96.45,96.65,29591500,0.918581,0.664085,1.088022,99.35
2025-05-02,AMD,98.4,99.88,98.3,98.8,29957900,0.900731,0.631487,1.03727,94.81
2025-05-05,AMD,99.0,102.05,98.76,100.59,41268900,0.875438,0.631523,0.979089,92.26
2025-05-06,AMD,98.41,100.07,97.44,98.62,54264300,0.795385,0.632496,0.976916,88.46
2025-05-07,AMD,100.75,103.42,96.88,100.36,86474400,0.745713,0.639414,0.935641,87.26
2025-05-08,AMD,101.92,105.44,101.56,101.7,54231400,0.683771,0.641816,0.558498,86.08
2025-05-09,AMD,102.59,103.54,101.6,102.84,31704300,0.612372,0.64191,0.445426,84.91
2025-05-12,AMD,110.42,110.67,106.98,108.12,50543400,0.654569,0.658919,0.443396,85.62
2025-05-13,AMD,109.6,113.13,109.0,112.46,55659500,0.641218,0.659738,0.457659,85.09
2025-05-14,AMD,119.83,122.52,116.59,117.72,86743700,0.682211,0.67571,0.476121,85.8
2025-05-15,AMD,117.02,117.5,114.01,114.99,43843200,0.583023,0.675888,0.374325,82.82
2025-05-16,AMD,118.07,118.24,116.01,117.17,43419700,0.583705,0.677567,0.365354,82.93
2025-05-19,AMD,115.02,115.53,114.06,114.74,37737400,0.579948,0.676698,0.363419,81.82
2025-05-20,AMD,114.35,114.51,112.08,113.51,29030800,0.582307,0.676634,0.373981,81.93
2025-05-21,AMD,113.85,116.1,111.09,112.06,43594600,0.550341,0.677383,0.363864,80.84
2025-05-22,AMD,111.9,112.64,110.61,110.71,29252000,0.544133,0.677025,0.349903,79.76
2025-05-23,AMD,108.09,111.02,107.67,110.31,30867300,0.548606,0.676819,0.347564,80.47
2025-05-27,AMD,113.18,115.4,112.27,114.56,37885000,0.546123,0.678587,0.36259,80.0
2025-05-28,AMD,114.92,114.95,112.66,112.86,27483700,0.542486,0.675082,0.369907,78.36
2025-05-29,AMD,115.49,115.54,112.13,113.03,30501400,0.510558,0.670736,0.370051,68.6
2025-05-30,AMD,111.58,112.11,108.62,110.73,36088500,0.518579,0.671522,0.37997,68.79
2025-06-02,AMD,111.06,114.86,111.01,114.63,34078400,0.519526,0.668775,0.389189,69.54
2025-06-03,AMD,114.5,117.68,113.28,117.31,37161500,0.520686,0.667261,0.391462,69.71
2025-06-04,AMD,117.41,119.3,115.73,118.58,31025000,0.509748,0.663208,0.377813,67.05
2025-06-05,AMD,118.95,119.24,114.71,115.69,34091000,0.49058,0.662928,0.394827,63.84
2025-06-06,AMD,117.69,118.38,115.88,116.19,27042100,0.478989,0.661225,0.394254,61.8
2025-06-09,AMD,119.18,122.37,119.04,121.73,55437700,0.483025,0.662608,0.418893,62.01
2025-06-10,AMD,121.11,124.09,120.8,123.24,41691900,0.42684,0.662442,0.389534,41.67
2025-06-11,AMD,124.44,124.47,119.88,121.14,32261900,0.426484,0.661914,0.377898,41.44
2025-06-12,AMD,120.62,122.25,118.03,118.5,44718400,0.361175,0.663055,0.353793,10.44
2025-06-13,AMD,116.05,117.88,115.06,116.16,39702700,0.369431,0.660837,0.350862,15.85
2025-06-16,AMD,118.64,128.14,117.78,126.39,100968500,0.394706,0.667002,0.457357,25.54
2025-06-17,AMD,127.93,130.7,126.58,127.1,86623900,0.396209,0.667376,0.447918,27.57
2025-06-18,AMD,128.01,129.21,125.77,126.79,49627100,0.396286,0.663564,0.444963,27.96
2025-06-20,AMD,129.0,132.81,127.55,128.24,79931000,0.400716,0.667001,0.439966,32.09
2025-06-23,AMD,130.47,133.25,126.82,129.58,65152900,0.416318,0.666467,0.434386,38.3
2025-06-24,AMD,133.43,138.79,132.93,138.43,78572000,0.410321,0.664828,0.478164,37.04
2025-06-25,AMD,140.94,144.18,139.46,143.4,74607200,0.408718,0.664706,0.476389,35.79
2025-06-26,AMD,145.97,146.0,141.91,143.68,58180100,0.413551,0.661439,0.46777,38.22
2025-06-27,AMD,144.18,147.75,141.63,143.81,61937900,0.418176,0.663121,0.467955,40.1
2025-06-30,AMD,144.0,146.0,141.01,141.9,42972500,0.411584,0.662549,0.461971,37.82
2025-07-01,AMD,138.77,140.23,135.12,136.11,55257200,0.430308,0.652649,0.491708,48.45
2025-07-02,AMD,135.53,139.78,135.22,138.52,39228000,0.429457,0.639247,0.489923,48.21
2025-07-03,AMD,139.11,139.5,137.32,137.91,28646000,0.424389,0.59833,0.491873,44.39
2025-07-07,AMD,136.56,137.44,133.5,134.8,37395000,0.42676,0.572271,0.490294,45.18
2025-07-08,AMD,137.32,139.15,135.91,137.82,36124600,0.428344,0.541531,0.492771,47.47
2025-07-09,AMD,138.69,140.65,137.59,138.41,37013100,0.423195,0.510272,0.471893,42.71
2025-07-10,AMD,143.0,145.82,141.85,144.16,61101500,0.432576,0.510728,0.487108,50.0
2025-07-11,AMD,142.6,147.4,141.6,146.42,50049200,0.437834,0.507096,0.478588,51.24
2025-07-14,AMD,145.09,147.58,141.9,146.24,44718600,0.442817,0.509541,0.465951,53.47
2025-07-15,AMD,153.75,158.68,153.56,155.61,93370100,0.46005,0.478377,0.485423,63.05
2025-07-16,AMD,155.31,160.36,152.85,160.08,59492800,0.444813,0.480808,0.414065,53.92
2025-07-17,AMD,161.81,161.96,158.68,160.41,50605100,0.439637,0.47678,0.41496,50.73
2025-07-18,AMD,159.59,160.83,155.81,156.99,48859800,0.443437,0.478132,0.42887,53.4
2025-07-21,AMD,157.62,160.34,156.92,157.0,39021100,0.433368,0.462221,0.430504,48.79
2025-07-22,AMD,156.2,156.23,149.34,154.72,49028000,0.438958,0.465677,0.439362,50.48
2025-07-23,AMD,156.32,159.45,156.0,158.65,41510900,0.427149,0.462438,0.389895,44.02
2025-07-24,AMD,159.12,163.93,158.36,162.12,48440100,0.42505,0.460808,0.379563,42.38
2025-07-25,AMD,163.51,167.18,162.36,166.47,53432300,0.421304,0.460361,0.385909,37.91
2025-07-28,AMD,169.08,174.7,168.67,173.66,68267800,0.41562,0.449575,0.404244,35.85
2025-07-29,AMD,175.21,182.31,174.68,177.44,108154800,0.422623,0.451573,0.397055,40.38
2025-07-30,AMD,175.61,180.37,173.8,179.51,64820300,0.412733,0.454085,0.344601,34.58
2025-07-31,AMD,182.02,182.5,173.0,176.31,71765300,0.423996,0.457013,0.362165,41.86
2025-08-01,AMD,170.16,174.4,166.82,171.7,75396100,0.45971,0.46395,0.38335,64.81
2025-08-04,AMD,174.61,177.86,173.56,176.78,52951000,0.456073,0.455904,0.366657,62.67
2025-08-05,AMD,177.57,177.99,171.8,174.31,88808500,0.458053,0.453128,0.377768,63.3
2025-08-06,AMD,165.05,166.18,157.8,163.12,133641800,0.519655,0.476093,0.468559,75.34
2025-08-07,AMD,166.84,175.75,166.7,172.4,95448300,0.521358,0.46068,0.484613,75.91
2025-08-08,AMD,174.04,176.48,170.52,172.76,68866700,0.520518,0.460926,0.484535,75.11
2025-08-11,AMD,170.04,178.82,169.38,172.28,70651000,0.534659,0.44965,0.48497,81.08
2025-08-12,AMD,173.32,175.16,168.5,174.95,52243500,0.509324,0.451978,0.44259,71.75
2025-08-13,AMD,179.91,186.65,179.38,184.42,108305100,0.5153,0.453883,0.466819,72.77
2025-08-14,AMD,179.83,185.44,179.56,180.95,66308800,0.528001,0.458198,0.475719,79.11
2025-08-15,AMD,180.06,180.14,176.25,177.51,51543100,0.525662,0.458025,0.473977,76.55
2025-08-18,AMD,176.76,178.8,174.36,176.14,35937500,0.525094,0.45578,0.476112,75.77
2025-08-19,AMD,173.1,173.17,166.1,166.55,64455000,0.516178,0.458818,0.520181,71.93
2025-08-20,AMD,164.1,166.65,158.25,165.2,60233200,0.532526,0.462245,0.515399,80.35
2025-08-21,AMD,165.86,165.88,162.26,163.71,37880500,0.530239,0.45969,0.511408,79.57
2025-08-22,AMD,162.17,168.53,161.8,167.76,43998600,0.530374,0.461662,0.510083,80.09
2025-08-25,AMD,165.55,165.59,161.72,163.36,36134700,0.525891,0.460785,0.493355,76.29
2025-08-26,AMD,168.65,169.77,164.91,166.62,52138600,0.532125,0.462649,0.492222,80.26
2025-08-27,AMD,166.04,167.68,164.65,167.13,37031000,0.527604,0.462634,0.489756,77.35
2025-08-28,AMD,168.5,170.99,166.65,168.58,36285200,0.51623,0.46185,0.48848,70.21
2025-08-29,AMD,166.81,168.57,161.9,162.63,37516800,0.49932,0.463434,0.495789,66.1
2025-09-02,AMD,158.42,162.39,156.62,162.32,38656100,0.503975,0.467236,0.481356,66.24
2025-09-03,AMD,161.81,164.75,160.58,162.13,30752800,0.500484,0.467085,0.480047,65.97
2025-09-04,AMD,159.94,162.05,157.79,161.79,32103500,0.451207,0.466335,0.418989,55.23
2025-09-05,AMD,157.12,157.14,150.18,151.14,78256000,0.442452,0.471732,0.430116,48.33
2025-09-08,AMD,151.8,152.64,149.22,151.41,41849000,0.437175,0.470535,0.430036,45.64
2025-09-09,AMD,151.99,156.66,151.93,155.82,42802500,0.415018,0.46919,0.447899,31.82
2025-09-10,AMD,163.54,164.53,158.0,159.54,52465300,0.448789,0.477761,0.453771,55.14
2025-09-11,AMD,158.62,160.21,154.99,155.67,48817700,0.431435,0.469839,0.404523,44.26
2025-09-12,AMD,157.0,160.41,154.92,158.57,42232800,0.423637,0.46926,0.413353,37.14
2025-09-15,AMD,160.01,162.3,157.6,161.16,36808700,0.428983,0.46976,0.418118,43.09
2025-09-16,AMD,161.37,161.95,159.22,160.46,27946500,0.426804,0.465068,0.417978,40.08
2025-09-17,AMD,159.28,161.63,155.76,159.16,41823800,0.42784,0.462381,0.372039,41.53
2025-09-18,AMD,150.96,158.77,149.85,157.92,84549500,0.455925,0.473811,0.371974,58.63
2025-09-19,AMD,157.38,159.84,155.9,157.39,55448100,0.456412,0.471909,0.37114,59.2
2025-09-22,AMD,157.42,162.68,157.42,159.79,46505500,0.458039,0.471222,0.363756,59.76
2025-09-23,AMD,160.52,163.39,159.21,160.9,39448300,0.457969,0.46905,0.353559,59.52
2025-09-24,AMD,162.98,165.1,158.43,160.88,38464100,0.449274,0.470735,0.3452,55.16
2025-09-25,AMD,157.14,161.63,154.78,161.27,36809900,0.462681,0.471692,0.34509,63.1
2025-09-26,AMD,160.52,162.11,157.05,159.46,30316900,0.462558,0.472146,0.344356,62.7
2025-09-29,AMD,160.12,164.3,159.9,161.36,39828800,0.461018,0.473556,0.324542,61.9
2025-09-30,AMD,160.79,162.28,159.33,161.79,29669300,0.449297,0.472359,0.324664,53.97
2025-10-01,AMD,160.93,164.18,160.49,164.01,39895200,0.446531,0.470266,0.328285,51.19
2025-10-02,AMD,168.68,171.06,166.12,169.73,55475200,0.458113,0.474355,0.349092,59.13
2025-10-03,AMD,170.68,170.68,163.14,164.67,42699100,0.446708,0.470799,0.262994,51.19
2025-10-06,AMD,226.45,226.71,203.01,203.71,248859600,1.22184,0.80984,0.784834,99.6
2025-10-07,AMD,214.85,218.9,209.28,211.51,115748100,1.230221,0.815626,0.787539,99.6
2025-10-08,AMD,212.95,235.87,210.7,235.56,159983500,1.236951,0.81562,0.853161,99.6
2025-10-09,AMD,236.3,240.1,229.53,232.89,94290700,1.237311,0.815538,0.845396,99.6
2025-10-10,AMD,232.77,234.22,213.2,214.9,118656600,1.24624,0.820145,0.917732,99.6
2025-10-13,AMD,220.2,224.19,214.9,216.42,63104000,1.247756,0.821789,0.918174,99.6
2025-10-14,AMD,219.2,224.98,215.9,218.09,71216300,1.24996,0.823234,0.915845,99.6
2025-10-15,AMD,222.71,239.24,220.76,238.6,108481000,1.25057,0.823653,0.948039,99.6
2025-10-16,AMD,236.29,241.2,232.24,234.56,69726400,1.225132,0.825524,0.952233,96.83
2025-10-17,AMD,233.26,235.38,227.91,233.08,55804200,1.226982,0.826073,0.953248,96.83
2025-10-20,AMD,236.47,242.88,234.4,240.56,56741700,1.224244,0.826707,0.954007,96.03
2025-10-21,AMD,239.39,242.26,234.02,238.03,47122400,1.227603,0.827193,0.959305,96.83
2025-10-22,AMD,236.85,240.13,224.88,230.23,59668800,1.235985,0.829118,0.975448,97.22
2025-10-23,AMD,230.16,235.9,228.54,234.99,39024400,1.225549,0.828182,0.973747,95.63
2025-10-24,AMD,243.36,253.39,241.95,252.92,71221100,1.222463,0.828866,0.985435,94.44
2025-10-27,AMD,257.88,260.42,249.8,259.67,65613100,1.223738,0.825516,0.984589,94.44
2025-10-28,AMD,259.14,264.58,257.0,258.01,47448700,1.224952,0.826094,0.987694,94.84
2025-10-29,AMD,264.19,267.08,257.4,264.33,49335600,1.222475,0.827327,0.987029,93.65
2025-10-30,AMD,259.92,263.88,252.31,254.84,45162500,1.234068,0.81734,1.008903,96.83
2025-10-31,AMD,259.6,262.13,253.41,256.12,34449200,1.231834,0.81551,0.99309,96.43
2025-11-03,AMD,259.33,260.91,253.89,259.65,36351400,0.544332,0.815425,0.691887,77.78
2025-11-04,AMD,250.35,257.38,247.39,250.05,56491800,0.54249,0.816695,0.706589,76.98
2025-11-05,AMD,243.24,259.65,242.81,256.33,67366600,0.538951,0.820438,0.606176,75.4
2025-11-06,AMD,253.47,253.51,235.74,237.7,66049700,0.545115,0.821397,0.667607,78.17
2025-11-07,AMD,230.94,235.87,224.64,233.54,52162600,0.546735,0.82319,0.599835,78.57
2025-11-10,AMD,242.14,248.9,240.5,243.98,43361600,0.552572,0.826291,0.616092,79.37
2025-11-11,AMD,241.66,248.46,234.64,237.52,61336800,0.559515,0.829567,0.626925,79.37
2025-11-12,AMD,253.13,263.51,250.0,258.89,108942000,0.594914,0.838205,0.620275,80.95
2025-11-13,AMD,251.9,259.63,246.06,247.96,63178600,0.61094,0.839827,0.638688,80.95
2025-11-14,AMD,240.11,253.44,235.08,246.81,47655600,0.639662,0.848727,0.638398,81.75
2025-11-17,AMD,242.75,248.77,237.15,240.52,37942200,0.645972,0.850941,0.636655,82.14
2025-11-18,AMD,236.78,238.0,224.71,230.29,45619900,0.656248,0.853962,0.654353,82.54
2025-11-19,AMD,230.26,235.28,219.71,223.55,52093400,0.657154,0.855956,0.652156,82.54
2025-11-20,AMD,232.7,234.25,204.53,206.02,66342900,0.702519,0.867005,0.705192,83.73
2025-11-21,AMD,208.81,208.83,195.0,203.78,67421100,0.710893,0.872803,0.638514,83.73
2025-11-24,AMD,207.16,217.13,205.85,215.05,46749600,0.708394,0.873117,0.666564,83.33
2025-11-25,AMD,201.48,206.58,194.28,206.13,69773500,0.758428,0.8867,0.676548,84.13
2025-11-26,AMD,210.05,215.59,207.0,214.24,43270200,0.756194,0.887594,0.688367,83.73
2025-11-28,AMD,216.14,218.3,214.02,217.53,18658000,0.751101,0.886191,0.686917,83.33
2025-12-01,AMD,213.88,220.98,213.5,219.76,30768700,0.748074,0.884063,0.688457,82.94
2025-12-02,AMD,221.79,225.98,214.39,215.24,42002500,0.751885,0.885851,0.685148,83.33
2025-12-03,AMD,216.26,218.2,211.77,217.6,28545200,0.74019,0.886467,0.680222,81.75
2025-12-04,AMD,216.88,219.12,214.14,215.98,24478200,0.724622,0.88193,0.669806,81.35
2025-12-05,AMD,217.17,223.64,216.24,217.97,33292400,0.720995,0.882269,0.623471,80.95
2025-12-08,AMD,219.09,223.71,218.36,221.11,30943200,0.705253,0.881709,0.624732,79.76
2025-12-09,AMD,221.04,224.84,217.91,221.62,25166100,0.692051,0.881898,0.600708,78.57
2025-12-10,AMD,222.0,222.61,218.67,221.42,23279400,0.679816,0.882017,0.595122,77.38
2025-12-11,AMD,217.81,221.5,210.19,221.43,30694600,0.645003,0.885286,0.492745,75.4
2025-12-12,AMD,218.37,222.49,209.06,210.78,37073900,0.639604,0.87875,0.499042,74.21
2025-12-15,AMD,212.28,215.36,206.58,207.58,27222200,0.613795,0.879281,0.49949,73.41
2025-12-16,AMD,206.92,210.22,205.11,209.17,23467600,0.603499,0.878691,0.498358,72.22
2025-12-17,AMD,210.04,211.5,197.53,198.11,31595400,0.596795,0.880302,0.510252,71.83
2025-12-18,AMD,203.82,206.36,200.5,201.06,29720100,0.590036,0.880478,0.509039,71.03
2025-12-19,AMD,204.6,215.18,204.2,213.43,58445500,0.543911,0.878337,0.473899,65.08
2025-12-22,AMD,220.0,220.17,213.31,214.95,24950700,0.524312,0.878693,0.471808,53.57
2025-12-23,AMD,212.86,217.03,212.28,214.9,20272300,0.515346,0.878974,0.431347,49.6
2025-12-24,AMD,214.98,216.54,213.97,215.04,7956800,0.425547,0.878557,0.401342,21.83
2025-12-26,AMD,215.43,216.83,213.03,214.99,15792600,0.41422,0.878165,0.377497,14.68
2025-12-29,AMD,211.58,216.05,209.24,215.61,20326900,0.422121,0.878708,0.373483,18.25
2025-12-30,AMD,215.87,216.82,214.33,215.34,16409600,0.412099,0.877718,0.371361,13.1
2025-12-31,AMD,215.82,217.64,213.8,214.16,17591600,0.397805,0.586328,0.36447,6.75
2026-01-02,AMD,218.9,227.15,218.9,223.47,36446200,0.404948,0.577441,0.393478,9.92
2026-01-05,AMD,230.25,234.02,220.48,221.08,31941100,0.4281,0.574391,0.394622,24.6
2026-01-06,AMD,222.71,222.92,211.25,214.35,40033200,0.430676,0.57472,0.409221,27.38
2026-01-07,AMD,212.13,212.13,207.17,210.02,29715500,0.434109,0.569362,0.410734,28.57
2026-01-08,AMD,210.9,210.94,203.33,204.68,27505000,0.43163,0.566067,0.418321,27.38
2026-01-09,AMD,205.72,207.3,203.07,203.17,24217300,0.430926,0.563161,0.418324,26.59
2026-01-12,AMD,201.18,209.88,199.8,207.69,27287300,0.414662,0.559576,0.428488,12.7
2026-01-13,AMD,215.1,223.11,214.98,220.97,56894900,0.409134,0.562522,0.451189,9.13
2026-01-14,AMD,217.54,224.09,215.11,223.6,40466500,0.4165,0.563657,0.447367,14.29
2026-01-15,AMD,227.9,238.35,227.22,227.92,55270200,0.439271,0.568813,0.450555,29.76
2026-01-16,AMD,234.3,234.49,228.86,231.83,42545600,0.434343,0.570109,0.395219,28.17
2026-01-20,AMD,226.08,239.5,225.41,231.92,44327700,0.462979,0.573281,0.395178,41.27
2026-01-21,AMD,235.99,252.9,235.78,249.8,62385600,0.470454,0.577551,0.423254,41.67
2026-01-22,AMD,251.75,256.08,246.63,253.73,37945000,0.465992,0.574189,0.424126,41.27
2026-01-23,AMD,261.18,266.96,256.25,259.68,47525900,0.477613,0.574432,0.426021,42.06
2026-01-26,AMD,256.75,258.29,250.3,251.31,30672500,0.484676,0.574341,0.450969,43.65
2026-01-27,AMD,252.16,255.55,247.96,252.03,25691600,0.487865,0.571523,0.450372,44.05
2026-01-28,AMD,254.13,257.4,250.21,252.74,27061200,0.480469,0.568798,0.450382,41.67
2026-01-29,AMD,254.66,260.53,240.91,252.18,31685200,0.515161,0.576673,0.450657,48.81
2026-01-30,AMD,236.93,245.24,234.55,236.73,40035700,0.582892,0.59362,0.515351,69.84
2026-02-02,AMD,235.77,249.97,235.0,246.27,36308100,0.586019,0.589976,0.512514,70.63
2026-02-03,AMD,251.55,252.65,237.04,242.11,53097100,0.584982,0.588836,0.515529,70.24
2026-02-04,AMD,215.0,218.58,199.15,200.19,107173300,0.738357,0.642424,0.857266,81.35
2026-02-05,AMD,201.86,204.04,190.72,192.5,62196400,0.747711,0.640119,0.864753,82.14
2026-02-06,AMD,197.13,209.27,196.43,208.44,54504500,0.757354,0.638803,0.90981,83.73
2026-02-09,AMD,206.9,217.6,204.15,216.0,38810800,0.765581,0.638229,0.917385,84.13
2026-02-10,AMD,215.14,219.39,213.13,213.57,25326700,0.763181,0.622712,0.915882,83.73
2026-02-11,AMD,217.88,219.65,209.21,213.58,33384700,0.76016,0.620047,0.88749,83.33
2026-02-12,AMD,215.83,218.46,205.14,205.94,32181000,0.764492,0.612479,0.894237,83.73
2026-02-13,AMD,204.02,210.05,203.88,207.32,26123900,0.749775,0.609699,0.891029,80.56
2026-02-17,AMD,202.15,205.3,194.83,203.08,33712100,0.75469,0.611624,0.888866,81.35
2026-02-18,AMD,198.41,203.2,195.0,200.12,35664100,0.745166,0.610157,0.8889,78.57
2026-02-19,AMD,200.11,204.1,198.29,203.37,25842300,0.732169,0.592962,0.84072,77.38
2026-02-20,AMD,200.12,204.87,198.56,200.15,36317300,0.729851,0.585586,0.835276,76.98
2026-02-23,AMD,198.09,199.38,194.15,196.6,28187900,0.713144,0.582976,0.825085,75.79
2026-02-24,AMD,211.63,216.71,206.5,213.84,81367000,0.777833,0.583442,0.891239,84.52
2026-02-25,AMD,214.82,216.7,210.33,210.86,44588100,0.77712,0.581136,0.890507,84.13
2026-02-26,AMD,208.8,209.79,201.46,203.68,35020500,0.777112,0.582647,0.893883,83.73
2026-02-27,AMD,200.11,201.89,197.74,200.21,31312400,0.754736,0.582266,0.893557,80.16
2026-03-02,AMD,193.85,198.74,190.0,198.62,34120200,0.730826,0.585498,0.872445,75.4
2026-03-03,AMD,191.46,193.64,188.22,190.95,37785700,0.731498,0.589695,0.85938,75.4
2026-03-04,AMD,192.12,202.44,189.86,202.07,40912600,0.723093,0.592949,0.89355,73.81
2026-03-05,AMD,197.77,203.79,194.88,199.45,36000700,0.581278,0.595055,0.585595,60.32
2026-03-06,AMD,195.27,200.24,191.25,192.43,33913800,0.578975,0.598981,0.582759,59.52
2026-03-09,AMD,189.36,202.97,189.02,202.68,38877200,0.570197,0.601374,0.539319,59.13
2026-03-10,AMD,202.51,206.59,202.2,203.23,29139200,0.560555,0.601737,0.521714,58.73
2026-03-11,AMD,205.11,209.21,203.63,204.83,23076400,0.56232,0.596952,0.52212,58.73
2026-03-12,AMD,202.83,203.62,196.67,197.74,28886900,0.54682,0.593037,0.535059,56.35
2026-03-13,AMD,198.11,199.68,192.27,193.39,27561900,0.535989,0.59216,0.525897,52.38
2026-03-16,AMD,194.98,200.17,194.8,196.58,30285200,0.53961,0.593118,0.529407,52.78
2026-03-17,AMD,196.68,199.21,195.26,196.31,22779700,0.520651,0.590017,0.525117,46.03
2026-03-18,AMD,196.0,202.86,195.75,199.46,28569100,0.51465,0.587611,0.526312,42.06
2026-03-19,AMD,195.03,205.88,192.83,205.27,32245300,0.527625,0.589402,0.533335,49.21
2026-03-20,AMD,204.89,206.3,198.26,201.33,37265100,0.527828,0.586688,0.534869,49.21
2026-03-23,AMD,206.4,209.11,201.71,202.68,31857800,0.540126,0.590215,0.530883,52.78
2026-03-24,AMD,201.39,206.43,200.13,205.37,27258800,0.44736,0.591094,0.435847,24.21
2026-03-25,AMD,211.51,221.33,211.51,220.27,48518300,0.464576,0.595533,0.50223,32.54
2026-03-26,AMD,217.98,221.0,203.43,203.77,49213000,0.481501,0.59991,0.563905,34.92
2026-03-27,AMD,201.77,203.27,197.69,201.99,29206600,0.482736,0.601383,0.561286,34.92
2026-03-30,AMD,204.95,208.43,192.87,196.04,41053300,0.493153,0.6088,0.570959,38.1
2026-03-31,AMD,198.05,204.0,196.41,203.43,42318700,0.479437,0.606815,0.566604,34.13
2026-04-01,AMD,207.59,213.83,205.84,210.21,40835800,0.478937,0.603132,0.542611,33.73
2026-04-02,AMD,204.05,217.78,200.62,217.5,38463500,0.496617,0.60853,0.551035,38.1
2026-04-06,AMD,219.28,226.31,217.73,220.18,30786400,0.488584,0.610445,0.530606,36.51
2026-04-07,AMD,218.26,222.1,215.38,221.53,26483000,0.480585,0.610459,0.503099,34.52
2026-04-08,AMD,232.12,234.0,227.09,231.82,35496400,0.50881,0.619492,0.523553,39.68
2026-04-09,AMD,233.01,237.1,230.91,236.64,27126200,0.506453,0.617767,0.525907,39.68
2026-04-10,AMD,239.0,249.58,238.96,245.04,36477200,0.509023,0.614775,0.509483,40.48
2026-04-13,AMD,245.03,247.33,242.03,246.83,22781800,0.505658,0.613133,0.49471,39.68
2026-04-14,AMD,249.79,255.46,245.7,255.07,25733200,0.508303,0.60841,0.499977,40.48
2026-04-15,AMD,254.96,258.18,251.85,258.12,24695200,0.509062,0.605248,0.49712,41.67
2026-04-16,AMD,264.99,279.34,261.51,278.26,64850800,0.521223,0.604163,0.542966,48.02
2026-04-17,AMD,281.0,281.05,274.14,278.39,35519900,0.502641,0.600452,0.543897,39.29
2026-04-20,AMD,280.6,287.61,272.0,274.95,34833900,0.510002,0.602839,0.538566,43.25
2026-04-21,AMD,277.33,286.2,276.62,284.49,38950900,0.502536,0.598311,0.541347,39.29
2026-04-22,AMD,291.22,304.25,286.14,303.46,49054200,0.513733,0.603198,0.566716,44.44
2026-04-23,AMD,302.01,310.22,299.76,305.33,45619700,0.511701,0.603486,0.535709,44.44
2026-04-24,AMD,336.76,352.99,334.54,347.81,81616700,0.588312,0.638594,0.559257,67.46
2026-04-27,AMD,346.32,349.21,328.81,334.63,50585300,0.59632,0.633403,0.593399,68.65
2026-04-28,AMD,311.86,327.5,310.0,323.21,43002500,0.651553,0.636269,0.599559,73.02
2026-04-29,AMD,326.58,340.17,318.86,337.11,44704400,0.662671,0.63812,0.601186,74.6
2026-04-30,AMD,341.36,354.96,332.6,354.49,42115300,0.670291,0.637441,0.607264,75.0
2026-05-01,AMD,351.87,362.79,349.25,360.54,34279200,0.646658,0.580376,0.607336,73.02
2026-05-04,AMD,360.31,361.85,338.7,341.54,42000200,0.652497,0.579395,0.668818,73.81
2026-05-05,AMD,351.51,359.57,344.88,355.26,64235100,0.65627,0.580291,0.668796,75.0
2026-05-06,AMD,409.49,430.6,402.04,421.39,87732200,0.807538,0.649176,0.847083,91.67
2026-05-07,AMD,417.07,421.71,401.08,408.46,44885500,0.818702,0.65135,0.874101,91.67
2026-05-08,AMD,418.59,456.29,418.29,455.19,58134900,0.821051,0.652056,0.920213,91.67
2026-05-11,AMD,460.55,469.22,450.88,458.79,46085400,0.823026,0.650384,0.920011,91.67
2026-05-12,AMD,449.25,458.8,426.11,448.29,39140100,0.849854,0.659514,0.939778,91.67
2026-05-13,AMD,457.04,459.5,432.65,445.5,30423400,0.859153,0.658142,0.946132,91.67
2026-05-14,AMD,440.6,453.31,435.68,449.7,26113600,0.85879,0.655834,0.930695,91.27
2026-05-15,AMD,433.34,439.0,423.36,424.1,29131600,0.878588,0.662282,0.973166,91.67
2026-05-18,AMD,429.5,438.8,410.71,420.99,28432100,0.881878,0.665205,0.971015,91.67
2026-05-19,AMD,412.6,428.75,393.36,414.05,38756900,0.909933,0.675593,0.978807,91.67
2026-05-20,AMD,428.04,449.39,426.05,447.58,36137500,0.908488,0.661485,0.988166,91.27
2026-05-21,AMD,441.99,451.2,431.6,449.59,27252000,0.913539,0.664081,0.98848,91.67
2026-05-22,AMD,469.84,481.41,461.71,467.51,34758600,0.86271,0.669214,0.901985,89.68
2026-05-26,AMD,484.74,506.96,480.23,503.89,38473800,0.862979,0.672365,0.902863,89.68
2026-05-27,AMD,508.0,510.21,486.66,495.54,27589300,0.810817,0.668199,0.890437,86.51
2026-05-28,AMD,499.0,527.2,493.52,518.09,31438500,0.810038,0.665461,0.891217,86.11
2026-05-29,AMD,520.8,522.0,503.43,516.1,30803200,0.804119,0.66494,0.888735,85.32
2026-06-01,AMD,500.16,517.5,486.8,510.13,33309200,0.825055,0.669166,0.895284,87.7
2026-06-02,AMD,506.3,522.49,501.22,521.54,24293200,0.82104,0.665438,0.854512,86.51
2026-06-03,AMD,533.75,546.44,524.3,542.52,29411100,0.819327,0.664448,0.854527,86.11
2026-06-04,AMD,514.75,532.19,499.87,523.2,29110000,0.685466,0.679772,0.670045,70.63
2026-06-05,AMD,499.53,505.62,463.95,466.38,46900600,0.713929,0.693303,0.794208,73.02
2026-06-08,AMD,485.0,494.97,477.71,490.33,25158800,0.717215,0.696156,0.718609,73.02
2026-06-09,AMD,502.75,505.0,437.23,475.51,37799800,0.805239,0.727612,0.728619,84.13
2026-06-10,AMD,467.97,477.45,448.33,452.4,27777400,0.793415,0.732269,0.746654,83.33
2026-06-11,AMD,461.6,490.46,458.02,488.45,30463100,0.789326,0.734914,0.793334,82.94
2026-06-12,AMD,499.69,521.71,494.0,511.57,31553100,0.796278,0.737036,0.806955,83.33
2026-06-15,AMD,535.75,558.37,530.5,547.26,33482400,0.799949,0.738581,0.796146,83.33
2026-06-16,AMD,546.89,548.95,507.25,507.29,28411700,0.795209,0.740179,0.854087,82.54
2026-06-17,AMD,529.66,532.5,507.3,512.48,27085300,0.779022,0.743552,0.848569,81.35
2026-06-18,AMD,531.58,539.69,526.32,537.37,43805600,0.777226,0.744924,0.823089,80.56
2026-06-22,AMD,545.5,562.99,535.71,551.63,25983200,0.773699,0.745693,0.825064,79.37
2026-06-23,AMD,509.08,528.49,506.81,519.85,30196800,0.826132,0.76369,0.852904,87.7
2026-06-24,AMD,520.82,524.96,503.5,519.74,26548300,0.818827,0.764482,0.812279,85.32
2026-06-25,AMD,543.93,550.88,507.0,532.57,27031300,0.851654,0.7718,0.813125,88.1
2026-06-26,AMD,519.8,525.11,502.61,521.58,52705100,0.854998,0.776799,0.802551,88.1
2026-06-29,AMD,522.84,542.19,495.35,539.49,26671000,0.880606,0.78615,0.811009,90.08
2026-06-30,AMD,545.57,584.73,545.57,580.91,34488500,0.867047,0.779895,0.847716,89.29
2026-07-01,AMD,557.53,564.09,538.74,540.88,28326800,0.882702,0.786335,0.888853,90.48
2026-07-02,AMD,538.16,547.65,506.0,517.82,28142500,0.890924,0.791332,0.891093,90.48
2026-07-06,AMD,535.35,572.5,527.0,552.05,30684200,0.881624,0.795199,0.911307,89.29
2026-07-07,AMD,515.91,524.97,503.11,516.11,29166800,0.894518,0.81154,0.842851,90.48
2026-07-08,AMD,504.81,522.98,498.15,517.41,23768500,0.892563,0.813782,0.825901,90.08
2026-07-09,AMD,537.27,559.5,535.2,546.72,26900800,0.825565,0.817991,0.835996,83.73
2026-07-10,AMD,544.01,560.25,540.05,557.89,20704500,0.8145,0.817658,0.809429,80.56
2026-07-13,AMD,537.5,551.87,526.92,534.39,22957400,0.824055,0.824247,0.790917,82.94
2026-07-14,AMD,567.22,574.2,546.77,548.13,21201400,0.844477,0.829747,0.779697,84.13
2026-07-15,AMD,556.02,558.89,509.57,529.14,27826200,0.847843,0.83777,0.752664,84.13
2026-07-16,AMD,509.33,518.74,491.8,500.94,27093700,0.859672,0.842271,0.728452,86.11
2026-07-17,AMD,476.88,505.88,460.21,495.76,32115900,0.879327,0.857463,0.728064,87.7
2026-07-20,AMD,517.0,522.44,502.36,503.57,23440700,0.884893,0.858443,0.708109,89.29
2026-07-21,AMD,526.0,548.14,522.6,544.43,29045100,0.896474,0.862126,0.75877,90.48
2026-07-22,AMD,526.88,561.47,526.6,552.33,24776700,0.861681,0.84437,0.727643,84.92
2026-07-23,AMD,544.74,556.49,525.0,539.69,27155100,0.866074,0.845362,0.733531,85.71
2026-07-24,AMD,546.92,549.0,518.0,521.95,27200700,0.830792,0.831416,0.738694,80.95
2026-07-27,AMD,527.51,528.0,476.93,494.95,31800300,0.849391,0.837243,0.758793,81.75
2026-07-28,AMD,467.0,472.75,442.27,454.62,36315500,0.8537,0.847249,0.799286,82.54
2026-07-29,AMD,452.68,457.22,424.03,429.56,32304900,0.855136,0.850088,0.753616,82.94
2026-07-30,AMD,460.0,498.2,457.68,485.39,36936600,0.897391,0.863722,0.866602,90.48
2026-07-31,AMD,510.28,515.62,475.76,476.15,26615700,0.908809,0.869115,0.856635,90.87
2026-08-03,AMD,461.79,490.95,455.3,484.64,24422300,0.900809,0.823674,0.822826,90.08
2026-08-04,AMD,504.0,530.13,502.2,518.58,48463600,0.878273,0.82718,0.830021,84.92
2026-08-05,AMD,484.5,502.0,478.2,482.05,49615800,0.91413,0.838745,0.869663,91.67
2026-08-06,AMD,471.75,496.72,469.5,489.28,24675300,0.908691,0.840669,0.845065,90.08
2026-08-07,AMD,497.94,498.99,476.06,483.36,26618800,0.912759,0.83521,0.839768,90.87
2026-08-10,AMD,477.09,483.36,469.29,469.56,19656600,0.899189,0.83177,0.833257,88.49
2026-08-11,AMD,474.75,475.99,463.21,474.32,18052500,0.87251,0.831493,0.827248,82.94
2026-08-12,AMD,488.32,491.69,480.88,482.93,18628300,0.854289,0.828708,0.82491,78.57
2026-08-13,AMD,483.0,497.99,481.0,483.01,18764900,0.840174,0.826035,0.803338,75.79
2026-08-14,AMD,487.6,514.67,483.2,514.39,25570300,0.798459,0.818891,0.834534,68.25
2026-08-17,AMD,514.16,517.35,504.52,506.0,20057600,0.783986,0.815294,0.835273,66.27
2026-08-18,AMD,487.56,491.81,474.98,484.39,23721500,0.779227,0.81776,0.795726,65.87
2026-08-19,AMD,486.08,487.01,462.55,466.42,19208400,0.764487,0.812664,0.799677,62.3
2026-08-20,AMD,465.67,475.53,460.27,469.46,15178900,0.754666,0.808312,0.799374,59.13
2026-08-21,AMD,476.5,477.36,462.11,473.25,14310600,0.754105,0.80816,0.794712,58.73
2024-08-22,META,537.0,544.23,528.59,531.93,15708300,,,,
2024-08-23,META,536.92,539.87,525.06,528.0,11323900,,,,
2024-08-26,META,527.6,528.0,514.95,521.12,9584000,,,,
2024-08-27,META,518.98,524.01,515.31,519.1,6282700,,,,
2024-08-28,META,517.67,521.09,512.45,516.78,9106100,,,,
2024-08-29,META,519.05,527.2,515.68,518.22,8317400,,,,
2024-08-30,META,521.35,523.54,515.2,521.31,9157500,,,,
2024-09-03,META,519.64,525.49,508.62,511.76,12459100,,,,
2024-09-04,META,506.07,516.59,504.07,512.74,8335200,,,,
2024-09-05,META,511.72,521.63,511.15,516.86,8640900,,,,
2024-09-06,META,521.88,524.58,498.25,500.27,14744500,,,,
2024-09-09,META,506.16,511.33,502.08,504.79,11047800,,,,
2024-09-10,META,508.16,514.18,500.03,504.79,9899000,,,,
2024-09-11,META,507.01,513.12,495.6,511.83,10782500,,,,
2024-09-12,META,517.05,526.71,515.22,525.6,11970500,,,,
2024-09-13,META,520.34,527.58,517.11,524.62,10321400,,,,
2024-09-16,META,524.54,534.1,517.4,533.28,9527600,,,,
2024-09-17,META,537.6,542.1,530.57,536.32,11690800,,,,
2024-09-18,META,537.07,544.2,533.9,537.95,10323500,,,,
2024-09-19,META,550.0,562.07,546.52,559.1,15647000,,,,
2024-09-20,META,560.0,564.5,556.3,561.35,22066800,0.284393,,0.242342,
2024-09-23,META,569.5,573.98,562.41,564.41,12830700,0.284468,,0.23951,
2024-09-24,META,566.68,567.75,554.19,563.33,12993000,0.285207,,0.232504,
2024-09-25,META,564.05,576.88,563.72,568.31,16543400,0.287848,,0.231233,
2024-09-26,META,575.73,577.4,562.35,567.84,14400800,0.291675,,0.229704,
2024-09-27,META,570.1,570.84,564.51,567.36,9398400,0.287212,,0.230468,
2024-09-30,META,567.7,574.68,564.8,572.44,12792300,0.286934,,0.23095,
2024-10-01,META,577.98,583.04,570.1,576.47,15259300,0.281911,,0.214151,
2024-10-02,META,574.86,576.0,569.34,572.81,6524700,0.273614,,0.218203,
2024-10-03,META,570.15,583.36,568.73,582.77,11581000,0.273898,,0.222015,
2024-10-04,META,583.73,596.85,581.43,595.94,14169500,0.261872,,0.176191,
2024-10-07,META,598.22,602.95,584.04,584.78,12014200,0.264893,,0.201666,
2024-10-08,META,589.69,593.56,585.97,592.89,7857400,0.258859,,0.200929,
2024-10-09,META,593.99,594.39,581.61,590.51,9529700,0.249817,,0.204069,
2024-10-10,META,587.57,590.23,582.52,583.83,7740400,0.249617,,0.200629,
2024-10-11,META,584.83,591.21,582.71,589.95,8587100,0.242292,,0.199586,
2024-10-14,META,594.22,600.1,589.96,590.42,8252000,0.234933,,0.196345,
2024-10-15,META,590.16,590.61,580.14,586.27,9564200,0.234322,,0.200984,
2024-10-16,META,581.4,582.08,574.03,576.79,11268400,0.235748,,0.214087,
2024-10-17,META,583.33,584.97,575.2,576.93,8701200,0.222361,,0.169352,
2024-10-18,META,581.1,583.97,575.25,576.47,7694300,0.222335,,0.169292,
2024-10-21,META,576.03,577.24,569.11,575.16,8171900,0.217673,,0.169023,
2024-10-22,META,574.29,583.53,572.12,582.01,8544500,0.212048,,0.172944,
2024-10-23,META,579.97,585.0,562.5,563.69,14248400,0.216884,,0.207631,
2024-10-24,META,567.13,568.88,561.52,567.78,7184700,0.209025,,0.209378,
2024-10-25,META,573.93,581.29,571.72,573.25,11337900,0.214613,,0.212081,
2024-10-28,META,582.0,583.75,574.12,578.16,10925100,0.219209,,0.211883,
2024-10-29,META,580.15,593.67,575.4,593.28,13019100,0.220609,,0.229344,
2024-10-30,META,600.98,601.2,589.38,591.8,26864900,0.223739,,0.228004,
2024-10-31,META,585.0,589.9,563.01,567.58,26838400,0.241422,,0.267295,
2024-11-01,META,567.61,573.67,562.56,567.16,15303200,0.240582,,0.252325,
2024-11-04,META,564.1,568.69,557.89,560.68,12064600,0.238875,,0.247244,
2024-11-05,META,567.3,573.48,566.67,572.43,9775400,0.239455,,0.254314,
2024-11-06,META,562.75,573.0,555.17,572.05,18305400,0.253377,,0.254196,
2024-11-07,META,576.89,594.8,575.21,591.7,14653700,0.259561,,0.280317,
2024-11-08,META,591.54,593.1,584.52,589.34,9415700,0.260301,,0.278326,
2024-11-11,META,586.36,587.0,576.51,583.17,10209100,0.261581,,0.280759,
2024-11-12,META,588.54,599.66,580.38,584.82,16287700,0.270699,,0.279944,
2024-11-13,META,582.61,585.64,575.17,580.0,10757600,0.270467,,0.275202,
2024-11-14,META,577.0,580.76,573.01,577.16,11053700,0.269497,,0.275817,
2024-11-15,META,571.22,572.57,551.5,554.08,17712900,0.277471,0.262208,0.311634,
2024-11-18,META,557.04,559.9,550.09,554.4,14327300,0.278163,0.260952,0.311763,
2024-11-19,META,551.86,561.43,550.6,561.09,9522400,0.278089,0.259798,0.311854,
2024-11-20,META,562.93,566.35,554.2,565.52,9797300,0.274313,0.260759,0.292211,
2024-11-21,META,569.52,570.0,549.05,563.09,11154700,0.290583,0.266257,0.291379,
2024-11-22,META,563.55,563.83,554.59,559.14,9164000,0.287498,0.265189,0.289781,
2024-11-25,META,562.1,572.59,556.39,565.11,13599800,0.288366,0.26685,0.290811,
2024-11-26,META,566.0,577.5,565.2,573.54,10356600,0.284988,0.264763,0.279689,
2024-11-27,META,574.89,574.98,564.1,569.2,7200200,0.282422,0.262746,0.280468,
2024-11-29,META,569.0,578.46,566.9,574.32,7130500,0.267472,0.262472,0.239748,
2024-12-02,META,577.5,594.5,575.57,592.83,12522400,0.270022,0.259192,0.263838,
2024-12-03,META,595.0,614.2,591.25,613.65,14907200,0.273635,0.26023,0.282057,
2024-12-04,META,612.96,617.78,605.1,613.78,14697000,0.274618,0.259201,0.275736,
2024-12-05,META,617.08,619.9,607.05,608.93,8081200,0.261293,0.254956,0.278382,
2024-12-06,META,610.1,629.79,608.53,623.77,16935500,0.262109,0.256541,0.26608,
2024-12-09,META,623.92,626.4,606.17,613.57,11426000,0.269598,0.257408,0.273794,
2024-12-10,META,617.56,625.59,612.74,619.32,10938900,0.269339,0.255555,0.270787,
2024-12-11,META,623.37,638.4,621.53,632.68,10837200,0.262562,0.255942,0.27849,
2024-12-12,META,631.5,636.66,627.21,630.79,7474700,0.26111,0.255511,0.276039,
2024-12-13,META,627.22,631.08,616.89,620.35,8453300,0.264116,0.252118,0.284238,50.0
2024-12-16,META,629.98,631.15,618.58,624.24,10885600,0.260038,0.25425,0.230753,37.7
2024-12-17,META,626.17,632.37,616.54,619.44,12897800,0.262986,0.253757,0.235158,50.0
2024-12-18,META,621.0,627.36,596.32,597.19,17075500,0.276629,0.256732,0.276985,73.02
2024-12-19,META,610.39,611.52,595.0,595.57,14958100,0.281481,0.258575,0.277127,78.12
2024-12-20,META,590.58,603.11,580.0,585.25,48989400,0.281793,0.262038,0.285298,78.46
2024-12-23,META,589.6,601.09,586.25,599.85,10205800,0.283568,0.263401,0.294114,81.82
2024-12-24,META,602.72,607.99,599.28,607.75,4726100,0.277516,0.263211,0.295032,71.64
2024-12-26,META,605.48,606.3,598.94,603.35,6081400,0.276658,0.261902,0.294352,69.12
2024-12-27,META,599.41,601.85,589.8,599.81,8084200,0.280771,0.263784,0.293632,75.36
2024-12-30,META,588.75,596.94,585.58,591.24,7025900,0.29094,0.266902,0.298603,97.14
2024-12-31,META,592.27,593.97,583.85,585.51,6019500,0.28666,0.2661,0.278447,87.32
2025-01-02,META,589.72,604.91,587.82,599.24,12682300,0.285457,0.266356,0.261886,86.11
2025-01-03,META,604.76,609.5,596.41,604.63,11436800,0.286644,0.26755,0.264333,86.3
2025-01-06,META,611.83,630.99,605.62,630.2,14560800,0.296998,0.270195,0.301928,98.65
2025-01-07,META,631.7,632.1,608.23,617.89,12071500,0.300784,0.273868,0.298922,98.67
2025-01-08,META,613.4,616.44,602.79,610.72,10085800,0.299387,0.275787,0.295974,97.37
2025-01-10,META,610.03,629.91,597.34,615.86,19256600,0.319756,0.283449,0.295588,98.7
2025-01-13,META,607.1,608.97,598.45,608.33,10785000,0.323113,0.285641,0.286945,98.72
2025-01-14,META,605.07,605.49,588.55,594.25,13598000,0.327119,0.286834,0.296904,98.73
2025-01-15,META,610.21,622.46,606.5,617.12,15524300,0.340074,0.291961,0.325139,98.75
2025-01-16,META,611.5,616.25,609.71,611.3,8355300,0.336822,0.292452,0.325753,97.53
2025-01-17,META,624.05,624.97,603.67,612.77,17280600,0.348215,0.297688,0.324984,98.78
2025-01-21,META,617.83,621.5,609.01,616.46,11674000,0.339827,0.298369,0.296232,96.39
2025-01-22,META,623.3,633.7,619.43,623.5,12274000,0.33588,0.297455,0.297728,94.05
2025-01-23,META,627.36,636.6,621.15,636.45,9910200,0.325157,0.298467,0.294826,91.76
2025-01-24,META,636.4,652.0,634.2,647.49,19065300,0.325918,0.298614,0.289108,91.86
2025-01-27,META,626.61,663.87,625.1,659.88,28399200,0.360628,0.310414,0.292336,98.85
2025-01-28,META,666.0,682.58,659.47,674.33,20950100,0.368087,0.311938,0.295417,98.86
2025-01-29,META,675.0,681.05,665.67,676.49,21377800,0.366977,0.311916,0.292494,97.75
2025-01-30,META,696.82,710.79,676.1,687.0,29322900,0.386875,0.318345,0.283925,98.89
2025-01-31,META,691.0,705.3,685.58,689.18,19303900,0.392432,0.320236,0.277143,98.9
2025-02-03,META,675.91,704.0,675.25,697.46,21415700,0.403631,0.325038,0.271882,98.91
2025-02-04,META,702.5,707.71,691.61,704.19,13826300,0.404099,0.326119,0.271935,98.92
2025-02-05,META,703.55,718.14,699.01,704.87,17778200,0.401185,0.323616,0.241453,96.81
2025-02-06,META,705.88,718.9,703.5,711.99,13080700,0.394208,0.322704,0.222413,95.79
2025-02-07,META,716.8,725.01,711.75,714.52,16427100,0.391885,0.323257,0.21169,93.75
2025-02-10,META,718.56,721.2,711.33,717.4,12904300,0.373996,0.32243,0.212109,91.75
2025-02-11,META,713.32,723.66,710.04,719.8,12998000,0.368548,0.320052,0.199506,90.82
2025-02-12,META,715.3,727.1,712.6,725.38,12016500,0.364992,0.320099,0.1604,87.88
2025-02-13,META,721.52,729.0,718.04,728.56,12569100,0.35235,0.320091,0.12312,86.0
2025-02-14,META,726.14,740.91,725.62,736.67,16901200,0.351457,0.317721,0.103872,85.15
2025-02-18,META,736.0,737.0,706.44,716.37,21938700,0.347235,0.32109,0.167232,83.33
2025-02-19,META,704.1,707.0,695.39,703.77,17535500,0.350908,0.323678,0.190292,84.47
2025-02-20,META,697.28,705.63,693.64,694.84,12587400,0.347878,0.323721,0.201287,82.69
2025-02-21,META,696.58,703.87,682.36,683.55,15660400,0.349997,0.320447,0.207059,83.81
2025-02-24,META,686.28,687.27,662.45,668.13,15677000,0.354147,0.322334,0.220415,86.79
2025-02-25,META,665.97,668.0,641.86,657.5,20579700,0.335379,0.325515,0.2188,75.7
2025-02-26,META,659.65,683.01,658.0,673.7,14488700,0.334977,0.327852,0.222522,75.0
2025-02-27,META,682.45,688.65,657.57,658.24,12500000,0.34413,0.331371,0.236713,79.82
2025-02-28,META,658.04,669.63,642.6,668.2,17534200,0.32337,0.335801,0.236342,70.91
2025-03-03,META,673.68,681.25,650.84,655.05,10843800,0.328645,0.338686,0.244467,73.87
2025-03-04,META,645.51,649.75,623.65,640.0,21495200,0.331945,0.343304,0.248689,74.11
2025-03-05,META,641.0,659.5,637.66,656.47,13770000,0.332092,0.34404,0.266125,74.34
2025-03-06,META,648.0,650.56,624.11,627.93,13446500,0.335788,0.347106,0.302356,76.32
2025-03-07,META,625.37,634.79,600.61,625.66,21375700,0.360999,0.354487,0.296705,88.7
2025-03-10,META,608.07,610.11,586.87,597.99,21999900,0.379454,0.361077,0.324134,93.1
2025-03-11,META,595.05,614.93,593.33,605.71,17401500,0.385464,0.362995,0.33024,93.16
2025-03-12,META,629.9,633.33,609.35,619.56,15747000,0.421698,0.373428,0.346076,99.15
2025-03-13,META,620.25,620.5,586.51,590.64,16480300,0.428258,0.376651,0.369048,99.16
2025-03-14,META,602.8,608.86,594.78,607.6,12364500,0.43769,0.379034,0.390789,99.17
2025-03-17,META,607.46,613.1,598.0,604.9,15473900,0.43863,0.378412,0.384,99.17
2025-03-18,META,600.05,600.25,574.66,582.36,20297700,0.439438,0.380877,0.391839,99.18
2025-03-19,META,584.28,592.32,574.77,584.06,20537500,0.438651,0.379257,0.39353,98.37
2025-03-20,META,582.76,610.2,579.51,586.0,24336500,0.458646,0.385079,0.395797,99.19
2025-03-21,META,583.42,597.54,580.95,596.25,25015900,0.458457,0.382142,0.404907,98.4
2025-03-24,META,614.97,622.54,612.2,618.85,15741300,0.46792,0.386531,0.428823,99.21
2025-03-25,META,626.76,633.88,621.18,626.31,15312500,0.460491,0.387736,0.429778,98.43
2025-03-26,META,624.89,626.75,606.61,610.98,12609800,0.456928,0.388979,0.424535,96.09
2025-03-27,META,602.0,614.25,600.1,602.58,10436500,0.456807,0.390558,0.420452,95.35
2025-03-28,META,600.31,601.75,573.92,576.74,17602800,0.450676,0.390371,0.435976,94.62
2025-03-31,META,563.5,578.7,553.3,576.36,21124700,0.460736,0.397417,0.433991,98.47
2025-04-01,META,570.84,589.91,570.0,586.0,12836600,0.452269,0.397898,0.436509,93.94
2025-04-02,META,574.91,592.66,573.36,583.93,13470800,0.458729,0.400781,0.422142,96.99
2025-04-03,META,546.22,552.56,530.3,531.62,34777500,0.514228,0.422749,0.509445,99.25
2025-04-04,META,506.62,518.0,494.2,504.73,38589800,0.529517,0.435134,0.531869,99.26
2025-04-07,META,485.1,539.37,481.9,516.25,36606100,0.585821,0.463616,0.527985,99.26
2025-04-08,META,543.25,547.43,502.86,510.45,28034200,0.635475,0.480094,0.522676,99.27
2025-04-09,META,509.27,587.89,502.11,585.77,39216600,0.660083,0.500677,0.731429,99.28
2025-04-10,META,575.49,581.3,535.3,546.29,28173500,0.674813,0.509638,0.753195,99.28
2025-04-11,META,535.51,547.4,528.59,543.57,17642300,0.669963,0.50839,0.743519,98.57
2025-04-14,META,556.17,557.77,528.28,531.48,14130900,0.683271,0.513446,0.745914,99.29
2025-04-15,META,532.11,537.94,517.5,521.52,15558700,0.683092,0.511448,0.738267,98.59
2025-04-16,META,508.51,513.37,495.63,502.31,18735100,0.685587,0.514303,0.746058,99.3
2025-04-17,META,505.25,507.3,498.01,501.48,14593500,0.673147,0.513268,0.745307,96.53
2025-04-21,META,491.33,493.5,479.8,484.66,16166000,0.675088,0.514339,0.744678,97.24
2025-04-22,META,491.87,506.88,486.36,500.28,17399400,0.669805,0.517297,0.740275,94.52
2025-04-23,META,528.53,535.34,516.52,520.27,18173900,0.707612,0.525704,0.757393,99.32
2025-04-24,META,518.73,533.9,517.5,533.15,13910000,0.706485,0.524192,0.764158,98.65
2025-04-25,META,546.8,549.86,536.25,547.27,17098900,0.715926,0.527606,0.772414,99.33
2025-04-28,META,555.64,558.49,540.59,549.74,15179000,0.7195,0.522619,0.758971,99.33
2025-04-29,META,546.0,556.57,544.12,554.44,11835000,0.710658,0.521343,0.759947,98.01
2025-04-30,META,538.4,549.1,529.5,549.0,29244000,0.718289,0.523441,0.75719,98.68
2025-05-01,META,592.08,592.95,570.5,572.21,31159000,0.769765,0.546958,0.773602,99.35
2025-05-02,META,583.46,604.34,578.33,597.02,24739300,0.732465,0.549813,0.704893,98.7
2025-05-05,META,591.22,603.21,588.05,599.27,13887700,0.702157,0.550227,0.671348,94.19
2025-05-06,META,592.53,596.03,586.58,587.31,10600700,0.638878,0.550115,0.676655,87.82
2025-05-07,META,590.36,603.08,586.67,596.81,13139100,0.59926,0.550917,0.6741,86.62
2025-05-08,META,606.29,611.3,596.62,598.01,14622800,0.544732,0.552192,0.468119,85.44
2025-05-09,META,603.72,606.97,591.71,592.49,10427300,0.5141,0.552639,0.389374,83.65
2025-05-12,META,630.92,640.39,621.03,639.43,21965100,0.539507,0.568956,0.463959,85.0
2025-05-13,META,645.54,660.92,642.83,656.03,18570800,0.533007,0.569649,0.453164,84.47
2025-05-14,META,661.21,662.67,654.31,659.36,12348200,0.526543,0.567859,0.44031,83.33
2025-05-15,META,654.28,657.31,638.58,643.88,14341800,0.511667,0.567396,0.422217,81.6
2025-05-16,META,637.96,640.44,626.15,640.34,18519000,0.519452,0.568133,0.424141,82.93
2025-05-19,META,628.25,643.0,627.8,640.43,9592400,0.516218,0.568967,0.390608,82.42
2025-05-20,META,636.01,639.35,632.26,637.1,6743500,0.512657,0.567916,0.390304,80.72
2025-05-21,META,631.79,646.61,630.17,635.5,11464600,0.485689,0.566485,0.379838,79.64
2025-05-22,META,634.05,643.25,630.71,636.57,8228400,0.485339,0.565155,0.376937,79.17
2025-05-23,META,624.0,632.45,622.65,627.06,8454100,0.485747,0.564384,0.380243,79.88
2025-05-27,META,635.41,643.08,632.75,642.32,9508400,0.479778,0.562156,0.384972,78.24
2025-05-28,META,642.6,650.88,642.55,643.58,9042900,0.477996,0.55983,0.385509,77.78
2025-05-29,META,651.65,653.32,639.5,645.05,8858800,0.455965,0.557033,0.380655,72.67
2025-05-30,META,642.5,649.41,632.78,647.49,16241000,0.377729,0.55713,0.359798,62.43
2025-06-02,META,644.39,673.26,644.26,670.9,15766300,0.367792,0.556223,0.351276,60.34
2025-06-03,META,671.45,675.58,665.03,666.85,11585000,0.363481,0.55045,0.353764,58.86
2025-06-04,META,669.32,689.0,668.57,687.95,14031900,0.360597,0.54521,0.351584,57.39
2025-06-05,META,691.66,694.38,682.25,684.62,13083100,0.357629,0.54356,0.352991,57.06
2025-06-06,META,696.17,702.81,691.87,697.71,11728000,0.3558,0.536773,0.355013,56.74
2025-06-09,META,698.46,705.19,693.94,694.06,12773200,0.353841,0.534485,0.352738,55.87
2025-06-10,META,701.35,703.23,691.56,702.4,10850100,0.270362,0.53301,0.244886,21.67
2025-06-11,META,703.71,708.87,691.99,694.14,9582500,0.267593,0.532795,0.23843,19.34
2025-06-12,META,693.3,695.38,687.0,693.36,7322700,0.265731,0.530253,0.238671,18.68
2025-06-13,META,687.95,694.57,681.01,682.87,9274400,0.262673,0.529667,0.227914,16.94
2025-06-16,META,699.33,707.15,693.51,702.12,13720300,0.269931,0.525831,0.241781,22.28
2025-06-17,META,702.0,705.97,696.06,697.23,10066100,0.258616,0.52526,0.244832,11.35
2025-06-18,META,698.18,701.59,694.9,695.77,10068300,0.256366,0.521314,0.243481,11.29
2025-06-20,META,700.75,701.82,678.67,682.35,22538600,0.252186,0.52136,0.256946,10.7
2025-06-23,META,683.69,699.05,678.75,698.53,11080100,0.253513,0.521021,0.266275,11.7
2025-06-24,META,704.89,713.19,702.11,712.2,13823200,0.237935,0.519219,0.260482,6.88
2025-06-25,META,713.32,716.58,705.38,708.68,9320400,0.236383,0.51736,0.254652,6.84
2025-06-26,META,714.36,728.22,711.05,726.09,13964800,0.237475,0.51247,0.263381,7.33
2025-06-27,META,726.52,735.43,725.86,733.63,18775700,0.231858,0.510858,0.263411,5.21
2025-06-30,META,744.55,747.9,734.25,738.09,15402100,0.227573,0.508315,0.26323,5.18
2025-07-01,META,736.88,737.75,715.37,719.22,13431200,0.2226,0.486297,0.26386,4.64
2025-07-02,META,715.33,720.3,712.8,713.57,9336700,0.224175,0.470755,0.264816,5.64
2025-07-03,META,726.61,729.03,714.42,719.01,8601700,0.22783,0.440465,0.244478,6.63
2025-07-07,META,717.6,727.0,713.51,718.35,9457100,0.231262,0.42093,0.243368,7.11
2025-07-08,META,721.57,722.91,714.81,720.67,7770700,0.225997,0.394527,0.235471,6.06
2025-07-09,META,722.72,737.53,722.72,732.78,11418000,0.226182,0.380757,0.239804,6.53
2025-07-10,META,731.55,735.8,719.6,727.24,9913600,0.226467,0.37608,0.239856,7.0
2025-07-11,META,722.5,725.16,709.7,717.51,10873900,0.229586,0.372218,0.241153,8.46
2025-07-14,META,717.6,728.0,716.55,720.92,8939400,0.230762,0.369961,0.241155,8.91
2025-07-15,META,723.9,724.47,709.82,710.39,11529500,0.224128,0.362357,0.24066,5.42
2025-07-16,META,713.37,713.97,699.27,702.91,13067600,0.2104,0.362352,0.224026,0.49
2025-07-17,META,704.39,705.9,697.11,701.41,11803300,0.209855,0.357168,0.22266,0.49
2025-07-18,META,702.19,704.71,691.65,704.28,12779800,0.215867,0.354288,0.222859,2.43
2025-07-21,META,706.8,717.0,705.76,712.97,9404400,0.21006,0.336181,0.213189,0.97
2025-07-22,META,716.19,716.6,701.41,704.81,8921100,0.205629,0.335447,0.202848,0.0
2025-07-23,META,706.37,714.63,704.93,713.58,8771600,0.203591,0.330634,0.195562,0.0
2025-07-24,META,717.05,723.62,714.0,714.8,10920800,0.203971,0.32738,0.194708,0.48
2025-07-25,META,716.92,720.65,711.9,712.68,8271700,0.199042,0.326068,0.173304,0.0
2025-07-28,META,715.2,724.74,712.68,717.63,8715700,0.201436,0.315694,0.170769,0.47
2025-07-29,META,720.0,724.47,699.91,700.0,13267000,0.201288,0.278733,0.187994,0.47
2025-07-30,META,708.09,708.5,691.2,695.21,27077300,0.201398,0.27334,0.167834,0.93
2025-07-31,META,775.2,784.75,765.51,773.44,38831100,0.427347,0.347737,0.417871,74.42
2025-08-01,META,760.73,766.0,745.31,750.01,19028700,0.436402,0.349963,0.435344,75.0
2025-08-04,META,760.0,776.85,758.41,776.37,15801700,0.435335,0.3493,0.450022,74.65
2025-08-05,META,776.45,783.13,763.0,763.46,11640300,0.438166,0.348877,0.455967,75.69
2025-08-06,META,770.0,773.64,760.46,771.99,9733900,0.438051,0.348764,0.454164,75.34
2025-08-07,META,773.49,775.0,759.55,761.83,9019700,0.435503,0.325033,0.456288,74.09
2025-08-08,META,762.75,769.9,758.58,769.3,7320800,0.431469,0.323696,0.453063,73.3
2025-08-11,META,770.08,773.46,764.67,765.87,7612000,0.429859,0.323434,0.453902,72.97
2025-08-12,META,773.0,793.67,772.43,790.0,14563100,0.431934,0.322147,0.459198,73.54
2025-08-13,META,791.15,795.46,778.23,780.08,8811800,0.432734,0.319641,0.460196,73.66
2025-08-14,META,777.88,787.81,772.51,782.13,8116200,0.435437,0.316382,0.459498,74.22
2025-08-15,META,784.15,796.25,780.82,785.23,13375400,0.434638,0.31652,0.459504,73.45
2025-08-18,META,775.09,775.81,756.56,767.37,16513700,0.443898,0.317096,0.469504,77.97
2025-08-19,META,767.12,767.17,749.36,751.48,12286700,0.444403,0.31652,0.474703,78.07
2025-08-20,META,747.57,750.2,731.0,747.72,11898200,0.451658,0.315272,0.474264,78.6
2025-08-21,META,744.71,745.5,733.11,739.1,8876300,0.453526,0.315479,0.476842,79.13
2025-08-22,META,739.23,756.9,734.39,754.79,10612700,0.457306,0.316561,0.481321,80.52
2025-08-25,META,754.82,758.88,750.13,753.3,6861200,0.456598,0.315431,0.481364,79.31
2025-08-26,META,750.8,754.87,747.94,754.1,7601800,0.454405,0.313337,0.470537,78.54
2025-08-27,META,752.3,754.15,742.84,747.38,8315400,0.453615,0.310975,0.471217,78.21
2025-08-28,META,744.0,753.05,740.8,751.11,7468000,0.230677,0.311451,0.272881,12.77
2025-08-29,META,745.28,747.14,735.35,738.7,9070500,0.219662,0.311651,0.256926,7.2
2025-09-02,META,726.04,736.0,721.73,735.11,9350900,0.221867,0.314959,0.220626,8.02
2025-09-03,META,736.0,740.25,733.99,737.05,7699300,0.216162,0.313308,0.214929,5.88
2025-09-04,META,748.57,761.16,745.82,748.65,11439100,0.224095,0.315028,0.219062,10.46
2025-09-05,META,752.62,757.95,745.03,752.45,9663400,0.225629,0.314315,0.215693,11.67
2025-09-08,META,756.0,766.51,752.02,752.3,13087800,0.230458,0.314499,0.212207,14.52
2025-09-09,META,757.49,766.3,753.43,765.7,10999000,0.23334,0.314588,0.221884,16.53
2025-09-10,META,765.13,765.7,751.0,751.98,12478300,0.227176,0.313136,0.19797,13.17
2025-09-11,META,754.65,757.1,748.37,750.9,7923300,0.224824,0.309574,0.194297,11.48
2025-09-12,META,748.73,757.57,743.76,755.59,8248600,0.224065,0.310164,0.195825,10.2
2025-09-15,META,757.47,774.07,751.99,764.7,10533800,0.227994,0.31223,0.200923,15.04
2025-09-16,META,767.0,781.36,765.1,779.0,11782500,0.218248,0.311137,0.195493,6.88
2025-09-17,META,779.99,783.29,766.31,775.72,9400900,0.22116,0.310842,0.179243,8.47
2025-09-18,META,780.75,788.78,773.36,780.25,10955000,0.213498,0.311254,0.178072,4.82
2025-09-19,META,786.42,790.8,769.19,778.38,23696800,0.220009,0.312851,0.171544,8.4
2025-09-22,META,781.85,785.73,764.47,765.16,11706900,0.218324,0.312739,0.17065,7.57
2025-09-23,META,769.25,770.6,751.07,755.4,10872600,0.22262,0.313555,0.177126,11.51
2025-09-24,META,757.5,761.11,752.53,760.66,8828200,0.222822,0.312344,0.178753,11.9
2025-09-25,META,753.45,756.77,744.55,748.91,10591100,0.226363,0.312415,0.184801,15.87
2025-09-26,META,750.0,751.93,737.35,743.75,9696300,0.226962,0.312577,0.185459,16.67
2025-09-29,META,748.72,750.78,739.15,743.4,9246800,0.224929,0.310774,0.175369,14.68
2025-09-30,META,742.25,742.97,726.3,734.38,16226800,0.215747,0.311129,0.180117,5.56
2025-10-01,META,721.49,721.85,710.2,717.34,20419600,0.231035,0.314456,0.197923,21.03
2025-10-02,META,722.58,727.77,718.14,727.05,11415300,0.221897,0.314132,0.195591,10.71
2025-10-03,META,729.63,731.0,710.18,710.56,16154300,0.221615,0.313529,0.20806,10.32
2025-10-06,META,705.19,716.88,690.51,715.66,21654700,0.237398,0.317077,0.210925,25.0
2025-10-07,META,717.72,718.5,705.75,713.08,12062900,0.237676,0.317169,0.197028,25.79
2025-10-08,META,713.45,719.65,707.81,717.84,10790600,0.23947,0.317604,0.192356,27.38
2025-10-09,META,718.28,733.51,712.44,733.51,12717200,0.245493,0.31868,0.2103,28.97
2025-10-10,META,730.92,735.27,704.51,705.3,16980100,0.252312,0.321184,0.247648,30.56
2025-10-13,META,713.01,719.94,707.64,715.7,9251800,0.24909,0.320871,0.250008,29.37
2025-10-14,META,707.78,715.55,699.33,708.65,8829800,0.25492,0.322969,0.237104,31.35
2025-10-15,META,717.06,723.9,709.51,717.55,10246800,0.257018,0.323854,0.244867,31.75
2025-10-16,META,717.55,725.49,703.88,712.07,9017000,0.261066,0.32591,0.242434,33.33
2025-10-17,META,707.08,718.54,706.12,716.92,12232400,0.255978,0.326399,0.245698,30.56
2025-10-20,META,721.19,733.77,720.18,732.17,8900200,0.25444,0.326719,0.256027,29.76
2025-10-21,META,736.02,738.5,728.75,733.27,7647300,0.251598,0.326351,0.253171,27.78
2025-10-22,META,733.83,740.6,724.03,733.41,8734500,0.255342,0.325979,0.251319,30.16
2025-10-23,META,734.7,742.41,733.1,734.0,9856000,0.252972,0.325015,0.246109,28.17
2025-10-24,META,736.79,741.21,731.15,738.36,9151300,0.251431,0.235784,0.24624,26.59
2025-10-27,META,749.73,755.75,748.01,750.82,11321100,0.255009,0.233075,0.253604,29.76
2025-10-28,META,752.63,758.4,745.52,751.44,12193800,0.252203,0.231692,0.249125,26.98
2025-10-29,META,754.75,759.16,742.51,751.67,26818600,0.244238,0.231717,0.231636,24.6
2025-10-30,META,669.15,680.96,650.17,666.47,88440100,0.496865,0.338078,0.48953,86.51
2025-10-31,META,674.51,674.89,645.57,648.35,56953200,0.502516,0.340871,0.492127,86.51
2025-11-03,META,656.0,659.33,636.18,637.71,33003600,0.499934,0.343176,0.491823,86.11
2025-11-04,META,628.04,641.74,626.01,627.32,27356600,0.50493,0.34674,0.49318,86.51
2025-11-05,META,632.31,642.23,626.54,635.95,20219900,0.508014,0.346906,0.49626,86.51
2025-11-06,META,635.85,636.0,618.0,618.94,23628800,0.505703,0.346782,0.490347,86.11
2025-11-07,META,616.49,622.13,601.2,621.71,29946800,0.510221,0.350329,0.478414,86.51
2025-11-10,META,631.09,635.0,618.11,631.76,19245000,0.515468,0.353065,0.479251,88.1
2025-11-11,META,628.0,629.56,619.39,627.08,13302200,0.513761,0.351396,0.479081,86.9
2025-11-12,META,628.13,628.99,607.77,609.01,24493300,0.511518,0.352068,0.48049,85.71
2025-11-13,META,613.07,617.65,603.0,609.89,20973800,0.511029,0.351049,0.481711,85.32
2025-11-14,META,601.79,613.68,595.2,609.46,20724100,0.515733,0.353472,0.479442,88.1
2025-11-17,META,609.04,611.69,595.4,602.01,16501300,0.516741,0.353425,0.466985,88.49
2025-11-18,META,591.6,603.66,583.78,597.69,25500600,0.522935,0.357493,0.465213,88.89
2025-11-19,META,593.72,595.33,581.25,590.32,24744700,0.523483,0.359192,0.463619,88.89
2025-11-20,META,603.5,606.72,583.35,589.15,20603000,0.536037,0.364592,0.462795,90.08
2025-11-21,META,588.5,598.12,581.86,594.25,21052600,0.538214,0.365757,0.464199,90.08
2025-11-24,META,598.72,616.7,597.63,613.05,23554900,0.538257,0.36703,0.478169,90.08
2025-11-25,META,624.0,637.05,618.3,636.22,25213000,0.545993,0.368144,0.505737,90.87
2025-11-26,META,637.69,638.36,631.63,633.61,15209500,0.54344,0.368166,0.50498,90.08
2025-11-28,META,636.08,648.05,635.5,647.95,11033200,0.328827,0.365923,0.297538,45.63
2025-12-01,META,639.55,645.32,637.76,640.87,13029900,0.324906,0.366378,0.283707,43.65
2025-12-02,META,642.34,647.87,638.07,647.1,11640900,0.318101,0.365577,0.279369,42.06
2025-12-03,META,644.41,648.85,637.55,639.6,11134300,0.30701,0.365415,0.275977,41.67
2025-12-04,META,676.0,676.1,660.05,661.53,29874600,0.359837,0.38309,0.296613,53.97
2025-12-05,META,664.0,674.69,662.39,673.42,21207900,0.35863,0.383382,0.280626,53.57
2025-12-08,META,669.34,676.71,665.07,666.8,13161000,0.3489,0.383652,0.285042,50.0
2025-12-09,META,663.77,664.48,653.34,656.96,12997100,0.341437,0.382347,0.288109,48.02
2025-12-10,META,649.95,654.51,643.4,650.13,16910900,0.342975,0.382948,0.289607,48.02
2025-12-11,META,643.29,655.28,640.8,652.71,13056700,0.34436,0.38327,0.265369,48.41
2025-12-12,META,649.8,711.0,638.61,644.23,14016900,0.46223,0.422595,0.271764,76.19
2025-12-15,META,645.7,653.0,638.7,647.51,15549100,0.457015,0.421816,0.271568,73.41
2025-12-16,META,643.5,662.54,643.2,657.15,14309100,0.457362,0.422398,0.268287,73.81
2025-12-17,META,655.61,661.23,649.2,649.5,15598500,0.447983,0.422018,0.271329,68.65
2025-12-18,META,657.03,670.56,656.46,664.45,20260300,0.445939,0.423327,0.271567,68.25
2025-12-19,META,666.42,671.0,658.18,658.77,49977100,0.434872,0.423117,0.275102,63.1
2025-12-22,META,661.65,673.58,656.65,661.5,15659400,0.435097,0.424048,0.274906,63.1
2025-12-23,META,660.05,666.0,658.25,664.94,8486800,0.431842,0.423602,0.257504,61.11
2025-12-24,META,662.53,668.18,662.2,667.55,5627500,0.424112,0.422621,0.226061,59.13
2025-12-26,META,668.06,668.95,661.32,663.29,7133800,0.42416,0.420595,0.227081,59.13
2025-12-29,META,658.01,660.25,654.39,658.69,8506500,0.424795,0.420404,0.216277,59.13
2025-12-30,META,658.69,672.22,657.84,665.95,9187500,0.423748,0.420545,0.214407,57.94
2025-12-31,META,664.75,665.0,659.44,660.09,7940400,0.422662,0.416837,0.215593,57.54
2026-01-02,META,662.73,664.39,643.5,650.41,13726500,0.42602,0.417889,0.218285,59.13
2026-01-05,META,651.01,664.54,647.75,658.79,12213700,0.377161,0.418538,0.186876,52.38
2026-01-06,META,659.57,665.52,651.9,660.62,11074400,0.37856,0.418121,0.174881,52.78
2026-01-07,META,655.64,659.15,644.81,648.69,12846300,0.37919,0.417086,0.182852,52.78
2026-01-08,META,645.88,647.1,635.72,646.06,11921700,0.381152,0.416979,0.176181,53.17
2026-01-09,META,645.44,654.95,642.85,653.06,11634900,0.379259,0.415836,0.176928,52.38
2026-01-12,META,652.53,653.97,641.23,641.97,14797200,0.376678,0.414601,0.186593,50.4
2026-01-13,META,642.27,642.27,624.1,631.09,18030400,0.218288,0.414302,0.190591,5.95
2026-01-14,META,626.5,628.45,614.82,615.52,15527900,0.216499,0.414462,0.206976,5.56
2026-01-15,META,618.48,624.17,614.23,620.8,13076100,0.211159,0.414469,0.20116,3.97
2026-01-16,META,624.18,629.08,620.08,620.25,17012500,0.210711,0.41461,0.198485,3.97
2026-01-20,META,607.88,611.4,600.0,604.12,15169600,0.215847,0.416061,0.192707,5.56
2026-01-21,META,606.74,618.27,600.08,612.96,14494700,0.22305,0.417467,0.203767,11.9
2026-01-22,META,629.35,660.57,626.55,647.63,21394700,0.262369,0.426064,0.290846,31.75
2026-01-23,META,644.77,666.49,644.45,658.76,22797700,0.27134,0.426622,0.297196,34.13
2026-01-26,META,665.13,675.28,661.29,672.36,16327400,0.276557,0.427292,0.306078,34.52
2026-01-27,META,674.59,676.82,664.66,672.97,13297400,0.27977,0.427003,0.305035,34.92
2026-01-28,META,674.5,677.68,666.1,668.73,25709600,0.279697,0.347833,0.304829,34.92
2026-01-29,META,737.43,744.0,712.55,738.31,59852900,0.456319,0.403528,0.463003,71.43
2026-01-30,META,727.5,732.17,713.59,716.5,23744600,0.464171,0.404062,0.477344,76.19
2026-02-02,META,714.6,721.3,703.52,706.41,14365200,0.463275,0.401598,0.477039,75.79
2026-02-03,META,707.37,717.0,686.41,691.7,13760700,0.469026,0.403672,0.483956,76.59
2026-02-04,META,687.73,688.83,667.46,668.99,16882800,0.47028,0.404293,0.500363,76.59
2026-02-05,META,663.58,681.5,653.5,670.21,17131800,0.47809,0.404596,0.49538,76.98
2026-02-06,META,665.49,671.99,646.5,661.46,18159300,0.485111,0.405591,0.497807,77.38
2026-02-09,META,663.18,683.31,658.78,677.22,14837500,0.489293,0.406838,0.503108,78.57
2026-02-10,META,677.6,680.65,669.79,670.72,10455800,0.489109,0.406087,0.500063,78.17
2026-02-11,META,674.0,679.27,657.1,668.69,14323800,0.491225,0.407295,0.49534,78.57
2026-02-12,META,669.97,676.0,645.28,649.81,14960100,0.496239,0.407593,0.498233,78.57
2026-02-13,META,645.1,651.43,634.57,639.77,12336400,0.500208,0.40792,0.501829,79.37
2026-02-17,META,639.5,642.6,628.8,639.29,12674700,0.502561,0.404933,0.501821,79.76
2026-02-18,META,633.8,645.0,628.15,643.22,14649200,0.4984,0.404899,0.491031,78.17
2026-02-19,META,638.57,647.19,636.72,644.78,10035700,0.496839,0.401031,0.489183,77.38
2026-02-20,META,639.69,663.35,638.78,655.66,14183500,0.483832,0.402388,0.452174,73.81
2026-02-23,META,652.54,657.7,636.0,637.25,8605900,0.48247,0.402724,0.459063,73.41
2026-02-24,META,633.08,641.11,628.98,639.3,10135600,0.482429,0.400697,0.452086,73.02
2026-02-25,META,642.53,653.88,642.14,653.69,11330700,0.481274,0.400896,0.460509,72.62
2026-02-26,META,650.55,661.0,647.5,657.01,10637700,0.482668,0.401479,0.460686,73.41
2026-02-27,META,643.45,649.44,638.12,648.18,15703000,0.307869,0.403313,0.271437,36.11
2026-03-02,META,637.16,659.94,634.5,653.56,9816100,0.31481,0.40701,0.26133,36.51
2026-03-03,META,648.29,659.04,638.84,655.08,12263800,0.31838,0.408795,0.259864,37.3
2026-03-04,META,657.96,672.77,657.67,667.73,10810100,0.308691,0.392835,0.263548,36.51
2026-03-05,META,661.93,670.7,650.31,660.57,13341400,0.312517,0.394812,0.238613,36.9
2026-03-06,META,647.9,649.47,636.11,644.86,13159400,0.306878,0.396931,0.252382,35.71
2026-03-09,META,634.78,647.75,626.78,647.39,13489700,0.302428,0.399665,0.249578,35.71
2026-03-10,META,653.56,660.3,649.0,654.07,9859300,0.299796,0.399737,0.236299,35.71
2026-03-11,META,654.76,659.12,648.36,654.86,8977200,0.30042,0.399075,0.234618,36.11
2026-03-12,META,648.75,653.5,636.9,638.18,11617500,0.292438,0.357654,0.250372,35.71
2026-03-13,META,623.89,629.17,609.55,613.71,18957600,0.289231,0.361258,0.267135,35.71
2026-03-16,META,632.0,634.75,623.1,627.45,15134900,0.314594,0.365618,0.276701,39.68
2026-03-17,META,627.99,636.55,621.7,622.66,10348800,0.315509,0.366367,0.277714,40.48
2026-03-18,META,616.34,622.65,614.61,615.68,11726300,0.31305,0.365544,0.278394,39.68
2026-03-19,META,612.15,613.0,602.26,606.7,13247700,0.314104,0.365537,0.281249,40.08
2026-03-20,META,603.53,603.96,587.25,593.66,21214900,0.31073,0.365336,0.2785,39.29
2026-03-23,META,605.79,608.64,599.01,604.06,13638000,0.319288,0.368316,0.274684,42.86
2026-03-24,META,599.1,601.0,591.0,592.92,10739700,0.318738,0.368969,0.279366,42.86
2026-03-25,META,598.74,603.67,593.4,594.89,12585000,0.322404,0.370081,0.263609,43.65
2026-03-26,META,582.49,583.0,543.35,547.54,35780100,0.344141,0.377717,0.379804,45.63
2026-03-27,META,540.1,543.6,520.26,525.72,30133000,0.34873,0.380852,0.395865,46.43
2026-03-30,META,536.38,539.55,528.54,536.38,22795200,0.349947,0.384437,0.405382,47.22
2026-03-31,META,549.98,573.69,546.77,572.13,32898300,0.365965,0.389163,0.482924,50.4
2026-04-01,META,580.13,592.55,573.82,579.23,23608100,0.374304,0.391586,0.478676,51.19
2026-04-02,META,566.04,578.5,559.7,574.46,13518500,0.382404,0.395583,0.478504,54.37
2026-04-06,META,577.69,582.79,572.0,573.02,9515700,0.375471,0.395396,0.474395,51.59
2026-04-07,META,572.48,575.23,564.76,575.05,9580800,0.366903,0.395282,0.474293,50.79
2026-04-08,META,606.0,629.95,591.83,612.42,32036600,0.43269,0.417582,0.531576,59.92
2026-04-09,META,626.97,637.5,623.0,628.39,19012900,0.440655,0.421048,0.541373,64.29
2026-04-10,META,634.47,638.58,624.33,629.86,13294800,0.438172,0.420873,0.534175,64.29
2026-04-13,META,629.5,635.0,624.4,634.53,9538900,0.423709,0.420597,0.514945,55.95
2026-04-14,META,643.22,666.26,639.37,662.49,17818000,0.42163,0.423178,0.531138,55.56
2026-04-15,META,667.0,678.5,664.22,671.58,14952600,0.420221,0.423714,0.530996,55.56
2026-04-16,META,675.99,677.58,667.75,676.87,9544800,0.41672,0.421457,0.528136,55.56
2026-04-17,META,678.6,691.52,675.13,688.55,16283500,0.415575,0.420589,0.52467,55.56
2026-04-20,META,681.36,683.38,668.0,670.91,12534000,0.415752,0.413556,0.527872,55.95
2026-04-21,META,671.0,676.2,667.33,668.84,8660100,0.412683,0.411721,0.527083,55.56
2026-04-22,META,674.36,678.38,669.75,674.72,9215600,0.40921,0.411161,0.519656,55.56
2026-04-23,META,663.7,669.56,653.05,659.15,11667000,0.418771,0.413128,0.530307,57.54
2026-04-24,META,660.32,680.67,653.84,675.03,13348300,0.398786,0.415449,0.418834,55.56
2026-04-27,META,671.0,682.5,670.84,678.62,12805200,0.385189,0.35745,0.37376,55.56
2026-04-28,META,674.24,678.18,665.63,671.34,10606800,0.383412,0.356055,0.381723,55.56
2026-04-29,META,668.91,674.25,663.81,669.12,18947500,0.370639,0.355283,0.3283,51.59
2026-04-30,META,619.32,620.85,600.0,611.91,52765000,0.468154,0.387866,0.475374,76.98
2026-05-01,META,614.69,618.88,606.11,608.75,21404000,0.4577,0.387752,0.47455,75.79
2026-05-04,META,607.94,614.0,602.75,610.41,16203900,0.457148,0.384366,0.474122,75.0
2026-05-05,META,613.31,614.35,600.36,604.96,17171300,0.457214,0.381603,0.476065,75.4
2026-05-06,META,601.05,619.95,598.1,612.88,19915500,0.395896,0.381703,0.421911,56.75
2026-05-07,META,614.72,624.98,613.54,616.81,12307400,0.383761,0.382407,0.411743,56.35
2026-05-08,META,615.2,616.77,606.06,609.63,13557000,0.379188,0.380069,0.413281,54.37
2026-05-11,META,604.57,604.91,598.08,598.86,15940600,0.377806,0.376695,0.415666,53.97
2026-05-12,META,594.82,603.75,592.6,603.0,11351600,0.365356,0.375648,0.380914,50.4
2026-05-13,META,598.83,619.9,596.66,616.63,14634400,0.365653,0.376408,0.387681,50.79
2026-05-14,META,616.0,623.73,615.0,618.43,10651200,0.362381,0.375324,0.386029,50.0
2026-05-15,META,613.99,621.2,609.31,614.23,13272600,0.36056,0.375774,0.377502,49.6
2026-05-18,META,609.11,615.59,603.69,611.21,13772400,0.360302,0.374034,0.369849,49.6
2026-05-19,META,608.92,613.93,600.55,602.61,11749900,0.361443,0.373138,0.371314,50.79
2026-05-20,META,600.76,608.0,597.81,605.06,11329700,0.357913,0.372872,0.36934,48.81
2026-05-21,META,600.0,609.6,594.81,607.38,13476100,0.355667,0.373796,0.364437,48.02
2026-05-22,META,607.88,614.81,606.95,610.26,11688600,0.347053,0.373388,0.351118,46.43
2026-05-26,META,608.89,614.47,605.3,612.34,12234200,0.347299,0.371058,0.350439,46.83
2026-05-27,META,609.4,638.5,609.0,635.26,23143600,0.352639,0.369615,0.379678,48.41
2026-05-28,META,639.5,643.0,629.31,635.29,16772400,0.357519,0.368467,0.3798,50.0
2026-05-29,META,633.5,634.5,623.35,632.51,19806500,0.229553,0.368458,0.19902,18.65
2026-06-01,META,630.4,635.75,599.53,600.47,29138800,0.246672,0.370526,0.275131,25.4
2026-06-02,META,603.24,608.88,596.68,597.63,18252000,0.249142,0.368439,0.27518,26.19
2026-06-03,META,603.0,624.15,600.27,622.98,23020100,0.254424,0.367288,0.311885,29.37
2026-06-04,META,623.67,642.4,622.43,627.57,21469200,0.258362,0.369475,0.309746,32.54
2026-06-05,META,623.46,629.15,582.91,593.0,30091600,0.295757,0.37912,0.370575,38.49
2026-06-08,META,592.0,592.0,579.22,585.39,19512400,0.297999,0.378687,0.37102,38.89
2026-06-09,META,591.0,597.63,581.01,584.59,16977400,0.306246,0.376207,0.366296,40.48
2026-06-10,META,580.73,591.32,570.6,570.98,17064000,0.316247,0.37397,0.373249,45.24
2026-06-11,META,565.83,572.17,557.01,568.43,17628000,0.315663,0.374705,0.361296,44.84
2026-06-12,META,572.95,576.07,560.9,566.98,14326400,0.321028,0.375616,0.360415,46.83
2026-06-15,META,579.9,601.27,579.3,593.48,17653300,0.337811,0.380503,0.40147,48.02
2026-06-16,META,593.65,605.81,592.0,600.21,11344400,0.337353,0.379841,0.403865,47.62
2026-06-17,META,592.0,593.81,566.19,567.58,20478300,0.345732,0.380494,0.446907,49.6
2026-06-18,META,572.82,580.22,563.1,577.22,28824600,0.352834,0.382527,0.451859,51.98
2026-06-22,META,572.02,575.81,559.81,563.85,15405500,0.353539,0.383217,0.457242,51.98
2026-06-23,META,562.25,572.2,561.02,562.2,13103300,0.356993,0.376439,0.456172,52.38
2026-06-24,META,561.89,569.04,555.55,557.67,13963600,0.359617,0.373336,0.455488,53.57
2026-06-25,META,555.55,556.34,540.18,542.87,16968600,0.352694,0.371151,0.434252,50.4
2026-06-26,META,543.34,556.85,540.4,550.25,18867700,0.355709,0.366267,0.440088,51.59
2026-06-29,META,560.0,570.9,558.0,562.6,15011400,0.362051,0.365648,0.452278,55.16
2026-06-30,META,560.94,565.54,551.43,563.29,18111100,0.355031,0.362307,0.418477,50.4
2026-07-01,META,607.91,628.28,595.1,612.91,45536300,0.459159,0.400536,0.521193,83.33
2026-07-02,META,607.9,610.0,580.42,582.9,21705900,0.462359,0.40275,0.528838,83.73
2026-07-06,META,594.84,603.58,581.76,600.29,17674100,0.466738,0.385052,0.540407,84.52
2026-07-07,META,607.59,625.37,603.66,615.58,18560800,0.448861,0.38429,0.508167,77.38
2026-07-08,META,614.39,616.0,598.01,603.12,13606500,0.449888,0.384254,0.511764,77.38
2026-07-09,META,583.99,633.27,577.07,631.48,26579700,0.492374,0.399794,0.53528,89.68
2026-07-10,META,660.34,677.86,658.01,669.21,40608900,0.50837,0.408948,0.557734,94.05
2026-07-13,META,661.38,676.62,654.2,656.73,19840700,0.513155,0.411553,0.564257,95.24
2026-07-14,META,652.0,666.5,649.05,661.04,16748200,0.514765,0.412054,0.56309,95.63
2026-07-15,META,663.6,686.08,656.66,681.31,19003400,0.512369,0.414362,0.551802,94.44
2026-07-16,META,677.28,681.9,660.16,664.54,15816000,0.515374,0.414989,0.562845,95.63
2026-07-17,META,647.7,652.2,626.0,646.01,22267900,0.528401,0.422578,0.530778,97.62
2026-07-20,META,646.7,653.3,636.01,645.85,10225200,0.526823,0.423391,0.529815,97.22
2026-07-21,META,654.18,655.88,643.2,643.81,9140500,0.523508,0.422352,0.519865,96.83
2026-07-22,META,647.7,649.0,624.0,627.17,11019600,0.52426,0.421625,0.531951,96.83
2026-07-23,META,608.41,614.65,597.22,606.1,15494800,0.539859,0.427115,0.548565,98.81
2026-07-24,META,605.3,609.98,594.45,595.19,11503500,0.539426,0.427322,0.542853,98.41
2026-07-27,META,607.22,611.26,593.13,593.87,11195300,0.541413,0.430173,0.542302,98.81
2026-07-28,META,596.82,601.0,587.0,593.41,12009300,0.538738,0.397613,0.538088,97.62
2026-07-29,META,593.25,599.97,582.22,585.61,22371100,0.538404,0.398533,0.541041,97.22
2026-07-30,META,526.0,539.88,524.49,539.03,42271500,0.590573,0.456148,0.528551,99.6
2026-07-31,META,543.6,558.33,540.22,556.71,24261500,0.589657,0.457002,0.518935,99.21
2026-08-03,META,562.24,597.52,559.36,590.24,25938100,0.590446,0.460866,0.551734,99.21
2026-08-04,META,581.5,592.79,578.25,587.94,17959200,0.584737,0.461865,0.543149,98.41
2026-08-05,META,600.46,601.0,580.12,588.77,14897200,0.595,0.465862,0.538987,99.6
2026-08-06,META,586.95,595.31,586.0,589.9,11811500,0.566196,0.466035,0.509764,97.62
2026-08-07,META,585.64,598.74,585.62,592.1,11250300,0.534889,0.466651,0.456634,93.25
2026-08-10,META,599.13,608.21,592.03,594.92,14967300,0.534905,0.46695,0.455602,93.25
2026-08-11,META,598.0,612.43,593.4,599.12,13146900,0.53913,0.468926,0.455771,95.24
2026-08-12,META,601.07,604.5,578.21,578.85,16186900,0.536488,0.470005,0.447371,93.25
2026-08-13,META,580.71,595.85,579.39,594.97,11164200,0.535435,0.469784,0.459797,92.46
2026-08-14,META,596.98,601.86,589.29,589.85,8758000,0.520083,0.469687,0.45213,88.89
2026-08-17,META,589.75,590.24,564.75,568.97,17225600,0.521722,0.471282,0.465276,88.89
2026-08-18,META,557.48,560.66,543.21,543.67,27094900,0.523825,0.472941,0.48527,90.08
2026-08-19,META,541.34,554.07,537.27,546.03,16971700,0.523239,0.474479,0.482562,88.89
2026-08-20,META,546.95,549.99,539.31,545.83,13872200,0.512682,0.474849,0.472053,84.52
2026-08-21,META,546.89,553.87,543.23,549.9,13663800,0.512228,0.473195,0.471499,83.73
2024-08-22,AVGO,170.84,172.42,161.49,162.34,30044500,,,,
2024-08-23,AVGO,165.03,168.28,163.46,166.36,18848000,,,,
2024-08-26,AVGO,164.96,165.7,158.66,159.62,18521200,,,,
2024-08-27,AVGO,157.6,162.03,155.83,161.39,16683100,,,,
2024-08-28,AVGO,160.08,162.28,156.25,158.18,18063600,,,,
2024-08-29,AVGO,158.49,163.2,155.41,156.93,23519300,,,,
2024-08-30,AVGO,161.12,163.24,158.71,162.82,25158500,,,,
2024-09-03,AVGO,160.38,160.74,151.38,152.79,37179100,,,,
2024-09-04,AVGO,150.3,157.79,149.15,154.12,20324100,,,,
2024-09-05,AVGO,150.57,156.36,150.11,152.82,31548500,,,,
2024-09-06,AVGO,143.25,143.5,136.6,137.0,76634600,,,,
2024-09-09,AVGO,139.11,141.59,134.9,140.82,39516700,,,,
2024-09-10,AVGO,141.22,149.86,141.04,148.21,36067500,,,,
2024-09-11,AVGO,148.39,158.87,145.04,158.27,39700800,,,,
2024-09-12,AVGO,158.1,166.32,156.83,164.56,43530700,,,,
2024-09-13,AVGO,166.74,168.08,164.04,167.69,29850000,,,,
2024-09-16,AVGO,165.19,165.5,160.41,164.02,26126900,,,,
2024-09-17,AVGO,165.49,166.02,160.7,162.47,19844300,,,,
2024-09-18,AVGO,163.77,167.47,161.36,161.67,26557600,,,,
2024-09-19,AVGO,167.68,170.0,165.66,167.42,32453100,,,,
2024-09-20,AVGO,167.18,172.02,166.47,171.1,91758500,0.553852,,0.652549,
2024-09-23,AVGO,172.0,173.32,168.35,172.94,29431100,0.552348,,0.648256,
2024-09-24,AVGO,172.81,175.99,171.68,174.84,34223400,0.547893,,0.628196,
2024-09-25,AVGO,174.65,177.14,173.76,175.52,16613800,0.542655,,0.627731,
2024-09-26,AVGO,178.5,180.25,175.0,178.09,24340000,0.543521,,0.621969,
2024-09-27,AVGO,178.17,178.47,171.76,172.69,20580900,0.534456,,0.633903,
2024-09-30,AVGO,171.87,172.92,169.63,172.5,16902000,0.523326,,0.622659,
2024-10-01,AVGO,172.16,172.25,165.8,167.47,23770400,0.515055,,0.585093,
2024-10-02,AVGO,167.55,172.84,167.02,170.66,14317800,0.50148,,0.587153,
2024-10-03,AVGO,169.62,174.94,169.19,171.89,13072300,0.490926,,0.584981,
2024-10-04,AVGO,176.3,176.9,172.6,176.64,17921400,0.430663,,0.400012,
2024-10-07,AVGO,174.82,178.31,173.86,175.08,15588300,0.419311,,0.402994,
2024-10-08,AVGO,175.42,181.6,174.89,180.73,20774200,0.410737,,0.382669,
2024-10-09,AVGO,179.24,186.42,176.42,185.95,25504100,0.389323,,0.329934,
2024-10-10,AVGO,183.56,186.31,182.53,185.69,16318000,0.379422,,0.310301,
2024-10-11,AVGO,181.14,182.59,177.4,181.48,23070000,0.391361,,0.322629,
2024-10-14,AVGO,183.3,184.95,180.13,182.31,17195800,0.383256,,0.307573,
2024-10-15,AVGO,180.79,181.7,173.37,175.98,27657500,0.390654,,0.336376,
2024-10-16,AVGO,178.51,179.25,175.33,176.82,15285100,0.384031,,0.334719,
2024-10-17,AVGO,181.37,185.51,180.69,181.53,25232400,0.374878,,0.325549,
2024-10-18,AVGO,182.32,182.71,178.68,179.89,17835200,0.373006,,0.321686,
2024-10-21,AVGO,179.38,181.72,178.25,179.99,13695100,0.366938,,0.320272,
2024-10-22,AVGO,178.66,180.69,177.41,179.38,12062600,0.366644,,0.319009,
2024-10-23,AVGO,177.59,178.98,172.57,173.51,19513700,0.372984,,0.341463,
2024-10-24,AVGO,174.26,174.3,169.5,171.35,20485200,0.366398,,0.339082,
2024-10-25,AVGO,174.19,176.8,172.72,173.0,19977700,0.370353,,0.323427,
2024-10-28,AVGO,173.0,173.97,171.35,172.02,13195800,0.36794,,0.324058,
2024-10-29,AVGO,172.44,180.23,171.21,179.24,23702300,0.371997,,0.335805,
2024-10-30,AVGO,177.47,179.19,175.62,176.64,17911500,0.369512,,0.336374,
2024-10-31,AVGO,174.45,174.45,167.38,169.77,26086600,0.373179,,0.366086,
2024-11-01,AVGO,168.26,171.33,167.5,168.92,17847000,0.358798,,0.351107,
2024-11-04,AVGO,169.28,172.45,168.42,168.55,13621300,0.358071,,0.350232,
2024-11-05,AVGO,170.05,174.4,170.05,173.9,13441800,0.355763,,0.349582,
2024-11-06,AVGO,179.63,180.21,175.96,179.55,24300800,0.362252,,0.353813,
2024-11-07,AVGO,181.99,184.87,181.79,183.81,18970600,0.360006,,0.364959,
2024-11-08,AVGO,182.99,185.05,181.83,183.64,13503200,0.340699,,0.355256,
2024-11-11,AVGO,183.4,183.63,176.82,178.91,17036700,0.343382,,0.367178,
2024-11-12,AVGO,178.9,179.56,173.2,176.22,15862000,0.337363,,0.348618,
2024-11-13,AVGO,174.71,175.59,172.6,173.58,17472500,0.335897,,0.35218,
2024-11-14,AVGO,174.77,175.57,169.87,170.38,20638900,0.321672,,0.34208,
2024-11-15,AVGO,168.47,169.14,163.43,164.84,20836200,0.328285,0.427594,0.357801,
2024-11-18,AVGO,165.66,166.35,162.22,165.67,17856900,0.332766,0.426591,0.358966,
2024-11-19,AVGO,166.66,166.8,164.31,165.35,18003400,0.330481,0.424387,0.359043,
2024-11-20,AVGO,165.54,165.54,160.86,163.25,17196700,0.327386,0.42295,0.343994,
2024-11-21,AVGO,166.25,166.34,160.6,163.94,24835300,0.338858,0.424508,0.343008,
2024-11-22,AVGO,164.3,164.91,162.4,164.23,17332500,0.331933,0.419355,0.340557,
2024-11-25,AVGO,165.4,167.23,162.89,164.82,26850600,0.336185,0.415754,0.341033,
2024-11-26,AVGO,164.6,166.37,162.69,164.74,16308800,0.325884,0.411029,0.300632,
2024-11-27,AVGO,163.2,163.2,157.54,159.67,19722700,0.330789,0.405871,0.313786,
2024-11-29,AVGO,159.57,162.69,159.08,162.08,11024000,0.318868,0.399265,0.293099,
2024-12-02,AVGO,162.95,168.38,162.75,166.51,21472400,0.319377,0.374597,0.310653,
2024-12-03,AVGO,164.48,168.27,164.03,168.15,17024400,0.320393,0.368577,0.312807,
2024-12-04,AVGO,173.44,175.39,168.56,170.56,32748200,0.34294,0.371421,0.29553,
2024-12-05,AVGO,170.75,172.4,169.2,170.47,18490000,0.321829,0.357642,0.268787,
2024-12-06,AVGO,170.1,180.68,169.33,179.53,27830800,0.337373,0.357442,0.319275,
2024-12-09,AVGO,178.95,180.79,176.02,178.94,20886300,0.340668,0.356844,0.319361,
2024-12-10,AVGO,177.81,178.5,169.73,171.81,27762600,0.34704,0.356656,0.338004,
2024-12-11,AVGO,180.01,184.87,176.43,183.2,41295200,0.387978,0.370908,0.407354,
2024-12-12,AVGO,180.93,182.0,175.99,180.66,46967200,0.398627,0.371694,0.406745,
2024-12-13,AVGO,213.9,228.7,211.11,224.8,121336600,0.725362,0.507665,0.862971,98.33
2024-12-16,AVGO,231.79,251.88,230.81,250.0,111623200,0.732984,0.515743,0.903257,98.36
2024-12-17,AVGO,240.65,242.47,233.8,240.23,70382100,0.758317,0.524199,0.927402,98.39
2024-12-18,AVGO,239.41,239.85,219.22,223.62,53960100,0.778833,0.532575,0.979412,98.41
2024-12-19,AVGO,227.91,228.05,217.58,218.32,40845200,0.77889,0.534298,0.984436,98.44
2024-12-20,AVGO,220.36,230.29,218.91,220.79,131910400,0.786534,0.538659,0.983775,98.46
2024-12-23,AVGO,226.69,233.4,225.13,232.35,40643800,0.789269,0.540569,0.990581,98.48
2024-12-24,AVGO,240.12,240.23,234.8,239.68,22827200,0.792911,0.543901,0.990319,98.51
2024-12-26,AVGO,240.0,247.28,237.6,245.36,28459000,0.794671,0.54412,0.987802,98.53
2024-12-27,AVGO,245.64,245.78,236.35,241.75,29282200,0.793833,0.54544,0.978184,97.1
2024-12-30,AVGO,234.7,238.77,231.62,235.58,27316800,0.809884,0.549214,0.992014,98.57
2024-12-31,AVGO,235.88,237.46,231.31,231.84,17927700,0.809475,0.546887,0.998965,97.18
2025-01-02,AVGO,236.16,239.5,230.24,231.98,31525800,0.807803,0.547585,1.000322,95.83
2025-01-03,AVGO,233.59,236.49,229.0,232.55,24973200,0.804594,0.547832,1.001485,94.52
2025-01-06,AVGO,236.5,241.75,233.3,236.41,34028400,0.806658,0.545865,0.999692,94.59
2025-01-07,AVGO,239.5,239.5,227.6,228.64,25928600,0.80058,0.545886,1.005372,92.0
2025-01-08,AVGO,229.7,232.47,226.06,229.31,18756500,0.798788,0.541582,1.004352,90.79
2025-01-10,AVGO,227.3,227.83,221.25,224.31,23864000,0.796595,0.542766,0.993421,89.61
2025-01-13,AVGO,219.99,229.26,219.51,225.29,23772100,0.795423,0.544568,0.975333,88.46
2025-01-14,AVGO,226.57,230.26,223.1,224.7,18143100,0.788873,0.545288,0.972412,82.28
2025-01-15,AVGO,228.55,230.34,225.58,228.0,21745600,0.509967,0.543337,0.588279,63.75
2025-01-16,AVGO,235.22,238.6,229.21,229.41,23471900,0.494293,0.547332,0.438271,61.73
2025-01-17,AVGO,237.08,238.1,232.66,237.44,31196600,0.470371,0.550293,0.43762,59.76
2025-01-21,AVGO,241.5,242.75,237.4,240.31,30903200,0.442253,0.550122,0.349276,59.04
2025-01-22,AVGO,246.75,246.99,240.69,240.91,29610500,0.441202,0.549102,0.333845,58.33
2025-01-23,AVGO,238.41,240.4,236.12,240.28,17653900,0.425889,0.54988,0.333988,56.47
2025-01-24,AVGO,244.7,249.59,241.91,244.7,25387800,0.422806,0.550611,0.290482,55.81
2025-01-27,AVGO,213.4,218.43,196.23,202.13,90569400,0.692102,0.63859,0.73388,75.86
2025-01-28,AVGO,208.01,209.95,198.89,207.36,50316000,0.709143,0.643417,0.735144,76.14
2025-01-29,AVGO,208.84,211.45,202.77,206.35,32533700,0.70889,0.644324,0.734841,75.28
2025-01-30,AVGO,218.57,221.96,213.7,215.66,42449500,0.725874,0.651481,0.753925,77.78
2025-01-31,AVGO,219.66,226.8,216.3,221.27,41104700,0.734087,0.653302,0.759925,79.12
2025-02-03,AVGO,215.46,220.94,213.51,217.73,24507300,0.741995,0.657452,0.761387,79.35
2025-02-04,AVGO,219.35,223.03,215.3,222.43,23768500,0.7436,0.658861,0.76618,79.57
2025-02-05,AVGO,233.94,237.93,227.5,232.0,29196000,0.762193,0.664288,0.779776,80.85
2025-02-06,AVGO,234.5,234.8,228.56,231.36,21169500,0.760844,0.664788,0.770377,80.0
2025-02-07,AVGO,235.0,235.65,224.11,224.87,22117500,0.762373,0.665572,0.777138,81.25
2025-02-10,AVGO,227.43,235.82,227.12,235.04,23901600,0.760311,0.664956,0.788831,78.35
2025-02-11,AVGO,232.48,237.89,229.97,235.04,18476200,0.754187,0.665636,0.788834,76.53
2025-02-12,AVGO,230.36,236.48,230.0,236.35,16397300,0.758984,0.667467,0.788717,77.78
2025-02-13,AVGO,236.06,236.95,230.73,235.8,20962000,0.760756,0.668275,0.787573,79.0
2025-02-14,AVGO,234.53,235.74,228.9,233.04,16988800,0.754824,0.667856,0.788792,75.25
2025-02-18,AVGO,230.1,232.2,224.3,228.53,26080500,0.751031,0.669608,0.781506,73.53
2025-02-19,AVGO,227.85,229.07,224.4,228.73,16375500,0.749531,0.670494,0.779872,72.82
2025-02-20,AVGO,228.65,228.98,222.75,226.74,16104000,0.746232,0.670663,0.779943,72.12
2025-02-21,AVGO,225.65,227.75,215.63,218.66,24883600,0.752306,0.671846,0.788812,74.29
2025-02-24,AVGO,218.6,219.48,207.54,207.93,33050400,0.750094,0.673413,0.799818,72.64
2025-02-25,AVGO,207.0,208.64,200.92,202.54,33100800,0.510199,0.674335,0.426577,54.21
2025-02-26,AVGO,206.91,213.54,206.0,212.94,21368300,0.489537,0.675181,0.453985,50.0
2025-02-27,AVGO,217.28,219.25,197.4,197.8,27572900,0.509686,0.680074,0.526511,53.21
2025-02-28,AVGO,195.76,201.19,193.15,199.43,39747200,0.476174,0.682353,0.499406,49.09
2025-03-03,AVGO,204.0,204.06,184.53,187.37,37435600,0.493408,0.688645,0.527244,51.35
2025-03-04,AVGO,189.22,193.95,180.48,187.48,37910500,0.503367,0.693694,0.527297,53.57
2025-03-05,AVGO,191.86,194.08,187.1,191.58,25644500,0.507431,0.69298,0.527499,53.98
2025-03-06,AVGO,181.04,186.83,177.61,179.45,56864100,0.528929,0.708682,0.531507,58.77
2025-03-07,AVGO,187.73,195.48,181.56,194.96,74528900,0.576331,0.716573,0.63076,64.35
2025-03-10,AVGO,189.6,191.98,180.43,184.45,44217100,0.593948,0.723164,0.649036,64.66
2025-03-11,AVGO,188.05,195.62,185.35,190.09,42153200,0.606505,0.724738,0.635207,64.96
2025-03-12,AVGO,196.22,199.98,192.45,194.23,30409700,0.616176,0.721073,0.644517,65.25
2025-03-13,AVGO,193.15,196.32,189.47,191.36,27236100,0.613977,0.719981,0.642249,64.71
2025-03-14,AVGO,196.2,197.5,193.2,195.54,25900900,0.616204,0.631688,0.651865,65.83
2025-03-17,AVGO,188.05,196.72,187.5,194.5,26830600,0.63869,0.632386,0.65195,66.12
2025-03-18,AVGO,190.44,192.89,186.9,188.67,24951000,0.640658,0.627327,0.655414,66.39
2025-03-19,AVGO,189.34,198.27,186.9,195.57,37962700,0.650489,0.624207,0.674361,66.67
2025-03-20,AVGO,191.52,193.84,188.94,190.54,31430000,0.654522,0.625362,0.677465,66.94
2025-03-21,AVGO,188.21,192.07,187.37,191.66,43086500,0.649151,0.621283,0.67119,65.6
2025-03-24,AVGO,194.3,196.69,190.67,191.25,33180300,0.648814,0.619554,0.651045,65.08
2025-03-25,AVGO,190.89,191.6,187.68,188.26,23417300,0.645288,0.615563,0.647377,64.57
2025-03-26,AVGO,186.66,188.06,177.58,179.27,30578500,0.646815,0.616907,0.633637,64.84
2025-03-27,AVGO,177.66,178.38,170.46,171.99,32151700,0.628233,0.616565,0.59902,62.02
2025-03-28,AVGO,171.93,173.3,166.47,169.12,30391500,0.626721,0.613677,0.597184,61.54
2025-03-31,AVGO,164.49,167.94,160.62,167.43,35656400,0.61451,0.619632,0.562127,59.54
2025-04-01,AVGO,166.37,168.71,163.42,168.52,20472400,0.594362,0.618911,0.563381,57.58
2025-04-02,AVGO,166.08,173.43,165.5,172.09,19523700,0.586303,0.62052,0.56296,56.39
2025-04-03,AVGO,160.54,163.43,153.7,154.01,44354900,0.602298,0.638386,0.644771,58.21
2025-04-04,AVGO,148.17,152.8,139.17,146.29,72302200,0.59628,0.65376,0.566092,57.78
2025-04-07,AVGO,144.49,160.43,138.1,154.14,68503500,0.663572,0.680032,0.591014,69.85
2025-04-08,AVGO,167.62,169.78,153.09,156.03,58888200,0.752034,0.709581,0.578578,79.56
2025-04-09,AVGO,160.5,187.33,157.51,185.15,72708300,0.802509,0.729733,0.860984,95.65
2025-04-10,AVGO,175.3,176.95,166.4,172.3,51212200,0.830219,0.742492,0.895095,99.28
2025-04-11,AVGO,173.62,182.66,173.31,181.94,33964100,0.825115,0.743089,0.915513,98.57
2025-04-14,AVGO,185.08,186.0,175.82,178.36,25748300,0.826101,0.742285,0.91733,98.58
2025-04-15,AVGO,179.73,182.26,178.08,178.95,17242400,0.824837,0.739062,0.912401,97.18
2025-04-16,AVGO,170.43,176.08,166.92,174.61,34638600,0.837304,0.747333,0.90371,99.3
2025-04-17,AVGO,176.25,176.25,169.92,170.99,22501800,0.838685,0.745981,0.902363,99.31
2025-04-21,AVGO,166.99,168.0,161.61,166.21,23469800,0.845736,0.74902,0.904863,99.31
2025-04-22,AVGO,167.43,170.52,165.22,169.58,18504900,0.844071,0.748019,0.909907,98.63
2025-04-23,AVGO,177.78,180.45,175.82,176.91,24380500,0.867626,0.688773,0.924885,99.32
2025-04-24,AVGO,179.69,188.57,178.3,188.15,27576900,0.868468,0.684261,0.935413,99.32
2025-04-25,AVGO,186.92,193.37,186.89,192.31,21242300,0.864986,0.682995,0.922944,97.99
2025-04-28,AVGO,190.53,193.1,187.68,192.47,16385800,0.862556,0.672169,0.919378,97.33
2025-04-29,AVGO,191.72,193.25,190.1,191.17,14630000,0.852445,0.668281,0.918673,96.69
2025-04-30,AVGO,185.9,193.2,184.02,192.47,22768900,0.857797,0.669186,0.918673,96.71
2025-05-01,AVGO,198.14,201.4,196.24,197.33,24939700,0.863777,0.671012,0.919603,97.39
2025-05-02,AVGO,203.9,205.68,201.08,203.64,17766800,0.825158,0.664262,0.809982,90.91
2025-05-05,AVGO,200.25,203.23,200.0,200.72,14025400,0.784485,0.664121,0.780481,78.71
2025-05-06,AVGO,196.44,201.91,195.94,200.09,16348800,0.720527,0.663715,0.77088,63.46
2025-05-07,AVGO,199.29,206.23,198.43,204.81,20253700,0.625029,0.663539,0.771728,54.14
2025-05-08,AVGO,208.0,211.16,203.69,207.77,18460900,0.552718,0.664625,0.500195,46.2
2025-05-09,AVGO,209.33,209.96,206.52,208.2,13289200,0.494565,0.663715,0.408274,37.11
2025-05-12,AVGO,219.49,221.8,215.88,221.58,25437700,0.525511,0.672825,0.420503,42.5
2025-05-13,AVGO,222.0,235.28,222.0,232.42,28790500,0.519771,0.674282,0.425588,41.61
2025-05-14,AVGO,230.23,233.5,228.35,232.12,19751400,0.520135,0.672987,0.42732,41.98
2025-05-15,AVGO,230.16,234.46,228.07,232.64,18803700,0.4758,0.673282,0.406146,33.13
2025-05-16,AVGO,232.32,232.64,226.39,228.61,23094600,0.474517,0.672835,0.40231,32.93
2025-05-19,AVGO,221.85,231.25,221.6,230.63,15355500,0.471354,0.673378,0.370125,32.73
2025-05-20,AVGO,226.49,231.77,226.34,231.68,11787200,0.472584,0.672458,0.372169,33.13
2025-05-21,AVGO,228.39,236.5,227.83,229.73,17642900,0.452059,0.674177,0.367435,31.74
2025-05-22,AVGO,228.34,233.69,227.43,230.53,14340200,0.444015,0.672653,0.320537,31.55
2025-05-23,AVGO,226.94,230.65,226.18,228.72,15385600,0.445688,0.664714,0.323502,31.95
2025-05-27,AVGO,232.87,236.48,231.13,235.65,17941700,0.447856,0.66447,0.3305,32.35
2025-05-28,AVGO,237.15,240.99,234.43,239.43,20443000,0.450627,0.655628,0.32488,32.75
2025-05-29,AVGO,245.91,246.07,237.4,241.97,20743700,0.449448,0.652617,0.324466,32.56
2025-05-30,AVGO,241.22,243.17,234.9,242.07,27088600,0.443573,0.650756,0.322611,30.64
2025-06-02,AVGO,243.25,250.0,243.19,248.71,19197000,0.426095,0.637301,0.319114,28.74
2025-06-03,AVGO,250.08,257.88,249.4,256.85,30380200,0.422839,0.623258,0.314658,28.0
2025-06-04,AVGO,258.06,265.43,257.59,261.08,31536000,0.417355,0.617281,0.309509,26.7
2025-06-05,AVGO,262.95,264.89,259.06,259.93,41970900,0.415302,0.612364,0.313241,26.55
2025-06-06,AVGO,251.14,255.32,246.13,246.93,41146700,0.432306,0.611743,0.384966,30.9
2025-06-09,AVGO,245.05,248.17,241.11,244.28,25334100,0.435372,0.61114,0.39054,31.28
2025-06-10,AVGO,244.22,246.28,241.4,244.63,25491300,0.383167,0.60826,0.333974,21.67
2025-06-11,AVGO,246.36,254.77,243.8,252.91,24599000,0.380804,0.603845,0.312632,21.55
2025-06-12,AVGO,250.19,257.89,249.5,256.07,20410900,0.382649,0.602335,0.313211,21.98
2025-06-13,AVGO,250.66,254.0,248.35,248.7,19028400,0.38768,0.600477,0.335835,24.04
2025-06-16,AVGO,250.35,255.19,249.57,252.1,20363000,0.387926,0.59932,0.328317,24.46
2025-06-17,AVGO,250.95,253.96,247.92,249.37,22014300,0.375349,0.599427,0.332618,20.54
2025-06-18,AVGO,250.89,255.64,249.41,251.26,30435500,0.376116,0.598431,0.332865,20.97
2025-06-20,AVGO,253.21,253.52,244.17,249.99,42134900,0.372548,0.601026,0.331392,18.18
2025-06-23,AVGO,249.11,254.21,246.46,253.77,19747000,0.372227,0.59834,0.333566,18.09
2025-06-24,AVGO,258.77,265.87,258.77,263.77,32764900,0.374615,0.598075,0.350558,20.63
2025-06-25,AVGO,266.0,269.87,263.43,264.65,18894200,0.372625,0.597059,0.340249,18.95
2025-06-26,AVGO,265.08,271.67,264.13,270.17,23569600,0.370683,0.59203,0.34252,17.28
2025-06-27,AVGO,270.3,271.85,266.88,269.35,27477600,0.349191,0.590793,0.343541,11.46
2025-06-30,AVGO,274.73,277.71,272.13,275.65,24708400,0.346369,0.59037,0.348622,10.88
2025-07-01,AVGO,274.4,274.5,262.66,264.74,28847600,0.353173,0.569794,0.376907,12.37
2025-07-02,AVGO,263.99,272.0,262.73,269.9,17582100,0.354704,0.550477,0.366339,12.82
2025-07-03,AVGO,270.73,275.8,270.12,275.18,10592700,0.348471,0.517353,0.368018,11.73
2025-07-07,AVGO,275.13,277.56,272.66,274.18,16760600,0.34648,0.474333,0.367832,11.17
2025-07-08,AVGO,276.35,276.35,271.15,271.8,14869400,0.313555,0.440205,0.311731,0.0
2025-07-09,AVGO,272.96,279.45,272.72,277.9,20133000,0.307563,0.41675,0.311843,0.0
2025-07-10,AVGO,279.79,281.18,272.7,275.4,17891600,0.311497,0.416162,0.316259,0.5
2025-07-11,AVGO,274.14,276.47,271.89,274.38,14274700,0.301706,0.41006,0.300687,0.0
2025-07-14,AVGO,274.13,278.36,269.58,275.6,11934200,0.301035,0.410686,0.29908,0.0
2025-07-15,AVGO,279.81,283.36,277.85,280.94,17918400,0.288149,0.393793,0.27704,0.0
2025-07-16,AVGO,280.11,281.51,275.67,280.81,15031000,0.289851,0.392861,0.276492,0.49
2025-07-17,AVGO,281.14,288.28,279.91,286.45,17231100,0.288483,0.386039,0.274026,0.49
2025-07-18,AVGO,287.11,287.53,281.0,283.34,15012400,0.286067,0.385015,0.281219,0.0
2025-07-21,AVGO,283.96,290.54,283.63,288.21,17726800,0.272419,0.372274,0.28062,0.0
2025-07-22,AVGO,287.65,288.0,276.43,278.59,16564800,0.275015,0.370146,0.314156,0.48
2025-07-23,AVGO,276.78,284.0,273.0,283.69,20556200,0.278219,0.371785,0.292415,0.96
2025-07-24,AVGO,289.79,291.2,283.5,288.71,16413800,0.287649,0.37373,0.296536,1.9
2025-07-25,AVGO,288.07,292.59,287.27,290.18,12476200,0.286173,0.373702,0.290275,1.9
2025-07-28,AVGO,292.46,295.45,290.59,294.3,13683400,0.28564,0.36591,0.291469,1.42
2025-07-29,AVGO,297.5,302.19,294.87,297.42,19210800,0.282842,0.361634,0.284099,1.41
2025-07-30,AVGO,297.15,303.26,295.8,302.62,16738900,0.273754,0.35522,0.234603,0.47
2025-07-31,AVGO,302.8,306.95,290.23,293.7,25488500,0.289669,0.359045,0.262855,5.12
2025-08-01,AVGO,286.54,292.64,281.61,288.64,21428100,0.316528,0.361872,0.267102,8.33
2025-08-04,AVGO,292.2,298.48,291.4,297.72,17164600,0.318651,0.360868,0.284438,8.76
2025-08-05,AVGO,297.81,301.2,291.45,292.93,18477500,0.324443,0.358856,0.290117,11.47
2025-08-06,AVGO,292.9,302.81,291.9,301.67,17392100,0.327344,0.359561,0.297235,12.33
2025-08-07,AVGO,306.17,310.34,299.88,303.76,16319400,0.33285,0.345008,0.293248,15.45
2025-08-08,AVGO,304.05,307.87,302.55,304.97,12458700,0.332221,0.340571,0.291518,14.93
2025-08-11,AVGO,305.05,308.31,301.29,303.9,12396400,0.327872,0.340221,0.293187,13.06
2025-08-12,AVGO,306.63,313.44,304.67,312.83,17609600,0.326706,0.339721,0.301444,12.11
2025-08-13,AVGO,316.75,317.35,304.75,309.09,17371200,0.334788,0.342574,0.307156,16.96
2025-08-14,AVGO,307.01,314.17,307.0,311.23,15717600,0.335426,0.336138,0.302113,17.33
2025-08-15,AVGO,311.03,311.5,299.76,306.34,22806900,0.345769,0.337967,0.305848,21.68
2025-08-18,AVGO,302.7,306.17,299.0,305.76,14724700,0.350601,0.333577,0.302426,24.23
2025-08-19,AVGO,302.42,302.9,292.39,294.91,20149600,0.351963,0.334686,0.306035,24.56
2025-08-20,AVGO,295.46,295.49,281.87,291.17,23600500,0.36462,0.340209,0.30521,27.95
2025-08-21,AVGO,290.06,292.39,286.17,289.6,14946300,0.35444,0.338879,0.299838,25.22
2025-08-22,AVGO,291.75,300.09,289.01,294.0,16301300,0.363927,0.340999,0.304088,28.14
2025-08-25,AVGO,292.81,298.4,291.71,294.23,15124700,0.365982,0.334786,0.299925,28.88
2025-08-26,AVGO,294.35,300.25,293.99,298.01,25689100,0.361886,0.331149,0.301062,27.47
2025-08-27,AVGO,297.53,301.18,293.78,300.25,13830300,0.36378,0.331687,0.295566,28.21
2025-08-28,AVGO,302.93,311.0,302.33,308.65,18907100,0.350348,0.331851,0.289812,23.4
2025-08-29,AVGO,307.01,307.01,293.66,297.39,21610700,0.339044,0.333344,0.315193,19.07
2025-09-02,AVGO,289.34,298.71,287.17,298.24,19693000,0.355745,0.339459,0.2955,26.16
2025-09-03,AVGO,302.29,304.45,296.4,302.39,18529400,0.358807,0.331355,0.292739,27.73
2025-09-04,AVGO,305.06,308.78,302.25,306.1,31220800,0.357923,0.330149,0.277007,26.78
2025-09-05,AVGO,355.78,356.34,331.42,334.89,78401600,0.649237,0.454733,0.420831,73.33
2025-09-08,AVGO,342.75,354.17,341.25,345.65,43535600,0.657155,0.456907,0.431358,74.27
2025-09-09,AVGO,349.55,350.98,335.83,336.67,26972300,0.658333,0.4566,0.445577,74.38
2025-09-10,AVGO,351.52,372.97,350.55,369.57,51086800,0.676552,0.46321,0.539669,74.9
2025-09-11,AVGO,371.18,374.23,358.76,359.63,29430900,0.675837,0.464428,0.549907,74.59
2025-09-12,AVGO,362.91,364.39,357.16,359.87,31949800,0.672245,0.463559,0.550453,74.29
2025-09-15,AVGO,359.87,365.5,356.34,364.09,21792200,0.667696,0.463425,0.543763,73.98
2025-09-16,AVGO,365.43,365.69,356.99,360.0,21306500,0.662199,0.460873,0.547191,73.28
2025-09-17,AVGO,358.85,359.93,341.5,346.17,45197100,0.66381,0.463194,0.550555,73.79
2025-09-18,AVGO,350.0,350.7,343.79,345.35,24663900,0.651001,0.461879,0.546576,71.49
2025-09-19,AVGO,344.65,346.27,336.43,344.94,41240100,0.653651,0.463232,0.545353,71.6
2025-09-22,AVGO,342.43,346.67,337.94,338.79,28660000,0.65362,0.464074,0.552839,71.31
2025-09-23,AVGO,340.24,345.22,337.02,338.94,21944100,0.651652,0.464559,0.552891,71.03
2025-09-24,AVGO,339.76,340.08,333.81,339.31,19677300,0.651825,0.463933,0.55285,71.03
2025-09-25,AVGO,332.99,338.06,327.3,336.1,21678200,0.661426,0.466104,0.555726,73.02
2025-09-26,AVGO,337.43,339.08,330.58,334.53,15464700,0.6616,0.465328,0.550602,73.02
2025-09-29,AVGO,336.0,341.05,327.55,327.9,21336000,0.659262,0.467488,0.53678,72.22
2025-09-30,AVGO,330.12,331.05,324.61,329.91,20109500,0.640856,0.467861,0.536741,66.27
2025-10-01,AVGO,328.15,337.95,324.5,333.39,21122700,0.647213,0.470869,0.53615,67.06
2025-10-02,AVGO,347.61,347.61,335.25,338.18,19917600,0.656325,0.477735,0.536575,71.03
2025-10-03,AVGO,341.5,344.4,335.74,338.37,14749100,0.400689,0.477445,0.432739,42.06
2025-10-06,AVGO,335.92,344.13,334.56,335.49,18465700,0.395463,0.479539,0.41767,41.67
2025-10-07,AVGO,337.03,338.11,326.58,336.41,18086700,0.401941,0.48093,0.407367,42.86
2025-10-08,AVGO,333.82,346.54,332.62,345.5,21478300,0.368084,0.482306,0.238893,31.35
2025-10-09,AVGO,345.75,347.31,340.4,345.02,17643700,0.363892,0.481838,0.221594,28.57
2025-10-10,AVGO,345.39,350.6,324.05,324.63,28941000,0.386642,0.487531,0.303994,40.08
2025-10-13,AVGO,352.77,359.38,343.52,356.7,45984300,0.49115,0.516306,0.463777,53.57
2025-10-14,AVGO,350.13,350.67,339.65,344.13,22078000,0.501477,0.519513,0.478955,54.76
2025-10-15,AVGO,354.47,359.4,347.5,351.33,23918500,0.503363,0.521578,0.464686,54.76
2025-10-16,AVGO,356.8,363.24,349.49,354.15,20317200,0.510587,0.521291,0.465222,56.75
2025-10-17,AVGO,349.61,350.97,340.78,349.33,20937900,0.514884,0.522749,0.468207,56.75
2025-10-20,AVGO,353.8,356.59,347.84,349.24,15640200,0.511823,0.522823,0.463055,56.35
2025-10-21,AVGO,350.0,351.1,341.31,342.66,16092600,0.510895,0.523204,0.468774,55.95
2025-10-22,AVGO,347.3,348.01,335.51,340.3,19268800,0.5138,0.524184,0.46951,56.35
2025-10-23,AVGO,340.4,346.57,340.4,344.29,12859200,0.500547,0.523863,0.46975,51.98
2025-10-24,AVGO,352.51,358.3,350.88,354.13,16143700,0.502262,0.521481,0.478687,52.38
2025-10-27,AVGO,361.54,362.75,355.08,362.05,20065800,0.499972,0.516634,0.475347,51.19
2025-10-28,AVGO,362.62,374.06,362.53,372.97,21056000,0.500841,0.516963,0.483426,51.59
2025-10-29,AVGO,373.19,386.48,373.19,385.98,24975200,0.493518,0.516345,0.493544,49.6
2025-10-30,AVGO,386.4,386.4,370.06,376.47,24295300,0.48521,0.51768,0.505707,48.02
2025-10-31,AVGO,378.27,378.82,365.1,369.63,21598400,0.488169,0.517413,0.51249,48.02
2025-11-03,AVGO,372.0,374.85,361.98,362.55,17198900,0.481881,0.517956,0.517518,47.22
2025-11-04,AVGO,358.52,368.95,351.0,351.94,24047500,0.492453,0.52326,0.531099,48.81
2025-11-05,AVGO,350.89,364.87,350.09,358.98,17087600,0.494055,0.525419,0.527465,49.6
2025-11-06,AVGO,360.11,363.5,352.71,355.59,19896900,0.495117,0.524425,0.528919,50.4
2025-11-07,AVGO,354.19,354.5,337.27,349.43,21903200,0.495987,0.529204,0.481247,50.4
2025-11-10,AVGO,357.9,360.0,354.61,358.39,16409000,0.401854,0.527635,0.354916,35.71
2025-11-11,AVGO,358.97,361.89,349.67,351.96,16446800,0.391803,0.526576,0.336037,34.13
2025-11-12,AVGO,358.04,358.87,351.68,355.22,12190500,0.379809,0.524783,0.329571,30.95
2025-11-13,AVGO,351.58,353.55,334.16,339.98,22616600,0.389191,0.524933,0.363658,33.73
2025-11-14,AVGO,331.47,344.74,329.06,342.46,18500800,0.400981,0.530734,0.362356,35.32
2025-11-17,AVGO,339.82,352.2,337.52,342.65,14799600,0.413212,0.532855,0.362389,36.11
2025-11-18,AVGO,343.2,347.97,335.51,340.5,21726800,0.418564,0.533542,0.356745,36.9
2025-11-19,AVGO,340.71,359.69,337.8,354.42,21851900,0.428389,0.537998,0.383219,38.49
2025-11-20,AVGO,366.0,376.08,345.18,346.82,28867000,0.474214,0.548367,0.390317,44.05
2025-11-21,AVGO,345.16,348.6,331.8,340.2,30280300,0.480673,0.551932,0.381718,45.24
2025-11-24,AVGO,347.73,382.0,347.66,377.96,47262400,0.502324,0.557393,0.534788,52.38
2025-11-25,AVGO,384.93,388.13,371.75,385.03,33507600,0.516513,0.555163,0.52858,56.75
2025-11-26,AVGO,385.55,399.87,383.26,397.57,28693000,0.520116,0.555937,0.526801,57.14
2025-11-28,AVGO,399.35,403.0,397.16,402.96,13365500,0.512168,0.555614,0.518829,55.16
2025-12-01,AVGO,394.85,395.42,385.1,386.08,23252000,0.515099,0.469266,0.539278,55.95
2025-12-02,AVGO,388.31,393.5,379.79,381.57,22207000,0.516659,0.466596,0.535924,56.35
2025-12-03,AVGO,380.0,382.3,370.65,380.61,21336400,0.506476,0.467751,0.522748,51.19
2025-12-04,AVGO,380.68,383.89,376.53,381.03,15845900,0.499853,0.457323,0.519412,47.62
2025-12-05,AVGO,386.17,393.53,385.15,390.24,24779900,0.499147,0.456445,0.522287,47.22
2025-12-08,AVGO,402.48,407.29,397.4,401.1,30410600,0.491607,0.459972,0.52139,43.65
2025-12-09,AVGO,398.75,406.93,395.51,406.29,24546000,0.489689,0.460506,0.517411,42.86
2025-12-10,AVGO,402.2,414.61,399.56,412.97,31531000,0.491324,0.462539,0.510278,43.25
2025-12-11,AVGO,404.83,409.3,394.19,406.37,45681600,0.501879,0.464706,0.517343,49.21
2025-12-12,AVGO,379.96,382.0,355.15,359.93,95588500,0.561215,0.492873,0.668813,58.73
2025-12-15,AVGO,361.89,362.0,337.51,339.81,65894900,0.559563,0.494506,0.701864,58.33
2025-12-16,AVGO,336.02,347.5,335.06,341.3,58061100,0.556445,0.496364,0.702063,57.94
2025-12-17,AVGO,346.61,346.61,321.42,326.02,73300900,0.569295,0.501714,0.720382,59.13
2025-12-18,AVGO,336.0,336.03,323.63,329.88,54501900,0.571745,0.506298,0.705218,59.52
2025-12-19,AVGO,333.34,343.45,332.58,340.36,159095200,0.537019,0.503693,0.712217,57.54
2025-12-22,AVGO,346.03,346.24,337.22,341.45,28739600,0.530284,0.504404,0.709005,57.54
2025-12-23,AVGO,340.81,350.11,338.54,349.32,28232600,0.505159,0.503601,0.598774,50.0
2025-12-24,AVGO,350.69,352.86,347.14,350.22,11424400,0.488378,0.503059,0.593486,40.48
2025-12-26,AVGO,351.06,353.25,347.75,352.13,15028100,0.482863,0.500431,0.578947,39.68
2025-12-29,AVGO,348.72,350.33,344.69,349.39,21946900,0.484403,0.494366,0.574333,40.08
2025-12-30,AVGO,349.97,352.68,349.3,349.85,16633600,0.478046,0.493421,0.55915,38.89
2025-12-31,AVGO,349.73,349.88,345.42,346.1,15346100,0.471845,0.490818,0.559003,36.9
2026-01-02,AVGO,352.78,360.66,345.56,347.62,25398600,0.479248,0.491847,0.559926,39.68
2026-01-05,AVGO,354.74,355.03,336.5,343.42,31136000,0.495213,0.495023,0.560134,47.62
2026-01-06,AVGO,343.6,349.05,338.0,343.77,27135500,0.496517,0.496051,0.550181,48.41
2026-01-07,AVGO,341.7,349.7,335.88,343.5,20249300,0.490557,0.492751,0.536132,43.65
2026-01-08,AVGO,342.78,343.68,330.5,332.48,24385200,0.49025,0.461824,0.537242,43.65
2026-01-09,AVGO,337.92,347.39,333.5,344.97,22482500,0.49463,0.461494,0.555273,48.02
2026-01-12,AVGO,340.95,353.9,340.95,352.21,20949600,0.485935,0.458736,0.564363,42.06
2026-01-13,AVGO,352.88,359.49,350.91,354.61,18308000,0.395677,0.456377,0.370423,26.59
2026-01-14,AVGO,348.97,350.69,334.42,339.89,30094700,0.400743,0.458003,0.342511,27.38
2026-01-15,AVGO,349.12,349.68,341.67,343.02,22218800,0.396413,0.459859,0.343741,26.98
2026-01-16,AVGO,346.27,354.51,344.05,351.71,31291200,0.377602,0.460652,0.307954,22.62
2026-01-20,AVGO,344.1,345.4,331.8,332.6,32293900,0.372622,0.462147,0.371704,21.03
2026-01-21,AVGO,335.51,335.8,324.2,328.8,32006600,0.374017,0.463856,0.355239,21.83
2026-01-22,AVGO,335.35,336.99,324.89,325.49,24275400,0.375603,0.463562,0.355935,23.02
2026-01-23,AVGO,319.3,321.99,314.11,320.05,30259500,0.382708,0.464064,0.346426,25.4
2026-01-26,AVGO,319.8,328.68,317.6,324.85,25006400,0.38866,0.465137,0.352408,27.38
2026-01-27,AVGO,329.76,334.76,327.02,332.79,25537600,0.393087,0.465829,0.36492,28.57
2026-01-28,AVGO,338.85,339.99,326.7,333.24,23001700,0.40251,0.46697,0.364709,32.14
2026-01-29,AVGO,332.56,335.95,320.28,330.73,20447500,0.420079,0.47022,0.364881,34.13
2026-01-30,AVGO,332.44,338.2,328.33,331.3,28313000,0.42541,0.470511,0.363958,34.92
2026-02-02,AVGO,326.11,336.06,325.75,331.11,17278200,0.42177,0.467608,0.363196,34.52
2026-02-03,AVGO,336.74,338.9,308.65,320.33,36914800,0.453643,0.480406,0.377941,40.08
2026-02-04,AVGO,319.51,319.51,295.3,308.05,43330300,0.487979,0.49205,0.397898,46.43
2026-02-05,AVGO,314.34,326.53,306.7,310.51,42775800,0.506282,0.49494,0.400468,59.13
2026-02-06,AVGO,320.1,335.0,316.3,332.92,33003400,0.523657,0.500233,0.466305,65.87
2026-02-09,AVGO,330.77,352.34,330.65,343.94,30091000,0.534783,0.505614,0.462021,67.46
2026-02-10,AVGO,347.47,348.01,339.84,340.44,19542700,0.528854,0.504671,0.456475,66.67
2026-02-11,AVGO,346.8,347.2,333.74,342.76,17004700,0.538056,0.504273,0.456475,68.65
2026-02-12,AVGO,343.83,346.29,329.56,331.17,22007300,0.529721,0.500616,0.447818,67.46
2026-02-13,AVGO,329.85,334.32,324.69,325.17,18397200,0.528266,0.497797,0.449905,66.67
2026-02-17,AVGO,319.68,335.75,316.31,332.54,23469700,0.543349,0.502033,0.447868,69.84
2026-02-18,AVGO,329.52,337.88,327.23,333.51,13565300,0.53864,0.498948,0.401723,69.84
2026-02-19,AVGO,333.01,338.44,329.68,333.99,15180900,0.536819,0.485955,0.399375,69.05
2026-02-20,AVGO,332.36,340.11,329.58,332.65,17658900,0.536702,0.483513,0.39775,69.05
2026-02-23,AVGO,332.25,338.5,325.32,330.34,16472400,0.534998,0.476147,0.393359,69.05
2026-02-24,AVGO,322.54,328.31,314.45,325.49,23614400,0.548896,0.477,0.394151,71.83
2026-02-25,AVGO,330.74,335.91,329.28,332.31,20182300,0.548803,0.476364,0.391568,71.83
2026-02-26,AVGO,326.5,326.58,307.93,321.7,33025300,0.567161,0.487166,0.407976,73.81
2026-02-27,AVGO,310.7,320.0,310.0,319.55,28004200,0.570569,0.491308,0.407826,74.21
2026-03-02,AVGO,309.36,320.04,307.2,318.82,20567200,0.581456,0.496101,0.407625,75.0
2026-03-03,AVGO,313.0,315.88,307.4,313.84,20826200,0.581695,0.496613,0.410507,75.0
2026-03-04,AVGO,315.68,322.64,311.74,317.53,34895800,0.544532,0.498186,0.397051,69.84
2026-03-05,AVGO,330.18,336.12,323.03,332.77,57076600,0.537771,0.506044,0.403276,68.25
2026-03-06,AVGO,328.28,343.51,327.4,330.48,39152200,0.528069,0.508237,0.404722,63.89
2026-03-09,AVGO,327.25,348.49,323.61,345.75,40605800,0.519182,0.513688,0.357884,61.9
2026-03-10,AVGO,348.73,353.14,340.8,342.58,29531700,0.509456,0.51375,0.340703,58.33
2026-03-11,AVGO,342.59,345.81,338.22,341.57,20104100,0.507641,0.509727,0.338836,58.33
2026-03-12,AVGO,337.74,339.83,332.2,335.97,21982700,0.491541,0.485315,0.342876,49.21
2026-03-13,AVGO,337.68,338.32,321.43,322.16,34725000,0.49025,0.483177,0.353551,47.62
2026-03-16,AVGO,326.02,329.2,320.06,324.92,31363100,0.493974,0.48176,0.349333,51.19
2026-03-17,AVGO,325.76,327.44,317.25,321.31,38026500,0.484726,0.476394,0.340947,45.24
2026-03-18,AVGO,320.43,325.44,315.55,315.93,25460600,0.48498,0.471744,0.344604,45.63
2026-03-19,AVGO,312.47,323.27,308.51,319.84,23524800,0.491629,0.473954,0.348473,51.19
2026-03-20,AVGO,320.12,321.51,309.92,310.51,43325900,0.489794,0.472807,0.361857,48.41
2026-03-23,AVGO,318.0,326.48,314.93,322.51,27369200,0.49764,0.475968,0.390038,55.95
2026-03-24,AVGO,320.0,324.4,314.84,318.29,19799000,0.485366,0.477398,0.389331,46.43
2026-03-25,AVGO,322.59,324.3,316.72,318.81,19900000,0.484469,0.478409,0.380923,45.24
2026-03-26,AVGO,314.02,316.92,309.17,309.42,20343700,0.456587,0.479365,0.378322,40.48
2026-03-27,AVGO,307.06,307.5,298.87,300.68,23593900,0.440998,0.480364,0.38983,37.3
2026-03-30,AVGO,300.87,304.77,289.96,293.41,28054500,0.4304,0.483977,0.397147,36.51
2026-03-31,AVGO,299.39,310.31,296.34,309.51,29289500,0.433629,0.483415,0.443546,37.3
2026-04-01,AVGO,313.37,315.79,310.48,313.49,19171000,0.429293,0.478165,0.443966,36.51
2026-04-02,AVGO,304.49,314.69,301.75,314.55,14021100,0.418276,0.482283,0.407572,33.73
2026-04-06,AVGO,315.06,316.4,310.28,314.43,12111300,0.394462,0.479965,0.407362,28.97
2026-04-07,AVGO,326.73,334.15,321.8,333.97,33310900,0.399494,0.487071,0.433519,30.56
2026-04-08,AVGO,351.75,354.14,342.53,350.63,31573100,0.437722,0.497143,0.467636,39.68
2026-04-09,AVGO,352.3,358.7,351.5,354.91,20514900,0.437237,0.495891,0.46894,39.68
2026-04-10,AVGO,360.94,376.55,360.82,371.55,29958100,0.440624,0.498353,0.48824,40.48
2026-04-13,AVGO,369.66,380.86,369.48,379.75,24115800,0.438045,0.494536,0.458382,40.48
2026-04-14,AVGO,377.9,382.28,376.32,380.78,24423000,0.435244,0.491817,0.458796,39.29
2026-04-15,AVGO,389.88,397.08,385.57,396.72,29559300,0.438488,0.493691,0.467288,41.27
2026-04-16,AVGO,395.0,399.68,392.35,398.47,18872900,0.43402,0.490364,0.456706,39.29
2026-04-17,AVGO,400.9,406.73,399.81,406.54,20581700,0.418864,0.48841,0.45769,35.32
2026-04-20,AVGO,405.7,406.42,395.9,399.63,16922000,0.418263,0.486763,0.444619,34.52
2026-04-21,AVGO,399.41,403.6,394.57,402.17,16275500,0.4102,0.484522,0.434807,33.33
2026-04-22,AVGO,406.98,423.2,404.86,422.65,23702500,0.407329,0.484844,0.445489,33.33
2026-04-23,AVGO,422.39,429.31,417.8,419.94,19501600,0.409534,0.484822,0.449404,33.73
2026-04-24,AVGO,424.98,425.0,408.86,422.76,22491100,0.415552,0.485795,0.420055,35.32
2026-04-27,AVGO,420.48,422.75,414.63,418.2,17451600,0.412812,0.481539,0.399418,34.52
2026-04-28,AVGO,400.31,405.81,394.65,399.83,25519200,0.441949,0.490144,0.43246,45.63
2026-04-29,AVGO,403.5,405.64,396.78,405.45,15962500,0.435437,0.488684,0.40856,43.25
2026-04-30,AVGO,415.52,418.38,404.23,417.43,21821600,0.449501,0.478225,0.412278,48.41
2026-05-01,AVGO,415.09,423.17,413.28,421.28,11882600,0.429201,0.465388,0.410747,40.48
2026-05-04,AVGO,418.22,423.83,409.53,416.5,15140400,0.436245,0.457586,0.417889,44.05
2026-05-05,AVGO,421.66,433.39,419.35,427.36,21175200,0.418576,0.451709,0.383796,37.7
2026-05-06,AVGO,435.56,437.68,417.78,425.44,20707000,0.38916,0.45,0.362843,27.78
2026-05-07,AVGO,421.82,426.49,406.3,412.56,22791700,0.402974,0.45354,0.389892,33.73
2026-05-08,AVGO,419.8,435.0,414.0,430.0,22561400,0.407613,0.453134,0.384417,34.52
2026-05-11,AVGO,427.62,433.65,425.05,428.43,16825500,0.408134,0.450952,0.382285,34.92
2026-05-12,AVGO,423.43,429.34,408.41,419.3,19004300,0.426149,0.454981,0.394573,42.06
2026-05-13,AVGO,415.81,418.63,404.8,416.79,16981200,0.425392,0.452265,0.372026,41.27
2026-05-14,AVGO,416.73,442.36,415.59,439.79,19733800,0.435048,0.45365,0.414215,45.63
2026-05-15,AVGO,432.81,432.81,419.8,425.19,18957100,0.443293,0.455428,0.431835,50.4
2026-05-18,AVGO,421.41,422.01,414.37,420.71,17863300,0.443666,0.454425,0.428548,51.19
2026-05-19,AVGO,409.82,417.95,405.86,411.07,20652100,0.454861,0.456379,0.437815,54.76
2026-05-20,AVGO,412.81,424.17,411.42,417.76,16312600,0.452464,0.451462,0.403294,54.37
2026-05-21,AVGO,413.55,422.25,410.5,414.57,16865300,0.453563,0.451823,0.403554,54.76
2026-05-22,AVGO,417.49,419.99,410.21,414.14,14086400,0.439178,0.441012,0.402622,49.21
2026-05-26,AVGO,418.5,435.31,417.0,422.01,22562900,0.454817,0.439558,0.406782,55.16
2026-05-27,AVGO,425.07,432.8,416.49,421.86,17601000,0.433041,0.434963,0.369943,44.84
2026-05-28,AVGO,421.14,429.68,414.01,426.58,17855600,0.435604,0.433948,0.368933,47.62
2026-05-29,AVGO,432.95,448.9,431.47,446.77,41798400,0.423473,0.43402,0.389718,41.27
2026-06-01,AVGO,450.09,466.05,442.22,459.97,30586000,0.436844,0.428992,0.399934,48.81
2026-06-02,AVGO,488.79,488.82,470.46,481.57,38306700,0.490244,0.440929,0.421066,63.49
2026-06-03,AVGO,494.78,495.0,472.64,479.23,50126400,0.500436,0.439266,0.417248,71.83
2026-06-04,AVGO,408.99,426.48,403.01,418.91,80979400,0.761848,0.553463,0.649917,99.6
2026-06-05,AVGO,407.61,410.5,385.59,385.73,51146100,0.765878,0.558978,0.705216,99.6
2026-06-08,AVGO,402.62,402.84,391.35,396.6,37099000,0.77722,0.565606,0.695342,99.6
2026-06-09,AVGO,401.61,407.87,370.33,392.16,37026900,0.814501,0.580939,0.695809,99.6
2026-06-10,AVGO,381.5,385.81,371.17,372.1,38193500,0.813709,0.58413,0.714348,99.21
2026-06-11,AVGO,372.82,389.5,370.55,385.57,35187600,0.814364,0.585307,0.7294,99.21
2026-06-12,AVGO,383.72,384.98,377.0,382.07,27600900,0.809172,0.584589,0.69696,98.41
2026-06-15,AVGO,395.51,396.2,388.6,393.94,32394200,0.818094,0.586124,0.70165,99.6
2026-06-16,AVGO,390.21,391.79,376.46,376.71,31573700,0.818821,0.586645,0.716327,99.6
2026-06-17,AVGO,388.71,400.65,382.65,392.9,40005500,0.825338,0.589421,0.732271,99.6
2026-06-18,AVGO,409.58,412.7,405.38,411.35,45076100,0.835677,0.593918,0.749594,99.6
2026-06-22,AVGO,413.66,414.64,391.91,392.13,26403700,0.83487,0.594832,0.767844,99.21
2026-06-23,AVGO,377.87,391.02,376.66,380.15,33122200,0.852069,0.601406,0.774293,99.6
2026-06-24,AVGO,386.62,388.74,376.96,382.07,29938700,0.847764,0.602393,0.770373,99.21
2026-06-25,AVGO,386.58,388.8,372.7,378.91,23353700,0.848656,0.602045,0.770258,99.21
2026-06-26,AVGO,370.45,373.69,363.83,365.02,34839300,0.850198,0.601852,0.775688,99.21
2026-06-29,AVGO,373.62,376.21,360.46,372.45,24285200,0.856795,0.606359,0.756882,99.6
2026-06-30,AVGO,374.79,379.62,370.64,377.75,28517400,0.850357,0.602106,0.74867,98.81
2026-07-01,AVGO,371.87,373.75,368.03,369.34,23712600,0.81721,0.602891,0.719951,95.24
2026-07-02,AVGO,365.73,374.0,356.43,360.45,26749500,0.812658,0.600116,0.720261,93.65
2026-07-06,AVGO,373.61,383.16,371.18,373.9,24544000,0.576114,0.595174,0.584626,82.94
2026-07-07,AVGO,366.56,372.96,362.01,370.78,24116700,0.567794,0.597279,0.509841,81.35
2026-07-08,AVGO,377.52,395.09,376.89,388.69,31624100,0.558993,0.598081,0.529128,79.76
2026-07-09,AVGO,402.19,407.52,387.93,401.11,28074000,0.529737,0.60537,0.539767,73.81
2026-07-10,AVGO,398.5,402.44,395.7,399.97,14595900,0.513069,0.605552,0.501764,68.65
2026-07-13,AVGO,393.48,395.75,383.42,384.05,21294500,0.512548,0.604588,0.510221,68.25
2026-07-14,AVGO,395.72,397.33,384.64,389.11,20118700,0.519549,0.608301,0.511159,71.03
2026-07-15,AVGO,396.09,399.0,386.74,394.28,16324100,0.514482,0.610505,0.501398,68.65
2026-07-16,AVGO,384.54,386.74,371.9,374.45,23407200,0.525479,0.613553,0.510065,71.83
2026-07-17,AVGO,366.05,377.35,357.8,370.83,23272200,0.529504,0.618697,0.485532,73.02
2026-07-20,AVGO,378.76,383.59,375.96,378.16,14420500,0.515016,0.61875,0.458711,68.25
2026-07-21,AVGO,390.21,390.58,379.22,386.5,17291100,0.525263,0.622293,0.436936,71.03
2026-07-22,AVGO,380.2,398.59,380.0,396.81,16966200,0.50456,0.620907,0.431573,61.9
2026-07-23,AVGO,392.19,397.61,386.82,392.47,16348700,0.50475,0.621896,0.433894,61.9
2026-07-24,AVGO,387.68,389.27,378.75,381.92,15149400,0.501068,0.615314,0.444561,59.13
2026-07-27,AVGO,389.82,389.9,373.5,383.22,18502100,0.505609,0.618589,0.421616,62.3
2026-07-28,AVGO,374.36,385.8,371.52,380.91,20328400,0.502695,0.618014,0.417246,60.32
2026-07-29,AVGO,380.64,386.12,369.51,370.32,21374400,0.507706,0.619463,0.426689,63.49
2026-07-30,AVGO,380.35,388.68,377.54,387.84,23639800,0.513419,0.620725,0.449842,66.27
2026-07-31,AVGO,394.83,399.92,379.71,389.28,20391000,0.515397,0.623572,0.438548,68.25
2026-08-03,AVGO,384.41,392.61,374.61,392.23,17315100,0.511974,0.6241,0.42153,64.29
2026-08-04,AVGO,402.97,422.07,400.68,418.16,29564200,0.516943,0.625802,0.472268,69.05
2026-08-05,AVGO,421.7,427.0,416.89,418.28,16880400,0.508151,0.62295,0.446704,61.9
2026-08-06,AVGO,420.55,428.03,410.76,420.57,13907500,0.489854,0.624694,0.434625,45.63
2026-08-07,AVGO,428.4,430.84,421.61,427.76,14698300,0.492946,0.622062,0.437149,49.6
2026-08-10,AVGO,426.99,432.73,420.16,422.4,13854100,0.488863,0.620592,0.410258,44.05
2026-08-11,AVGO,426.07,426.76,413.23,416.08,12882700,0.478867,0.61862,0.414829,38.1
2026-08-12,AVGO,426.26,426.5,414.61,416.05,15859200,0.477926,0.618297,0.413322,37.3
2026-08-13,AVGO,415.81,424.92,411.41,417.82,13180500,0.465959,0.618658,0.360149,36.11
2026-08-14,AVGO,411.96,412.5,388.5,392.99,29513600,0.45667,0.61844,0.428918,35.71
2026-08-17,AVGO,397.26,399.36,391.31,392.43,20042600,0.452623,0.617565,0.424547,33.33
2026-08-18,AVGO,384.32,385.78,377.01,380.0,22878200,0.446575,0.618252,0.434037,32.14
2026-08-19,AVGO,372.4,373.91,357.61,362.48,35091400,0.450449,0.621532,0.451118,32.54
2026-08-20,AVGO,364.39,367.12,362.25,364.03,19729800,0.443836,0.617865,0.451467,31.35
2026-08-21,AVGO,370.69,375.13,365.05,368.45,19000300,0.443662,0.617533,0.445875,30.56
2024-08-22,MU,108.95,111.0,103.96,104.26,17967000,,,,
2024-08-23,MU,103.04,104.41,100.31,102.85,25465100,,,,
2024-08-26,MU,100.67,102.19,97.61,98.91,26752300,,,,
2024-08-27,MU,97.09,98.49,96.67,97.86,17234600,,,,
2024-08-28,MU,97.36,97.68,92.7,94.86,25564300,,,,
2024-08-29,MU,96.56,97.98,94.99,95.57,18984300,,,,
2024-08-30,MU,96.92,98.41,94.99,96.24,18819400,,,,
2024-09-03,MU,93.63,93.88,88.31,88.58,28897200,,,,
2024-09-04,MU,88.36,90.73,87.81,89.29,16356500,,,,
2024-09-05,MU,88.1,90.7,87.76,89.39,13890700,,,,
2024-09-06,MU,89.37,89.65,85.26,86.38,23587100,,,,
2024-09-09,MU,87.85,87.96,85.01,86.27,20526400,,,,
2024-09-10,MU,86.97,87.19,84.87,86.85,17019000,,,,
2024-09-11,MU,88.2,90.83,86.08,90.65,20879600,,,,
2024-09-12,MU,87.1,88.03,84.12,87.21,30900000,,,,
2024-09-13,MU,88.09,91.47,87.87,91.22,21267200,,,,
2024-09-16,MU,87.24,88.24,85.92,87.18,26494300,,,,
2024-09-17,MU,88.06,89.57,87.54,88.73,17744800,,,,
2024-09-18,MU,87.99,89.2,86.71,87.35,20130600,,,,
2024-09-19,MU,89.35,90.39,87.58,89.25,25208900,,,,
2024-09-20,MU,88.4,90.97,88.33,90.9,28711000,0.488178,,0.500418,
2024-09-23,MU,92.68,94.8,92.58,93.57,23394100,0.488475,,0.515379,
2024-09-24,MU,94.73,95.0,92.76,94.0,23043200,0.479107,,0.499868,
2024-09-25,MU,94.16,96.18,93.93,95.77,54762900,0.47512,,0.504364,
2024-09-26,MU,113.1,114.8,107.53,109.88,107965900,0.761174,,0.691406,
2024-09-27,MU,110.5,110.97,107.03,107.5,42960200,0.759799,,0.699154,
2024-09-30,MU,106.08,106.75,102.26,103.71,39544700,0.764166,,0.714651,
2024-10-01,MU,103.4,104.2,98.94,100.31,34309800,0.756183,,0.65397,
2024-10-02,MU,100.59,102.12,99.33,99.85,26334900,0.754443,,0.655043,
2024-10-03,MU,99.47,102.53,99.4,101.82,22176700,0.750131,,0.656637,
2024-10-04,MU,103.65,104.24,101.4,102.25,21911200,0.7458,,0.638923,
2024-10-07,MU,102.16,104.59,100.81,102.91,21749300,0.746823,,0.637955,
2024-10-08,MU,102.18,102.94,101.26,102.54,18858300,0.745743,,0.639455,
2024-10-09,MU,102.25,102.29,100.32,101.7,18442700,0.73742,,0.628485,
2024-10-10,MU,101.37,106.58,100.85,105.69,27605600,0.71482,,0.615681,
2024-10-11,MU,105.04,107.65,104.99,106.92,19133900,0.715402,,0.601502,
2024-10-14,MU,107.81,108.71,106.8,108.34,15021900,0.686613,,0.567722,
2024-10-15,MU,107.86,109.49,102.71,104.32,23419100,0.69972,,0.592529,
2024-10-16,MU,106.02,109.63,105.61,109.24,20450900,0.696787,,0.600176,
2024-10-17,MU,111.34,114.14,111.01,112.05,26584800,0.695848,,0.601219,
2024-10-18,MU,111.75,112.9,109.86,111.15,16700400,0.695048,,0.604463,
2024-10-21,MU,111.1,111.14,107.69,109.08,14829400,0.696449,,0.608418,
2024-10-22,MU,108.24,108.52,106.37,107.82,13758100,0.698762,,0.612214,
2024-10-23,MU,106.56,107.1,103.54,105.05,15174700,0.704816,,0.621272,
2024-10-24,MU,106.78,107.53,105.55,106.85,13206300,0.365942,,0.380034,
2024-10-25,MU,108.34,109.88,107.72,107.91,12265000,0.366705,,0.373989,
2024-10-28,MU,106.78,108.18,106.32,106.39,12381000,0.356984,,0.353593,
2024-10-29,MU,106.59,108.75,105.6,108.18,15164600,0.345745,,0.332614,
2024-10-30,MU,106.26,106.8,103.64,104.08,14321800,0.351142,,0.364408,
2024-10-31,MU,102.2,102.49,99.07,99.65,19830300,0.358062,,0.39199,
2024-11-01,MU,100.0,100.61,99.37,99.73,13623400,0.348386,,0.391566,
2024-11-04,MU,101.5,103.79,101.0,101.73,15765800,0.351623,,0.397906,
2024-11-05,MU,102.0,105.62,101.79,105.49,12071900,0.353176,,0.418548,
2024-11-06,MU,108.38,112.32,107.0,111.83,20304500,0.373778,,0.462621,
2024-11-07,MU,112.56,113.86,111.37,113.41,13569800,0.363362,,0.446844,
2024-11-08,MU,112.14,114.3,110.57,111.9,13045700,0.370568,,0.449665,
2024-11-11,MU,110.95,111.51,106.77,108.65,14479700,0.381925,,0.461282,
2024-11-12,MU,105.0,105.09,102.07,104.1,21859700,0.387162,,0.467005,
2024-11-13,MU,102.8,103.34,99.82,99.92,18416200,0.383446,,0.454897,
2024-11-14,MU,101.29,102.29,98.56,99.18,18459700,0.380389,,0.441034,
2024-11-15,MU,97.55,98.2,95.64,96.34,18518300,0.382974,0.543318,0.448502,
2024-11-18,MU,96.55,98.07,95.53,97.51,14236400,0.381836,0.540839,0.451246,
2024-11-19,MU,97.0,98.18,96.51,97.73,14160300,0.379829,0.536217,0.451481,
2024-11-20,MU,97.98,98.53,96.53,98.37,10490600,0.374925,0.534962,0.446044,
2024-11-21,MU,100.1,103.29,98.06,102.76,18915200,0.390738,0.535396,0.471447,
2024-11-22,MU,102.36,103.71,101.65,102.64,12063700,0.385787,0.533717,0.469399,
2024-11-25,MU,103.85,106.4,103.81,104.48,22837900,0.390676,0.532993,0.472544,
2024-11-26,MU,104.0,104.72,100.31,101.8,19275700,0.396607,0.529437,0.475741,
2024-11-27,MU,100.94,101.04,96.64,98.2,17046400,0.400192,0.530844,0.473213,
2024-11-29,MU,97.24,98.2,96.1,97.95,13729400,0.395128,0.529503,0.448298,
2024-12-02,MU,97.6,100.09,97.53,98.55,16525600,0.399567,0.527914,0.448954,
2024-12-03,MU,101.12,103.68,99.63,99.84,23479700,0.412438,0.530743,0.445459,
2024-12-04,MU,100.77,103.41,99.8,103.2,16306200,0.415885,0.530461,0.44205,
2024-12-05,MU,103.88,104.25,100.61,100.87,13448900,0.396303,0.526103,0.387828,
2024-12-06,MU,100.88,102.19,100.03,101.17,12381000,0.39493,0.514692,0.382521,
2024-12-09,MU,100.65,104.5,100.37,102.82,14141900,0.396369,0.515983,0.388987,
2024-12-10,MU,104.96,105.0,97.27,98.1,23548500,0.409399,0.511241,0.408544,
2024-12-11,MU,99.5,102.66,98.3,102.06,15248400,0.394065,0.513308,0.41239,
2024-12-12,MU,101.4,101.98,97.76,98.24,19334900,0.394496,0.513626,0.408852,
2024-12-13,MU,100.77,103.2,99.67,102.5,23926000,0.400971,0.514108,0.435658,53.33
2024-12-16,MU,105.61,111.13,104.54,108.26,42741200,0.423661,0.521539,0.458196,59.02
2024-12-17,MU,109.75,110.49,107.68,108.6,35811500,0.423878,0.520852,0.45768,59.68
2024-12-18,MU,110.25,112.04,102.73,103.9,63024300,0.452564,0.52875,0.490483,60.32
2024-12-19,MU,90.08,91.0,84.61,87.09,91396800,0.7159,0.61562,0.8036,82.81
2024-12-20,MU,85.41,90.25,83.54,90.12,49578400,0.724106,0.515266,0.796502,83.08
2024-12-23,MU,90.0,91.1,88.4,89.72,26041500,0.725837,0.515344,0.796293,83.33
2024-12-24,MU,89.58,89.7,88.23,89.28,13021300,0.722063,0.512643,0.791092,80.6
2024-12-26,MU,88.5,90.63,88.1,89.82,14468200,0.719335,0.510455,0.789525,79.41
2024-12-27,MU,89.0,89.49,87.58,88.63,19422600,0.715031,0.510113,0.782265,75.36
2024-12-30,MU,86.99,87.05,84.58,85.31,22022900,0.717169,0.511311,0.790884,78.57
2024-12-31,MU,85.44,86.4,84.09,84.16,18691500,0.716507,0.509894,0.789673,77.46
2025-01-02,MU,84.98,87.65,84.74,87.33,18860000,0.705595,0.509244,0.802564,70.83
2025-01-03,MU,87.95,90.2,87.51,89.87,17484600,0.703804,0.509969,0.7998,68.49
2025-01-06,MU,95.57,101.52,95.48,99.26,42903300,0.749973,0.530487,0.881059,90.54
2025-01-07,MU,103.41,106.74,101.16,101.91,53570000,0.774585,0.539303,0.88628,98.67
2025-01-08,MU,102.82,103.48,98.3,99.41,33516900,0.775744,0.541659,0.888529,98.68
2025-01-10,MU,98.12,100.78,96.87,99.34,20512600,0.769545,0.544108,0.872268,96.1
2025-01-13,MU,95.84,96.0,92.88,95.06,22699100,0.778067,0.546202,0.873247,98.72
2025-01-14,MU,97.05,97.41,95.38,97.36,18613400,0.780686,0.546652,0.868409,98.73
2025-01-15,MU,99.44,103.93,99.35,103.19,27568100,0.779327,0.547337,0.880407,97.5
2025-01-16,MU,104.32,104.8,101.87,102.6,16243800,0.761786,0.54754,0.856753,90.12
2025-01-17,MU,104.64,105.88,102.5,105.75,18908900,0.766437,0.549694,0.864562,91.46
2025-01-21,MU,105.43,110.24,105.23,109.38,23533600,0.74918,0.550812,0.857514,80.72
2025-01-22,MU,109.17,110.67,107.76,109.23,20004300,0.513933,0.549588,0.538485,51.19
2025-01-23,MU,104.79,106.18,103.35,104.84,22677600,0.51467,0.556075,0.561798,51.76
2025-01-24,MU,105.5,105.72,102.72,103.19,19743800,0.51263,0.555441,0.566477,50.0
2025-01-27,MU,94.86,96.1,88.36,91.11,50696200,0.626723,0.590251,0.734081,52.87
2025-01-28,MU,92.61,93.45,88.04,88.25,34793600,0.634535,0.593212,0.742934,53.41
2025-01-29,MU,89.88,90.45,87.76,89.01,25342800,0.637999,0.593903,0.742132,53.93
2025-01-30,MU,90.66,93.16,90.3,92.5,22497100,0.63588,0.593987,0.739403,53.33
2025-01-31,MU,91.65,94.27,91.14,91.24,20492100,0.642548,0.596836,0.739448,54.95
2025-02-03,MU,88.65,91.4,88.02,89.92,18607900,0.655122,0.599201,0.731593,55.43
2025-02-04,MU,89.05,91.45,88.8,90.66,12827500,0.656296,0.59952,0.725075,55.91
2025-02-05,MU,90.39,93.65,90.22,93.6,15660000,0.603888,0.594901,0.637196,48.94
2025-02-06,MU,94.88,96.61,93.58,94.54,16141100,0.574751,0.596327,0.629829,48.42
2025-02-07,MU,95.59,95.93,91.59,92.3,15602800,0.572794,0.59673,0.629455,47.92
2025-02-10,MU,93.19,96.26,93.17,95.93,16217900,0.569011,0.59514,0.647137,47.42
2025-02-11,MU,94.25,95.84,93.56,94.08,12124000,0.554491,0.591444,0.631529,46.94
2025-02-12,MU,89.6,92.64,87.35,91.68,22874700,0.584079,0.60325,0.630698,50.51
2025-02-13,MU,92.06,96.07,92.02,95.66,16579900,0.575747,0.60228,0.61275,50.0
2025-02-14,MU,98.41,100.7,98.0,99.52,21284500,0.585916,0.604552,0.631643,51.49
2025-02-18,MU,102.64,107.88,102.05,106.79,29641900,0.596345,0.609986,0.673297,51.96
2025-02-19,MU,105.76,107.19,103.62,104.36,17875900,0.596104,0.611444,0.666219,51.46
2025-02-20,MU,103.98,104.85,102.34,103.18,14488000,0.595343,0.61142,0.66697,50.96
2025-02-21,MU,103.64,103.66,97.75,98.84,18650800,0.58651,0.609833,0.668486,50.48
2025-02-24,MU,100.22,100.7,95.28,95.41,14883700,0.593008,0.612002,0.676985,50.94
2025-02-25,MU,95.5,95.93,92.76,93.22,18608200,0.477568,0.611243,0.513411,37.38
2025-02-26,MU,96.0,99.72,95.5,97.71,21335200,0.483795,0.614624,0.522418,38.89
2025-02-27,MU,97.84,99.89,91.49,91.82,22386300,0.504896,0.619607,0.573978,41.28
2025-02-28,MU,91.0,94.46,89.87,93.63,23359100,0.508963,0.621668,0.561631,41.82
2025-03-03,MU,95.81,96.2,89.39,90.54,20281800,0.52134,0.626815,0.572652,45.05
2025-03-04,MU,90.2,93.59,86.8,91.2,23611500,0.531934,0.630174,0.570719,45.54
2025-03-05,MU,92.15,95.05,90.43,94.34,14010300,0.538172,0.632097,0.582331,46.02
2025-03-06,MU,90.93,93.29,89.03,89.27,18708100,0.565804,0.639112,0.604677,47.37
2025-03-07,MU,90.29,93.34,89.49,92.96,19133900,0.566532,0.640692,0.622389,47.83
2025-03-10,MU,89.59,91.37,85.76,87.08,21897900,0.592266,0.647768,0.659023,54.31
2025-03-11,MU,87.9,91.1,86.07,89.05,21962100,0.603828,0.647034,0.647911,58.12
2025-03-12,MU,92.47,96.99,92.24,95.64,23584700,0.619746,0.651698,0.697032,59.32
2025-03-13,MU,94.25,98.12,94.0,94.88,18824700,0.590589,0.654516,0.690826,52.94
2025-03-14,MU,98.75,102.78,98.75,100.79,24623600,0.607264,0.658562,0.707593,59.17
2025-03-17,MU,101.06,104.45,100.96,103.11,17095100,0.603254,0.652084,0.698411,57.02
2025-03-18,MU,101.9,103.31,100.29,101.72,18434100,0.592038,0.652172,0.65081,52.46
2025-03-19,MU,100.82,103.6,100.49,102.06,16633100,0.591721,0.645532,0.646462,52.03
2025-03-20,MU,101.58,104.69,101.35,103.0,29204400,0.594745,0.568611,0.646251,54.84
2025-03-21,MU,98.2,98.5,93.7,94.72,63239600,0.619596,0.571545,0.696489,60.8
2025-03-24,MU,96.1,98.42,95.33,96.94,35406600,0.617934,0.572434,0.690438,60.32
2025-03-25,MU,96.18,96.38,93.25,94.18,22191700,0.619111,0.573452,0.693337,60.63
2025-03-26,MU,96.0,96.64,90.97,92.13,27107200,0.616536,0.577342,0.674956,59.38
2025-03-27,MU,91.09,92.21,89.61,91.16,15658700,0.597667,0.578064,0.638781,55.81
2025-03-28,MU,90.47,90.89,87.6,88.44,17118000,0.593224,0.577533,0.642678,52.31
2025-03-31,MU,86.0,87.09,84.1,86.89,21089500,0.584928,0.581937,0.635042,46.56
2025-04-01,MU,88.53,88.89,86.25,88.71,15337100,0.570445,0.58411,0.639447,43.18
2025-04-02,MU,87.13,89.93,86.7,88.6,14520400,0.566029,0.58619,0.625788,41.35
2025-04-03,MU,82.92,83.35,74.21,74.34,44839500,0.611135,0.591035,0.860214,60.45
2025-04-04,MU,70.65,71.34,63.86,64.72,50737700,0.651182,0.598223,0.952984,68.15
2025-04-07,MU,63.94,72.46,61.54,68.37,50181800,0.726273,0.630796,0.96934,84.56
2025-04-08,MU,71.6,72.97,63.52,65.54,40822100,0.786405,0.656066,0.966009,99.27
2025-04-09,MU,66.2,78.56,63.7,77.87,63132600,0.859071,0.688123,1.137532,99.28
2025-04-10,MU,72.5,73.05,67.5,70.05,44882300,0.899433,0.708091,1.18687,99.28
2025-04-11,MU,69.04,70.17,66.83,69.55,30807800,0.883566,0.70872,1.153553,98.57
2025-04-14,MU,74.67,74.78,69.97,71.02,32634700,0.935644,0.727462,1.152696,99.29
2025-04-15,MU,71.12,72.8,70.55,71.04,19132700,0.937411,0.725827,1.154552,99.3
2025-04-16,MU,67.93,70.45,67.17,69.33,28475000,0.949421,0.731604,1.151963,99.3
2025-04-17,MU,70.44,70.48,67.0,68.8,20694100,0.958049,0.735307,1.14798,99.31
2025-04-21,MU,67.76,68.0,65.65,66.74,19826100,0.946752,0.732097,1.124125,97.93
2025-04-22,MU,67.54,70.4,67.44,70.21,20351200,0.946079,0.733113,1.141442,97.26
2025-04-23,MU,73.69,75.4,72.5,72.93,26385500,0.969456,0.715221,1.156132,99.32
2025-04-24,MU,74.57,77.59,73.6,77.42,23875600,0.969755,0.71597,1.183577,99.32
2025-04-25,MU,77.55,80.3,76.9,79.78,19746200,0.971254,0.715452,1.191471,99.33
2025-04-28,MU,78.77,79.61,76.92,78.56,16882400,0.972432,0.715362,1.188725,99.33
2025-04-29,MU,77.94,78.19,76.47,76.88,17098000,0.96516,0.71343,1.189323,96.69
2025-04-30,MU,73.62,77.15,73.5,76.95,19779300,0.970427,0.716034,1.185463,98.03
2025-05-01,MU,79.4,79.89,77.64,77.77,15349200,0.976344,0.718863,1.186985,99.35
2025-05-02,MU,79.58,81.67,79.1,80.72,18899700,0.938277,0.720953,1.012752,92.21
2025-05-05,MU,79.41,81.15,79.05,80.42,12513600,0.900101,0.720449,0.862761,90.32
2025-05-06,MU,79.04,81.22,78.54,80.51,13173800,0.829427,0.720205,0.847359,87.82
2025-05-07,MU,80.99,82.87,80.2,82.62,14889700,0.764921,0.720412,0.827852,82.17
2025-05-08,MU,84.25,86.21,83.36,85.15,17580500,0.670845,0.721406,0.57755,60.13
2025-05-09,MU,85.57,86.27,84.68,85.86,13017600,0.587231,0.710895,0.404671,41.51
2025-05-12,MU,92.81,94.2,91.95,92.29,27765300,0.628152,0.728393,0.454583,55.62
2025-05-13,MU,92.55,97.41,92.55,96.93,28009100,0.573346,0.726839,0.470824,37.27
2025-05-14,MU,96.3,97.65,94.32,95.32,28044400,0.574555,0.722992,0.481901,37.65
2025-05-15,MU,94.01,95.61,92.17,95.45,24196100,0.546566,0.723868,0.462502,32.52
2025-05-16,MU,95.9,98.19,95.7,98.0,22609300,0.531164,0.723681,0.45513,31.1
2025-05-19,MU,95.71,99.02,95.7,98.65,14380100,0.530988,0.723354,0.420943,30.91
2025-05-20,MU,97.92,98.63,96.97,98.1,12331300,0.53125,0.721358,0.413038,31.93
2025-05-21,MU,97.16,98.82,95.26,95.84,15764300,0.505223,0.722299,0.428198,27.54
2025-05-22,MU,95.41,97.22,94.37,94.83,13245200,0.496458,0.718506,0.39963,26.79
2025-05-23,MU,92.26,93.84,90.93,93.37,16545000,0.504816,0.71484,0.402263,27.22
2025-05-27,MU,95.18,96.7,94.19,96.38,17612600,0.503724,0.714388,0.400887,27.06
2025-05-28,MU,96.7,97.21,95.6,96.18,10500300,0.501867,0.708591,0.386029,26.9
2025-05-29,MU,98.59,99.63,96.11,96.8,14628700,0.481747,0.704829,0.384573,24.42
2025-05-30,MU,96.04,96.61,92.22,94.46,23758200,0.482688,0.704662,0.405225,24.86
2025-06-02,MU,94.58,99.24,94.4,98.18,16850300,0.480096,0.699716,0.406509,24.14
2025-06-03,MU,98.36,102.93,96.96,102.25,22757600,0.486025,0.701034,0.417287,26.29
2025-06-04,MU,102.38,103.91,101.7,103.25,14595900,0.478049,0.693011,0.415421,23.3
2025-06-05,MU,106.3,109.03,105.53,106.29,28833700,0.49037,0.693221,0.416919,28.25
2025-06-06,MU,108.08,111.05,108.04,108.56,20710100,0.490505,0.688838,0.413087,28.65
2025-06-09,MU,109.51,112.53,108.58,110.95,20159700,0.494996,0.686412,0.414192,29.05
2025-06-10,MU,111.53,114.92,111.23,114.14,22949400,0.411728,0.680072,0.355921,18.89
2025-06-11,MU,115.6,117.26,114.73,116.03,21614100,0.410499,0.679917,0.326854,18.78
2025-06-12,MU,114.11,116.48,113.52,116.18,17076500,0.40907,0.67972,0.31403,18.13
2025-06-13,MU,113.8,117.1,113.66,115.6,17453000,0.408707,0.6806,0.317123,18.03
2025-06-16,MU,117.81,120.96,117.32,119.84,21374100,0.416628,0.681302,0.325641,21.74
2025-06-17,MU,119.6,123.51,119.35,120.34,20837700,0.414902,0.674106,0.326101,21.08
2025-06-18,MU,120.46,122.98,120.18,121.82,20180000,0.414287,0.672744,0.32094,20.97
2025-06-20,MU,122.77,124.16,120.38,123.6,29290400,0.409973,0.673026,0.294583,19.25
2025-06-23,MU,123.67,124.51,119.81,122.08,23399200,0.412343,0.670325,0.296513,20.74
2025-06-24,MU,125.11,128.1,124.96,127.91,26420600,0.395894,0.670958,0.300336,14.29
2025-06-25,MU,126.61,127.5,125.62,127.25,39407000,0.394699,0.669896,0.302831,13.16
2025-06-26,MU,129.53,129.85,123.79,126.0,62678100,0.40982,0.668976,0.309474,19.9
2025-06-27,MU,125.14,127.54,123.39,124.76,36888600,0.405589,0.66774,0.319674,18.23
2025-06-30,MU,124.9,125.08,121.85,123.25,22799700,0.391977,0.665938,0.303279,11.92
2025-07-01,MU,122.35,123.99,119.08,120.89,24825800,0.395052,0.645127,0.308822,14.43
2025-07-02,MU,120.5,123.0,118.06,121.74,29303800,0.390233,0.62726,0.287519,10.77
2025-07-03,MU,122.33,123.63,121.83,122.29,13247900,0.389238,0.591746,0.287873,10.71
2025-07-07,MU,121.18,121.51,118.91,119.92,19148400,0.373455,0.563173,0.293468,5.58
2025-07-08,MU,122.45,125.45,121.95,124.42,26238200,0.371377,0.520921,0.309067,5.56
2025-07-09,MU,124.82,126.15,121.28,122.24,20464000,0.37179,0.488331,0.315405,6.03
2025-07-10,MU,124.28,124.35,122.02,123.11,15378400,0.372895,0.482966,0.303188,6.5
2025-07-11,MU,122.13,124.81,121.24,124.53,15820600,0.373673,0.457874,0.30095,7.46
2025-07-14,MU,120.38,120.44,117.02,118.61,32117700,0.392453,0.463357,0.353614,15.35
2025-07-15,MU,120.94,121.39,119.12,120.11,24958900,0.385508,0.45102,0.355131,11.82
2025-07-16,MU,119.03,119.09,114.81,116.43,30614800,0.385458,0.447588,0.349528,11.76
2025-07-17,MU,113.93,114.2,110.95,113.26,34702400,0.389843,0.44861,0.360778,14.15
2025-07-18,MU,114.24,114.8,113.28,114.39,19349900,0.388682,0.447352,0.359581,13.59
2025-07-21,MU,113.59,115.92,112.67,113.23,22189800,0.387689,0.435974,0.354146,13.53
2025-07-22,MU,112.86,113.0,108.13,109.22,27917600,0.385955,0.433101,0.37082,12.98
2025-07-23,MU,109.44,110.29,108.88,109.83,17810000,0.373486,0.430776,0.319172,7.18
2025-07-24,MU,111.06,112.73,110.25,111.73,20293100,0.376114,0.428454,0.331058,9.05
2025-07-25,MU,110.99,111.5,108.83,111.26,16372300,0.363143,0.42932,0.330903,3.32
2025-07-28,MU,111.72,112.0,109.86,111.25,12932300,0.357836,0.417892,0.33129,2.83
2025-07-29,MU,112.05,113.54,110.67,111.96,16653300,0.359141,0.413828,0.333037,3.76
2025-07-30,MU,112.6,114.89,112.41,114.74,16378800,0.349479,0.410114,0.343872,0.93
2025-07-31,MU,112.19,112.27,106.94,109.14,29224300,0.361796,0.415269,0.380389,4.65
2025-08-01,MU,105.49,106.5,103.38,104.88,24003300,0.383826,0.420001,0.397147,14.35
2025-08-04,MU,106.02,107.88,105.46,107.77,14780600,0.386026,0.41928,0.41294,16.59
2025-08-05,MU,109.3,110.64,106.83,109.06,17836000,0.385688,0.418996,0.387882,15.6
2025-08-06,MU,107.9,108.96,106.75,108.78,13021900,0.381062,0.419847,0.385856,12.33
2025-08-07,MU,114.14,115.28,110.79,111.87,18986500,0.42306,0.402121,0.401957,34.55
2025-08-08,MU,112.17,119.33,111.67,118.89,28962200,0.432763,0.404159,0.462177,35.75
2025-08-11,MU,124.97,127.28,121.65,123.72,35065800,0.45627,0.417965,0.451022,36.49
2025-08-12,MU,124.7,128.55,123.04,127.75,25961200,0.460154,0.416994,0.462182,36.77
2025-08-13,MU,127.58,128.6,123.35,124.27,18438200,0.458804,0.419187,0.458903,36.61
2025-08-14,MU,123.2,125.74,121.4,125.29,12235900,0.451781,0.417719,0.444331,35.56
2025-08-15,MU,123.17,123.38,119.44,120.87,18986700,0.461709,0.420506,0.466879,37.61
2025-08-18,MU,121.35,123.68,120.66,123.55,12208800,0.4566,0.417758,0.468983,36.56
2025-08-19,MU,122.94,124.24,121.31,122.05,11491200,0.452264,0.416715,0.448938,35.53
2025-08-20,MU,118.7,118.91,113.46,117.21,25795000,0.482055,0.421294,0.477729,41.05
2025-08-21,MU,117.0,117.73,115.61,115.79,13174900,0.479833,0.419161,0.477759,40.0
2025-08-22,MU,117.65,120.7,116.51,117.68,17038300,0.485168,0.422756,0.479847,42.42
2025-08-25,MU,117.68,118.08,116.1,116.42,8674800,0.483761,0.418246,0.482191,41.81
2025-08-26,MU,116.09,118.36,115.81,116.5,12584300,0.483541,0.414241,0.481974,41.63
2025-08-27,MU,116.85,118.73,116.44,117.75,15349300,0.484007,0.411492,0.47585,42.74
2025-08-28,MU,118.88,122.57,118.73,122.0,17295500,0.466601,0.407303,0.449575,37.45
2025-08-29,MU,122.6,122.77,118.06,119.01,16774000,0.446675,0.408654,0.432312,33.9
2025-09-02,MU,115.86,118.56,114.25,118.48,13771900,0.464745,0.408487,0.426613,37.55
2025-09-03,MU,119.36,119.44,117.3,118.72,14101300,0.458172,0.405645,0.425853,36.13
2025-09-04,MU,118.85,124.41,118.52,124.21,18589100,0.458801,0.405003,0.448861,36.4
2025-09-05,MU,127.77,131.41,125.66,131.37,28416000,0.439782,0.411064,0.476735,33.33
2025-09-08,MU,130.55,132.26,128.4,131.46,19492600,0.434269,0.411678,0.434255,33.2
2025-09-09,MU,131.76,138.0,131.56,135.24,20705000,0.396065,0.413814,0.423846,23.14
2025-09-10,MU,140.02,142.24,138.34,140.0,25791300,0.410018,0.416738,0.426127,28.4
2025-09-11,MU,147.72,156.26,147.61,150.57,52446400,0.467934,0.436035,0.472073,39.75
2025-09-12,MU,153.55,158.28,153.21,157.23,32288300,0.466157,0.435171,0.486884,39.18
2025-09-15,MU,156.96,160.34,156.55,157.77,20101400,0.457952,0.435768,0.455222,36.59
2025-09-16,MU,157.98,159.56,157.17,158.82,16911600,0.457305,0.433713,0.454624,36.44
2025-09-17,MU,157.41,160.59,155.26,159.99,18843600,0.461008,0.433372,0.445703,38.71
2025-09-18,MU,162.99,170.45,162.6,168.89,28212800,0.434176,0.434602,0.419416,32.93
2025-09-19,MU,162.75,163.7,159.38,162.73,37309900,0.464862,0.442853,0.451587,40.0
2025-09-22,MU,164.38,167.26,161.59,164.62,25851200,0.461813,0.440216,0.452,39.44
2025-09-23,MU,165.68,168.99,165.23,166.41,43316500,0.463255,0.438863,0.440911,39.68
2025-09-24,MU,165.08,166.0,158.3,161.71,57096400,0.475089,0.442566,0.467561,42.06
2025-09-25,MU,157.39,158.95,154.65,156.83,32209200,0.491712,0.444603,0.496379,49.21
2025-09-26,MU,158.52,158.92,155.18,157.27,24045000,0.49343,0.442736,0.491454,49.21
2025-09-29,MU,160.0,165.8,159.97,163.9,26506500,0.493819,0.445262,0.48043,49.21
2025-09-30,MU,164.11,168.95,163.96,167.32,20092500,0.477193,0.445126,0.474474,42.46
2025-10-01,MU,165.6,182.39,165.5,182.15,41674800,0.49237,0.44943,0.52746,49.21
2025-10-02,MU,184.96,186.18,181.21,183.75,25122200,0.494442,0.449151,0.521482,50.4
2025-10-03,MU,185.21,191.85,184.92,187.83,29399300,0.487367,0.450637,0.5036,48.02
2025-10-06,MU,195.01,201.0,189.43,190.96,36392300,0.514625,0.462292,0.499551,55.16
2025-10-07,MU,194.85,195.3,183.24,185.69,27828200,0.521272,0.460963,0.524473,55.95
2025-10-08,MU,188.99,196.95,188.8,196.54,26833900,0.511829,0.461286,0.54066,54.37
2025-10-09,MU,192.97,196.62,189.5,192.33,19721500,0.472536,0.462973,0.514628,42.06
2025-10-10,MU,192.96,193.44,179.61,181.6,26990300,0.484735,0.464223,0.55648,47.62
2025-10-13,MU,190.79,193.4,187.99,192.77,20928400,0.512194,0.47465,0.586447,55.56
2025-10-14,MU,186.96,192.46,186.25,187.06,15912400,0.535419,0.480726,0.603479,59.92
2025-10-15,MU,192.48,192.88,187.42,191.94,17793100,0.541559,0.482853,0.606669,60.71
2025-10-16,MU,199.96,206.34,195.2,202.53,42041300,0.562147,0.493651,0.606247,61.9
2025-10-17,MU,199.28,203.39,195.55,202.38,23283100,0.548266,0.497396,0.582735,61.51
2025-10-20,MU,209.66,214.75,205.5,206.77,23268400,0.561623,0.502999,0.583942,62.3
2025-10-21,MU,204.3,205.87,200.84,202.29,13717300,0.566144,0.504467,0.595805,63.89
2025-10-22,MU,202.25,205.58,192.4,198.47,21949800,0.574092,0.511254,0.588536,66.27
2025-10-23,MU,196.7,209.0,195.2,206.71,19397900,0.573091,0.516813,0.577165,65.87
2025-10-24,MU,212.39,219.82,209.98,219.02,25821800,0.580039,0.513949,0.596008,68.25
2025-10-27,MU,224.81,224.98,215.74,220.1,23873100,0.586786,0.510602,0.589943,70.24
2025-10-28,MU,218.93,222.9,217.56,221.91,14957500,0.587542,0.511346,0.589945,70.63
2025-10-29,MU,229.06,232.4,226.1,226.63,23217300,0.57496,0.512968,0.528654,67.06
2025-10-30,MU,226.1,227.4,220.74,224.01,14795100,0.577899,0.512935,0.53468,67.46
2025-10-31,MU,227.75,231.25,218.82,223.77,16320000,0.583762,0.508943,0.534043,67.86
2025-11-03,MU,233.88,237.62,231.8,234.7,21199300,0.573835,0.51232,0.551238,64.68
2025-11-04,MU,222.14,228.67,217.4,218.03,23696200,0.622041,0.521739,0.613663,78.97
2025-11-05,MU,225.67,239.88,224.73,237.5,28617400,0.635817,0.526664,0.65129,80.16
2025-11-06,MU,237.84,246.41,234.88,238.33,32016800,0.634032,0.528843,0.641396,79.37
2025-11-07,MU,234.03,242.55,226.4,237.92,30613800,0.64808,0.536378,0.591461,81.35
2025-11-10,MU,247.96,257.07,247.81,253.3,27870600,0.643562,0.53945,0.594599,80.95
2025-11-11,MU,248.34,249.99,238.79,241.11,22622500,0.635547,0.544269,0.616886,78.97
2025-11-12,MU,244.9,249.19,240.84,244.9,17263100,0.631454,0.545057,0.615085,77.78
2025-11-13,MU,243.6,249.5,230.16,236.95,32324600,0.634889,0.545955,0.614455,78.57
2025-11-14,MU,231.45,255.17,231.23,246.83,36171100,0.665279,0.561327,0.6244,82.54
2025-11-17,MU,246.92,260.58,239.46,241.95,30304400,0.68338,0.572796,0.631528,82.94
2025-11-18,MU,235.48,238.93,225.52,228.5,33843900,0.698975,0.580803,0.665116,82.94
2025-11-19,MU,226.91,234.35,216.36,225.92,35256600,0.707928,0.590147,0.661804,83.73
2025-11-20,MU,230.24,230.6,199.6,201.37,47420700,0.730373,0.604388,0.776034,87.3
2025-11-21,MU,204.53,212.0,192.59,207.37,36679700,0.759432,0.619339,0.753495,88.1
2025-11-24,MU,213.41,226.11,212.36,223.93,33052800,0.763478,0.622877,0.804677,88.49
2025-11-25,MU,219.22,226.19,216.0,224.53,17441600,0.772976,0.622543,0.804249,89.68
2025-11-26,MU,229.62,233.83,226.0,230.26,17817600,0.770402,0.624381,0.805784,89.29
2025-11-28,MU,235.62,238.1,233.47,236.48,12914700,0.771535,0.624283,0.809407,89.29
2025-12-01,MU,232.29,242.36,231.5,240.46,18238200,0.768469,0.624185,0.810761,88.1
2025-12-02,MU,238.75,244.37,234.33,239.49,18166200,0.757111,0.625429,0.79407,85.71
2025-12-03,MU,236.39,237.8,228.09,234.16,19188200,0.727464,0.626633,0.749776,84.13
2025-12-04,MU,230.28,234.16,223.33,226.65,23513900,0.718035,0.627411,0.69365,81.75
2025-12-05,MU,228.95,240.57,226.69,237.22,21161000,0.71905,0.617009,0.714129,81.75
2025-12-08,MU,243.49,249.23,241.61,246.92,20495400,0.70649,0.618037,0.728247,78.97
2025-12-09,MU,244.49,255.51,242.83,252.42,17067100,0.694822,0.620307,0.696882,77.38
2025-12-10,MU,255.13,264.75,250.58,263.71,21960700,0.69544,0.623611,0.688083,77.38
2025-12-11,MU,261.53,262.85,251.55,258.46,18867000,0.698648,0.625465,0.692093,77.38
2025-12-12,MU,255.67,255.82,239.32,241.14,25936900,0.684764,0.626975,0.728068,76.19
2025-12-15,MU,247.11,250.11,236.0,237.5,27483600,0.661249,0.624412,0.714309,74.6
2025-12-16,MU,235.8,239.4,230.58,232.51,22577300,0.630913,0.625062,0.714747,68.65
2025-12-17,MU,236.56,237.45,221.69,225.52,41957100,0.626272,0.629492,0.693376,67.46
2025-12-18,MU,256.53,263.65,245.0,248.55,65006100,0.759115,0.681346,0.773647,85.71
2025-12-19,MU,251.75,268.38,251.75,265.92,62312100,0.73421,0.679488,0.662047,84.13
2025-12-22,MU,277.15,279.99,268.29,276.59,30961900,0.711395,0.684956,0.666074,78.57
2025-12-23,MU,275.92,281.86,272.32,276.27,20767600,0.705688,0.685374,0.625414,77.78
2025-12-24,MU,278.0,289.3,277.25,286.68,18592600,0.693905,0.685881,0.631549,75.4
2025-12-26,MU,290.84,290.87,283.42,284.79,17878500,0.689875,0.680796,0.63297,75.4
2025-12-29,MU,280.33,294.5,278.5,294.37,26642900,0.699299,0.683649,0.635536,77.78
2025-12-30,MU,294.7,298.83,292.01,292.63,23056400,0.690144,0.68252,0.637893,75.79
2025-12-31,MU,293.17,293.17,284.18,285.41,17573800,0.682903,0.675635,0.648175,74.6
2026-01-02,MU,295.13,315.6,294.86,315.42,42604300,0.679989,0.675975,0.712419,74.6
2026-01-05,MU,325.13,325.53,309.55,312.15,34608600,0.671021,0.67823,0.696993,74.6
2026-01-06,MU,318.28,344.55,318.06,343.43,48732400,0.670175,0.677967,0.745896,74.21
2026-01-07,MU,340.71,346.3,337.18,339.55,32781100,0.673979,0.675536,0.748505,75.4
2026-01-08,MU,342.9,343.66,321.36,327.02,33897700,0.673578,0.673425,0.771628,75.4
2026-01-09,MU,332.75,345.8,326.19,345.09,33387500,0.674858,0.670417,0.777735,76.19
2026-01-12,MU,340.55,348.47,339.32,345.87,23152600,0.670375,0.66958,0.768938,74.6
2026-01-13,MU,346.27,351.23,335.22,338.13,23881300,0.663886,0.664637,0.717456,73.81
2026-01-14,MU,334.84,339.1,328.2,333.35,20277200,0.663464,0.663117,0.716887,73.81
2026-01-15,MU,345.33,347.77,336.27,336.63,25370200,0.660325,0.661229,0.703298,73.41
2026-01-16,MU,353.1,365.81,352.04,362.75,47901900,0.659312,0.665679,0.705218,73.41
2026-01-20,MU,364.68,381.56,361.35,365.0,49744900,0.507831,0.665211,0.651416,39.29
2026-01-21,MU,372.85,394.2,366.73,389.11,56712800,0.519005,0.666042,0.648001,42.46
2026-01-22,MU,396.64,397.78,376.92,397.58,39607600,0.524909,0.670623,0.643668,43.65
2026-01-23,MU,397.16,412.43,390.74,399.65,35404200,0.534036,0.671646,0.641534,45.24
2026-01-26,MU,395.5,398.0,384.3,389.09,29193900,0.539528,0.673034,0.656856,46.03
2026-01-27,MU,404.61,416.45,399.6,410.24,36212100,0.554353,0.675287,0.664504,47.22
2026-01-28,MU,422.44,438.94,417.0,435.28,42725700,0.551071,0.67771,0.678591,47.22
2026-01-29,MU,439.37,444.71,417.7,435.79,42675700,0.569593,0.680029,0.675515,51.19
2026-01-30,MU,446.47,455.5,407.13,414.88,51022900,0.608882,0.688046,0.701783,65.48
2026-02-02,MU,412.18,442.43,410.0,437.8,37771200,0.617003,0.67644,0.647907,66.67
2026-02-03,MU,442.16,442.3,407.53,419.44,42763300,0.631999,0.678686,0.675342,70.63
2026-02-04,MU,410.59,413.0,363.9,379.4,58074900,0.684944,0.695019,0.721065,80.95
2026-02-05,MU,369.62,390.93,366.0,382.89,38899500,0.705658,0.695068,0.718571,84.13
2026-02-06,MU,377.97,396.65,372.87,394.69,37196000,0.707851,0.694817,0.704219,84.92
2026-02-09,MU,380.69,391.81,370.68,383.5,31009600,0.724492,0.700316,0.696133,86.51
2026-02-10,MU,375.99,382.79,366.06,373.25,35433800,0.73224,0.703288,0.705553,87.7
2026-02-11,MU,395.39,414.16,386.57,410.34,48475000,0.763228,0.70791,0.7675,89.29
2026-02-12,MU,422.25,438.77,411.16,413.97,45639100,0.777502,0.702318,0.762318,91.67
2026-02-13,MU,405.19,420.88,392.71,411.66,33807600,0.792266,0.699624,0.764549,92.06
2026-02-17,MU,400.95,413.66,395.3,399.78,28549500,0.79019,0.699074,0.736495,91.67
2026-02-18,MU,399.5,427.85,394.6,420.95,32306600,0.79179,0.696295,0.754989,91.67
2026-02-19,MU,415.81,420.32,407.74,417.35,21651300,0.780456,0.686433,0.725915,90.48
2026-02-20,MU,415.18,430.57,415.15,428.17,29894900,0.760942,0.673704,0.727395,86.9
2026-02-23,MU,422.31,431.7,415.3,420.97,25426600,0.757008,0.67264,0.731035,85.32
2026-02-24,MU,429.22,436.27,411.28,418.01,33389200,0.766284,0.672356,0.72384,88.1
2026-02-25,MU,426.5,436.89,423.0,429.0,27296300,0.754953,0.672099,0.705549,84.52
2026-02-26,MU,424.84,434.0,401.96,415.56,35433500,0.760647,0.679342,0.681602,86.11
2026-02-27,MU,401.81,417.96,401.18,412.37,28653900,0.755046,0.682628,0.681728,84.13
2026-03-02,MU,401.47,417.61,397.0,412.67,30049200,0.724481,0.685839,0.659315,80.95
2026-03-03,MU,386.55,390.09,374.55,379.68,39010900,0.747469,0.699569,0.689192,83.33
2026-03-04,MU,393.64,407.88,387.61,400.77,32644900,0.749707,0.701136,0.708153,83.33
2026-03-05,MU,398.6,404.53,380.3,397.05,29960100,0.714886,0.704014,0.607562,78.97
2026-03-06,MU,380.14,391.18,367.45,370.3,34458800,0.725741,0.713898,0.658159,80.56
2026-03-09,MU,363.96,390.0,357.67,389.32,35547200,0.733523,0.718147,0.674422,82.14
2026-03-10,MU,394.01,415.31,393.64,403.11,33745400,0.730377,0.719296,0.677066,81.35
2026-03-11,MU,410.77,422.75,405.79,418.69,30191400,0.731262,0.718172,0.678715,81.35
2026-03-12,MU,410.0,413.73,396.67,405.35,31720900,0.687738,0.718818,0.603468,71.43
2026-03-13,MU,413.75,429.35,413.0,426.13,39261000,0.665249,0.716402,0.629156,65.87
2026-03-16,MU,446.16,454.86,437.75,441.8,43067600,0.678698,0.721032,0.640284,69.05
2026-03-17,MU,452.54,462.73,445.14,461.69,43017900,0.67699,0.718876,0.64333,68.65
2026-03-18,MU,464.76,471.34,458.3,461.73,58973700,0.663213,0.666076,0.621802,63.89
2026-03-19,MU,424.97,457.22,421.11,444.27,74591900,0.738775,0.693933,0.639098,82.54
2026-03-20,MU,443.92,449.1,415.36,422.9,64224900,0.754415,0.69247,0.65915,83.33
2026-03-23,MU,426.15,444.27,401.52,404.35,54807300,0.784097,0.703569,0.675555,90.48
2026-03-24,MU,401.28,404.98,388.91,395.53,44975100,0.773722,0.704358,0.679128,89.29
2026-03-25,MU,383.0,388.92,371.38,382.09,55328700,0.776661,0.709529,0.679167,89.29
2026-03-26,MU,370.02,374.25,350.0,355.46,54515900,0.773304,0.714543,0.713976,88.49
2026-03-27,MU,359.86,368.7,354.06,357.22,45806700,0.773482,0.716465,0.71541,88.49
2026-03-30,MU,362.66,362.81,318.4,321.8,73833200,0.792419,0.726208,0.793139,92.06
2026-03-31,MU,321.67,337.84,311.49,337.84,73551800,0.777166,0.728417,0.774829,88.89
2026-04-01,MU,348.91,377.89,343.0,367.85,74429800,0.793132,0.736191,0.813527,92.06
2026-04-02,MU,341.34,366.94,340.2,366.24,51498700,0.826793,0.750794,0.81331,92.06
2026-04-06,MU,373.8,385.08,370.61,377.76,41414900,0.811109,0.752787,0.783412,91.67
2026-04-07,MU,374.13,379.25,364.1,377.58,40224100,0.801229,0.751195,0.761646,91.27
2026-04-08,MU,415.13,416.0,398.88,406.73,49216600,0.866726,0.77458,0.798721,92.86
2026-04-09,MU,407.61,423.94,398.44,421.51,43101000,0.870551,0.777324,0.797373,92.86
2026-04-10,MU,420.29,423.86,410.05,420.59,36377600,0.865413,0.776773,0.788091,92.06
2026-04-13,MU,416.47,426.88,408.5,426.56,37015800,0.866406,0.777673,0.769075,92.06
2026-04-14,MU,434.35,465.78,424.86,465.66,52534900,0.86559,0.780616,0.821196,92.06
2026-04-15,MU,457.63,463.95,439.32,456.23,40370100,0.86895,0.77808,0.809898,93.25
2026-04-16,MU,452.96,462.34,444.38,457.23,33626400,0.870607,0.775,0.809956,94.05
2026-04-17,MU,466.85,470.97,452.2,455.07,33405000,0.8068,0.771923,0.797683,90.48
2026-04-20,MU,458.25,464.56,435.9,448.42,32013600,0.804844,0.769284,0.777847,90.48
2026-04-21,MU,451.32,457.82,441.3,449.38,27734000,0.776134,0.767406,0.75717,86.11
2026-04-22,MU,462.93,491.98,458.56,487.48,45998100,0.786258,0.772005,0.795684,88.49
2026-04-23,MU,482.28,493.62,471.8,481.72,38178000,0.776036,0.768398,0.782628,86.11
2026-04-24,MU,495.92,506.99,489.36,496.72,35379600,0.759492,0.767555,0.719102,80.95
2026-04-27,MU,510.56,531.36,510.02,524.56,41298800,0.75998,0.765368,0.729785,81.35
2026-04-28,MU,503.54,518.83,488.23,504.29,44816600,0.761158,0.761209,0.610435,82.54
2026-04-29,MU,526.0,531.02,508.8,518.46,36248500,0.758737,0.764899,0.603005,80.16
2026-04-30,MU,529.74,535.5,502.58,517.16,36554400,0.744012,0.763878,0.558854,77.38
2026-05-01,MU,511.78,545.91,510.21,542.21,40215300,0.682381,0.749487,0.562682,64.29
2026-05-04,MU,560.6,592.8,557.76,576.45,46043700,0.694663,0.751028,0.580746,67.86
2026-05-05,MU,609.78,651.74,605.47,640.2,64268500,0.713629,0.760799,0.645572,72.62
2026-05-06,MU,660.37,667.67,627.58,666.59,55725800,0.668689,0.762904,0.622959,60.32
2026-05-07,MU,649.83,683.09,635.42,646.63,47527500,0.693394,0.768734,0.651037,67.86
2026-05-08,MU,676.45,747.21,676.21,746.81,65130900,0.70709,0.764315,0.775745,72.22
2026-05-11,MU,792.98,818.67,768.0,795.33,70972900,0.730391,0.770489,0.782888,77.38
2026-05-12,MU,774.7,782.76,706.6,766.58,73743000,0.782486,0.783799,0.788343,92.06
2026-05-13,MU,813.16,814.95,779.47,803.63,54875100,0.786623,0.790247,0.773119,92.86
2026-05-14,MU,787.62,812.0,775.63,776.01,42142700,0.798228,0.789937,0.800538,94.84
2026-05-15,MU,732.57,749.59,719.0,724.66,48519000,0.842144,0.8002,0.862988,96.83
2026-05-18,MU,750.46,757.0,663.25,681.54,60042500,0.871255,0.815442,0.905053,99.6
2026-05-19,MU,665.58,725.95,652.21,698.74,61792100,0.907388,0.825899,0.902388,99.6
2026-05-20,MU,734.96,735.68,700.66,731.99,48827400,0.919416,0.832138,0.880198,99.6
2026-05-21,MU,736.36,764.9,732.2,762.1,42461500,0.912173,0.831347,0.874344,99.21
2026-05-22,MU,756.82,780.2,747.2,751.0,36002900,0.91717,0.827607,0.883788,99.21
2026-05-26,MU,820.5,916.8,820.3,895.88,76560800,0.972017,0.84841,1.038116,99.6
2026-05-27,MU,955.66,956.16,888.15,928.41,72295700,0.971742,0.859422,1.008427,99.21
2026-05-28,MU,929.83,949.49,904.78,923.52,49694300,0.97209,0.846982,1.016413,99.6
2026-05-29,MU,957.0,981.0,940.51,971.0,60498600,0.966705,0.846183,1.012027,98.41
2026-06-01,MU,1009.72,1046.97,1009.5,1035.5,46552100,0.958973,0.84408,1.017338,98.02
2026-06-02,MU,1050.0,1076.5601,1017.2,1064.1,47555400,0.958125,0.836362,1.011676,97.62
2026-06-03,MU,1079.01,1089.29,1038.5,1079.5699,40324200,0.947778,0.83309,0.973881,97.22
2026-06-04,MU,1007.1,1036.37,971.68,996.0,54917200,0.991458,0.849952,1.042609,99.6
2026-06-05,MU,944.4,961.89,864.01,864.01,77250500,1.012407,0.864999,1.180708,99.6
2026-06-08,MU,938.27,962.95,916.5,949.28,54097800,1.03376,0.876693,1.119791,99.6
2026-06-09,MU,988.18,989.15,854.35,935.89,73448600,1.084751,0.90578,1.106643,99.6
2026-06-10,MU,905.13,957.48,883.25,891.88,55712600,1.071073,0.913862,1.113469,99.21
2026-06-11,MU,904.37,996.77,895.5,995.87,59418900,1.064987,0.917099,1.164593,98.81
2026-06-12,MU,971.81,1012.62,960.19,981.61,40785200,1.06745,0.921791,1.156151,98.81
2026-06-15,MU,1055.89,1097.47,1051.5,1087.99,44994600,1.055248,0.906944,1.158468,98.02
2026-06-16,MU,1099.7,1110.4,1020.0,1020.76,45499800,1.03226,0.905759,1.160777,97.22
2026-06-17,MU,1061.3,1093.67,1014.14,1043.1899,46149200,1.011819,0.903392,1.16066,96.43
2026-06-18,MU,1108.0699,1149.4301,1092.79,1133.99,64642500,1.011012,0.908563,1.179107,96.03
2026-06-22,MU,1196.22,1213.5601,1168.5699,1211.38,53140800,1.018253,0.907008,1.187932,96.83
2026-06-23,MU,1080.0,1125.0,1038.5,1051.77,60243300,1.135655,0.943208,1.319196,99.6
2026-06-24,MU,1082.22,1083.3199,991.1,1048.51,68935700,1.110516,0.95191,1.177504,99.21
2026-06-25,MU,1233.0,1255.0,1136.3101,1213.5601,82143900,1.230042,1.003409,1.273549,99.6
2026-06-26,MU,1139.08,1198.71,1121.36,1132.33,86405300,1.271309,1.016084,1.305847,99.6
2026-06-29,MU,1128.7,1148.79,1023.65,1145.28,60694100,1.313459,1.02885,1.297343,99.6
2026-06-30,MU,1144.73,1168.6801,1124.66,1154.29,42152600,1.311467,1.01205,1.280354,99.21
2026-07-01,MU,1082.01,1097.0,1032.2,1032.28,51328100,1.336086,1.025899,1.34246,99.6
2026-07-02,MU,1041.5,1064.64,950.28,975.56,61316900,1.348998,1.031936,1.354844,99.6
2026-07-06,MU,1007.0,1019.0,980.85,984.75,37115800,1.31398,1.018225,1.325665,98.81
2026-07-07,MU,923.01,942.02,891.66,938.38,52367500,1.317891,1.030668,1.23116,98.81
2026-07-08,MU,902.64,959.0,900.41,948.8,42979000,1.302091,1.036245,1.185075,97.22
2026-07-09,MU,1016.51,1035.5,987.13,991.64,41110700,1.262558,1.042294,1.19389,96.43
2026-07-10,MU,964.98,998.0,954.13,979.3,31768100,1.245996,1.042105,1.180298,96.03
2026-07-13,MU,929.0,943.5,902.6,937.0,35536200,1.256566,1.047778,1.122934,96.03
2026-07-14,MU,988.38,994.8,950.07,983.12,30835200,1.262741,1.051789,1.136355,96.43
2026-07-15,MU,975.81,978.4,873.63,904.28,54779200,1.2573,1.059855,1.104935,95.63
2026-07-16,MU,866.77,887.71,840.51,853.2,46718000,1.267045,1.064644,1.101419,96.43
2026-07-17,MU,822.53,903.96,804.0,848.95,63346300,1.285792,1.080143,1.095608,96.83
2026-07-20,MU,885.57,901.0,858.9,865.46,37705200,1.274678,1.080479,1.045284,96.43
2026-07-21,MU,925.35,982.88,916.57,970.82,49369000,1.287318,1.0869,1.10715,96.83
2026-07-22,MU,938.25,982.62,936.06,959.48,31588600,1.215552,1.091182,0.994869,92.46
2026-07-23,MU,975.13,1011.77,964.4,990.21,40196300,1.19486,1.091427,1.003115,92.06
2026-07-24,MU,959.03,967.14,904.0,920.95,40803100,1.012646,1.089704,0.862681,87.7
2026-07-27,MU,932.45,935.0,854.79,900.2,47591200,1.003447,1.09416,0.838466,86.11
2026-07-28,MU,839.61,848.36,789.09,820.53,61039300,0.984453,1.107303,0.881117,85.32
2026-07-29,MU,833.0,841.8,737.88,739.0,69846000,1.002763,1.111039,0.928801,85.71
2026-07-30,MU,793.14,882.5,789.0,874.66,63075300,1.028827,1.119339,1.089749,88.1
2026-07-31,MU,919.65,930.88,818.0,823.03,54538600,1.039813,1.121731,1.092395,88.89
2026-08-03,MU,786.36,836.62,770.1,829.5,42607100,1.057002,1.125588,1.092073,89.29
2026-08-04,MU,866.82,902.43,858.5,892.67,37478600,1.038107,1.122392,1.118516,88.1
2026-08-05,MU,885.3,928.98,881.2,893.19,34720300,1.031114,1.120531,1.117453,86.9
2026-08-06,MU,843.11,913.33,827.0,881.47,35784100,1.041987,1.127132,1.103797,88.49
2026-08-07,MU,903.6,904.8,847.02,877.57,34568500,1.04918,1.117225,1.103526,88.49
2026-08-10,MU,863.67,894.99,854.4,861.0,27818600,1.033706,1.11311,1.095428,86.51
2026-08-11,MU,871.8,879.0,844.62,868.52,29438300,1.014582,1.111182,1.079308,84.52
2026-08-12,MU,912.94,935.8,899.54,911.29,36804900,1.007573,1.106448,1.054999,82.54
2026-08-13,MU,912.89,978.0,906.5,949.83,36704700,0.99967,1.100054,1.040838,81.35
2026-08-14,MU,979.32,984.0,956.2,971.66,27881100,0.952191,1.091343,1.041829,77.78
2026-08-17,MU,999.55,1036.13,995.26,1011.75,33430500,0.946647,1.086761,1.047894,76.98
2026-08-18,MU,957.1,978.67,926.64,940.76,37306000,0.943599,1.095873,1.004368,76.59
2026-08-19,MU,959.36,960.0,915.18,937.11,26901900,0.93513,1.09572,1.003699,76.19
2026-08-20,MU,935.01,977.28,929.07,974.33,25212200,0.932306,1.077393,1.007247,75.79
2026-08-21,MU,989.68,989.96,958.26,966.78,21741600,0.915308,1.065604,0.97171,74.6
2024-08-22,COIN,204.78,207.1,197.43,198.43,5284900,,,,
2024-08-23,COIN,200.97,211.92,200.0,211.4,8304200,,,,
2024-08-26,COIN,209.3,210.85,202.68,204.0,5437100,,,,
2024-08-27,COIN,201.84,202.5,194.1,198.3,5992900,,,,
2024-08-28,COIN,195.02,197.49,187.73,190.2,4995700,,,,
2024-08-29,COIN,194.0,196.5,187.6,188.28,3841800,,,,
2024-08-30,COIN,189.22,189.94,180.04,183.36,7307200,,,,
2024-09-03,COIN,182.0,182.7,168.07,169.13,9746600,,,,
2024-09-04,COIN,166.5,169.04,160.67,163.22,7826400,,,,
2024-09-05,COIN,161.62,166.37,158.12,159.7,5732700,,,,
2024-09-06,COIN,163.24,164.15,146.12,147.35,11026600,,,,
2024-09-09,COIN,151.27,157.4,150.06,155.05,9256700,,,,
2024-09-10,COIN,155.01,159.14,149.51,158.46,5824800,,,,
2024-09-11,COIN,153.56,158.84,149.95,157.15,6417400,,,,
2024-09-12,COIN,158.61,165.43,156.1,162.89,6689300,,,,
2024-09-13,COIN,162.24,168.93,161.58,163.05,5953600,,,,
2024-09-16,COIN,158.5,163.16,155.88,161.5,4686200,,,,
2024-09-17,COIN,164.14,167.67,160.5,162.45,5225200,,,,
2024-09-18,COIN,161.54,169.1,160.8,162.64,5027400,,,,
2024-09-19,COIN,172.0,175.39,167.0,168.24,9299100,,,,
2024-09-20,COIN,168.99,173.39,165.4,170.09,8152300,0.626514,,0.609392,
2024-09-23,COIN,171.3,173.57,168.7,170.22,4933200,0.619925,,0.550287,
2024-09-24,COIN,170.38,172.25,163.81,171.68,6035500,0.631129,,0.546208,
2024-09-25,COIN,170.3,173.94,166.88,167.08,5359900,0.630291,,0.54566,
2024-09-26,COIN,170.61,181.49,170.26,179.93,12455200,0.632052,,0.604078,
2024-09-27,COIN,183.07,192.45,179.5,191.23,10563400,0.641399,,0.64392,
2024-09-30,COIN,184.19,185.41,177.0,178.17,11710000,0.653691,,0.686524,
2024-10-01,COIN,178.72,178.9,160.0,165.01,15210500,0.67615,,0.680437,
2024-10-02,COIN,163.03,169.29,161.39,164.47,7881100,0.676293,,0.668373,
2024-10-03,COIN,162.83,166.41,161.41,163.1,4298600,0.669148,,0.664146,
2024-10-04,COIN,167.96,171.24,164.0,170.91,6852400,0.653663,,0.608187,
2024-10-07,COIN,172.0,176.15,166.89,168.92,6797500,0.65218,,0.589085,
2024-10-08,COIN,166.36,170.05,165.02,167.69,5696100,0.639546,,0.586681,
2024-10-09,COIN,167.69,172.49,165.78,166.97,5725000,0.623294,,0.585846,
2024-10-10,COIN,166.05,167.31,161.87,164.27,5379900,0.615299,,0.576247,
2024-10-11,COIN,165.54,179.18,165.22,176.38,10767100,0.62036,,0.628572,
2024-10-14,COIN,181.19,197.69,178.27,196.35,18131400,0.634626,,0.724743,
2024-10-15,COIN,195.68,204.9,188.31,196.34,17324800,0.655637,,0.72547,
2024-10-16,COIN,203.53,212.42,197.6,210.48,13970000,0.668517,,0.755082,
2024-10-17,COIN,209.2,209.45,201.13,204.2,8908000,0.639834,,0.765719,
2024-10-18,COIN,208.05,220.26,207.14,220.21,13569600,0.638783,,0.8006,
2024-10-21,COIN,215.4,216.86,208.13,213.72,12686400,0.650379,,0.814068,
2024-10-22,COIN,209.45,215.95,207.3,210.72,7485100,0.647278,,0.819081,
2024-10-23,COIN,206.3,209.7,194.6,198.93,10350100,0.663708,,0.844235,
2024-10-24,COIN,206.87,210.55,200.8,209.16,9925400,0.676771,,0.823669,
2024-10-25,COIN,208.3,213.67,203.4,205.04,9261300,0.67028,,0.803914,
2024-10-28,COIN,213.35,218.0,210.5,216.1,10458700,0.666589,,0.771387,
2024-10-29,COIN,220.91,223.9,216.11,219.66,11542200,0.635104,,0.700656,
2024-10-30,COIN,213.1,220.46,209.47,211.74,9515900,0.647587,,0.721532,
2024-10-31,COIN,203.73,206.0,178.82,179.25,18892000,0.698239,,0.961312,
2024-11-01,COIN,180.0,190.94,179.54,182.88,14443400,0.703443,,0.950425,
2024-11-04,COIN,180.09,186.95,176.38,186.27,11348800,0.705708,,0.950086,
2024-11-05,COIN,185.59,197.25,185.51,193.96,9950800,0.710073,,0.957055,
2024-11-06,COIN,221.48,257.68,221.11,254.31,35456000,0.874796,,1.336307,
2024-11-07,COIN,245.63,259.69,242.34,255.58,16655300,0.893415,,1.330542,
2024-11-08,COIN,257.67,273.5,257.15,270.74,17431700,0.888192,,1.324793,
2024-11-11,COIN,300.31,334.86,296.0,324.24,42437500,0.965883,,1.410214,
2024-11-12,COIN,310.05,327.0,306.1,319.13,24819600,0.975001,,1.415069,
2024-11-13,COIN,325.01,332.35,282.66,284.72,27997400,1.001517,,1.485553,
2024-11-14,COIN,290.81,292.57,274.3,278.84,17375300,1.006061,,1.482107,
2024-11-15,COIN,282.51,306.46,276.02,305.85,18020600,1.020141,0.780168,1.492396,
2024-11-18,COIN,301.83,329.59,288.5,325.41,25607400,1.049749,0.796035,1.490201,
2024-11-19,COIN,322.08,327.24,315.5,324.57,13447900,1.045641,0.796338,1.487147,
2024-11-20,COIN,332.25,341.75,303.8,320.01,22875200,1.062947,0.809707,1.464295,
2024-11-21,COIN,329.95,330.5,288.55,295.23,25187400,1.082643,0.819782,1.50601,
2024-11-22,COIN,294.89,311.37,290.8,304.64,12187200,1.085214,0.821861,1.500232,
2024-11-25,COIN,309.0,317.46,291.2,312.22,14645900,1.1002,0.829363,1.495414,
2024-11-26,COIN,298.26,309.2,289.13,293.29,13215700,1.125262,0.836873,1.52282,
2024-11-27,COIN,302.78,314.29,295.36,310.98,13290800,1.120502,0.838804,1.517904,
2024-11-29,COIN,311.95,316.3,295.81,296.2,9550200,1.089077,0.838376,1.37773,
2024-12-02,COIN,302.03,311.47,299.5,302.4,11221100,1.081123,0.832774,1.3777,
2024-12-03,COIN,296.78,314.43,296.65,309.35,10069300,1.081109,0.833665,1.377502,
2024-12-04,COIN,312.0,332.0,309.12,330.94,15798000,1.079474,0.831552,1.384744,
2024-12-05,COIN,343.36,349.49,315.17,320.57,19769900,0.982288,0.835766,1.054208,
2024-12-06,COIN,328.56,349.75,325.5,343.62,16759200,0.970834,0.837603,1.073509,
2024-12-09,COIN,339.91,340.16,309.68,310.52,16974800,0.977242,0.838957,1.135823,
2024-12-10,COIN,318.03,318.74,298.52,302.42,11930600,0.886584,0.837679,0.936656,
2024-12-11,COIN,311.85,320.9,308.82,313.81,10253400,0.861518,0.838488,0.946117,
2024-12-12,COIN,317.76,323.5,307.75,312.96,8324400,0.822614,0.836717,0.846666,
2024-12-13,COIN,316.0,317.18,305.25,310.58,5832600,0.816302,0.829831,0.842653,55.0
2024-12-16,COIN,316.9,326.23,314.77,315.31,11461400,0.798459,0.830067,0.77898,54.1
2024-12-17,COIN,319.83,323.07,303.5,311.64,7440600,0.751802,0.8334,0.746347,53.23
2024-12-18,COIN,308.0,312.14,275.81,279.86,12615200,0.776161,0.840243,0.834901,53.97
2024-12-19,COIN,290.64,295.48,268.88,273.92,11708600,0.755584,0.846997,0.836085,53.12
2024-12-20,COIN,266.13,281.74,261.87,278.71,10009800,0.746747,0.851676,0.79417,50.77
2024-12-23,COIN,274.52,275.33,263.07,268.15,6853500,0.741526,0.850685,0.792995,50.0
2024-12-24,COIN,273.22,284.0,271.86,279.62,4805100,0.714592,0.846321,0.804256,49.25
2024-12-26,COIN,275.58,279.24,271.39,274.41,4410400,0.67631,0.838537,0.777665,41.18
2024-12-27,COIN,274.2,274.25,263.21,265.71,5554000,0.659608,0.836205,0.748036,30.43
2024-12-30,COIN,259.98,260.5,247.6,255.56,7727100,0.670945,0.839971,0.741755,38.57
2024-12-31,COIN,262.97,263.66,246.37,248.3,5414900,0.673402,0.840196,0.7377,39.44
2025-01-02,COIN,256.48,262.31,251.0,257.21,6289500,0.66755,0.840839,0.746332,33.33
2025-01-03,COIN,259.89,271.59,258.59,270.65,5990800,0.660332,0.839969,0.725827,30.14
2025-01-06,COIN,279.07,293.6,271.75,287.76,10835000,0.653218,0.844687,0.763094,24.32
2025-01-07,COIN,286.74,287.58,260.24,264.33,11614700,0.653529,0.849549,0.759028,25.33
2025-01-08,COIN,263.88,267.0,252.99,260.01,5951100,0.653223,0.84856,0.684393,25.0
2025-01-10,COIN,257.77,261.87,248.05,258.78,5579200,0.659473,0.845169,0.681338,31.17
2025-01-13,COIN,246.98,251.81,240.77,251.2,7019500,0.682792,0.847199,0.664137,50.0
2025-01-14,COIN,261.73,263.0,251.0,255.37,5704100,0.693492,0.844708,0.670814,50.63
2025-01-15,COIN,266.87,278.32,264.44,274.93,9113900,0.71137,0.848356,0.734186,56.25
2025-01-16,COIN,274.0,285.02,268.14,281.63,6751100,0.716136,0.850066,0.738298,58.02
2025-01-17,COIN,292.0,300.35,289.33,295.48,11290100,0.716056,0.849077,0.76185,57.32
2025-01-21,COIN,298.52,303.1,273.62,294.19,12912400,0.730775,0.859309,0.6538,59.04
2025-01-22,COIN,290.46,298.8,286.28,295.85,6668900,0.706532,0.855062,0.647681,52.38
2025-01-23,COIN,289.74,303.56,287.9,296.01,11534800,0.697648,0.855125,0.645784,48.24
2025-01-24,COIN,300.0,310.61,297.62,298.0,9763300,0.69775,0.855181,0.626787,48.84
2025-01-27,COIN,283.7,289.78,265.2,277.99,12238800,0.747238,0.868067,0.664107,63.22
2025-01-28,COIN,280.5,284.84,276.0,281.82,4516600,0.745323,0.867299,0.662104,61.36
2025-01-29,COIN,281.82,294.38,277.01,291.0,6255900,0.752474,0.863959,0.658204,65.17
2025-01-30,COIN,293.71,306.0,293.02,301.3,8637500,0.740073,0.85067,0.645494,58.89
2025-01-31,COIN,300.86,304.73,287.22,291.33,6514500,0.736709,0.848271,0.649387,58.24
2025-02-03,COIN,272.98,288.76,269.3,284.41,9517700,0.774138,0.861026,0.650478,67.39
2025-02-04,COIN,283.0,289.39,278.63,280.39,6013500,0.774811,0.859914,0.630296,67.74
2025-02-05,COIN,283.61,285.76,274.56,275.14,5344600,0.751873,0.807996,0.593016,63.83
2025-02-06,COIN,279.52,284.6,269.0,270.37,6717700,0.742974,0.802445,0.510935,58.95
2025-02-07,COIN,274.05,282.57,271.75,274.49,7885600,0.740828,0.802042,0.5088,57.29
2025-02-10,COIN,280.4,285.56,274.6,280.22,5521800,0.736397,0.764402,0.511846,54.64
2025-02-11,COIN,277.55,279.0,265.83,266.9,6915000,0.71235,0.754511,0.532434,50.0
2025-02-12,COIN,264.39,277.8,263.48,274.9,6362800,0.698261,0.739878,0.53879,44.44
2025-02-13,COIN,284.0,302.4,282.5,298.11,18900200,0.694078,0.741746,0.551767,41.0
2025-02-14,COIN,288.02,291.55,274.0,274.31,19269700,0.701571,0.73955,0.626467,45.54
2025-02-18,COIN,278.8,279.18,260.5,264.63,11564800,0.697804,0.723717,0.609434,43.14
2025-02-19,COIN,265.76,267.0,257.68,258.67,6813800,0.644675,0.721956,0.612472,13.59
2025-02-20,COIN,260.66,262.25,250.37,256.59,6400700,0.647182,0.707056,0.610822,14.42
2025-02-21,COIN,266.99,267.8,234.76,235.38,17195500,0.672138,0.703708,0.671146,34.29
2025-02-24,COIN,239.14,240.24,223.6,227.07,12125000,0.673463,0.702576,0.67291,35.85
2025-02-25,COIN,219.97,222.85,205.12,212.49,15192600,0.651358,0.702595,0.669528,17.76
2025-02-26,COIN,212.63,218.57,207.99,212.96,7871600,0.656786,0.692013,0.664584,25.0
2025-02-27,COIN,218.13,221.58,207.79,208.37,8082400,0.65713,0.689309,0.642192,25.69
2025-02-28,COIN,205.27,216.44,201.1,215.62,9031200,0.670878,0.693074,0.641578,34.55
2025-03-03,COIN,232.23,233.4,203.44,205.75,15997800,0.737732,0.715002,0.647879,61.26
2025-03-04,COIN,200.52,218.94,193.09,212.55,13060900,0.738347,0.730151,0.670874,61.61
2025-03-05,COIN,214.89,223.15,208.0,222.45,9581600,0.751587,0.732645,0.70398,68.14
2025-03-06,COIN,214.51,226.6,213.0,214.17,8405400,0.787328,0.733704,0.709824,74.56
2025-03-07,COIN,214.89,222.05,206.77,217.45,8615100,0.797451,0.733886,0.716247,74.78
2025-03-10,COIN,205.08,206.84,176.85,179.23,18664100,0.856287,0.755008,0.957354,77.59
2025-03-11,COIN,186.0,195.69,183.3,191.69,11382200,0.871192,0.758949,0.997825,78.63
2025-03-12,COIN,195.4,199.2,183.75,191.73,9616800,0.889763,0.763488,0.993601,81.36
2025-03-13,COIN,188.62,188.85,177.11,177.49,9559400,0.886227,0.763071,1.00015,78.99
2025-03-14,COIN,183.81,186.74,179.16,183.12,9454400,0.880077,0.766279,0.946328,78.33
2025-03-17,COIN,182.0,193.24,180.77,188.96,7216500,0.878464,0.768141,0.939229,77.69
2025-03-18,COIN,185.0,186.49,178.78,181.14,7408200,0.87837,0.766754,0.941044,77.05
2025-03-19,COIN,184.83,193.78,182.8,189.75,8194200,0.889713,0.760757,0.968971,81.3
2025-03-20,COIN,185.89,193.93,185.88,190.38,6718000,0.893514,0.753475,0.970968,83.06
2025-03-21,COIN,185.57,190.72,183.75,189.86,7344800,0.873824,0.749315,0.934126,74.4
2025-03-24,COIN,197.5,203.25,194.42,203.04,9489500,0.879494,0.752377,0.968263,76.98
2025-03-25,COIN,202.13,206.93,198.34,204.23,7877700,0.856919,0.751801,0.941716,71.65
2025-03-26,COIN,203.0,206.0,192.29,193.95,7113400,0.859808,0.754034,0.957803,71.88
2025-03-27,COIN,192.97,195.33,187.8,188.58,5426300,0.850865,0.754385,0.959552,69.77
2025-03-28,COIN,185.72,186.79,172.99,173.93,10040200,0.845685,0.753024,0.983846,69.23
2025-03-31,COIN,169.38,173.58,163.52,172.23,7781300,0.787668,0.755823,0.974555,65.65
2025-04-01,COIN,172.82,176.05,168.55,174.52,5489700,0.742867,0.753326,0.966047,55.3
2025-04-02,COIN,170.57,184.11,170.35,182.95,8208600,0.736139,0.75661,0.967318,49.62
2025-04-03,COIN,168.58,172.03,164.65,170.76,9556200,0.7634,0.768423,0.985393,62.69
2025-04-04,COIN,166.02,167.5,147.17,160.55,14570800,0.822472,0.78948,0.995664,68.89
2025-04-07,COIN,146.04,167.4,142.58,157.28,13251700,0.89476,0.835012,0.742363,84.56
2025-04-08,COIN,165.2,167.8,147.35,151.47,11117400,0.92939,0.850389,0.696078,84.67
2025-04-09,COIN,150.08,183.9,150.08,177.09,15258000,0.972684,0.869461,0.917065,86.23
2025-04-10,COIN,168.5,173.82,159.11,169.62,11196300,1.000386,0.8775,0.888521,88.49
2025-04-11,COIN,171.3,178.0,167.0,175.5,7769300,0.993159,0.874217,0.890003,87.86
2025-04-14,COIN,180.5,182.39,172.01,176.58,6427100,1.004611,0.876564,0.881865,89.36
2025-04-15,COIN,177.74,179.77,172.3,175.57,5369500,1.006949,0.873298,0.869959,90.14
2025-04-16,COIN,170.5,174.8,168.5,172.21,5226700,0.99703,0.86166,0.852988,86.71
2025-04-17,COIN,172.6,177.5,171.3,175.03,5125300,0.996951,0.861104,0.855858,86.11
2025-04-21,COIN,175.1,177.98,171.41,175.0,5054700,0.998212,0.858886,0.855965,86.9
2025-04-22,COIN,178.79,193.49,178.4,190.0,12807000,0.994893,0.861501,0.874136,84.93
2025-04-23,COIN,197.75,200.8,191.52,194.8,9870200,1.013366,0.854331,0.879407,90.48
2025-04-24,COIN,193.42,204.21,193.1,203.87,6840600,1.005777,0.854487,0.874803,88.51
2025-04-25,COIN,205.57,211.62,203.74,209.64,8060900,1.006551,0.852766,0.87142,89.26
2025-04-28,COIN,208.2,208.78,197.42,205.27,7624200,1.008228,0.855202,0.81716,90.0
2025-04-29,COIN,205.3,207.4,203.14,206.13,4254900,0.997057,0.8528,0.814552,84.11
2025-04-30,COIN,199.67,203.04,195.55,202.89,4769400,0.998131,0.842779,0.819069,84.21
2025-05-01,COIN,208.46,208.75,201.16,201.3,6243200,1.001905,0.843651,0.806949,86.27
2025-05-02,COIN,204.7,209.0,202.36,204.93,6133300,0.962615,0.844248,0.759167,75.97
2025-05-05,COIN,201.73,204.11,198.65,199.4,5108700,0.896122,0.841994,0.725787,74.84
2025-05-06,COIN,195.38,198.76,193.34,196.89,4672600,0.753579,0.840909,0.721778,53.21
2025-05-07,COIN,199.83,200.48,193.81,196.56,4825700,0.69094,0.839708,0.700456,30.57
2025-05-08,COIN,205.31,210.47,202.81,206.5,14390000,0.615023,0.845041,0.477913,0.0
2025-05-09,COIN,204.52,214.13,198.77,199.32,16384200,0.576772,0.850335,0.467724,0.0
2025-05-12,COIN,208.94,213.6,205.61,207.22,14944200,0.586023,0.851561,0.471551,0.62
2025-05-13,COIN,231.71,260.42,231.49,256.9,39119000,0.704512,0.884653,0.871496,37.89
2025-05-14,COIN,256.86,264.49,253.55,263.41,18344700,0.703413,0.882359,0.866863,37.04
2025-05-15,COIN,256.5,257.85,240.0,244.44,25917200,0.712248,0.887126,0.921072,41.1
2025-05-16,COIN,249.76,270.45,248.83,266.46,72627500,0.723239,0.890103,0.952772,43.9
2025-05-19,COIN,259.78,267.6,259.7,263.99,12437600,0.731936,0.881613,0.956015,44.85
2025-05-20,COIN,265.12,265.36,257.25,261.38,8624600,0.720091,0.878429,0.932846,43.37
2025-05-21,COIN,260.2,270.38,257.75,258.99,11748000,0.717248,0.872768,0.93634,43.11
2025-05-22,COIN,265.13,277.01,263.51,271.95,15613700,0.721175,0.873811,0.937883,44.05
2025-05-23,COIN,263.0,268.04,260.34,263.16,9290300,0.735938,0.872787,0.950991,46.15
2025-05-27,COIN,269.02,270.1,264.67,266.4,7884500,0.721197,0.869885,0.943243,44.12
2025-05-28,COIN,265.7,265.7,253.8,254.29,8305300,0.723589,0.846737,0.966441,45.03
2025-05-29,COIN,258.72,258.94,246.76,248.84,7673400,0.707587,0.83331,0.968764,37.79
2025-05-30,COIN,246.87,249.96,244.13,246.62,6070900,0.707599,0.828313,0.969042,38.15
2025-06-02,COIN,247.46,249.86,240.91,246.72,6188000,0.708809,0.819945,0.96918,38.51
2025-06-03,COIN,248.39,260.6,246.22,258.91,9946400,0.708204,0.816446,0.968421,38.29
2025-06-04,COIN,257.52,261.57,254.34,256.0,6026800,0.702443,0.793902,0.967952,34.09
2025-06-05,COIN,261.05,265.65,240.08,244.2,11971900,0.726912,0.795672,0.990406,46.89
2025-06-06,COIN,250.53,256.17,249.78,251.27,7360200,0.71686,0.789651,0.982409,43.26
2025-06-09,COIN,255.66,258.25,252.4,256.63,6064800,0.688905,0.788139,0.9683,28.49
2025-06-10,COIN,258.88,262.4,251.63,254.94,5858000,0.675308,0.784975,0.96541,25.56
2025-06-11,COIN,257.21,259.9,249.06,250.68,5986100,0.526621,0.782568,0.592719,0.0
2025-06-12,COIN,246.52,247.75,239.35,241.05,7725300,0.527479,0.781347,0.598784,0.55
2025-06-13,COIN,237.45,243.2,235.29,242.71,7062700,0.506244,0.778364,0.538757,0.0
2025-06-16,COIN,247.77,263.3,245.32,261.57,12034700,0.499057,0.77971,0.515429,0.0
2025-06-17,COIN,256.63,259.63,248.68,253.85,9050800,0.499433,0.77991,0.525005,0.54
2025-06-18,COIN,254.0,299.32,251.88,295.29,37434300,0.570229,0.790355,0.754151,2.69
2025-06-20,COIN,303.58,310.75,298.1,308.38,31468800,0.567285,0.792176,0.763048,2.67
2025-06-23,COIN,302.08,314.25,294.56,307.59,17553700,0.57835,0.793596,0.748901,4.26
2025-06-24,COIN,314.39,348.97,311.9,344.82,29670900,0.59229,0.800458,0.825405,5.29
2025-06-25,COIN,360.6,369.28,343.62,355.37,30154300,0.62713,0.806684,0.827481,8.95
2025-06-26,COIN,354.53,382.0,354.53,375.07,27371400,0.636898,0.803898,0.805934,12.04
2025-06-27,COIN,369.54,372.5,346.66,353.43,29000400,0.651245,0.80719,0.841821,17.19
2025-06-30,COIN,359.23,360.45,347.9,350.49,11227600,0.652521,0.804495,0.84157,18.65
2025-07-01,COIN,339.98,353.4,334.0,335.33,13132100,0.67692,0.790855,0.868131,32.99
2025-07-02,COIN,340.58,357.16,338.68,354.45,12493100,0.676769,0.764409,0.872131,32.31
2025-07-03,COIN,350.35,357.87,348.5,355.8,6704300,0.676581,0.708673,0.867563,32.14
2025-07-07,COIN,354.2,364.0,351.0,357.1,7885300,0.647921,0.688561,0.836299,16.24
2025-07-08,COIN,362.75,368.79,348.0,354.82,9735000,0.65446,0.660865,0.840203,21.72
2025-07-09,COIN,358.63,374.0,353.29,373.85,13238400,0.658651,0.641627,0.849317,23.62
2025-07-10,COIN,372.41,389.16,369.0,388.96,17241600,0.65601,0.638747,0.846816,22.5
2025-07-11,COIN,390.19,395.5,378.37,387.06,16694600,0.657101,0.635063,0.840747,23.38
2025-07-14,COIN,392.5,398.5,388.58,394.01,12473500,0.652099,0.633576,0.809771,17.82
2025-07-15,COIN,391.53,400.88,373.02,388.02,16889300,0.670047,0.635865,0.819968,29.06
2025-07-16,COIN,392.8,405.88,391.46,398.2,14355800,0.663311,0.636307,0.79739,26.47
2025-07-17,COIN,399.7,415.96,394.28,410.75,16840500,0.658115,0.637336,0.77475,24.39
2025-07-18,COIN,419.82,444.65,406.5,419.78,28063200,0.641853,0.643823,0.612174,13.59
2025-07-21,COIN,425.55,436.38,413.44,413.63,17018100,0.644322,0.64153,0.614472,14.01
2025-07-22,COIN,419.1,420.98,394.37,404.44,14554900,0.638413,0.645211,0.625838,11.54
2025-07-23,COIN,399.99,400.72,387.12,397.81,12433200,0.617667,0.647152,0.508228,6.22
2025-07-24,COIN,404.25,405.31,392.0,396.7,7904600,0.582242,0.642296,0.501875,4.29
2025-07-25,COIN,391.9,397.48,386.39,391.66,8643300,0.570561,0.643812,0.471405,3.32
2025-07-28,COIN,394.62,395.39,375.26,379.49,11270400,0.55625,0.639419,0.431838,2.36
2025-07-29,COIN,383.59,384.78,365.74,371.44,9334700,0.560682,0.640134,0.439064,2.82
2025-07-30,COIN,382.95,386.58,372.71,377.48,11100000,0.537634,0.641905,0.404023,2.34
2025-07-31,COIN,382.89,387.14,376.83,377.76,12371200,0.531395,0.640355,0.359257,2.33
2025-08-01,COIN,335.14,337.58,310.55,314.69,31342200,0.708394,0.694009,0.751093,49.07
2025-08-04,COIN,319.54,324.0,311.0,318.17,12106400,0.710796,0.694868,0.752815,50.23
2025-08-05,COIN,307.11,312.85,297.2,297.99,16863900,0.718169,0.696427,0.782154,54.13
2025-08-06,COIN,297.55,304.77,293.31,303.58,15982700,0.712723,0.688497,0.756043,51.6
2025-08-07,COIN,311.23,317.94,306.98,310.79,13857200,0.715747,0.683662,0.743945,52.27
2025-08-08,COIN,311.44,313.7,301.23,310.54,9253800,0.716534,0.639135,0.744548,53.39
2025-08-11,COIN,322.1,333.66,318.8,319.62,14664400,0.735343,0.645349,0.751203,58.56
2025-08-12,COIN,329.35,329.86,314.16,322.62,9947800,0.731109,0.643299,0.754183,57.85
2025-08-13,COIN,328.21,345.39,321.53,327.01,15399800,0.749267,0.645634,0.747788,65.18
2025-08-14,COIN,320.49,327.45,316.8,324.89,9403600,0.748614,0.644831,0.732282,64.89
2025-08-15,COIN,322.85,323.4,314.56,317.55,7881200,0.715258,0.64458,0.722289,50.88
2025-08-18,COIN,311.48,324.29,307.11,320.73,8798800,0.717094,0.644684,0.727239,53.3
2025-08-19,COIN,320.69,322.59,301.45,302.07,10327700,0.708379,0.643341,0.745829,46.49
2025-08-20,COIN,304.27,306.45,291.46,304.39,8570300,0.715791,0.643017,0.749923,51.53
2025-08-21,COIN,301.42,305.0,297.8,300.28,5743400,0.712933,0.642721,0.74888,50.0
2025-08-22,COIN,300.59,322.26,297.19,319.85,13029200,0.725767,0.647097,0.797334,57.14
2025-08-25,COIN,312.18,315.59,305.1,306.0,8473900,0.726931,0.64817,0.803117,57.76
2025-08-26,COIN,304.0,309.2,300.37,308.48,7745400,0.721564,0.648383,0.804743,55.79
2025-08-27,COIN,307.21,312.41,306.69,308.97,5746300,0.707713,0.646951,0.800294,44.87
2025-08-28,COIN,312.56,315.95,306.0,308.47,6292500,0.707719,0.645589,0.799917,45.11
2025-08-29,COIN,306.19,308.22,301.5,304.54,6611400,0.545749,0.645194,0.475385,2.97
2025-09-02,COIN,299.97,310.41,295.4,303.56,6814900,0.54893,0.638191,0.473045,3.38
2025-09-03,COIN,305.01,308.37,301.15,302.31,5220800,0.525069,0.635828,0.410339,1.26
2025-09-04,COIN,301.96,307.77,300.01,306.8,6211800,0.520812,0.634865,0.408342,1.26
2025-09-05,COIN,313.85,315.74,292.56,299.07,11367000,0.535844,0.640419,0.40886,3.33
2025-09-08,COIN,301.88,306.6,297.15,302.2,8824100,0.530624,0.639823,0.411199,2.9
2025-09-09,COIN,303.77,319.39,303.6,318.78,10361300,0.503665,0.638845,0.443162,0.83
2025-09-10,COIN,321.4,328.67,312.53,315.34,8664800,0.490746,0.640449,0.443233,0.0
2025-09-11,COIN,319.0,326.0,315.53,323.95,7702700,0.457601,0.636643,0.451602,0.0
2025-09-12,COIN,328.03,329.49,319.8,323.04,6929400,0.453519,0.633952,0.451137,0.0
2025-09-15,COIN,322.87,328.44,320.96,327.02,6896900,0.451534,0.61325,0.445013,0.0
2025-09-16,COIN,332.25,333.6,321.3,327.91,7434900,0.443438,0.611451,0.44392,0.0
2025-09-17,COIN,325.96,328.49,311.3,320.56,8921200,0.449876,0.608592,0.392699,0.4
2025-09-18,COIN,325.82,351.89,323.52,343.13,17324500,0.462595,0.605822,0.455697,2.01
2025-09-19,COIN,342.76,349.7,337.66,342.46,13272100,0.464615,0.593552,0.45091,2.4
2025-09-22,COIN,333.44,336.2,328.19,331.95,8720700,0.456702,0.591264,0.416988,1.59
2025-09-23,COIN,333.38,335.68,317.7,320.07,8245900,0.452675,0.587226,0.4063,1.19
2025-09-24,COIN,323.76,327.32,320.76,321.77,4869800,0.450154,0.586195,0.405891,0.79
2025-09-25,COIN,314.33,317.99,304.36,306.69,8865300,0.465962,0.580479,0.443188,3.97
2025-09-26,COIN,308.58,314.24,303.4,312.59,6714800,0.467209,0.578936,0.44846,4.37
2025-09-29,COIN,318.01,334.38,316.35,333.99,12066100,0.474509,0.580776,0.501557,4.76
2025-09-30,COIN,330.0,338.1,329.66,337.49,6674700,0.460735,0.579711,0.501067,3.17
2025-10-01,COIN,343.26,349.87,340.5,346.17,8843900,0.463784,0.576257,0.504647,3.97
2025-10-02,COIN,354.76,376.13,353.4,372.07,15750400,0.479375,0.578065,0.555276,5.95
2025-10-03,COIN,373.35,383.5,370.03,380.02,13648200,0.453411,0.576967,0.540595,1.98
2025-10-06,COIN,390.33,392.85,380.5,386.07,8693000,0.460455,0.577618,0.540725,3.57
2025-10-07,COIN,386.84,388.0,363.01,375.78,9146300,0.484097,0.58361,0.534849,7.14
2025-10-08,COIN,378.62,390.49,375.64,387.27,7122800,0.47603,0.576979,0.53524,6.75
2025-10-09,COIN,384.26,392.16,381.8,387.0,6849000,0.47665,0.575889,0.532812,7.14
2025-10-10,COIN,387.66,402.16,351.63,357.01,17223600,0.546707,0.593379,0.620015,13.89
2025-10-13,COIN,363.2,364.9,341.84,356.99,10318400,0.573327,0.587952,0.619646,16.67
2025-10-14,COIN,340.85,353.5,334.77,341.55,9446000,0.606636,0.596194,0.643263,19.05
2025-10-15,COIN,345.81,347.83,333.1,336.3,7947300,0.599017,0.592405,0.640103,19.05
2025-10-16,COIN,338.49,342.7,328.71,330.25,7611900,0.577008,0.591231,0.594352,17.46
2025-10-17,COIN,319.41,336.3,317.77,336.02,9571100,0.59223,0.595794,0.59826,19.05
2025-10-20,COIN,342.21,354.06,338.75,343.78,7544100,0.594396,0.598575,0.592763,19.84
2025-10-21,COIN,342.28,344.79,335.5,338.62,6030900,0.589114,0.596903,0.579218,19.05
2025-10-22,COIN,333.88,334.72,310.48,320.33,12737800,0.612829,0.602238,0.614903,21.43
2025-10-23,COIN,323.0,328.39,318.5,322.76,5866800,0.603815,0.598856,0.588719,21.03
2025-10-24,COIN,335.0,356.88,333.0,354.46,13893100,0.62236,0.606157,0.670401,23.02
2025-10-27,COIN,362.82,373.25,357.3,361.43,9688300,0.62752,0.550119,0.63455,23.81
2025-10-28,COIN,363.23,368.13,354.07,355.22,6527800,0.628565,0.548771,0.638429,24.21
2025-10-29,COIN,357.43,360.0,345.21,348.61,7560500,0.629564,0.541504,0.636729,24.6
2025-10-30,COIN,343.47,344.22,328.21,328.51,8947700,0.620432,0.542031,0.610659,23.02
2025-10-31,COIN,336.0,361.4,334.43,343.78,13757300,0.65278,0.55224,0.630853,30.16
2025-11-03,COIN,340.87,342.8,325.88,330.42,9341700,0.651816,0.55239,0.637259,28.97
2025-11-04,COIN,319.0,325.45,306.85,307.32,12420300,0.656609,0.552874,0.674782,32.54
2025-11-05,COIN,315.89,324.14,310.84,319.3,8215500,0.665161,0.550728,0.681776,36.51
2025-11-06,COIN,316.5,316.6,294.72,295.22,12191200,0.667559,0.542848,0.722813,37.3
2025-11-07,COIN,290.2,310.93,283.65,309.14,11984200,0.642365,0.550915,0.706521,26.59
2025-11-10,COIN,323.02,324.8,311.66,317.93,8949800,0.642729,0.5593,0.717244,26.98
2025-11-11,COIN,312.2,317.09,303.59,304.01,7095200,0.614804,0.557707,0.717642,22.22
2025-11-12,COIN,309.23,311.5,301.46,304.0,6967600,0.614086,0.556438,0.716977,22.22
2025-11-13,COIN,301.66,303.96,279.83,283.14,11109500,0.626356,0.557143,0.753499,24.6
2025-11-14,COIN,269.52,292.76,268.16,284.0,11784800,0.661666,0.576142,0.7489,38.1
2025-11-17,COIN,274.92,277.83,258.22,263.95,15822400,0.67617,0.580556,0.772974,42.86
2025-11-18,COIN,261.75,271.0,261.0,261.79,10854500,0.683896,0.580891,0.773137,45.24
2025-11-19,COIN,261.87,262.82,247.02,257.29,13287300,0.68161,0.587037,0.756902,44.84
2025-11-20,COIN,259.98,263.63,236.0,238.16,15524200,0.703598,0.597047,0.788601,50.4
2025-11-21,COIN,243.92,246.13,231.17,240.41,12396500,0.700403,0.604118,0.684077,49.21
2025-11-24,COIN,244.68,257.95,243.01,255.97,10005800,0.700417,0.607526,0.732205,49.6
2025-11-25,COIN,247.76,254.37,240.74,254.12,8525300,0.718352,0.612197,0.733063,62.3
2025-11-26,COIN,256.2,266.62,253.84,264.97,9929300,0.721742,0.614131,0.76182,64.29
2025-11-28,COIN,274.01,279.87,269.29,272.82,8977800,0.73477,0.61891,0.756258,67.86
2025-12-01,COIN,260.53,265.9,252.2,259.84,12119300,0.727917,0.623179,0.739579,66.67
2025-12-02,COIN,267.68,272.55,263.21,263.26,9059300,0.735434,0.626145,0.739011,69.05
2025-12-03,COIN,268.0,277.59,264.13,276.92,9466700,0.725613,0.628165,0.733113,65.48
2025-12-04,COIN,273.6,284.24,271.26,274.05,6469200,0.7243,0.629459,0.714986,65.48
2025-12-05,COIN,270.43,274.05,265.01,269.73,7173500,0.722861,0.630074,0.66565,64.68
2025-12-08,COIN,272.81,276.63,269.52,274.2,5937000,0.700607,0.629934,0.643728,50.0
2025-12-09,COIN,270.63,284.74,266.83,277.36,7876600,0.691127,0.635687,0.63473,46.83
2025-12-10,COIN,273.2,279.44,270.76,275.09,6818600,0.688149,0.635046,0.61881,46.03
2025-12-11,COIN,266.9,271.16,258.72,269.02,7969600,0.697538,0.637451,0.621487,48.41
2025-12-12,COIN,271.66,278.2,263.16,267.46,8180300,0.6947,0.632913,0.572215,48.41
2025-12-15,COIN,267.99,268.58,246.8,250.42,10885700,0.664765,0.636884,0.613545,38.89
2025-12-16,COIN,253.56,257.0,250.32,252.61,6907400,0.641397,0.635104,0.561756,27.38
2025-12-17,COIN,254.78,259.55,243.7,244.19,8429500,0.64342,0.636842,0.572698,28.97
2025-12-18,COIN,253.1,255.41,239.1,239.2,9291500,0.643189,0.642905,0.573879,28.97
2025-12-19,COIN,244.58,247.0,240.85,245.12,10613000,0.61959,0.641237,0.510947,23.81
2025-12-22,COIN,251.68,254.87,247.43,247.9,6233100,0.603633,0.64241,0.511378,21.03
2025-12-23,COIN,243.25,245.2,238.8,242.3,7004200,0.599175,0.641678,0.463565,21.03
2025-12-24,COIN,240.28,241.0,237.14,239.73,3869000,0.571969,0.641236,0.464163,16.67
2025-12-26,COIN,240.4,240.49,232.81,236.9,5925700,0.568282,0.640996,0.433671,15.87
2025-12-29,COIN,234.36,239.89,232.78,233.77,6362600,0.556847,0.637611,0.414249,15.08
2025-12-30,COIN,233.65,236.06,231.5,231.6,5652100,0.516084,0.636457,0.385079,10.32
2025-12-31,COIN,231.22,232.39,225.47,226.14,6678200,0.502061,0.63348,0.383441,9.52
2026-01-02,COIN,230.6,238.49,225.91,236.53,8760200,0.506633,0.632015,0.372406,10.71
2026-01-05,COIN,247.11,258.88,246.53,254.92,13695300,0.520924,0.639167,0.473934,11.9
2026-01-06,COIN,255.21,258.35,245.72,250.56,8672500,0.522838,0.640951,0.474426,12.3
2026-01-07,COIN,248.28,248.94,240.25,245.93,7488900,0.529006,0.624274,0.471024,13.89
2026-01-08,COIN,244.62,250.38,242.25,245.59,6897200,0.511076,0.6173,0.467103,11.11
2026-01-09,COIN,246.07,246.9,237.15,240.78,8104500,0.507297,0.606644,0.4696,11.11
2026-01-12,COIN,239.63,248.0,238.04,242.98,5957300,0.486556,0.607211,0.468949,8.33
2026-01-13,COIN,245.5,255.51,244.65,252.69,9027000,0.479428,0.607739,0.494533,7.94
2026-01-14,COIN,256.92,263.07,253.0,255.86,10804500,0.467447,0.603988,0.437012,6.35
2026-01-15,COIN,250.59,251.2,237.43,239.28,12098900,0.482246,0.603734,0.497858,8.73
2026-01-16,COIN,239.49,243.19,236.14,241.15,7622400,0.471232,0.604029,0.485045,6.75
2026-01-20,COIN,232.64,234.9,225.96,227.73,9757900,0.472154,0.602106,0.521154,7.14
2026-01-21,COIN,228.76,231.45,222.4,226.93,8476500,0.471163,0.602924,0.511368,6.75
2026-01-22,COIN,228.53,230.75,223.02,223.14,7088800,0.462003,0.594995,0.510071,4.37
2026-01-23,COIN,222.75,222.75,215.72,216.95,12975100,0.455577,0.590546,0.512825,2.78
2026-01-26,COIN,212.18,215.64,210.89,213.48,7077500,0.46294,0.591292,0.513915,5.56
2026-01-27,COIN,213.48,213.56,207.77,210.83,7465500,0.460819,0.590491,0.514017,4.76
2026-01-28,COIN,213.28,214.39,206.8,209.43,9046600,0.45981,0.59066,0.513276,3.97
2026-01-29,COIN,206.82,207.0,194.21,199.18,14604300,0.480439,0.582719,0.537245,11.9
2026-01-30,COIN,198.7,198.96,190.96,194.74,9635400,0.487044,0.582222,0.536736,13.49
2026-02-02,COIN,189.81,190.94,185.08,187.86,12288700,0.478985,0.577382,0.508039,11.11
2026-02-03,COIN,188.68,188.68,174.05,179.66,12610300,0.468435,0.58068,0.405192,8.73
2026-02-04,COIN,176.11,176.75,164.42,168.62,16627600,0.481905,0.585929,0.436737,13.1
2026-02-05,COIN,160.43,165.0,145.16,146.12,29610500,0.550983,0.599597,0.618427,24.6
2026-02-06,COIN,154.56,165.52,151.57,165.12,19776100,0.616335,0.609975,0.80985,35.71
2026-02-09,COIN,160.1,167.57,159.01,167.25,10618500,0.626013,0.612537,0.818111,37.7
2026-02-10,COIN,162.56,167.92,161.86,162.51,8835200,0.632388,0.615845,0.812361,40.08
2026-02-11,COIN,157.7,158.1,148.85,153.2,13923800,0.641664,0.618066,0.791806,41.67
2026-02-12,COIN,153.1,153.2,139.36,141.09,19986100,0.644261,0.606347,0.803705,44.05
2026-02-13,COIN,153.7,167.65,146.16,164.32,32410100,0.784332,0.646939,1.017754,84.13
2026-02-17,COIN,162.48,170.54,158.4,166.02,16770600,0.79955,0.651081,1.018661,85.32
2026-02-18,COIN,165.4,173.88,163.15,164.05,13792200,0.807847,0.652553,1.008541,85.32
2026-02-19,COIN,162.42,167.58,161.12,165.94,8001700,0.807137,0.644981,1.01247,84.92
2026-02-20,COIN,164.88,175.55,164.12,171.35,13692200,0.817713,0.642374,1.026503,85.32
2026-02-23,COIN,166.16,168.1,158.66,160.24,12685500,0.828661,0.644093,1.04316,85.71
2026-02-24,COIN,155.84,162.28,152.7,162.03,10442900,0.839245,0.642808,1.047293,85.71
2026-02-25,COIN,171.78,185.82,169.75,183.94,23793900,0.884407,0.658999,1.16025,90.08
2026-02-26,COIN,181.44,186.39,176.75,181.06,12746600,0.888429,0.657471,1.160685,90.48
2026-02-27,COIN,175.35,179.06,171.81,175.85,11427900,0.887272,0.652408,1.152761,90.08
2026-03-02,COIN,172.5,186.35,172.22,185.24,12306800,0.891468,0.652789,1.169035,91.27
2026-03-03,COIN,177.18,186.3,172.05,182.36,12828800,0.913371,0.662612,1.163535,92.46
2026-03-04,COIN,195.91,212.07,195.4,208.93,27200300,0.948308,0.681374,1.248298,92.86
2026-03-05,COIN,205.75,213.5,201.5,205.71,15036600,0.943946,0.6848,1.223518,92.46
2026-03-06,COIN,197.76,202.74,194.66,197.22,11504900,0.907624,0.690064,1.102306,91.27
2026-03-09,COIN,198.0,203.49,192.63,199.79,12064600,0.876041,0.688551,1.026963,85.32
2026-03-10,COIN,204.43,206.01,194.75,196.52,10846100,0.881093,0.691192,1.030984,86.9
2026-03-11,COIN,197.51,203.1,192.52,198.63,9531700,0.878536,0.688873,1.021769,85.71
2026-03-12,COIN,196.13,198.0,192.46,193.23,7967100,0.863298,0.68593,0.999452,83.73
2026-03-13,COIN,203.76,207.13,193.84,195.53,12137100,0.879037,0.693753,0.93592,86.11
2026-03-16,COIN,201.81,206.44,198.62,203.32,13054000,0.780372,0.697375,0.792848,78.57
2026-03-17,COIN,202.27,213.47,202.13,210.23,11948000,0.768824,0.696338,0.796951,78.57
2026-03-18,COIN,206.77,209.0,201.14,202.29,12602200,0.754127,0.691584,0.812865,78.17
2026-03-19,COIN,195.34,205.5,191.87,202.91,9273000,0.771562,0.697304,0.813277,79.37
2026-03-20,COIN,202.5,203.3,194.79,197.5,13305100,0.764553,0.695632,0.819088,78.97
2026-03-23,COIN,198.6,203.95,196.11,200.62,12466500,0.752743,0.695965,0.771003,77.78
2026-03-24,COIN,199.1,201.76,177.6,181.04,20833000,0.775112,0.708624,0.870642,80.56
2026-03-25,COIN,184.58,190.71,180.06,181.1,10432500,0.744161,0.713188,0.743422,76.98
2026-03-26,COIN,177.0,179.75,171.93,173.38,9402600,0.742959,0.71483,0.757271,76.98
2026-03-27,COIN,168.05,168.74,159.83,161.14,12289900,0.742696,0.718938,0.793365,76.59
2026-03-30,COIN,164.53,166.5,158.46,160.79,11775200,0.739951,0.722422,0.765096,76.59
2026-03-31,COIN,163.8,175.84,162.18,174.61,12665100,0.716282,0.723882,0.827241,65.87
2026-04-01,COIN,179.0,179.3,171.72,172.99,8828600,0.660739,0.718596,0.646317,49.6
2026-04-02,COIN,167.63,173.03,163.56,171.46,8869300,0.666849,0.722022,0.645917,51.59
2026-04-06,COIN,175.1,177.9,173.47,174.79,7125200,0.649248,0.722446,0.641001,45.24
2026-04-07,COIN,172.12,175.26,166.05,175.18,7653100,0.656595,0.726408,0.637913,48.41
2026-04-08,COIN,187.89,189.57,172.96,175.09,9802400,0.707278,0.745854,0.637136,61.51
2026-04-09,COIN,175.83,177.14,166.4,169.02,10754900,0.706307,0.74719,0.642263,61.51
2026-04-10,COIN,169.36,170.48,163.13,167.85,7922400,0.710147,0.747847,0.63812,65.48
2026-04-13,COIN,164.83,175.01,164.33,174.53,7481100,0.687769,0.748034,0.655842,56.35
2026-04-14,COIN,180.03,187.14,180.0,184.41,10884800,0.687297,0.749718,0.672564,56.35
2026-04-15,COIN,185.66,196.46,183.52,195.9,11817400,0.689681,0.752324,0.699283,57.94
2026-04-16,COIN,197.5,200.58,188.5,199.83,11235800,0.704039,0.754369,0.691214,62.3
2026-04-17,COIN,205.2,216.05,202.95,206.33,15670400,0.698103,0.760503,0.700825,59.92
2026-04-20,COIN,201.04,212.3,200.02,211.63,9967500,0.709001,0.763353,0.697869,67.46
2026-04-21,COIN,211.2,211.23,194.6,195.95,15121100,0.714616,0.766226,0.751769,69.84
2026-04-22,COIN,204.18,211.97,202.34,206.24,12096800,0.694907,0.771879,0.670171,59.52
2026-04-23,COIN,202.28,205.78,193.91,197.93,8778500,0.697457,0.775694,0.691077,59.92
2026-04-24,COIN,202.08,202.54,196.53,199.77,5799100,0.688284,0.776374,0.667441,57.54
2026-04-27,COIN,199.1,204.49,195.25,196.68,7855600,0.676873,0.77445,0.603804,55.16
2026-04-28,COIN,190.2,195.94,188.75,194.1,6316100,0.68751,0.776831,0.608,57.14
2026-04-29,COIN,187.27,187.27,177.62,181.73,12609600,0.697422,0.780549,0.599543,61.11
2026-04-30,COIN,181.6,189.56,179.89,187.77,7786700,0.696372,0.775915,0.607519,61.11
2026-05-01,COIN,191.88,194.51,189.86,191.25,6771100,0.678031,0.771621,0.607495,55.95
2026-05-04,COIN,199.41,206.71,197.85,202.99,11243400,0.692809,0.757851,0.635841,60.71
2026-05-05,COIN,208.88,208.88,194.4,197.75,10074200,0.690418,0.74973,0.646835,59.92
2026-05-06,COIN,195.78,198.5,193.25,197.96,7764900,0.634253,0.746221,0.646647,40.48
2026-05-07,COIN,196.03,198.15,190.32,192.96,9158100,0.629676,0.743157,0.63928,40.08
2026-05-08,COIN,186.05,201.37,182.8,201.16,12909400,0.657663,0.746524,0.648779,50.4
2026-05-11,COIN,200.38,217.85,192.81,216.6,13659300,0.694414,0.754818,0.681215,61.9
2026-05-12,COIN,211.9,218.46,200.2,207.64,9514400,0.714932,0.724543,0.684911,74.6
2026-05-13,COIN,204.2,204.2,197.5,201.8,8370200,0.712411,0.720532,0.663471,73.02
2026-05-14,COIN,201.25,222.35,195.1,212.01,16576900,0.748132,0.732192,0.6823,88.1
2026-05-15,COIN,205.64,206.0,192.3,195.43,14428600,0.740216,0.73724,0.735024,86.51
2026-05-18,COIN,190.25,194.2,184.15,189.44,10399800,0.744537,0.737944,0.733756,87.7
2026-05-19,COIN,188.38,195.53,185.53,193.45,7085000,0.741211,0.735012,0.688221,86.11
2026-05-20,COIN,193.75,196.62,189.73,191.29,7044200,0.717074,0.730624,0.661008,76.19
2026-05-21,COIN,189.81,195.7,187.67,193.56,5674300,0.708581,0.716212,0.647895,70.24
2026-05-22,COIN,194.02,195.59,184.6,184.99,7927600,0.70591,0.714606,0.665015,66.67
2026-05-26,COIN,186.07,187.8,179.11,180.01,7755000,0.704172,0.711507,0.669041,66.67
2026-05-27,COIN,176.38,179.85,173.71,173.78,8196800,0.700456,0.709768,0.677385,65.08
2026-05-28,COIN,170.49,182.65,169.17,182.25,9042900,0.693737,0.701209,0.662931,61.11
2026-05-29,COIN,180.23,191.83,178.85,189.03,10249800,0.699195,0.684754,0.66556,64.68
2026-06-01,COIN,179.21,186.6,176.18,182.61,9063100,0.719347,0.69188,0.673011,79.76
2026-06-02,COIN,177.17,178.55,171.67,173.99,9228400,0.694736,0.689425,0.650031,62.3
2026-06-03,COIN,171.54,172.0,162.75,163.22,9544600,0.668444,0.687653,0.677466,53.17
2026-06-04,COIN,164.19,166.5,161.89,164.13,8499400,0.672934,0.684203,0.678591,53.97
2026-06-05,COIN,158.7,158.7,147.88,152.4,16718500,0.689508,0.689587,0.714909,60.32
2026-06-08,COIN,156.61,164.28,154.98,162.11,8827800,0.690028,0.694525,0.738078,61.11
2026-06-09,COIN,157.25,164.98,149.9,155.5,8896200,0.68101,0.694987,0.67325,57.14
2026-06-10,COIN,152.83,161.71,152.19,153.97,6406600,0.673723,0.697129,0.666648,54.37
2026-06-11,COIN,154.7,161.74,152.38,160.43,6933100,0.681764,0.698036,0.693131,57.94
2026-06-12,COIN,160.43,165.49,155.42,159.78,6489500,0.634423,0.70115,0.655892,39.68
2026-06-15,COIN,170.0,174.44,168.63,169.62,8972000,0.676291,0.707959,0.655257,54.76
2026-06-16,COIN,169.3,173.8,166.88,169.27,6412800,0.668497,0.70833,0.649203,52.78
2026-06-17,COIN,166.54,174.1,164.67,164.92,8151500,0.679658,0.71301,0.645102,56.75
2026-06-18,COIN,167.75,169.81,160.54,163.26,9826800,0.690326,0.704353,0.64504,61.51
2026-06-22,COIN,164.95,176.48,163.05,164.84,8507100,0.723298,0.710644,0.644207,81.35
2026-06-23,COIN,156.98,164.16,156.31,158.18,7590000,0.74433,0.717941,0.641258,87.3
2026-06-24,COIN,158.3,158.42,148.28,150.11,10045500,0.747301,0.716576,0.657328,87.7
2026-06-25,COIN,151.17,152.19,141.48,142.52,7807400,0.753454,0.716429,0.66868,89.29
2026-06-26,COIN,139.23,149.85,139.18,149.06,10494700,0.752484,0.714529,0.665638,88.49
2026-06-29,COIN,150.82,152.44,145.29,151.65,7141100,0.754423,0.715583,0.651092,89.68
2026-06-30,COIN,148.18,148.86,142.3,146.19,8754500,0.733809,0.713581,0.652148,81.75
2026-07-01,COIN,147.13,164.54,146.3,159.24,11992300,0.762261,0.724173,0.720323,89.68
2026-07-02,COIN,165.19,173.09,163.22,165.48,9656000,0.784347,0.729066,0.699561,92.06
2026-07-06,COIN,161.37,171.67,160.1,168.87,6492800,0.798161,0.712331,0.702864,92.06
2026-07-07,COIN,166.82,170.1,161.69,163.51,4869400,0.78183,0.711517,0.657378,90.87
2026-07-08,COIN,159.29,161.6,156.2,159.36,4738700,0.774732,0.711245,0.627217,89.68
2026-07-09,COIN,156.73,161.06,154.78,158.44,4755700,0.742037,0.710911,0.608952,82.14
2026-07-10,COIN,166.67,167.98,158.67,159.07,6133900,0.749835,0.71704,0.60767,85.71
2026-07-13,COIN,156.2,161.19,154.01,157.37,5418100,0.750486,0.716402,0.590634,85.71
2026-07-14,COIN,159.79,162.27,157.25,161.5,7407800,0.742035,0.711353,0.59808,80.95
2026-07-15,COIN,165.17,168.5,160.33,167.21,7570700,0.716039,0.707764,0.571211,71.03
2026-07-16,COIN,165.37,166.57,159.51,160.49,6328700,0.714898,0.705899,0.588893,69.05
2026-07-17,COIN,153.36,160.8,152.58,157.12,6487100,0.721703,0.710264,0.586603,74.21
2026-07-20,COIN,158.19,164.7,155.15,160.43,5720200,0.721509,0.705458,0.591494,73.41
2026-07-21,COIN,167.89,181.49,167.86,175.85,13677200,0.726741,0.715585,0.676589,76.59
2026-07-22,COIN,172.25,174.96,166.0,166.12,6953800,0.704949,0.715732,0.692364,61.51
2026-07-23,COIN,163.12,165.74,158.88,161.16,5607000,0.703424,0.715278,0.673373,59.92
2026-07-24,COIN,161.08,161.08,153.8,158.29,5372100,0.700921,0.715142,0.646567,59.52
2026-07-27,COIN,163.32,167.87,160.42,167.49,6851700,0.704647,0.71494,0.657247,61.11
2026-07-28,COIN,162.48,168.17,158.58,167.9,5112000,0.710834,0.718482,0.65594,65.87
2026-07-29,COIN,166.15,169.69,158.68,160.09,6802400,0.712609,0.720458,0.666271,66.27
2026-07-30,COIN,161.18,164.78,159.31,163.58,7881300,0.676656,0.71326,0.598421,44.44
2026-07-31,COIN,153.1,153.68,139.11,146.26,20870300,0.722528,0.729141,0.703568,74.21
2026-08-03,COIN,144.15,152.43,141.03,146.5,9148500,0.729498,0.735945,0.697357,77.38
2026-08-04,COIN,147.4,152.9,145.6,150.73,7289000,0.729106,0.737091,0.701607,76.98
2026-08-05,COIN,150.8,153.99,147.61,149.89,6818900,0.727112,0.73017,0.696997,76.19
2026-08-06,COIN,146.76,150.61,145.14,145.41,5850800,0.729734,0.718291,0.703688,77.38
2026-08-07,COIN,148.21,155.4,145.57,153.6,8747700,0.712797,0.714572,0.734072,65.08
2026-08-10,COIN,153.35,153.61,147.9,148.68,6089900,0.70639,0.713458,0.741661,61.11
2026-08-11,COIN,149.84,152.95,146.32,148.58,6472600,0.707657,0.696603,0.733958,61.9
2026-08-12,COIN,150.1,151.51,147.5,149.04,5927300,0.694303,0.692095,0.72017,51.98
2026-08-13,COIN,149.04,154.42,146.94,153.9,7458900,0.696426,0.68937,0.719441,54.37
2026-08-14,COIN,151.42,152.59,147.86,148.47,7265300,0.673763,0.687773,0.726481,42.86
2026-08-17,COIN,148.36,152.2,147.2,150.55,5768300,0.662637,0.687393,0.723895,39.68
2026-08-18,COIN,148.0,150.73,146.02,146.23,6746700,0.618402,0.687445,0.635355,28.97
2026-08-19,COIN,147.5,165.74,147.5,160.2,16961300,0.652924,0.698553,0.702004,38.1
2026-08-20,COIN,172.75,174.78,166.11,172.35,17570800,0.716201,0.719426,0.741208,70.63
2026-08-21,COIN,180.06,191.36,179.2,186.49,22583200,0.736983,0.72802,0.782772,80.16
2024-08-22,PLTR,32.55,33.125,31.85,31.92,43522200,,,,
2024-08-23,PLTR,31.99,32.55,31.622,31.78,34121200,,,,
2024-08-26,PLTR,31.43,31.74,30.79,30.85,35283600,,,,
2024-08-27,PLTR,30.55,31.12,30.38,30.84,23541300,,,,
2024-08-28,PLTR,30.62,30.8,29.75,30.36,33961400,,,,
2024-08-29,PLTR,30.65,31.82,30.484,31.0,39733000,,,,
2024-08-30,PLTR,31.05,31.5,30.7,31.48,42388000,,,,
2024-09-03,PLTR,31.35,31.589,30.165,30.51,34531600,,,,
2024-09-04,PLTR,30.0,30.85,29.31,30.59,33419500,,,,
2024-09-05,PLTR,30.24,30.74,30.01,30.16,24012300,,,,
2024-09-06,PLTR,30.6,31.04,29.5,30.33,50946800,,,,
2024-09-09,PLTR,32.7,34.7,32.47,34.6,140582500,,,,
2024-09-10,PLTR,34.81,35.2,33.71,34.76,91721000,,,,
2024-09-11,PLTR,34.01,34.87,33.62,34.85,68302300,,,,
2024-09-12,PLTR,34.86,35.4,34.531,34.91,54291900,,,,
2024-09-13,PLTR,34.97,36.01,34.89,35.59,49727200,,,,
2024-09-16,PLTR,35.78,36.92,35.56,36.31,74767300,,,,
2024-09-17,PLTR,37.0,37.05,35.87,36.45,64461800,,,,
2024-09-18,PLTR,35.9,37.11,35.871,36.38,66279800,,,,
2024-09-19,PLTR,37.0,37.35,36.2,36.83,59882000,,,,
2024-09-20,PLTR,36.01,37.29,35.71,37.2,450290500,0.510444,,0.518741,
2024-09-23,PLTR,36.86,38.19,36.57,37.95,79460700,0.512877,,0.518442,
2024-09-24,PLTR,37.97,37.98,36.43,36.9,79519200,0.51433,,0.516851,
2024-09-25,PLTR,36.89,37.18,36.383,37.12,46511700,0.513051,,0.515837,
2024-09-26,PLTR,37.26,37.44,36.6,37.1,48602000,0.507619,,0.508873,
2024-09-27,PLTR,36.91,37.47,36.59,36.84,43219100,0.499638,,0.510624,
2024-09-30,PLTR,36.58,37.32,36.15,37.2,42110200,0.501938,,0.51003,
2024-10-01,PLTR,37.21,37.56,36.05,36.46,52858000,0.500046,,0.499929,
2024-10-02,PLTR,36.3,37.68,36.145,37.49,34988900,0.486953,,0.503731,
2024-10-03,PLTR,37.45,39.29,37.37,39.24,57196400,0.484784,,0.510094,
2024-10-04,PLTR,39.65,40.29,39.4,40.01,62532500,0.470021,,0.509743,
2024-10-07,PLTR,39.9,40.15,38.775,38.89,44124800,0.37658,,0.286784,
2024-10-08,PLTR,39.29,41.49,39.015,41.45,62542900,0.373338,,0.352675,
2024-10-09,PLTR,41.55,43.34,41.21,43.13,86404700,0.368856,,0.368294,
2024-10-10,PLTR,42.92,43.878,42.41,43.52,62516300,0.371609,,0.366854,
2024-10-11,PLTR,43.4,44.38,42.62,43.51,66206900,0.377897,,0.367562,
2024-10-14,PLTR,43.72,44.39,43.28,43.4,41010900,0.374424,,0.368159,
2024-10-15,PLTR,43.475,43.68,41.515,42.43,48297000,0.378051,,0.384597,
2024-10-16,PLTR,42.4,42.49,40.36,41.93,59157900,0.392788,,0.389442,
2024-10-17,PLTR,42.15,42.7,41.61,42.0,34028400,0.385589,,0.389389,
2024-10-18,PLTR,42.015,42.99,41.65,42.97,33969000,0.374109,,0.393532,
2024-10-21,PLTR,42.86,43.4,42.41,42.7,30719800,0.368104,,0.393287,
2024-10-22,PLTR,42.69,43.49,42.3,42.94,27830700,0.362592,,0.372335,
2024-10-23,PLTR,42.85,43.68,42.055,42.59,35647000,0.369508,,0.376512,
2024-10-24,PLTR,42.89,43.73,42.66,43.56,34079600,0.368499,,0.379378,
2024-10-25,PLTR,43.85,45.07,43.645,44.86,50416500,0.367931,,0.382233,
2024-10-28,PLTR,45.05,45.14,44.68,44.97,36729700,0.361797,,0.383136,
2024-10-29,PLTR,44.9,45.07,44.04,44.93,26154700,0.356382,,0.369287,
2024-10-30,PLTR,44.58,44.8,43.61,43.69,31309200,0.355011,,0.387133,
2024-10-31,PLTR,42.79,43.32,40.9,41.56,50973400,0.377594,,0.410784,
2024-11-01,PLTR,41.93,42.57,41.59,41.92,33722500,0.378269,,0.406777,
2024-11-04,PLTR,41.08,42.04,41.032,41.41,75413300,0.384328,,0.39445,
2024-11-05,PLTR,47.86,51.575,46.86,51.13,208868200,0.662435,,0.815312,
2024-11-06,PLTR,53.44,55.69,51.61,55.53,114255900,0.692466,,0.849145,
2024-11-07,PLTR,55.82,56.47,53.55,55.88,121591200,0.701654,,0.849354,
2024-11-08,PLTR,55.57,58.48,55.3,58.39,84124000,0.701271,,0.855025,
2024-11-11,PLTR,60.133,62.08,58.69,60.24,108357800,0.714066,,0.854387,
2024-11-12,PLTR,59.01,60.09,58.57,59.85,59061300,0.713675,,0.846512,
2024-11-13,PLTR,61.52,63.39,59.85,60.7,85937400,0.714207,,0.839683,
2024-11-14,PLTR,61.05,61.17,58.53,59.18,59968200,0.717425,,0.852254,
2024-11-15,PLTR,61.01,66.0,60.91,65.77,155280400,0.726257,0.557077,0.908347,
2024-11-18,PLTR,64.92,64.92,58.85,61.26,136663100,0.761808,0.571452,0.961906,
2024-11-19,PLTR,59.51,63.01,59.265,62.98,75557800,0.77633,0.575467,0.961312,
2024-11-20,PLTR,62.59,63.08,59.96,62.12,59182200,0.783724,0.579602,0.963611,
2024-11-21,PLTR,62.04,63.4,60.895,61.36,56336700,0.789595,0.579856,0.969774,
2024-11-22,PLTR,61.6,64.44,61.37,64.35,61381700,0.790853,0.577836,0.974956,
2024-11-25,PLTR,66.9,67.88,64.08,64.65,80640500,0.806584,0.585581,0.97452,
2024-11-26,PLTR,64.57,65.85,63.89,65.74,46923600,0.806147,0.583712,0.971958,
2024-11-27,PLTR,66.24,67.56,64.24,66.05,53839900,0.810136,0.582217,0.957808,
2024-11-29,PLTR,65.89,67.16,65.47,67.08,30104000,0.794113,0.580872,0.92126,
2024-12-02,PLTR,67.44,67.88,65.96,66.39,46405000,0.795042,0.577408,0.927876,
2024-12-03,PLTR,66.41,71.37,66.15,70.96,100751400,0.792892,0.559401,0.930357,
2024-12-04,PLTR,71.13,71.18,67.28,69.85,86284800,0.615759,0.562837,0.637998,
2024-12-05,PLTR,70.11,72.98,69.89,71.87,66585800,0.580024,0.561204,0.589797,
2024-12-06,PLTR,72.95,76.82,72.28,76.34,93640900,0.573211,0.563932,0.612531,
2024-12-09,PLTR,80.58,80.91,71.05,72.46,168134800,0.637004,0.587641,0.647548,
2024-12-10,PLTR,71.99,75.56,70.73,70.89,89672500,0.646872,0.595869,0.652773,
2024-12-11,PLTR,72.98,73.0,68.07,72.51,89477700,0.678149,0.608688,0.65229,
2024-12-12,PLTR,72.3,75.38,71.9,73.2,73859700,0.672149,0.609372,0.652072,
2024-12-13,PLTR,73.49,76.1,72.45,76.07,76172800,0.673178,0.609828,0.646324,65.0
2024-12-16,PLTR,75.06,77.82,71.16,75.75,126099600,0.694857,0.619387,0.546527,68.85
2024-12-17,PLTR,73.28,75.32,71.7,74.39,75469400,0.678169,0.625316,0.473648,66.13
2024-12-18,PLTR,74.3,77.6,70.27,71.51,109643400,0.700018,0.63712,0.499159,69.84
2024-12-19,PLTR,73.99,76.59,73.37,74.21,99524300,0.70261,0.642325,0.504577,73.44
2024-12-20,PLTR,72.64,80.66,71.5,80.55,281230800,0.730223,0.653829,0.559991,81.54
2024-12-23,PLTR,80.65,82.02,77.41,80.69,93819500,0.741513,0.658075,0.546587,81.82
2024-12-24,PLTR,81.09,84.797,81.0,82.38,64983300,0.730682,0.66005,0.546967,80.6
2024-12-26,PLTR,83.16,83.49,81.3,82.14,60377100,0.730723,0.658906,0.549212,80.88
2024-12-27,PLTR,81.42,82.0,77.93,79.08,66975900,0.730622,0.6611,0.576068,78.26
2024-12-30,PLTR,77.04,79.24,76.11,77.18,60850900,0.743232,0.665438,0.587346,82.86
2024-12-31,PLTR,77.58,77.98,73.65,75.63,56267900,0.75287,0.669372,0.592285,83.1
2025-01-02,PLTR,76.2,76.53,72.42,75.19,72217200,0.757584,0.673475,0.549103,83.33
2025-01-03,PLTR,75.39,79.98,75.19,79.89,62415000,0.747443,0.672943,0.580722,80.82
2025-01-06,PLTR,78.69,80.06,74.61,75.92,105619500,0.759507,0.67786,0.609003,83.78
2025-01-07,PLTR,75.2,75.39,69.75,69.99,91727300,0.759339,0.680634,0.638212,82.67
2025-01-08,PLTR,68.12,69.53,66.51,68.23,91349500,0.709887,0.684059,0.61841,63.16
2025-01-10,PLTR,66.01,68.2,65.04,67.26,78148600,0.701064,0.689882,0.615917,58.44
2025-01-13,PLTR,64.29,65.68,63.4,64.98,69046300,0.672969,0.695279,0.618236,50.0
2025-01-14,PLTR,67.18,68.23,65.19,65.91,56814900,0.685824,0.695468,0.619983,54.43
2025-01-15,PLTR,68.55,68.85,67.08,68.14,56025800,0.700256,0.699488,0.615392,58.75
2025-01-16,PLTR,69.08,71.43,68.36,69.24,62908700,0.677717,0.701872,0.620125,50.62
2025-01-17,PLTR,70.9,72.34,69.95,71.77,54754000,0.66946,0.703448,0.633866,46.34
2025-01-21,PLTR,73.24,73.636,70.601,73.07,56229000,0.645003,0.706484,0.62123,43.37
2025-01-22,PLTR,74.5,77.16,73.8,76.87,66876400,0.632471,0.706688,0.633471,41.67
2025-01-23,PLTR,76.04,79.0,75.84,78.98,55937900,0.598196,0.7077,0.567838,40.0
2025-01-24,PLTR,79.05,82.24,78.44,78.98,77931900,0.595243,0.711157,0.567761,39.53
2025-01-27,PLTR,74.07,76.72,72.67,75.44,76093300,0.637158,0.728271,0.582849,44.83
2025-01-28,PLTR,75.54,80.74,74.04,80.23,65916700,0.655085,0.733479,0.628197,47.73
2025-01-29,PLTR,79.95,80.82,77.81,79.76,49262200,0.65267,0.734578,0.613426,47.19
2025-01-30,PLTR,80.02,81.83,79.38,81.22,46067500,0.642844,0.730099,0.609207,44.44
2025-01-31,PLTR,81.0,85.22,80.87,82.49,78731000,0.64241,0.733619,0.604644,43.96
2025-02-03,PLTR,80.125,84.25,78.47,83.74,126592700,0.646587,0.738833,0.604524,46.74
2025-02-04,PLTR,102.8,106.91,100.51,103.83,230806800,0.992018,0.793331,0.944527,98.92
2025-02-05,PLTR,101.78,103.57,99.32,101.36,90628300,0.986562,0.786226,0.924951,97.87
2025-02-06,PLTR,101.09,111.545,100.26,111.28,128217500,0.98877,0.78759,0.892321,97.89
2025-02-07,PLTR,111.66,116.3,110.45,110.85,143795400,0.986914,0.790502,0.87991,96.88
2025-02-10,PLTR,112.03,116.76,108.72,116.65,99938100,0.982292,0.790542,0.872438,94.85
2025-02-11,PLTR,116.5,118.66,112.1,112.62,94311700,0.967448,0.791684,0.873075,93.88
2025-02-12,PLTR,110.29,117.59,110.0,117.39,75316900,0.968102,0.789555,0.872937,93.94
2025-02-13,PLTR,117.31,118.39,115.15,117.91,60027000,0.962145,0.788858,0.877001,92.0
2025-02-14,PLTR,117.9,120.67,116.8,119.16,65528900,0.958019,0.78523,0.878159,91.09
2025-02-18,PLTR,120.94,125.0,118.43,124.62,84227200,0.960195,0.777042,0.879904,91.18
2025-02-19,PLTR,123.86,125.41,108.56,112.06,147487300,0.996306,0.790225,1.000151,99.03
2025-02-20,PLTR,102.91,107.4,95.8,106.27,243093900,1.081632,0.824517,1.027251,99.04
2025-02-21,PLTR,107.68,109.07,100.0,101.35,129063200,1.095216,0.828708,1.050542,99.05
2025-02-24,PLTR,95.88,99.01,89.3,90.68,184485000,1.12772,0.845777,1.138577,99.06
2025-02-25,PLTR,90.65,91.7,85.25,87.84,132626300,1.109768,0.844725,1.131014,98.13
2025-02-26,PLTR,89.16,91.69,87.59,89.31,94428700,1.103645,0.846743,1.113696,97.22
2025-02-27,PLTR,91.91,93.62,84.17,84.77,99680500,1.121075,0.853551,1.131868,98.17
2025-02-28,PLTR,79.98,85.18,78.58,84.92,125977400,1.150626,0.866124,1.130463,99.09
2025-03-03,PLTR,88.55,90.48,82.53,83.42,114573900,1.166241,0.876081,1.131459,99.1
2025-03-04,PLTR,80.16,88.5,79.3,84.4,116800300,1.188363,0.889006,1.130951,99.11
2025-03-05,PLTR,86.35,90.3,82.5,90.13,116053000,0.936523,0.894658,0.842455,81.42
2025-03-06,PLTR,87.505,88.34,80.01,80.46,117340600,0.948415,0.900527,0.922387,81.58
2025-03-07,PLTR,80.025,85.16,79.15,84.91,105377100,0.941553,0.900785,0.872041,80.87
2025-03-10,PLTR,82.0,82.69,74.57,76.38,136843800,0.954731,0.894148,0.930286,81.9
2025-03-11,PLTR,75.785,80.745,75.53,78.05,109351500,0.951511,0.892563,0.906674,81.2
2025-03-12,PLTR,83.48,84.55,79.86,83.65,116525100,0.995868,0.897133,0.958006,90.68
2025-03-13,PLTR,82.845,83.74,78.32,79.62,100927200,0.996948,0.898178,0.941263,91.6
2025-03-14,PLTR,82.97,87.27,82.16,86.24,113985000,1.016444,0.903165,1.002696,91.67
2025-03-17,PLTR,88.44,88.82,84.5,87.35,99348900,1.027197,0.898923,1.003504,91.74
2025-03-18,PLTR,85.78,86.17,81.8,83.89,93236500,1.02537,0.89758,0.980892,90.98
2025-03-19,PLTR,84.55,87.99,82.86,86.1,89797400,0.998974,0.891429,0.937681,89.43
2025-03-20,PLTR,85.54,89.8,85.12,87.39,105547400,0.914083,0.889411,0.93034,74.19
2025-03-21,PLTR,85.85,91.07,84.46,90.96,116748700,0.912097,0.885113,0.935204,73.6
2025-03-24,PLTR,93.4,97.39,92.28,96.75,112164700,0.873715,0.884871,0.875189,73.02
2025-03-25,PLTR,97.22,98.17,95.08,96.5,78015300,0.86114,0.883186,0.865758,72.44
2025-03-26,PLTR,96.29,97.3,90.82,92.28,81428600,0.864613,0.886025,0.881792,72.66
2025-03-27,PLTR,91.015,93.65,89.67,90.09,82823000,0.84489,0.886573,0.8645,71.32
2025-03-28,PLTR,89.34,89.38,84.1,85.85,91091700,0.813653,0.886404,0.88347,70.77
2025-03-31,PLTR,80.0,84.65,78.75,84.4,108092900,0.829238,0.898194,0.883258,70.99
2025-04-01,PLTR,83.89,85.28,81.82,84.68,78980700,0.78578,0.895965,0.882363,63.64
2025-04-02,PLTR,82.4,88.405,82.3,87.45,96563100,0.764076,0.898786,0.85702,61.65
2025-04-03,PLTR,81.25,85.68,81.01,83.6,93878200,0.789925,0.909187,0.768221,64.93
2025-04-04,PLTR,80.07,80.98,71.93,74.01,147323200,0.825923,0.920348,0.858536,71.11
2025-04-07,PLTR,66.65,81.8,66.12,77.84,169083700,0.956277,0.969291,0.796534,80.15
2025-04-08,PLTR,83.29,86.114,75.22,77.32,135345600,1.02552,0.990505,0.793118,91.97
2025-04-09,PLTR,78.19,93.33,77.27,92.01,187244300,1.023339,1.001735,0.980152,90.58
2025-04-10,PLTR,88.4,90.78,84.14,88.59,124448200,1.034956,1.005937,0.972549,92.81
2025-04-11,PLTR,87.98,89.55,85.47,88.55,95130700,1.01628,1.003498,0.931849,88.57
2025-04-14,PLTR,95.8,97.33,91.46,92.62,122836900,1.06131,1.017991,0.944004,92.91
2025-04-15,PLTR,93.53,98.99,93.05,98.4,118457700,1.059957,1.017596,0.950516,92.25
2025-04-16,PLTR,96.28,97.3,89.62,92.71,121997600,1.06755,1.020606,0.977148,93.01
2025-04-17,PLTR,94.71,95.11,92.27,93.78,83991800,1.069681,1.020663,0.976707,93.06
2025-04-21,PLTR,92.84,96.475,89.31,90.8,83831100,1.077145,1.025614,0.97459,93.1
2025-04-22,PLTR,93.015,96.34,91.35,93.99,91185400,1.07824,1.026681,0.956335,93.15
2025-04-23,PLTR,98.86,103.76,97.83,100.82,112909500,1.10466,1.025289,0.989463,95.24
2025-04-24,PLTR,101.53,108.0,100.91,107.78,103190700,1.100359,1.022765,0.998452,93.92
2025-04-25,PLTR,108.05,112.88,106.55,112.78,103933800,1.098961,1.023185,0.999527,93.29
2025-04-28,PLTR,113.78,114.86,108.87,114.65,111082900,1.102649,1.026755,0.974569,94.0
2025-04-29,PLTR,113.98,117.23,113.24,116.08,79709000,1.070964,1.024608,0.967527,89.4
2025-04-30,PLTR,111.61,118.78,110.54,118.44,109461700,1.079293,1.024973,0.966457,90.79
2025-05-01,PLTR,120.04,120.19,116.0,116.2,90677600,1.074748,0.928092,0.972734,88.89
2025-05-02,PLTR,118.66,124.42,118.63,124.28,103094300,1.037512,0.927892,0.963633,85.06
2025-05-05,PLTR,123.7,125.255,121.36,123.77,135961300,0.99657,0.924149,0.812901,78.71
2025-05-06,PLTR,112.71,113.91,105.32,108.86,201193400,0.915033,0.943926,0.972796,66.67
2025-05-07,PLTR,107.97,111.85,107.0,110.48,95428800,0.840874,0.940311,0.968902,62.42
2025-05-08,PLTR,112.28,120.38,112.07,119.15,126966200,0.794421,0.941191,0.808286,57.59
2025-05-09,PLTR,118.97,119.16,114.9,117.3,81005300,0.763024,0.940663,0.793471,51.57
2025-05-12,PLTR,120.78,120.935,115.01,118.46,94257300,0.770332,0.945371,0.791818,52.5
2025-05-13,PLTR,119.92,130.6,119.31,128.1,147155400,0.726183,0.950056,0.817182,42.86
2025-05-14,PLTR,129.01,133.49,127.559,130.18,96611500,0.727553,0.94917,0.800265,43.83
2025-05-15,PLTR,128.37,130.2,125.74,128.12,69503000,0.704062,0.93623,0.761112,39.26
2025-05-16,PLTR,129.23,130.33,126.76,129.52,57003700,0.70012,0.906672,0.761164,35.98
2025-05-19,PLTR,124.715,127.77,124.32,126.33,72503900,0.690497,0.90401,0.755383,33.94
2025-05-20,PLTR,127.22,128.2,124.65,125.59,61265300,0.677735,0.889395,0.756216,31.93
2025-05-21,PLTR,125.16,127.11,119.41,120.58,80657700,0.649855,0.887402,0.750362,26.95
2025-05-22,PLTR,121.95,126.33,121.375,122.29,75498300,0.653188,0.887319,0.719188,27.98
2025-05-23,PLTR,120.88,125.54,120.68,123.31,65905800,0.650947,0.878643,0.704392,27.22
2025-05-27,PLTR,126.82,127.88,120.88,123.39,86455200,0.652952,0.872637,0.703059,28.24
2025-05-28,PLTR,124.23,125.65,122.91,123.76,64866000,0.652183,0.861666,0.702304,27.49
2025-05-29,PLTR,125.35,126.47,121.53,122.32,62929100,0.633197,0.848278,0.701218,22.09
2025-05-30,PLTR,123.53,131.94,122.75,131.78,185897600,0.639342,0.840122,0.742067,23.7
2025-06-02,PLTR,131.435,134.48,128.86,132.04,93218700,0.639155,0.833978,0.706288,23.56
2025-06-03,PLTR,133.07,135.28,130.1,133.17,91297700,0.642045,0.832937,0.706018,24.57
2025-06-04,PLTR,132.8,132.95,125.58,130.01,97306300,0.531681,0.825888,0.51983,18.18
2025-06-05,PLTR,129.27,132.85,118.93,119.91,131055900,0.567732,0.830949,0.608708,18.64
2025-06-06,PLTR,123.73,128.13,121.92,127.72,87175100,0.570203,0.818664,0.590661,19.1
2025-06-09,PLTR,127.075,132.23,124.8,132.06,74785600,0.575984,0.817074,0.595253,20.11
2025-06-10,PLTR,131.02,134.07,129.41,132.81,69308900,0.560307,0.810764,0.595074,18.33
2025-06-11,PLTR,133.92,140.0,132.99,136.39,97366000,0.546561,0.808332,0.537008,18.23
2025-06-12,PLTR,136.4,137.1,134.63,135.19,56248200,0.536718,0.804782,0.536316,18.13
2025-06-13,PLTR,133.815,139.99,133.35,137.4,93519000,0.539859,0.803172,0.534275,18.58
2025-06-16,PLTR,140.03,144.86,139.812,141.41,80779800,0.546487,0.802927,0.541282,19.02
2025-06-17,PLTR,141.485,141.69,136.08,138.2,70479100,0.529268,0.800384,0.539906,17.3
2025-06-18,PLTR,139.04,140.36,137.49,139.96,58260200,0.52812,0.796708,0.539194,17.2
2025-06-20,PLTR,140.69,142.24,136.742,137.3,87067000,0.517809,0.797052,0.51984,17.11
2025-06-23,PLTR,138.9,142.15,135.96,139.92,70501100,0.515788,0.795416,0.521054,17.02
2025-06-24,PLTR,140.98,143.66,137.8,143.23,58574200,0.51418,0.79461,0.524394,16.4
2025-06-25,PLTR,144.49,147.67,141.53,142.9,61435300,0.502507,0.793206,0.52501,14.21
2025-06-26,PLTR,144.85,148.215,142.91,144.25,69440500,0.508784,0.778663,0.524799,15.18
2025-06-27,PLTR,144.87,144.97,130.54,130.74,202598600,0.523092,0.781697,0.643802,19.27
2025-06-30,PLTR,137.79,138.875,134.8,136.32,97305600,0.54047,0.78484,0.605166,22.28
2025-07-01,PLTR,135.27,136.32,128.51,130.68,91479700,0.545955,0.769345,0.624935,22.68
2025-07-02,PLTR,131.47,133.6,130.19,132.12,59732000,0.541483,0.751674,0.625463,22.56
2025-07-03,PLTR,134.36,135.62,132.51,134.36,41812500,0.523926,0.678797,0.621793,19.39
2025-07-07,PLTR,134.38,139.29,132.32,139.12,71959700,0.486909,0.648575,0.549579,11.68
2025-07-08,PLTR,138.775,139.855,135.79,139.71,59834800,0.476282,0.625301,0.508696,11.11
2025-07-09,PLTR,139.655,143.17,137.39,143.13,68494800,0.468696,0.611474,0.502753,10.55
2025-07-10,PLTR,143.31,145.16,139.53,142.5,64383900,0.468574,0.609828,0.503589,10.5
2025-07-11,PLTR,142.11,144.58,141.47,142.1,52134800,0.45695,0.586296,0.496484,10.45
2025-07-14,PLTR,142.72,149.575,142.22,149.15,81774400,0.462862,0.584843,0.520835,10.89
2025-07-15,PLTR,148.93,150.62,147.36,148.58,59126200,0.449534,0.573291,0.519925,10.34
2025-07-16,PLTR,149.3,151.51,147.674,150.91,57550300,0.440862,0.571447,0.513626,10.29
2025-07-17,PLTR,151.56,155.68,150.82,153.99,60165500,0.437119,0.562246,0.507223,10.24
2025-07-18,PLTR,154.86,154.92,151.9,153.52,45771600,0.436866,0.556961,0.507312,10.19
2025-07-21,PLTR,153.88,155.44,151.36,151.79,45072800,0.433619,0.543611,0.503171,10.14
2025-07-22,PLTR,150.85,151.79,145.062,149.07,49880800,0.437923,0.544339,0.506748,11.54
2025-07-23,PLTR,149.74,155.0,148.287,154.63,48062000,0.434101,0.542808,0.515849,10.53
2025-07-24,PLTR,153.98,155.63,152.575,154.86,38925700,0.425974,0.535757,0.515426,10.0
2025-07-25,PLTR,155.63,160.39,155.58,158.8,57972300,0.419902,0.535116,0.520599,9.95
2025-07-28,PLTR,159.88,160.28,153.04,157.88,63886900,0.411136,0.528221,0.354602,9.91
2025-07-29,PLTR,158.715,160.14,154.91,156.24,42427200,0.371015,0.528416,0.339529,4.23
2025-07-30,PLTR,157.365,159.38,156.56,158.61,40261700,0.349446,0.526249,0.286464,0.0
2025-07-31,PLTR,159.99,160.89,156.73,158.35,45342600,0.350283,0.525466,0.289199,0.47
2025-08-01,PLTR,155.05,158.19,151.058,154.27,61287000,0.367977,0.481224,0.313068,3.24
2025-08-04,PLTR,158.53,161.4,157.93,160.66,82993600,0.367748,0.480446,0.320474,2.76
2025-08-05,PLTR,171.81,176.33,169.22,173.27,130917500,0.434984,0.49454,0.401495,14.22
2025-08-06,PLTR,171.175,180.581,171.01,179.54,82924800,0.438265,0.495463,0.408497,15.98
2025-08-07,PLTR,181.01,184.48,178.17,182.2,77829200,0.435183,0.489515,0.404341,14.55
2025-08-08,PLTR,184.735,187.99,184.41,186.96,62657900,0.43238,0.480059,0.402918,13.12
2025-08-11,PLTR,186.47,187.18,181.92,182.68,56125600,0.43053,0.477204,0.401259,13.06
2025-08-12,PLTR,184.7,190.0,182.1,186.97,54819000,0.437264,0.47659,0.400253,16.59
2025-08-13,PLTR,189.0,189.46,183.59,184.37,53610000,0.437735,0.476036,0.409908,16.96
2025-08-14,PLTR,182.41,185.33,179.2,181.02,53472900,0.44397,0.469519,0.419907,18.67
2025-08-15,PLTR,179.725,180.0,173.38,177.17,60288700,0.454004,0.472169,0.431344,19.47
2025-08-18,PLTR,175.27,177.9,171.39,174.03,62656600,0.461864,0.469823,0.435673,20.26
2025-08-19,PLTR,171.36,172.3,156.9,157.75,137922700,0.476602,0.475171,0.568938,22.81
2025-08-20,PLTR,152.3,156.46,142.34,156.01,220336400,0.555823,0.501616,0.556425,35.37
2025-08-21,PLTR,157.17,157.97,153.81,156.18,94678600,0.557326,0.495623,0.556417,35.65
2025-08-22,PLTR,155.315,163.2,151.77,158.74,102099200,0.578318,0.504078,0.55207,38.1
2025-08-25,PLTR,156.1,158.59,149.37,157.17,86879800,0.591188,0.511883,0.552839,38.79
2025-08-26,PLTR,155.39,162.13,154.57,160.87,86573700,0.595315,0.510908,0.557506,39.48
2025-08-27,PLTR,162.32,162.4,155.98,156.72,76380600,0.598095,0.509148,0.563327,39.74
2025-08-28,PLTR,157.63,158.23,152.55,158.12,57885200,0.60547,0.510484,0.564309,40.43
2025-08-29,PLTR,156.98,158.42,153.0,156.71,45270500,0.597807,0.506118,0.557054,39.41
2025-09-02,PLTR,151.2,158.39,150.28,157.09,65435000,0.609789,0.499445,0.536999,40.93
2025-09-03,PLTR,158.0,161.15,152.71,154.9,66052300,0.559022,0.497347,0.455261,34.87
2025-09-04,PLTR,154.865,157.04,153.16,156.14,53292300,0.554098,0.49345,0.432139,33.89
2025-09-05,PLTR,157.82,158.97,148.04,153.11,81855900,0.573596,0.500532,0.426421,37.08
2025-09-08,PLTR,154.91,158.3,154.84,156.1,47643000,0.57432,0.496849,0.42007,37.34
2025-09-09,PLTR,157.25,162.75,156.37,162.36,61359500,0.578249,0.498096,0.449678,38.02
2025-09-10,PLTR,166.0,169.0,163.44,166.74,62211400,0.580545,0.496998,0.452756,39.09
2025-09-11,PLTR,167.24,167.458,163.22,164.36,42025500,0.578288,0.493736,0.452848,38.11
2025-09-12,PLTR,165.35,171.53,164.01,171.43,54498500,0.579149,0.493283,0.480547,38.78
2025-09-15,PLTR,169.6,171.8,167.41,171.21,45396100,0.575028,0.494518,0.4754,36.99
2025-09-16,PLTR,171.04,171.31,168.96,170.26,34598700,0.568891,0.492744,0.471841,35.22
2025-09-17,PLTR,169.02,169.68,161.27,168.33,69255500,0.565548,0.496705,0.306494,34.68
2025-09-18,PLTR,170.27,178.8,169.39,176.97,70768600,0.497525,0.496924,0.34321,22.49
2025-09-19,PLTR,177.07,184.42,176.71,182.39,109129900,0.4988,0.495743,0.352739,22.8
2025-09-22,PLTR,180.88,182.25,178.29,179.33,45916700,0.474819,0.493774,0.36168,20.32
2025-09-23,PLTR,182.51,185.75,177.01,182.55,62354800,0.461533,0.491655,0.358756,18.25
2025-09-24,PLTR,183.91,184.85,177.12,179.56,45379700,0.460646,0.481959,0.363306,18.25
2025-09-25,PLTR,175.8,184.32,174.29,179.12,72321200,0.480501,0.484614,0.345235,22.22
2025-09-26,PLTR,179.05,180.12,174.91,177.57,44275800,0.4721,0.485051,0.349358,21.03
2025-09-29,PLTR,179.64,181.48,177.16,178.86,38413800,0.467782,0.484496,0.344986,19.84
2025-09-30,PLTR,178.98,182.77,178.22,182.42,43561700,0.438415,0.481499,0.347649,16.27
2025-10-01,PLTR,181.32,186.28,179.5,184.95,45717300,0.429066,0.481347,0.338725,11.51
2025-10-02,PLTR,186.7,188.2,182.95,187.05,39849200,0.432153,0.480673,0.338814,12.3
2025-10-03,PLTR,186.4,186.84,170.77,173.07,105533400,0.429002,0.486508,0.448788,11.51
2025-10-06,PLTR,179.18,182.95,177.83,179.53,52504200,0.444964,0.491734,0.45962,18.65
2025-10-07,PLTR,180.31,186.18,179.42,182.17,58179300,0.448938,0.492389,0.444693,19.05
2025-10-08,PLTR,182.8,184.26,181.2,183.56,36299700,0.438492,0.491987,0.437931,17.86
2025-10-09,PLTR,183.58,187.62,179.95,185.47,45050300,0.445933,0.494,0.432326,19.05
2025-10-10,PLTR,185.17,187.1,173.53,175.44,55194000,0.461621,0.499308,0.462281,21.43
2025-10-13,PLTR,178.68,179.22,173.45,177.21,41332400,0.466228,0.502048,0.463235,22.22
2025-10-14,PLTR,176.0,182.34,170.82,179.74,49261400,0.490177,0.508709,0.464415,25.79
2025-10-15,PLTR,181.655,184.35,176.02,179.62,37372100,0.477929,0.508162,0.461644,24.6
2025-10-16,PLTR,181.78,184.82,176.45,178.12,42870900,0.477274,0.509615,0.428469,24.21
2025-10-17,PLTR,177.75,181.59,173.95,178.15,43421500,0.480119,0.51209,0.413735,24.6
2025-10-20,PLTR,179.49,183.09,177.44,181.59,31975800,0.481019,0.512438,0.415324,25.0
2025-10-21,PLTR,182.06,182.389,178.65,181.51,27528100,0.467868,0.508425,0.41034,20.63
2025-10-22,PLTR,181.93,182.21,169.42,175.49,58263100,0.490455,0.516518,0.423701,25.79
2025-10-23,PLTR,175.445,181.56,175.01,180.48,35812300,0.467981,0.517412,0.436096,20.24
2025-10-24,PLTR,182.88,186.17,182.85,184.63,34813500,0.465432,0.517202,0.441659,18.65
2025-10-27,PLTR,188.97,192.83,187.52,189.18,47153100,0.471304,0.514548,0.448498,21.03
2025-10-28,PLTR,189.48,191.78,186.78,189.6,38201000,0.472654,0.512679,0.444029,21.43
2025-10-29,PLTR,191.08,199.85,190.49,198.81,65537300,0.471581,0.494157,0.471181,20.63
2025-10-30,PLTR,198.425,199.67,194.12,194.55,43541700,0.469602,0.491702,0.47852,19.84
2025-10-31,PLTR,199.2,204.18,197.92,200.47,52697600,0.452229,0.493384,0.384146,13.89
2025-11-03,PLTR,205.045,207.52,201.82,207.18,81016800,0.44444,0.495727,0.380591,11.9
2025-11-04,PLTR,192.07,195.7,185.56,190.74,121380900,0.539445,0.524759,0.494862,30.95
2025-11-05,PLTR,189.0,190.32,181.21,187.9,76121000,0.555709,0.527343,0.498143,33.73
2025-11-06,PLTR,187.99,191.09,174.53,175.05,78468600,0.570687,0.534411,0.558055,36.9
2025-11-07,PLTR,173.15,178.7,168.91,177.93,73989700,0.570315,0.537789,0.525402,36.9
2025-11-10,PLTR,184.31,194.93,183.52,193.61,87764200,0.582975,0.542873,0.603531,42.06
2025-11-11,PLTR,190.335,192.925,187.13,190.96,49819700,0.571218,0.542963,0.605696,37.7
2025-11-12,PLTR,190.58,190.58,180.4,184.17,55347100,0.573316,0.539242,0.621501,38.49
2025-11-13,PLTR,181.715,182.7,170.731,172.14,63188800,0.577682,0.517613,0.667454,40.48
2025-11-14,PLTR,166.975,177.29,164.5,174.01,62596800,0.600191,0.527923,0.668916,46.03
2025-11-17,PLTR,170.53,174.24,167.68,171.25,50339000,0.605506,0.523548,0.66639,46.83
2025-11-18,PLTR,168.37,172.83,165.5,167.33,53710100,0.613816,0.518914,0.670131,47.62
2025-11-19,PLTR,167.8,169.6,162.42,165.42,46108200,0.596964,0.518835,0.66167,44.84
2025-11-20,PLTR,172.07,174.57,154.395,155.745,78443900,0.648124,0.537581,0.680781,53.57
2025-11-21,PLTR,156.01,158.11,147.56,154.85,71346400,0.668832,0.543458,0.67152,56.75
2025-11-24,PLTR,157.47,165.17,157.0,162.25,57877800,0.671726,0.545391,0.690551,57.54
2025-11-25,PLTR,160.07,164.65,156.555,163.55,36523500,0.680085,0.541823,0.691948,60.71
2025-11-26,PLTR,166.85,168.339,163.88,165.77,34610500,0.681087,0.539764,0.66629,61.11
2025-11-28,PLTR,167.76,168.8,165.875,168.45,17199500,0.682695,0.539698,0.670281,61.51
2025-12-01,PLTR,165.0,169.1,163.12,167.49,27779600,0.67936,0.534853,0.655842,60.71
2025-12-02,PLTR,169.59,175.75,169.59,170.69,35368000,0.679777,0.537373,0.645783,61.11
2025-12-03,PLTR,170.14,177.91,168.83,176.08,30541600,0.622111,0.539105,0.599872,48.81
2025-12-04,PLTR,176.365,178.44,174.43,177.92,29217800,0.609556,0.53648,0.600467,47.62
2025-12-05,PLTR,178.23,182.153,177.16,181.76,32079300,0.589251,0.536552,0.548716,43.65
2025-12-08,PLTR,182.21,183.88,179.54,181.49,30456700,0.576242,0.535387,0.546137,40.48
2025-12-09,PLTR,180.97,182.85,180.38,181.84,18937600,0.552215,0.533972,0.448735,32.94
2025-12-10,PLTR,184.95,190.39,182.75,187.91,59398000,0.555402,0.537054,0.464307,33.73
2025-12-11,PLTR,184.8,188.05,180.21,187.54,36843200,0.556182,0.534874,0.445198,34.92
2025-12-12,PLTR,185.81,186.525,177.667,183.57,42427400,0.556887,0.536839,0.375804,35.32
2025-12-15,PLTR,185.08,187.78,180.03,183.25,32796100,0.53235,0.537626,0.375081,29.76
2025-12-16,PLTR,181.655,188.5,181.142,187.75,42070300,0.524422,0.538434,0.375853,28.57
2025-12-17,PLTR,187.715,187.75,176.5,177.29,50424700,0.517759,0.535953,0.425596,27.38
2025-12-18,PLTR,181.51,187.33,181.51,185.69,40221500,0.517183,0.53651,0.448511,27.38
2025-12-19,PLTR,186.74,195.0,186.73,193.38,76929400,0.455468,0.530852,0.390669,13.49
2025-12-22,PLTR,195.04,198.88,192.43,193.98,36686000,0.426736,0.53151,0.386928,3.17
2025-12-23,PLTR,192.825,195.37,191.735,194.13,24041000,0.41307,0.53098,0.364883,2.38
2025-12-24,PLTR,193.16,195.17,192.83,194.17,11710100,0.394798,0.530705,0.366203,1.98
2025-12-26,PLTR,195.015,196.35,188.62,188.71,26262000,0.391638,0.530106,0.388426,1.98
2025-12-29,PLTR,186.85,187.2,183.64,184.18,28242000,0.390802,0.52908,0.401434,1.98
2025-12-30,PLTR,184.35,184.729,180.7,180.84,23336300,0.377063,0.521645,0.408097,1.98
2025-12-31,PLTR,181.13,181.53,177.25,177.75,22997400,0.362004,0.516011,0.41054,0.79
2026-01-02,PLTR,181.3,181.35,166.35,167.86,60634100,0.378994,0.520717,0.44583,2.78
2026-01-05,PLTR,174.88,175.82,171.79,174.04,39511700,0.403684,0.527468,0.464609,4.37
2026-01-06,PLTR,175.76,180.19,174.77,179.71,34838600,0.404766,0.525809,0.472952,4.76
2026-01-07,PLTR,179.8,187.28,177.66,181.68,45349000,0.421526,0.524724,0.474674,6.35
2026-01-08,PLTR,185.615,185.66,174.37,176.86,47304300,0.438939,0.527178,0.484091,14.29
2026-01-09,PLTR,177.02,178.72,174.75,177.49,31362900,0.430489,0.520488,0.467509,8.33
2026-01-12,PLTR,177.685,182.5,176.34,179.41,34954500,0.417034,0.518747,0.470005,5.95
2026-01-13,PLTR,178.875,181.1,176.14,178.96,27769400,0.399665,0.516512,0.464532,4.37
2026-01-14,PLTR,178.125,181.598,173.95,178.4,33651400,0.402674,0.516685,0.464577,4.76
2026-01-15,PLTR,178.71,180.6,176.53,177.07,31109200,0.395768,0.515832,0.45494,4.37
2026-01-16,PLTR,179.36,182.43,170.01,170.96,59483600,0.409103,0.521327,0.425605,6.35
2026-01-20,PLTR,167.625,171.97,166.24,168.53,36708500,0.416521,0.515892,0.387398,7.54
2026-01-21,PLTR,168.402,169.49,161.11,165.33,47851200,0.424629,0.51904,0.3508,9.13
2026-01-22,PLTR,168.925,169.0,164.95,165.9,28499500,0.423302,0.520128,0.350944,9.13
2026-01-23,PLTR,167.27,172.0,166.3,169.6,30285700,0.426867,0.518726,0.365678,10.71
2026-01-26,PLTR,168.21,170.59,167.325,167.47,22777200,0.430029,0.51879,0.365278,11.9
2026-01-27,PLTR,167.48,169.44,164.69,165.7,26542300,0.430389,0.51752,0.356979,12.3
2026-01-28,PLTR,164.4,165.045,157.24,157.35,44822800,0.433404,0.518619,0.387089,14.29
2026-01-29,PLTR,157.63,157.63,147.12,151.86,59846800,0.460281,0.522754,0.397911,24.21
2026-01-30,PLTR,150.05,151.0,145.139,146.59,47271000,0.468991,0.521702,0.408084,29.37
2026-02-02,PLTR,150.94,151.4,146.654,147.76,72811100,0.460359,0.496444,0.371148,24.6
2026-02-03,PLTR,165.05,165.078,153.12,157.88,113169200,0.603243,0.546625,0.427913,60.71
2026-02-04,PLTR,155.41,155.85,135.68,139.54,113199500,0.652679,0.559398,0.579284,66.67
2026-02-05,PLTR,136.82,137.98,128.32,130.01,93690800,0.657724,0.560717,0.607082,67.86
2026-02-06,PLTR,135.33,137.687,132.35,135.9,62661400,0.66607,0.560883,0.642834,68.25
2026-02-09,PLTR,136.58,145.87,134.776,142.91,58042500,0.685683,0.566028,0.679339,71.83
2026-02-10,PLTR,144.965,145.56,137.77,139.51,56061300,0.686937,0.565381,0.675898,72.22
2026-02-11,PLTR,139.025,139.25,132.95,135.68,52796100,0.690844,0.563804,0.676874,73.02
2026-02-12,PLTR,135.36,135.89,126.56,129.13,74090600,0.695118,0.557405,0.687063,73.41
2026-02-13,PLTR,127.9,133.56,126.233,131.41,49438100,0.708219,0.558046,0.696903,74.6
2026-02-17,PLTR,128.895,134.32,127.29,133.02,48407100,0.713049,0.559099,0.698933,75.0
2026-02-18,PLTR,135.89,140.963,134.87,135.38,59677100,0.714845,0.562154,0.70699,75.4
2026-02-19,PLTR,132.31,136.16,131.01,134.89,42197200,0.718723,0.549644,0.706746,75.79
2026-02-20,PLTR,132.365,136.21,131.17,135.24,53726800,0.726152,0.543949,0.706535,76.19
2026-02-23,PLTR,132.04,132.04,127.39,130.6,52512200,0.734734,0.545305,0.700937,77.38
2026-02-24,PLTR,129.005,130.24,126.37,128.84,47121400,0.73755,0.542535,0.700937,77.78
2026-02-25,PLTR,130.61,136.09,129.18,134.19,53078300,0.745278,0.544672,0.726547,78.17
2026-02-26,PLTR,133.845,137.51,132.63,135.94,45100000,0.746509,0.545841,0.714111,78.57
2026-02-27,PLTR,134.07,138.1,133.98,137.19,59412400,0.73499,0.543908,0.708293,77.78
2026-03-02,PLTR,140.775,147.14,140.52,145.17,72683900,0.739486,0.544979,0.730967,78.57
2026-03-03,PLTR,142.1,147.5,138.2,147.22,67460200,0.751826,0.550631,0.732213,79.76
2026-03-04,PLTR,148.43,154.52,148.06,153.19,60062200,0.617154,0.551971,0.705899,63.1
2026-03-05,PLTR,152.94,156.38,149.61,152.67,50714500,0.56703,0.554234,0.539858,50.4
2026-03-06,PLTR,150.44,161.45,150.29,157.16,74980900,0.567139,0.562113,0.466615,50.79
2026-03-09,PLTR,155.69,158.44,152.97,156.43,47574200,0.543298,0.564253,0.450228,44.84
2026-03-10,PLTR,155.99,156.657,150.14,151.14,47501400,0.525427,0.562698,0.442604,41.27
2026-03-11,PLTR,151.38,153.169,149.33,151.6,33955900,0.512287,0.558787,0.431079,38.1
2026-03-12,PLTR,153.01,155.88,150.98,153.5,54409800,0.508148,0.555135,0.414839,37.7
2026-03-13,PLTR,153.3,154.56,148.58,150.95,42460600,0.493876,0.554623,0.370507,36.51
2026-03-16,PLTR,152.45,153.86,151.17,152.72,32898900,0.484035,0.553175,0.369056,35.32
2026-03-17,PLTR,152.405,156.75,152.12,155.08,37118500,0.472801,0.552244,0.369755,32.14
2026-03-18,PLTR,154.945,156.69,152.61,152.77,32476700,0.450644,0.550298,0.376208,22.62
2026-03-19,PLTR,153.1,156.15,150.5,155.68,33915900,0.446355,0.55052,0.377014,21.83
2026-03-20,PLTR,155.2,156.65,149.09,150.68,48700200,0.448686,0.551422,0.402566,22.22
2026-03-23,PLTR,153.24,161.08,153.24,160.84,57507100,0.437943,0.553236,0.425853,18.25
2026-03-24,PLTR,160.07,162.4,151.64,154.78,56155700,0.455384,0.55919,0.452685,25.0
2026-03-25,PLTR,157.42,160.27,154.855,154.96,38543300,0.45259,0.56066,0.437683,24.6
2026-03-26,PLTR,153.055,153.12,147.25,147.56,43038400,0.452944,0.561435,0.479968,25.0
2026-03-27,PLTR,145.88,145.96,141.56,143.06,35790800,0.453636,0.563055,0.495255,25.4
2026-03-30,PLTR,143.27,144.12,136.3,137.55,41289800,0.445997,0.565592,0.471781,22.22
2026-03-31,PLTR,140.02,147.86,138.97,146.28,45558600,0.434738,0.5645,0.521624,15.48
2026-04-01,PLTR,147.0,148.3,144.47,146.49,34171000,0.430703,0.559053,0.499862,13.49
2026-04-02,PLTR,143.485,148.51,137.99,148.46,30437000,0.462858,0.569577,0.502875,30.95
2026-04-06,PLTR,148.36,150.61,146.631,147.93,25142200,0.436239,0.565882,0.489897,17.06
2026-04-07,PLTR,146.882,150.27,144.45,150.07,28671100,0.437392,0.563191,0.493694,18.65
2026-04-08,PLTR,154.765,156.28,139.17,140.76,64827700,0.485705,0.576981,0.529364,41.67
2026-04-09,PLTR,139.395,139.54,128.47,130.49,92361400,0.504902,0.581558,0.587089,44.84
2026-04-10,PLTR,128.48,129.2,122.68,128.06,116656800,0.523523,0.587549,0.583472,48.81
2026-04-13,PLTR,130.23,134.42,129.15,132.37,65772800,0.527669,0.587761,0.601319,50.4
2026-04-14,PLTR,134.427,138.07,134.0,135.7,52786800,0.533121,0.589365,0.6084,52.38
2026-04-15,PLTR,136.79,142.58,134.93,142.15,48389400,0.540963,0.587402,0.632348,54.37
2026-04-16,PLTR,144.29,145.55,139.53,142.76,43746000,0.548922,0.587213,0.631744,56.75
2026-04-17,PLTR,145.315,148.28,143.3,146.39,50657600,0.549982,0.585723,0.63504,57.14
2026-04-20,PLTR,145.0,147.2,143.83,145.89,33482700,0.545527,0.585163,0.625393,55.56
2026-04-21,PLTR,146.81,149.87,143.999,145.97,44830000,0.54558,0.585842,0.573672,55.95
2026-04-22,PLTR,148.36,152.68,147.41,152.62,43701500,0.531706,0.586627,0.584782,51.98
2026-04-23,PLTR,149.7,150.29,139.92,141.57,58654400,0.543839,0.591681,0.641548,55.95
2026-04-24,PLTR,142.96,143.33,138.93,143.09,38677200,0.547598,0.592641,0.621393,58.33
2026-04-27,PLTR,141.25,145.07,141.01,143.1,31275400,0.548855,0.587542,0.611584,58.73
2026-04-28,PLTR,142.3,143.85,140.42,141.18,24757200,0.542765,0.586083,0.596275,55.56
2026-04-29,PLTR,139.76,139.76,134.68,137.97,33348100,0.537283,0.585608,0.557243,53.57
2026-04-30,PLTR,138.475,140.2,136.65,139.11,32523600,0.537167,0.532127,0.558469,53.57
2026-05-01,PLTR,143.25,146.44,141.39,144.07,33219900,0.513412,0.515859,0.571817,46.43
2026-05-04,PLTR,147.75,149.64,145.225,146.03,70525900,0.518928,0.511791,0.574206,48.81
2026-05-05,PLTR,140.295,142.98,134.72,135.91,89747100,0.548085,0.514557,0.623687,60.71
2026-05-06,PLTR,133.71,135.7,131.15,133.79,55524800,0.512064,0.508888,0.585375,46.03
2026-05-07,PLTR,135.1,140.95,134.78,137.05,50184900,0.502944,0.50914,0.523776,44.84
2026-05-08,PLTR,135.865,137.88,133.02,137.8,41745400,0.486606,0.508435,0.517766,42.06
2026-05-11,PLTR,134.91,137.14,132.771,136.89,41414500,0.488483,0.505212,0.506899,42.86
2026-05-12,PLTR,136.6,137.43,133.46,136.0,38781100,0.485288,0.50192,0.500068,41.67
2026-05-13,PLTR,134.006,136.99,128.75,130.05,55189400,0.493281,0.503419,0.492713,44.44
2026-05-14,PLTR,129.65,134.48,129.45,133.73,37052600,0.483832,0.497371,0.50524,41.27
2026-05-15,PLTR,132.8,135.64,132.29,133.99,32629700,0.475408,0.494373,0.494562,38.49
2026-05-18,PLTR,132.5,135.935,131.33,135.14,32034600,0.478179,0.493092,0.496704,40.48
2026-05-19,PLTR,135.17,137.47,133.6,135.26,29777300,0.472492,0.488878,0.496745,37.3
2026-05-20,PLTR,134.145,137.24,132.42,137.15,31307700,0.468712,0.488679,0.468254,35.32
2026-05-21,PLTR,135.8,138.55,135.42,137.415,24311900,0.449992,0.484931,0.389076,25.79
2026-05-22,PLTR,137.425,139.02,134.3,136.88,27578000,0.444452,0.485098,0.386462,23.02
2026-05-26,PLTR,136.16,138.68,133.3,136.6,31723900,0.448225,0.486266,0.386368,25.0
2026-05-27,PLTR,133.3,135.73,131.63,132.51,34159800,0.456476,0.484514,0.397349,30.16
2026-05-28,PLTR,133.16,145.0,133.0,143.34,52085200,0.468592,0.482656,0.484175,36.51
2026-05-29,PLTR,147.825,157.779,145.79,156.54,92196600,0.502146,0.492006,0.572869,50.0
2026-06-01,PLTR,159.98,163.7,155.88,160.65,57654000,0.502883,0.494951,0.567609,50.79
2026-06-02,PLTR,156.69,159.55,149.8,152.17,43163100,0.510105,0.494672,0.604572,52.78
2026-06-03,PLTR,149.7,151.68,141.25,142.2,41072500,0.498898,0.499228,0.598136,50.0
2026-06-04,PLTR,145.46,146.37,140.272,141.7,40834000,0.508268,0.501821,0.59483,52.78
2026-06-05,PLTR,140.325,141.97,134.025,135.53,38283500,0.507158,0.505479,0.611987,52.38
2026-06-08,PLTR,135.68,137.76,135.28,136.47,26978900,0.500724,0.503924,0.612198,50.4
2026-06-09,PLTR,134.87,136.99,127.35,132.07,38680000,0.521028,0.511562,0.622624,58.33
2026-06-10,PLTR,129.325,133.185,128.8,130.21,30612600,0.526835,0.514794,0.623988,60.71
2026-06-11,PLTR,128.78,131.52,127.17,131.08,27554500,0.512981,0.515613,0.603837,55.56
2026-06-12,PLTR,130.915,131.09,126.65,127.99,35378000,0.514204,0.516061,0.600504,56.75
2026-06-15,PLTR,130.02,134.98,129.7,134.71,41748200,0.519175,0.516153,0.629717,59.13
2026-06-16,PLTR,134.59,134.59,129.62,133.25,30409900,0.524635,0.516583,0.630109,61.51
2026-06-17,PLTR,131.76,136.1,129.92,130.63,32290800,0.535736,0.51886,0.633707,65.08
2026-06-18,PLTR,130.84,131.43,125.01,128.47,55338000,0.544163,0.516823,0.632999,68.65
2026-06-22,PLTR,125.74,128.87,119.2,119.5,56924500,0.568697,0.523109,0.678244,76.59
2026-06-23,PLTR,120.15,120.94,116.18,116.7,44661900,0.568161,0.523572,0.68069,76.19
2026-06-24,PLTR,114.12,118.0,112.25,113.5,46520700,0.578728,0.528707,0.683848,81.75
2026-06-25,PLTR,111.38,112.15,106.37,107.27,61840100,0.5796,0.529562,0.700578,82.14
2026-06-26,PLTR,109.04,114.08,108.47,112.93,61360500,0.571696,0.527894,0.660244,77.38
2026-06-29,PLTR,116.23,119.08,114.7,115.7,45017400,0.556049,0.533074,0.563812,71.83
2026-06-30,PLTR,114.95,118.7,114.57,116.67,38069700,0.543256,0.523414,0.550138,65.08
2026-07-01,PLTR,120.05,128.25,119.35,125.73,58561300,0.554567,0.532585,0.617679,70.24
2026-07-02,PLTR,128.99,132.88,127.95,129.3,60641000,0.553225,0.535651,0.590916,69.44
2026-07-06,PLTR,127.24,134.069,126.64,132.54,37360100,0.554536,0.523681,0.600147,69.84
2026-07-07,PLTR,133.73,138.9,131.46,134.37,52570400,0.558585,0.522174,0.582492,73.02
2026-07-08,PLTR,129.49,132.39,126.71,132.22,40587800,0.581273,0.523081,0.584379,82.54
2026-07-09,PLTR,127.72,129.19,124.81,129.04,35286100,0.573549,0.526338,0.579155,77.38
2026-07-10,PLTR,132.14,132.28,125.77,126.79,31163000,0.577832,0.528605,0.580296,79.37
2026-07-13,PLTR,127.295,130.72,126.195,130.04,39786500,0.576673,0.526265,0.587435,78.57
2026-07-14,PLTR,123.61,135.79,122.64,133.72,49963700,0.626602,0.541653,0.588753,88.89
2026-07-15,PLTR,134.34,136.88,132.88,133.76,26064500,0.625005,0.53999,0.559589,88.49
2026-07-16,PLTR,133.08,136.21,128.68,134.44,28951300,0.63109,0.544941,0.558468,88.89
2026-07-17,PLTR,131.785,134.77,129.05,132.38,31875100,0.628898,0.546021,0.556555,88.49
2026-07-20,PLTR,131.88,136.62,131.82,134.85,30571300,0.620443,0.545059,0.55602,86.9
2026-07-21,PLTR,133.83,134.68,131.225,132.66,23161800,0.597511,0.539961,0.487393,82.54
2026-07-22,PLTR,132.22,132.345,123.45,124.57,38588300,0.604097,0.540813,0.535743,84.13
2026-07-23,PLTR,125.935,126.4,120.73,123.37,29757900,0.599015,0.543579,0.52557,82.94
2026-07-24,PLTR,125.165,125.31,122.02,122.92,21177000,0.592154,0.54477,0.47586,80.56
2026-07-27,PLTR,126.155,132.41,125.31,131.53,36708200,0.597282,0.547847,0.499049,81.35
2026-07-28,PLTR,125.84,127.19,117.89,123.53,43597300,0.629212,0.564177,0.553227,88.49
2026-07-29,PLTR,124.0,127.28,122.45,123.0,27207900,0.632865,0.561385,0.55351,88.89
2026-07-30,PLTR,121.14,123.67,120.27,122.26,27801600,0.608772,0.558294,0.48374,84.13
2026-07-31,PLTR,122.29,123.39,119.62,123.06,29085100,0.595755,0.550659,0.472302,79.37
2026-08-03,PLTR,126.7,126.965,123.657,125.65,77282900,0.602615,0.553633,0.469501,82.14
2026-08-04,PLTR,145.145,164.52,143.28,162.66,175034700,0.824941,0.641408,1.039026,99.6
2026-08-05,PLTR,162.0,166.08,158.25,158.43,63515900,0.81485,0.642747,1.043002,99.21
2026-08-06,PLTR,155.87,158.0,152.7,155.92,41751400,0.804818,0.642357,1.039865,98.81
2026-08-07,PLTR,160.07,172.41,159.96,172.01,77579900,0.806134,0.646142,1.080364,98.81
2026-08-10,PLTR,171.01,179.6,170.87,175.23,57402700,0.812633,0.644272,1.079795,98.81
2026-08-11,PLTR,174.18,177.94,172.72,174.94,43162500,0.770447,0.644637,1.080176,97.62
2026-08-12,PLTR,174.07,175.09,168.34,171.04,35220300,0.773216,0.645789,1.086884,97.62
2026-08-13,PLTR,173.4,179.91,172.33,179.01,36511200,0.763696,0.646285,1.092796,96.83
2026-08-14,PLTR,179.48,180.18,173.8,174.04,24065800,0.753632,0.646213,1.098306,96.43
2026-08-17,PLTR,174.06,176.275,172.301,172.55,24590900,0.751466,0.645365,1.100939,95.63
2026-08-18,PLTR,171.97,174.98,170.61,171.54,28082100,0.750849,0.645548,1.097935,95.24
2026-08-19,PLTR,172.61,176.82,169.771,175.19,36132600,0.744853,0.646045,1.060908,94.05
2026-08-20,PLTR,175.88,176.46,172.03,173.96,27018400,0.739258,0.644659,1.060069,93.25
2026-08-21,PLTR,173.98,182.44,172.55,179.94,40986600,0.745,0.644256,1.05864,94.05
2024-08-22,NFLX,69.1,70.15,68.624,68.896,27294000,,,,
2024-08-23,NFLX,69.413,69.607,67.863,68.673,23545000,,,,
2024-08-26,NFLX,68.726,69.059,68.164,68.844,13542000,,,,
2024-08-27,NFLX,68.853,70.789,68.692,69.572,31649000,,,,
2024-08-28,NFLX,69.583,69.667,67.71,68.384,24306000,,,,
2024-08-29,NFLX,69.0,69.98,68.607,69.248,21870000,,,,
2024-08-30,NFLX,70.036,70.186,68.816,70.135,32667000,,,,
2024-09-03,NFLX,70.01,70.386,67.101,67.532,31610000,,,,
2024-09-04,NFLX,67.331,68.465,67.306,67.968,17853000,,,,
2024-09-05,NFLX,67.314,68.731,67.186,68.362,18101000,,,,
2024-09-06,NFLX,68.186,68.315,66.234,66.577,29913000,,,,
2024-09-09,NFLX,67.4,68.35,67.214,67.542,26831000,,,,
2024-09-10,NFLX,67.687,68.059,66.581,67.362,20792000,,,,
2024-09-11,NFLX,67.746,68.297,66.08,68.147,23919000,,,,
2024-09-12,NFLX,68.492,69.488,68.22,68.68,25821000,,,,
2024-09-13,NFLX,68.001,69.964,68.0,69.706,22765000,,,,
2024-09-16,NFLX,70.0,70.302,68.863,69.65,18437000,,,,
2024-09-17,NFLX,70.082,70.763,69.837,70.691,22986000,,,,
2024-09-18,NFLX,70.755,70.755,68.8,69.047,29844000,,,,
2024-09-19,NFLX,70.5,71.566,69.537,70.432,42285000,,,,
2024-09-20,NFLX,70.555,70.667,69.631,70.103,39981000,0.276081,,0.251093,
2024-09-23,NFLX,70.239,71.225,69.916,70.537,32243000,0.272894,,0.251272,
2024-09-24,NFLX,70.663,72.244,70.445,72.226,35657000,0.274272,,0.263501,
2024-09-25,NFLX,72.1,72.512,71.621,72.156,22598000,0.265489,,0.261955,
2024-09-26,NFLX,72.473,72.526,70.172,71.143,28330000,0.268851,,0.259195,
2024-09-27,NFLX,70.836,71.071,70.125,70.735,23956000,0.266971,,0.257426,
2024-09-30,NFLX,70.7,71.121,70.282,70.927,17099000,0.259516,,0.253836,
2024-10-01,NFLX,71.364,71.776,69.859,70.613,28135000,0.251829,,0.210917,
2024-10-02,NFLX,70.613,71.621,70.469,71.109,17582000,0.251001,,0.211076,
2024-10-03,NFLX,70.426,70.881,70.0,70.68,22564000,0.248653,,0.21263,
2024-10-04,NFLX,71.332,72.101,70.882,71.97,22290000,0.245431,,0.192302,
2024-10-07,NFLX,71.476,71.588,69.643,70.192,33605000,0.247565,,0.213481,
2024-10-08,NFLX,70.388,72.506,70.355,72.176,31874000,0.247441,,0.231531,
2024-10-09,NFLX,71.925,72.859,71.887,72.743,19811000,0.230822,,0.230159,
2024-10-10,NFLX,72.329,73.385,72.25,73.029,27679000,0.229304,,0.229558,
2024-10-11,NFLX,73.49,73.6,72.122,72.279,22995000,0.224461,,0.229832,
2024-10-14,NFLX,72.5,72.662,71.131,71.3,27971000,0.221984,,0.236196,
2024-10-15,NFLX,71.251,71.34,69.978,70.598,29328000,0.224278,,0.233517,
2024-10-16,NFLX,70.343,70.559,69.782,70.2,24943000,0.221763,,0.217784,
2024-10-17,NFLX,70.435,70.441,67.788,68.765,89267000,0.215224,,0.218305,
2024-10-18,NFLX,73.764,76.628,73.623,76.389,159741000,0.333634,,0.435297,
2024-10-21,NFLX,76.576,77.3,75.66,77.207,60571000,0.335003,,0.435844,
2024-10-22,NFLX,76.527,76.97,76.112,76.424,29873000,0.336322,,0.432676,
2024-10-23,NFLX,76.283,76.379,74.426,74.929,37490000,0.338945,,0.439939,
2024-10-24,NFLX,75.197,75.582,74.625,75.455,26430000,0.332197,,0.436109,
2024-10-25,NFLX,75.617,76.85,75.353,75.468,28195000,0.334275,,0.435048,
2024-10-28,NFLX,75.868,75.868,74.788,74.912,28624000,0.333622,,0.436687,
2024-10-29,NFLX,75.113,76.388,74.801,75.944,36604000,0.330946,,0.437476,
2024-10-30,NFLX,75.808,75.979,75.228,75.374,17220000,0.32977,,0.439035,
2024-10-31,NFLX,75.393,76.079,75.223,75.603,30577000,0.326257,,0.437757,
2024-11-01,NFLX,75.348,76.38,74.777,75.61,29968000,0.328164,,0.434379,
2024-11-04,NFLX,75.314,76.248,74.969,75.551,19022000,0.324811,,0.422396,
2024-11-05,NFLX,75.735,76.753,75.627,76.391,22006000,0.322056,,0.413749,
2024-11-06,NFLX,77.15,78.149,75.738,78.021,36908000,0.330771,,0.418535,
2024-11-07,NFLX,78.137,79.822,77.994,79.654,32951000,0.329742,,0.422979,
2024-11-08,NFLX,79.736,79.906,78.865,79.504,19106000,0.329631,,0.42015,
2024-11-11,NFLX,79.59,80.682,79.557,80.544,23992000,0.328231,,0.415287,
2024-11-12,NFLX,80.75,82.037,80.375,81.95,28141000,0.326753,,0.412612,
2024-11-13,NFLX,82.262,83.699,82.054,83.047,27678000,0.327161,,0.410102,
2024-11-14,NFLX,83.367,84.1,83.002,83.726,30382000,0.316847,,0.395522,
2024-11-15,NFLX,83.204,83.204,81.649,82.396,36737000,0.198839,0.273919,0.187375,
2024-11-18,NFLX,81.55,84.845,80.933,84.705,40812000,0.211813,0.277026,0.204545,
2024-11-19,NFLX,83.975,87.449,83.916,87.132,38142000,0.218544,0.279772,0.212931,
2024-11-20,NFLX,87.998,89.06,86.84,88.385,40938000,0.221808,0.278932,0.19021,
2024-11-21,NFLX,88.393,90.8,87.724,89.748,45113000,0.231145,0.279958,0.191758,
2024-11-22,NFLX,89.6,90.6,89.3,89.779,32140000,0.226681,0.279175,0.191657,
2024-11-25,NFLX,90.205,90.205,86.422,86.559,60142000,0.235444,0.278888,0.244637,
2024-11-26,NFLX,86.749,88.636,86.725,87.26,31383000,0.239366,0.276203,0.243481,
2024-11-27,NFLX,87.206,88.095,85.891,87.734,25782000,0.246066,0.277576,0.237533,
2024-11-29,NFLX,88.217,89.241,87.668,88.681,20272000,0.248329,0.276395,0.237146,
2024-12-02,NFLX,88.751,90.234,88.412,89.774,23890000,0.24613,0.275195,0.235707,
2024-12-03,NFLX,89.436,90.269,88.803,90.217,24016000,0.245324,0.274312,0.233561,
2024-12-04,NFLX,89.805,91.597,89.805,91.106,26896000,0.246784,0.273796,0.233448,
2024-12-05,NFLX,91.785,92.7,91.111,91.787,28353000,0.236522,0.269738,0.228889,
2024-12-06,NFLX,91.523,93.527,91.271,93.474,29554000,0.236825,0.269423,0.22723,
2024-12-09,NFLX,92.8,93.03,90.259,91.369,33501000,0.246236,0.27068,0.250222,
2024-12-10,NFLX,91.376,92.288,90.958,91.335,23886000,0.248348,0.269913,0.250441,
2024-12-11,NFLX,92.471,94.175,92.308,93.656,35017000,0.252538,0.2712,0.25644,
2024-12-12,NFLX,93.335,93.409,92.26,92.555,24862000,0.25058,0.270343,0.263252,
2024-12-13,NFLX,91.681,92.555,90.961,91.887,24858000,0.253807,0.266576,0.266783,53.33
2024-12-16,NFLX,92.394,92.894,91.95,92.108,26749000,0.250766,0.266329,0.255641,47.54
2024-12-17,NFLX,92.154,92.845,91.642,91.913,24595000,0.236763,0.265799,0.243087,24.19
2024-12-18,NFLX,91.913,92.244,88.656,88.955,29382000,0.236142,0.267954,0.25853,22.22
2024-12-19,NFLX,90.818,91.262,89.9,90.204,28155000,0.239537,0.27096,0.258306,29.69
2024-12-20,NFLX,89.321,91.992,89.049,90.905,45305000,0.241437,0.271414,0.25412,30.77
2024-12-23,NFLX,91.342,91.5,89.91,91.145,23394000,0.24395,0.272019,0.254214,31.82
2024-12-24,NFLX,91.5,93.585,91.17,93.212,23203000,0.24041,0.272958,0.223865,29.85
2024-12-26,NFLX,92.84,93.049,91.53,92.414,23403000,0.236947,0.271779,0.227345,26.47
2024-12-27,NFLX,91.601,91.813,89.45,90.755,32262000,0.23992,0.27439,0.238899,30.43
2024-12-30,NFLX,89.451,90.823,88.971,90.043,22030000,0.245873,0.276187,0.238689,38.57
2024-12-31,NFLX,90.18,90.268,88.947,89.132,18759000,0.243839,0.275393,0.237642,33.8
2025-01-02,NFLX,89.55,89.858,87.7,88.673,23123000,0.247758,0.274928,0.237366,48.61
2025-01-03,NFLX,89.313,89.883,87.989,88.105,29673000,0.249014,0.274863,0.234667,53.42
2025-01-06,NFLX,88.876,89.283,87.169,88.179,34577000,0.252388,0.276714,0.232422,59.46
2025-01-07,NFLX,87.938,88.8,86.911,87.919,26498000,0.253588,0.27735,0.219803,61.33
2025-01-08,NFLX,88.0,88.622,87.3,87.5,23479000,0.245385,0.277146,0.207323,35.53
2025-01-10,NFLX,86.64,86.641,83.44,83.769,48033000,0.252157,0.279513,0.253868,58.44
2025-01-13,NFLX,83.153,84.707,82.914,84.029,30245000,0.250511,0.280127,0.231042,52.56
2025-01-14,NFLX,84.32,84.489,82.352,82.84,30377000,0.254103,0.2811,0.232092,64.56
2025-01-15,NFLX,83.644,85.084,83.041,84.826,31814000,0.256282,0.27882,0.254028,65.0
2025-01-16,NFLX,86.096,86.898,84.202,84.237,40285000,0.266674,0.241223,0.253072,67.9
2025-01-17,NFLX,85.979,86.5,85.213,85.81,36176000,0.275662,0.243498,0.26587,73.17
2025-01-21,NFLX,86.353,91.64,85.475,86.968,98514000,0.328393,0.26573,0.248334,84.34
2025-01-22,NFLX,99.803,99.9,95.076,95.399,142732000,0.583911,0.387192,0.413403,98.81
2025-01-23,NFLX,95.781,98.5,95.39,98.486,77521000,0.578558,0.387961,0.42589,97.65
2025-01-24,NFLX,98.441,98.628,96.768,97.759,45504000,0.579071,0.38758,0.427807,97.67
2025-01-27,NFLX,97.11,98.227,96.026,97.189,46342000,0.581401,0.389042,0.422965,97.7
2025-01-28,NFLX,96.671,97.793,95.73,97.183,34340000,0.582622,0.389644,0.421186,97.73
2025-01-29,NFLX,98.0,98.764,96.823,97.815,29307000,0.577523,0.390388,0.414198,93.26
2025-01-30,NFLX,98.675,99.459,97.001,97.324,38678000,0.570992,0.3914,0.413262,92.22
2025-01-31,NFLX,97.4,99.029,97.4,97.676,36151000,0.572994,0.391209,0.409926,92.31
2025-02-03,NFLX,97.3,98.769,96.438,97.894,37242000,0.574959,0.391764,0.408434,92.39
2025-02-04,NFLX,98.047,100.8,97.851,99.487,60001000,0.578394,0.393339,0.407955,93.55
2025-02-05,NFLX,98.773,101.183,98.668,101.111,39934000,0.580232,0.391605,0.408981,95.74
2025-02-06,NFLX,100.787,101.635,100.261,101.568,31343000,0.579002,0.39154,0.407465,93.68
2025-02-07,NFLX,101.7,102.776,100.567,101.393,32129000,0.580092,0.392154,0.406416,94.79
2025-02-10,NFLX,102.305,103.285,101.588,102.76,32966000,0.574018,0.392688,0.359279,87.63
2025-02-11,NFLX,102.079,102.269,100.295,100.808,33318000,0.573148,0.393232,0.373551,86.73
2025-02-12,NFLX,100.549,102.774,99.835,102.731,33890000,0.57491,0.393895,0.364486,87.88
2025-02-13,NFLX,102.663,104.599,102.51,104.369,34761000,0.574809,0.394103,0.361844,87.0
2025-02-14,NFLX,104.495,106.45,104.169,105.86,31454000,0.57282,0.393597,0.356149,83.17
2025-02-18,NFLX,106.0,106.2,102.375,103.585,42293000,0.57568,0.392186,0.373737,89.22
2025-02-19,NFLX,103.518,104.5,102.451,104.333,26000000,0.546581,0.390607,0.373507,80.58
2025-02-20,NFLX,104.2,104.5,101.559,102.454,31118000,0.238887,0.390474,0.221222,18.27
2025-02-21,NFLX,102.942,103.238,99.939,100.315,37387000,0.24096,0.389357,0.211053,22.86
2025-02-24,NFLX,100.8,101.517,98.448,98.847,44262000,0.244983,0.390242,0.216428,26.42
2025-02-25,NFLX,98.94,99.44,95.5,97.724,47383000,0.25817,0.392955,0.2195,52.34
2025-02-26,NFLX,97.76,100.089,97.69,99.006,33972000,0.25868,0.392773,0.224107,52.78
2025-02-27,NFLX,99.5,100.073,96.183,96.307,37666000,0.26263,0.392955,0.244679,54.13
2025-02-28,NFLX,96.956,98.227,95.817,98.056,47174000,0.263209,0.393777,0.252885,54.55
2025-03-03,NFLX,98.3,99.493,96.481,97.37,39074000,0.267692,0.394967,0.253895,57.66
2025-03-04,NFLX,97.161,98.631,94.821,97.258,43928000,0.278402,0.398001,0.253757,62.5
2025-03-05,NFLX,97.362,99.56,96.948,99.092,38079000,0.274855,0.398191,0.256092,60.18
2025-03-06,NFLX,97.299,97.369,89.9,90.636,78526000,0.305984,0.406536,0.399635,63.16
2025-03-07,NFLX,89.764,90.489,85.807,89.111,77375000,0.336761,0.414418,0.399795,80.87
2025-03-10,NFLX,87.507,88.127,85.45,86.668,69953000,0.346148,0.4164,0.406287,81.9
2025-03-11,NFLX,86.741,91.068,86.6,89.51,73989000,0.359388,0.420581,0.424488,82.05
2025-03-12,NFLX,91.46,92.718,90.1,91.968,68658000,0.372446,0.423005,0.438289,82.2
2025-03-13,NFLX,91.3,92.189,88.751,89.017,50017000,0.375437,0.425266,0.439817,82.35
2025-03-14,NFLX,90.146,91.963,90.1,91.8,52007000,0.378105,0.424798,0.453195,82.5
2025-03-17,NFLX,93.995,96.763,93.442,95.002,75431000,0.393511,0.429383,0.470596,82.64
2025-03-18,NFLX,94.0,94.825,91.63,92.998,60094000,0.396499,0.432271,0.470412,82.79
2025-03-19,NFLX,93.577,96.8,92.4,95.949,66624000,0.406389,0.434335,0.486414,82.93
2025-03-20,NFLX,95.001,96.7,94.55,95.084,44663000,0.408568,0.434649,0.484008,83.06
2025-03-21,NFLX,94.164,96.365,94.095,96.029,59054000,0.40866,0.433377,0.481755,83.2
2025-03-24,NFLX,96.967,97.7,95.155,97.199,46779000,0.411159,0.434497,0.4819,83.33
2025-03-25,NFLX,97.818,99.87,97.711,99.728,37822000,0.400917,0.43408,0.489041,80.31
2025-03-26,NFLX,99.381,99.679,96.632,97.065,35274000,0.401189,0.434584,0.496626,80.47
2025-03-27,NFLX,97.422,98.9,96.637,97.672,30472000,0.398792,0.433449,0.48698,79.07
2025-03-28,NFLX,97.2,97.498,92.923,93.385,44227000,0.402429,0.433806,0.508059,80.77
2025-03-31,NFLX,92.053,93.448,90.059,93.253,46341000,0.410482,0.438552,0.507779,83.21
2025-04-01,NFLX,92.75,93.229,91.15,92.838,35200000,0.404253,0.439132,0.507827,80.3
2025-04-02,NFLX,92.3,94.955,91.611,93.552,32569000,0.409219,0.441261,0.503267,82.71
2025-04-03,NFLX,90.18,94.659,90.047,91.705,58646000,0.424516,0.453765,0.393868,84.33
2025-04-04,NFLX,89.65,90.663,85.387,85.586,67988000,0.421202,0.459898,0.462137,83.7
2025-04-07,NFLX,82.785,90.674,82.11,86.783,66568000,0.482652,0.483451,0.454928,84.56
2025-04-08,NFLX,91.244,92.242,85.77,87.04,56254000,0.528925,0.498827,0.439033,84.67
2025-04-09,NFLX,85.593,95.143,85.44,94.547,74980000,0.544794,0.508342,0.523262,84.78
2025-04-10,NFLX,93.194,94.124,89.4,92.117,51298000,0.555155,0.513838,0.51809,85.61
2025-04-11,NFLX,92.0,94.486,90.668,91.829,40736000,0.560475,0.516077,0.50671,85.71
2025-04-14,NFLX,93.27,94.898,91.95,93.128,40359000,0.554604,0.516608,0.493475,84.4
2025-04-15,NFLX,95.0,99.345,94.8,97.628,77120000,0.56422,0.519484,0.515482,85.92
2025-04-16,NFLX,97.628,98.121,94.917,96.163,60661000,0.560265,0.509662,0.50732,84.62
2025-04-17,NFLX,96.9,98.47,95.6,97.303,88937000,0.562124,0.423074,0.507718,85.42
2025-04-21,NFLX,98.44,101.9,97.305,98.791,97757000,0.574283,0.427903,0.509269,89.66
2025-04-22,NFLX,100.53,106.497,100.452,104.034,93689000,0.587157,0.435168,0.538839,99.32
2025-04-23,NFLX,104.722,106.125,103.2,104.959,64719000,0.590009,0.435757,0.532884,99.32
2025-04-24,NFLX,104.8,110.1,104.702,109.687,63819000,0.591339,0.43701,0.540204,99.32
2025-04-25,NFLX,109.704,110.68,109.1,110.153,39500000,0.58942,0.436229,0.540245,97.99
2025-04-28,NFLX,110.0,111.4,108.262,111.038,38311000,0.586386,0.436583,0.505671,96.67
2025-04-29,NFLX,110.392,112.781,109.548,112.564,37773000,0.57968,0.43701,0.504518,92.72
2025-04-30,NFLX,111.265,113.32,110.111,113.172,42667000,0.580375,0.437867,0.502133,94.08
2025-05-01,NFLX,112.252,114.242,111.183,113.347,34995000,0.578278,0.437755,0.502963,88.89
2025-05-02,NFLX,113.666,115.944,113.332,115.649,37743000,0.548755,0.437728,0.491733,77.27
2025-05-05,NFLX,111.48,114.402,110.701,113.406,56623000,0.549581,0.445367,0.40841,77.42
2025-05-06,NFLX,112.943,114.766,112.64,113.769,32567000,0.488334,0.445093,0.410233,74.36
2025-05-07,NFLX,113.918,116.4,113.8,115.541,43497000,0.428859,0.444892,0.408352,73.25
2025-05-08,NFLX,116.162,116.229,113.92,114.443,37609000,0.400008,0.444939,0.325894,65.19
2025-05-09,NFLX,114.71,115.1,113.322,114.022,25696000,0.376857,0.444377,0.302328,62.26
2025-05-12,NFLX,112.426,113.0,110.293,111.0,64791000,0.370934,0.445795,0.327388,60.62
2025-05-13,NFLX,111.446,114.788,110.63,113.844,39979000,0.366138,0.44728,0.331875,60.25
2025-05-14,NFLX,112.96,115.29,112.84,115.099,39101000,0.346414,0.445551,0.30163,59.26
2025-05-15,NFLX,114.774,118.78,114.765,117.798,44640000,0.342328,0.446234,0.292812,58.28
2025-05-16,NFLX,119.314,119.65,117.939,119.153,46984000,0.340239,0.4463,0.292789,57.93
2025-05-19,NFLX,117.358,119.164,117.171,119.164,28534000,0.319634,0.445841,0.294232,44.85
2025-05-20,NFLX,118.679,119.3,117.902,119.202,21331000,0.28541,0.444433,0.249271,43.37
2025-05-21,NFLX,118.65,121.122,118.65,119.463,29766000,0.280399,0.441727,0.249668,43.11
2025-05-22,NFLX,119.24,119.875,118.721,118.797,18616000,0.273173,0.440839,0.209497,39.88
2025-05-23,NFLX,118.4,119.145,117.944,118.539,21865000,0.271906,0.438775,0.210629,39.05
2025-05-27,NFLX,119.533,121.177,119.309,121.157,29205000,0.267457,0.437861,0.219933,37.65
2025-05-28,NFLX,121.027,121.591,120.602,120.855,18559000,0.263071,0.436015,0.21835,35.09
2025-05-29,NFLX,120.8,120.9,117.628,118.486,33007000,0.261644,0.433882,0.23333,34.3
2025-05-30,NFLX,119.833,121.181,118.093,120.723,46968000,0.266807,0.435271,0.240441,37.57
2025-06-02,NFLX,120.12,121.94,119.625,121.898,22942000,0.265482,0.427286,0.233439,36.21
2025-06-03,NFLX,121.987,122.957,121.118,121.794,23638000,0.226296,0.419605,0.218805,5.14
2025-06-04,NFLX,122.073,124.256,121.988,123.966,23594000,0.223938,0.416322,0.224443,3.98
2025-06-05,NFLX,124.06,126.281,123.729,125.052,28172000,0.224206,0.412872,0.221251,4.52
2025-06-06,NFLX,125.941,126.0,123.555,124.147,25570000,0.224814,0.409468,0.219543,6.18
2025-06-09,NFLX,123.888,123.888,122.157,122.446,24031000,0.223455,0.40705,0.227084,3.91
2025-06-10,NFLX,122.752,122.752,118.061,120.362,44544000,0.232148,0.409626,0.21196,10.0
2025-06-11,NFLX,120.26,122.829,119.601,121.988,23823000,0.22615,0.404673,0.200022,7.18
2025-06-12,NFLX,122.259,123.0,121.196,121.503,20846000,0.224782,0.402212,0.199616,6.59
2025-06-13,NFLX,120.659,122.062,120.189,121.215,22103000,0.219428,0.398777,0.184926,2.19
2025-06-16,NFLX,121.22,122.625,121.22,122.535,21128000,0.211495,0.396995,0.184503,0.54
2025-06-17,NFLX,121.995,123.236,121.609,122.067,18921000,0.206255,0.396607,0.185394,0.54
2025-06-18,NFLX,122.999,124.2,122.05,122.229,22810000,0.209868,0.395234,0.185364,1.08
2025-06-20,NFLX,123.445,124.85,122.435,123.141,53482000,0.209147,0.396181,0.186646,1.07
2025-06-23,NFLX,123.803,125.484,121.501,125.354,26673000,0.223539,0.397592,0.193198,6.91
2025-06-24,NFLX,126.055,128.257,125.5,127.911,26633000,0.225756,0.397117,0.201855,10.58
2025-06-25,NFLX,128.684,129.8,127.381,127.525,21465000,0.228037,0.394997,0.191408,12.63
2025-06-26,NFLX,128.0,130.734,128.0,130.667,26059000,0.228735,0.390675,0.205209,13.09
2025-06-27,NFLX,130.688,133.135,130.1,132.312,40709000,0.226674,0.389873,0.186954,11.98
2025-06-30,NFLX,133.1,134.115,132.121,133.913,32829000,0.218388,0.387758,0.182149,3.63
2025-07-01,NFLX,133.823,133.877,128.222,129.36,49936000,0.22922,0.375986,0.229332,14.43
2025-07-02,NFLX,129.696,129.995,127.159,128.486,30488000,0.232275,0.368379,0.231596,16.92
2025-07-03,NFLX,129.2,130.226,127.976,129.718,20062000,0.234171,0.338193,0.226348,17.35
2025-07-07,NFLX,129.5,129.5,127.602,128.962,22737000,0.233286,0.311967,0.226745,17.26
2025-07-08,NFLX,129.09,129.325,126.0,127.531,32925000,0.237511,0.29821,0.229159,21.21
2025-07-09,NFLX,127.399,128.829,126.624,128.828,23845000,0.238918,0.288036,0.223864,22.11
2025-07-10,NFLX,128.55,128.96,124.601,125.059,42308000,0.228352,0.284515,0.242158,13.5
2025-07-11,NFLX,125.979,126.1,123.13,124.511,39572000,0.228815,0.281896,0.239169,14.43
2025-07-14,NFLX,124.491,127.049,124.0,126.195,27810000,0.232289,0.2744,0.242303,17.82
2025-07-15,NFLX,126.2,127.122,124.324,126.027,28017000,0.233432,0.272692,0.242088,18.72
2025-07-16,NFLX,126.171,127.1,124.982,125.031,32270000,0.23568,0.270437,0.242118,20.1
2025-07-17,NFLX,125.3,127.75,124.48,127.417,64699000,0.237674,0.262556,0.249431,23.41
2025-07-18,NFLX,124.196,124.65,120.101,120.924,106933000,0.263205,0.258033,0.315625,45.15
2025-07-21,NFLX,120.6,123.71,119.8,123.327,56276000,0.264863,0.257189,0.32264,45.89
2025-07-22,NFLX,123.038,123.237,118.75,119.008,50630000,0.257576,0.255918,0.339051,41.83
2025-07-23,NFLX,118.981,119.262,117.36,117.678,45043000,0.254511,0.255926,0.329244,41.15
2025-07-24,NFLX,117.78,118.35,116.266,118.076,38456000,0.254583,0.254235,0.330321,41.43
2025-07-25,NFLX,117.842,118.732,117.438,118.049,26293000,0.253184,0.252311,0.313603,39.34
2025-07-28,NFLX,118.12,119.779,116.853,117.46,34470000,0.255059,0.251201,0.30666,41.98
2025-07-29,NFLX,117.9,117.96,116.329,116.874,27525000,0.253026,0.24903,0.299286,38.97
2025-07-30,NFLX,116.855,118.485,116.61,118.42,29227000,0.243467,0.248293,0.288266,26.64
2025-07-31,NFLX,118.48,119.0,115.774,115.94,37129000,0.242386,0.234857,0.294289,26.51
2025-08-01,NFLX,116.301,117.851,115.285,115.86,38910000,0.243872,0.235493,0.289725,27.78
2025-08-04,NFLX,116.765,117.7,116.262,117.099,22447000,0.244096,0.234934,0.295428,28.57
2025-08-05,NFLX,117.1,117.171,114.471,114.787,26607000,0.239274,0.23476,0.299542,23.39
2025-08-06,NFLX,115.352,118.138,115.187,117.848,33622000,0.241333,0.235348,0.31566,26.03
2025-08-07,NFLX,118.176,119.122,116.82,118.037,26283000,0.238811,0.233061,0.301712,22.27
2025-08-08,NFLX,118.319,121.411,118.037,121.164,38167000,0.236216,0.230495,0.318691,19.46
2025-08-11,NFLX,121.401,122.307,120.193,121.831,24556000,0.234574,0.230247,0.315025,18.02
2025-08-12,NFLX,122.5,123.199,120.651,122.528,22788000,0.235388,0.229244,0.31614,18.39
2025-08-13,NFLX,123.4,123.712,120.3,120.444,27624000,0.237773,0.228783,0.320331,23.21
2025-08-14,NFLX,120.989,124.409,120.703,123.056,39047000,0.241485,0.229064,0.322645,28.44
2025-08-15,NFLX,123.404,124.694,122.788,123.895,27678000,0.212448,0.229095,0.262379,2.65
2025-08-18,NFLX,123.563,125.116,123.545,124.509,21111000,0.204875,0.227174,0.253697,0.44
2025-08-19,NFLX,124.02,124.1,119.279,121.415,37077000,0.217358,0.233003,0.236008,3.95
2025-08-20,NFLX,121.8,122.3,119.331,121.386,24344000,0.224483,0.23536,0.231631,9.61
2025-08-21,NFLX,121.143,122.14,119.764,120.621,20472000,0.22429,0.235917,0.233171,9.13
2025-08-22,NFLX,120.888,121.362,119.823,120.465,31281000,0.224152,0.236191,0.23328,8.23
2025-08-25,NFLX,120.165,123.38,119.9,121.807,28120000,0.226536,0.237382,0.234759,12.93
2025-08-26,NFLX,122.021,123.15,121.22,122.609,19857000,0.227375,0.234512,0.233892,14.16
2025-08-27,NFLX,122.361,122.921,121.3,122.35,16645000,0.228338,0.234044,0.230844,14.96
2025-08-28,NFLX,122.279,123.789,121.427,123.145,19503000,0.227003,0.234516,0.214943,14.04
2025-08-29,NFLX,122.797,122.879,120.115,120.825,32098000,0.225569,0.235256,0.22855,11.44
2025-09-02,NFLX,119.7,121.54,118.28,121.411,23033000,0.234163,0.237379,0.226595,21.1
2025-09-03,NFLX,120.514,122.7,120.338,122.618,24715000,0.234096,0.237384,0.21295,21.01
2025-09-04,NFLX,122.32,125.748,122.309,125.748,30235000,0.232609,0.238028,0.211387,20.08
2025-09-05,NFLX,126.0,126.71,123.902,124.382,23797000,0.232891,0.233279,0.217271,20.42
2025-09-08,NFLX,124.854,125.204,123.2,124.476,19151000,0.232287,0.232309,0.198702,19.5
2025-09-09,NFLX,124.667,126.572,124.667,126.325,22197000,0.229599,0.231969,0.203908,17.77
2025-09-10,NFLX,126.397,126.7,124.636,124.771,27010000,0.224413,0.231125,0.209358,9.47
2025-09-11,NFLX,125.1,125.345,119.2,120.35,56823000,0.23726,0.236971,0.239598,27.87
2025-09-12,NFLX,120.306,121.178,118.24,118.844,37849000,0.233107,0.237794,0.22935,21.63
2025-09-15,NFLX,118.84,120.724,117.321,120.226,29093000,0.239406,0.239178,0.232308,31.71
2025-09-16,NFLX,120.564,120.9,119.728,120.051,24047000,0.238897,0.237229,0.23106,30.36
2025-09-17,NFLX,122.102,123.393,120.661,122.85,34598000,0.234928,0.236641,0.229838,24.19
2025-09-18,NFLX,122.082,123.3,120.55,120.778,31691000,0.232742,0.237406,0.238196,20.88
2025-09-19,NFLX,121.862,122.995,120.81,122.697,49476000,0.234239,0.237721,0.24357,24.0
2025-09-22,NFLX,122.19,122.976,121.424,122.737,25468000,0.234778,0.237784,0.243449,24.7
2025-09-23,NFLX,122.733,122.779,120.847,121.847,24991000,0.228395,0.237107,0.242019,15.87
2025-09-24,NFLX,121.861,122.15,119.42,120.395,27731000,0.230698,0.237555,0.244312,18.25
2025-09-25,NFLX,120.309,121.684,119.151,120.824,19978000,0.23347,0.234941,0.24477,23.41
2025-09-26,NFLX,120.542,121.4,120.0,121.061,19450000,0.231093,0.233609,0.243553,19.05
2025-09-29,NFLX,120.5,122.449,118.754,120.641,30332000,0.238114,0.235925,0.234249,32.14
2025-09-30,NFLX,120.641,120.85,117.8,119.892,38303000,0.237174,0.238013,0.234463,30.56
2025-10-01,NFLX,117.549,117.914,116.321,117.09,41102000,0.246307,0.239672,0.244512,44.05
2025-10-02,NFLX,116.15,116.333,113.4,116.253,46855000,0.257232,0.243682,0.222184,54.37
2025-10-03,NFLX,116.5,116.8,114.322,115.332,31374000,0.257703,0.242825,0.221191,54.76
2025-10-06,NFLX,116.037,116.358,114.545,116.331,29686000,0.259431,0.242057,0.22506,55.56
2025-10-07,NFLX,117.779,120.137,117.746,119.106,33091000,0.265977,0.243092,0.23639,58.33
2025-10-08,NFLX,119.711,121.739,119.2,121.425,28514000,0.268545,0.242527,0.246142,59.92
2025-10-09,NFLX,121.425,123.75,121.182,123.107,28241000,0.255491,0.242733,0.21444,51.98
2025-10-10,NFLX,122.9,124.7,121.91,122.008,42798000,0.257221,0.243291,0.211731,52.38
2025-10-13,NFLX,122.135,123.112,120.681,121.903,24608000,0.252983,0.23539,0.208321,48.02
2025-10-14,NFLX,121.475,122.429,120.31,121.535,23624000,0.255585,0.233863,0.208609,51.59
2025-10-15,NFLX,121.301,121.962,120.161,120.329,20252000,0.244027,0.232144,0.193925,39.29
2025-10-16,NFLX,121.215,121.671,117.6,118.359,28326000,0.247983,0.2349,0.193383,43.65
2025-10-17,NFLX,118.36,120.312,117.895,119.936,29571000,0.245314,0.234427,0.190664,39.68
2025-10-20,NFLX,120.788,124.776,120.69,123.856,39862000,0.252607,0.237082,0.224408,47.22
2025-10-21,NFLX,124.283,124.86,123.176,124.135,65082000,0.251966,0.235337,0.222595,45.63
2025-10-22,NFLX,114.29,115.76,111.251,111.637,147890000,0.392917,0.29429,0.439822,76.59
2025-10-23,NFLX,112.69,112.783,109.973,111.359,68497000,0.397328,0.296629,0.439008,77.38
2025-10-24,NFLX,111.1,111.451,109.441,109.469,60280000,0.397715,0.295867,0.440747,77.38
2025-10-27,NFLX,110.067,110.228,108.73,109.456,46911000,0.393806,0.294962,0.441065,76.19
2025-10-28,NFLX,109.4,111.698,109.301,110.25,40209000,0.391776,0.295782,0.443095,75.0
2025-10-29,NFLX,109.984,110.855,109.6,110.041,33995000,0.386507,0.295382,0.437114,74.6
2025-10-30,NFLX,109.44,110.616,108.811,108.9,41581000,0.38011,0.295339,0.437667,74.21
2025-10-31,NFLX,110.539,113.488,110.198,111.886,68665000,0.387978,0.298561,0.450155,74.6
2025-11-03,NFLX,113.324,113.35,107.515,110.009,58634000,0.40609,0.306528,0.451651,79.76
2025-11-04,NFLX,109.999,110.46,108.668,109.296,38718000,0.401843,0.306199,0.440851,78.57
2025-11-05,NFLX,108.5,110.085,107.337,109.846,35539000,0.403471,0.306524,0.43358,78.97
2025-11-06,NFLX,109.458,110.37,108.513,109.702,36532000,0.403012,0.305885,0.428194,78.57
2025-11-07,NFLX,109.418,110.822,108.75,110.366,44125000,0.400818,0.304246,0.430013,76.59
2025-11-10,NFLX,110.672,112.82,110.405,112.007,36929000,0.401183,0.30475,0.435553,76.98
2025-11-11,NFLX,111.76,113.922,111.28,113.644,27966000,0.401669,0.305418,0.440616,77.38
2025-11-12,NFLX,113.817,116.434,112.826,115.75,39221000,0.406088,0.303188,0.446414,79.37
2025-11-13,NFLX,115.85,116.733,114.569,115.423,40144000,0.401623,0.301833,0.443122,76.59
2025-11-14,NFLX,114.273,114.273,110.721,111.217,47607000,0.403987,0.302863,0.457111,78.57
2025-11-17,NFLX,110.75,111.85,109.55,110.29,26082700,0.399949,0.303662,0.437051,73.81
2025-11-18,NFLX,110.29,115.25,109.2,114.09,43440600,0.412614,0.30761,0.458659,82.14
2025-11-19,NFLX,113.0,113.34,108.61,110.0,31868100,0.292257,0.31149,0.288562,62.7
2025-11-20,NFLX,111.0,111.1,105.39,105.67,36918500,0.296439,0.314982,0.320776,62.7
2025-11-21,NFLX,105.13,106.53,103.81,104.31,41232700,0.301546,0.316064,0.318613,62.7
2025-11-24,NFLX,104.25,108.04,103.32,106.97,62918300,0.313096,0.319505,0.333346,63.1
2025-11-25,NFLX,106.12,106.3,103.82,104.4,35122600,0.312448,0.318376,0.34154,62.7
2025-11-26,NFLX,105.74,106.95,105.22,106.14,27951000,0.317182,0.319559,0.348328,63.1
2025-11-28,NFLX,106.44,107.94,106.24,107.58,15021600,0.315348,0.31933,0.350807,62.7
2025-12-01,NFLX,106.51,109.34,106.31,109.13,24873400,0.308043,0.319963,0.340237,61.51
2025-12-02,NFLX,109.21,109.73,107.52,109.35,25763000,0.28371,0.320542,0.335271,59.13
2025-12-03,NFLX,106.59,106.87,102.03,103.96,53593400,0.311754,0.329479,0.379601,61.51
2025-12-04,NFLX,103.57,103.8,101.77,103.22,51779100,0.310578,0.330509,0.378859,61.11
2025-12-05,NFLX,98.78,104.79,97.74,100.24,133363600,0.384812,0.352767,0.389955,69.05
2025-12-08,NFLX,99.87,99.89,95.3,96.79,100906300,0.394961,0.356004,0.402271,71.43
2025-12-09,NFLX,97.03,97.24,95.45,96.71,51745600,0.395157,0.355201,0.395053,71.43
2025-12-10,NFLX,96.74,96.97,92.35,92.71,74129300,0.399976,0.357772,0.404662,73.41
2025-12-11,NFLX,93.9,94.82,92.76,94.09,43949000,0.401761,0.356814,0.401495,76.19
2025-12-12,NFLX,95.5,96.92,94.65,95.19,49323100,0.409094,0.35884,0.408309,80.56
2025-12-15,NFLX,96.02,96.37,93.53,93.77,40016500,0.410533,0.359184,0.395929,81.35
2025-12-16,NFLX,93.88,94.93,93.32,94.57,34265000,0.409865,0.359466,0.40052,80.56
2025-12-17,NFLX,95.98,97.33,94.46,94.79,50472800,0.404633,0.36262,0.371718,77.38
2025-12-18,NFLX,95.02,95.81,93.59,94.0,37244700,0.397834,0.362807,0.357516,70.24
2025-12-19,NFLX,93.57,95.54,93.45,94.39,78990200,0.393405,0.363162,0.338509,67.06
2025-12-22,NFLX,94.71,94.71,92.91,93.23,39484800,0.390042,0.363452,0.338347,65.87
2025-12-23,NFLX,93.4,93.81,91.33,93.5,25896200,0.386256,0.363822,0.320203,64.68
2025-12-24,NFLX,93.11,93.68,92.67,93.64,12427900,0.384145,0.362003,0.314455,63.89
2025-12-26,NFLX,93.48,94.69,93.27,94.47,22068300,0.380146,0.360007,0.308449,63.49
2025-12-29,NFLX,93.99,94.97,93.63,94.15,24493700,0.380094,0.357391,0.30015,62.7
2025-12-30,NFLX,93.52,93.99,93.34,93.78,23422000,0.376238,0.356561,0.290059,61.51
2025-12-31,NFLX,93.6,94.31,93.2,93.76,23495200,0.373096,0.35555,0.289189,60.71
2026-01-02,NFLX,94.13,94.13,90.81,90.99,41155400,0.351482,0.354732,0.256093,58.73
2026-01-05,NFLX,90.92,92.63,90.84,91.46,39183300,0.351351,0.354885,0.259484,58.33
2026-01-06,NFLX,91.54,91.64,89.74,90.65,43331000,0.258857,0.355115,0.24494,42.06
2026-01-07,NFLX,91.56,92.42,90.06,90.73,36525700,0.247866,0.355801,0.218336,32.54
2026-01-08,NFLX,90.45,91.25,89.58,90.53,40068700,0.247627,0.355646,0.218189,32.54
2026-01-09,NFLX,90.03,90.05,88.32,89.46,55579500,0.242902,0.356178,0.166925,29.37
2026-01-12,NFLX,89.69,90.34,89.33,89.41,36290600,0.235582,0.356224,0.155213,22.22
2026-01-13,NFLX,89.44,91.15,89.07,90.32,45221100,0.228979,0.355192,0.153481,13.1
2026-01-14,NFLX,91.24,91.58,87.95,88.55,49737700,0.235689,0.357684,0.159401,23.41
2026-01-15,NFLX,89.02,89.89,87.82,88.05,36945100,0.23849,0.356722,0.153845,26.59
2026-01-16,NFLX,88.34,88.51,87.78,88.0,48130500,0.223446,0.356356,0.152714,3.57
2026-01-20,NFLX,88.97,89.9,87.02,87.26,109729700,0.230668,0.313412,0.152745,14.68
2026-01-21,NFLX,82.52,86.0,81.93,85.36,127940700,0.316004,0.335724,0.162778,54.76
2026-01-22,NFLX,85.02,85.1,82.98,83.54,69113300,0.317647,0.336476,0.171313,55.56
2026-01-23,NFLX,83.43,86.3,83.28,86.12,64520400,0.313729,0.3375,0.212159,54.37
2026-01-26,NFLX,86.92,86.94,85.35,85.7,40941900,0.31683,0.337121,0.211129,55.56
2026-01-27,NFLX,85.28,85.6,83.88,85.58,37790800,0.321315,0.338619,0.205664,57.14
2026-01-28,NFLX,85.63,86.47,84.3,84.64,37762600,0.323937,0.339108,0.206691,57.54
2026-01-29,NFLX,84.31,84.38,82.35,83.16,42278100,0.327276,0.336437,0.211147,57.94
2026-01-30,NFLX,83.1,84.06,82.78,83.49,45755000,0.328084,0.328594,0.213176,58.33
2026-02-02,NFLX,83.53,85.27,82.72,82.76,41445300,0.334198,0.331392,0.193659,58.73
2026-02-03,NFLX,82.23,82.45,79.62,79.94,49789000,0.335473,0.3313,0.216874,59.13
2026-02-04,NFLX,79.99,81.44,79.23,80.16,48963200,0.338473,0.332663,0.219258,59.92
2026-02-05,NFLX,81.49,83.3,80.54,80.87,54805700,0.348477,0.337517,0.224383,61.9
2026-02-06,NFLX,81.02,82.49,80.65,82.2,46154100,0.349096,0.33743,0.237509,62.3
2026-02-09,NFLX,82.18,82.21,79.87,81.47,42200200,0.353706,0.339345,0.23657,63.49
2026-02-10,NFLX,82.72,84.66,82.09,82.21,43595800,0.367307,0.342314,0.241197,64.68
2026-02-11,NFLX,81.96,82.48,79.45,79.62,40840300,0.369194,0.343469,0.254042,65.08
2026-02-12,NFLX,79.11,79.15,75.23,75.86,73516100,0.370406,0.34548,0.291648,65.48
2026-02-13,NFLX,76.14,77.18,75.53,76.87,42292100,0.370033,0.345649,0.300985,65.48
2026-02-17,NFLX,76.92,77.87,75.3,77.0,35961500,0.378322,0.342923,0.30171,69.05
2026-02-18,NFLX,77.32,78.32,76.28,77.99,29883100,0.375803,0.341076,0.309366,67.86
2026-02-19,NFLX,77.75,78.7,76.59,77.0,30139200,0.308175,0.339637,0.304571,52.78
2026-02-20,NFLX,76.61,78.85,76.4,78.67,32411300,0.310317,0.339453,0.312029,53.17
2026-02-23,NFLX,77.79,77.83,75.01,76.02,38363000,0.316495,0.338742,0.304527,55.95
2026-02-24,NFLX,75.73,78.12,75.21,78.04,33079100,0.32204,0.340128,0.32565,57.94
2026-02-25,NFLX,79.43,83.12,79.25,82.7,69319300,0.332758,0.343831,0.394554,59.13
2026-02-26,NFLX,83.2,86.5,82.8,84.59,85642500,0.345113,0.348894,0.402,61.51
2026-02-27,NFLX,94.3,96.75,90.58,96.24,200767000,0.538022,0.424555,0.603438,92.46
2026-03-02,NFLX,95.26,98.07,95.2,97.09,79915400,0.5433,0.425652,0.603326,92.46
2026-03-03,NFLX,96.01,98.46,95.33,97.7,59149000,0.544225,0.420527,0.600282,92.46
2026-03-04,NFLX,97.11,99.75,96.99,98.66,52604300,0.543674,0.421143,0.578422,92.06
2026-03-05,NFLX,98.5,100.19,98.1,99.17,53403000,0.54223,0.398487,0.578056,91.27
2026-03-06,NFLX,99.33,99.88,97.4,99.02,41196300,0.537401,0.39601,0.57965,90.48
2026-03-09,NFLX,97.7,98.94,96.58,98.32,48589000,0.542461,0.397587,0.582284,91.27
2026-03-10,NFLX,97.81,98.49,96.29,96.94,41027200,0.539744,0.396241,0.584696,90.48
2026-03-11,NFLX,97.41,98.0,94.69,94.89,33962900,0.535091,0.396129,0.594344,89.29
2026-03-12,NFLX,94.86,95.4,93.87,94.31,34206900,0.531216,0.394263,0.578605,88.89
2026-03-13,NFLX,94.64,95.68,94.24,95.31,29876700,0.522248,0.393303,0.538225,88.1
2026-03-16,NFLX,95.58,96.1,94.36,95.2,34931800,0.522146,0.393466,0.54,87.7
2026-03-17,NFLX,95.3,96.34,94.01,94.36,26434500,0.519026,0.39173,0.54362,87.3
2026-03-18,NFLX,94.45,95.34,93.61,94.7,27878300,0.517176,0.39139,0.544012,86.9
2026-03-19,NFLX,94.31,95.75,90.78,91.74,40169300,0.526223,0.395418,0.558397,88.1
2026-03-20,NFLX,91.31,91.88,90.69,91.82,61678000,0.524693,0.395536,0.556967,87.7
2026-03-23,NFLX,92.04,93.98,91.86,93.38,34315900,0.517043,0.394017,0.53497,85.71
2026-03-24,NFLX,92.79,93.74,90.82,90.92,28938000,0.518113,0.395699,0.546904,86.11
2026-03-25,NFLX,91.71,92.52,91.24,92.28,29545600,0.510874,0.396018,0.514705,84.92
2026-03-26,NFLX,91.52,95.86,91.01,93.32,59522000,0.517107,0.40234,0.511258,85.32
2026-03-27,NFLX,94.57,95.58,92.74,93.43,44590700,0.301584,0.404506,0.215423,48.02
2026-03-30,NFLX,92.75,94.49,92.22,92.97,32375100,0.300314,0.406078,0.212226,47.62
2026-03-31,NFLX,93.03,96.26,93.03,96.15,54270000,0.294581,0.405932,0.24617,47.22
2026-04-01,NFLX,96.47,97.2,94.26,95.55,30439300,0.296048,0.40686,0.243599,47.62
2026-04-02,NFLX,95.27,98.71,95.17,98.66,37068000,0.296928,0.407114,0.270661,48.41
2026-04-06,NFLX,100.96,102.69,97.97,98.93,37029300,0.319213,0.412211,0.270819,55.56
2026-04-07,NFLX,98.55,99.88,98.25,98.82,25016700,0.313166,0.412206,0.269584,52.78
2026-04-08,NFLX,100.32,100.4,97.44,99.39,30957600,0.322334,0.414395,0.264704,57.54
2026-04-09,NFLX,99.63,102.34,99.08,102.05,35087800,0.321487,0.4155,0.264886,57.14
2026-04-10,NFLX,102.47,103.08,101.46,103.01,25769900,0.321985,0.415138,0.263011,57.54
2026-04-13,NFLX,103.03,103.67,102.06,103.16,26042800,0.322655,0.413037,0.262177,58.73
2026-04-14,NFLX,103.12,106.57,103.04,106.28,40534900,0.323901,0.412958,0.276784,59.13
2026-04-15,NFLX,105.98,107.85,105.04,107.71,38023700,0.323653,0.414121,0.272697,59.13
2026-04-16,NFLX,107.47,108.95,106.62,107.79,64928300,0.325051,0.412762,0.273304,60.32
2026-04-17,NFLX,96.37,98.74,95.1,97.31,125958700,0.511952,0.458903,0.457044,86.9
2026-04-20,NFLX,97.14,97.6,93.54,94.83,63298300,0.519562,0.460882,0.46833,89.29
2026-04-21,NFLX,94.0,94.65,92.37,92.58,61962300,0.52013,0.461061,0.473135,89.68
2026-04-22,NFLX,93.06,93.85,92.77,93.24,33694300,0.517298,0.460612,0.463359,88.49
2026-04-23,NFLX,94.06,94.64,92.07,92.82,36851700,0.520102,0.460805,0.460919,90.08
2026-04-24,NFLX,92.57,93.28,91.8,92.44,32553200,0.506122,0.460178,0.459311,86.51
2026-04-27,NFLX,92.05,92.84,91.3,91.37,29707400,0.499376,0.459702,0.460951,86.51
2026-04-28,NFLX,91.5,92.34,90.02,92.27,33418100,0.500357,0.460895,0.462297,86.9
2026-04-29,NFLX,91.23,92.86,90.86,92.12,26122100,0.500867,0.459828,0.444492,87.3
2026-04-30,NFLX,91.35,94.22,90.77,93.61,40923000,0.500196,0.460408,0.448782,86.9
2026-05-01,NFLX,94.42,94.7,91.9,92.06,30406900,0.502824,0.46021,0.434276,88.1
2026-05-04,NFLX,92.1,92.33,90.89,91.02,25928800,0.482447,0.4565,0.434491,86.11
2026-05-05,NFLX,91.18,91.28,87.57,87.89,51961300,0.486069,0.457523,0.447773,86.51
2026-05-06,NFLX,87.15,88.55,86.72,88.27,41932400,0.475178,0.456171,0.447308,86.11
2026-05-07,NFLX,88.2,89.4,88.13,88.25,30627600,0.472666,0.452955,0.431475,86.11
2026-05-08,NFLX,87.71,88.04,87.21,87.49,36215100,0.469602,0.451459,0.426982,85.71
2026-05-11,NFLX,86.53,87.34,85.1,85.45,40556500,0.470807,0.449964,0.428751,85.71
2026-05-12,NFLX,85.91,89.17,85.81,87.66,43556600,0.477635,0.452075,0.42382,86.51
2026-05-13,NFLX,86.57,88.62,86.28,87.56,30823500,0.478289,0.451655,0.416444,86.51
2026-05-14,NFLX,87.62,88.5,86.65,86.94,29408300,0.478646,0.451046,0.414598,86.51
2026-05-15,NFLX,87.69,89.49,86.69,87.02,32335700,0.27971,0.452462,0.235599,45.63
2026-05-18,NFLX,86.5,89.82,86.33,89.65,35800500,0.273422,0.452856,0.254199,45.63
2026-05-19,NFLX,90.14,91.48,88.69,89.33,34545700,0.278331,0.451997,0.24163,46.03
2026-05-20,NFLX,88.52,88.55,87.5,88.09,23463400,0.278772,0.451011,0.242926,46.43
2026-05-21,NFLX,88.03,90.37,87.52,89.3,28613900,0.278749,0.448951,0.249722,46.43
2026-05-22,NFLX,89.1,89.97,88.17,88.6,23847200,0.280274,0.445523,0.250513,47.62
2026-05-26,NFLX,88.4,88.73,87.25,87.68,24014500,0.279577,0.370549,0.249941,46.83
2026-05-27,NFLX,87.05,88.5,86.82,87.35,22569500,0.276069,0.369727,0.24601,45.24
2026-05-28,NFLX,86.9,87.04,85.59,86.36,38803800,0.273194,0.368072,0.247862,44.44
2026-05-29,NFLX,86.2,86.67,85.66,86.02,39793600,0.263308,0.366594,0.237172,42.06
2026-06-01,NFLX,85.73,87.23,85.32,85.85,32747200,0.261903,0.36699,0.232619,41.27
2026-06-02,NFLX,85.61,85.98,83.29,83.33,42947200,0.265504,0.36639,0.249479,43.25
2026-06-03,NFLX,82.91,83.31,81.1,81.52,36714700,0.262053,0.3656,0.231966,41.67
2026-06-04,NFLX,83.19,83.7,81.37,81.56,39338800,0.275917,0.368732,0.230593,44.84
2026-06-05,NFLX,82.33,82.75,81.0,82.18,43474100,0.280574,0.368752,0.233903,47.62
2026-06-08,NFLX,81.66,83.08,81.34,82.64,33056700,0.283402,0.369131,0.23525,47.62
2026-06-09,NFLX,82.13,82.34,81.34,81.41,34787200,0.27692,0.368798,0.227032,44.44
2026-06-10,NFLX,81.71,82.75,80.98,82.0,36304600,0.26626,0.369158,0.205399,42.06
2026-06-11,NFLX,81.87,82.1,80.09,81.27,33417600,0.262648,0.369422,0.206158,39.68
2026-06-12,NFLX,81.58,82.0,79.28,80.34,35309700,0.269015,0.371298,0.207702,42.46
2026-06-15,NFLX,80.62,81.71,80.46,81.67,36430800,0.256231,0.366033,0.219472,35.71
2026-06-16,NFLX,81.9,81.93,77.71,78.72,65054000,0.265795,0.370344,0.214057,40.87
2026-06-17,NFLX,78.1,78.45,76.76,76.96,50338800,0.259493,0.370222,0.221154,37.7
2026-06-18,NFLX,76.93,78.24,76.12,77.38,91920400,0.26403,0.369983,0.224276,39.68
2026-06-22,NFLX,76.14,77.09,71.81,72.88,82203300,0.294375,0.378968,0.281438,48.41
2026-06-23,NFLX,73.26,73.96,72.63,72.82,50806800,0.294672,0.372936,0.283303,48.81
2026-06-24,NFLX,72.69,73.45,71.63,71.84,48001500,0.297686,0.370973,0.28361,50.0
2026-06-25,NFLX,71.33,72.94,70.86,70.9,44446900,0.304486,0.372361,0.28285,51.19
2026-06-26,NFLX,71.69,75.2,71.53,73.81,74990300,0.325009,0.377565,0.33505,61.11
2026-06-29,NFLX,74.62,76.07,73.73,73.78,42429600,0.335805,0.379117,0.335832,63.49
2026-06-30,NFLX,73.59,73.75,71.0,71.4,49240900,0.33606,0.37961,0.346539,63.49
2026-07-01,NFLX,72.59,74.36,72.33,74.19,43841800,0.341975,0.374504,0.376004,63.89
2026-07-02,NFLX,75.09,78.44,74.91,77.65,55456500,0.351656,0.378411,0.412217,65.87
2026-07-06,NFLX,77.08,77.84,75.71,76.02,45056600,0.347844,0.375603,0.417344,63.89
2026-07-07,NFLX,77.88,78.19,76.1,76.18,33257300,0.35492,0.378639,0.415865,66.27
2026-07-08,NFLX,76.27,76.64,74.89,75.59,34373500,0.354068,0.37885,0.414573,65.87
2026-07-09,NFLX,74.3,75.55,74.02,75.47,36305700,0.361633,0.380147,0.412782,66.27
2026-07-10,NFLX,75.44,75.7,72.51,73.37,46713900,0.367721,0.381906,0.419363,66.67
2026-07-13,NFLX,73.9,75.45,73.71,73.83,35101800,0.369711,0.383071,0.421201,67.06
2026-07-14,NFLX,72.64,74.01,72.28,73.53,33312100,0.371697,0.384196,0.420457,67.86
2026-07-15,NFLX,73.79,75.06,73.13,73.68,32854300,0.375937,0.307343,0.414049,68.65
2026-07-16,NFLX,73.95,74.68,72.94,74.35,77505200,0.367652,0.305093,0.399297,65.08
2026-07-17,NFLX,65.48,69.49,65.08,68.95,142029200,0.595287,0.405263,0.4714,99.6
2026-07-20,NFLX,68.32,68.38,66.69,67.6,60669100,0.595061,0.406398,0.472137,99.21
2026-07-21,NFLX,67.42,68.75,66.73,68.67,56565800,0.579736,0.406051,0.433974,98.81
2026-07-22,NFLX,69.37,70.57,68.35,68.53,44947300,0.5848,0.408824,0.433915,98.81
2026-07-23,NFLX,68.57,69.36,67.67,68.89,45029100,0.5851,0.409632,0.433002,98.81
2026-07-24,NFLX,69.29,70.68,67.97,70.09,37593500,0.587218,0.411489,0.436146,98.81
2026-07-27,NFLX,70.59,71.65,69.86,70.4,39090800,0.579195,0.412055,0.409422,97.22
2026-07-28,NFLX,72.07,73.76,71.23,72.39,47160200,0.585134,0.415636,0.423289,98.41
2026-07-29,NFLX,72.19,73.74,71.75,73.63,43737600,0.582968,0.415315,0.410308,97.22
2026-07-30,NFLX,71.48,73.32,70.55,73.17,54261000,0.58872,0.421582,0.387151,98.81
2026-07-31,NFLX,71.97,72.75,71.11,71.71,35847500,0.582234,0.42186,0.35163,96.43
2026-08-03,NFLX,72.77,73.95,72.18,73.33,33922300,0.586502,0.423611,0.357257,98.02
2026-08-04,NFLX,72.51,73.75,72.3,73.57,42877900,0.57432,0.423809,0.357449,94.84
2026-08-05,NFLX,75.11,75.3,73.16,74.2,28969400,0.584258,0.428004,0.358483,96.43
2026-08-06,NFLX,75.14,75.21,73.1,73.69,28892700,0.588929,0.42862,0.359107,98.81
2026-08-07,NFLX,73.12,74.5,73.08,74.14,24819000,0.58269,0.426026,0.345243,95.24
2026-08-10,NFLX,73.8,76.32,73.57,76.29,26959900,0.578645,0.425343,0.358989,93.65
2026-08-11,NFLX,76.2,76.9,74.48,74.79,27840500,0.580027,0.42608,0.366612,94.44
2026-08-12,NFLX,74.35,74.67,73.57,74.21,20773100,0.576553,0.423492,0.367846,92.86
2026-08-13,NFLX,76.01,78.4,75.44,78.24,41452900,0.586539,0.427188,0.411854,97.62
2026-08-14,NFLX,78.48,78.73,77.76,78.16,26751000,0.352578,0.425334,0.292456,54.76
2026-08-17,NFLX,77.8,78.53,75.47,76.02,30753000,0.355373,0.42731,0.303072,55.95
2026-08-18,NFLX,77.43,79.1,76.34,77.77,36151300,0.363788,0.429898,0.307116,56.35
2026-08-19,NFLX,78.25,81.16,78.1,80.22,31461800,0.362398,0.431758,0.31756,55.95
2026-08-20,NFLX,80.14,81.08,79.59,80.14,27118400,0.360667,0.432021,0.319015,55.16
2026-08-21,NFLX,80.29,80.49,79.17,79.59,23619600,0.350809,0.43135,0.320786,51.59
2024-08-22,CRM,261.5,263.26,257.27,258.59,5111400,,,,
2024-08-23,CRM,261.99,265.6,260.7,264.0,4711300,,,,
2024-08-26,CRM,263.94,267.3,263.24,265.28,3818300,,,,
2024-08-27,CRM,259.65,264.46,259.4,264.2,5276400,,,,
2024-08-28,CRM,261.83,265.18,257.36,258.9,10981900,,,,
2024-08-29,CRM,271.01,271.95,256.28,257.01,14301700,,,,
2024-08-30,CRM,257.44,259.13,251.0,252.9,10507700,,,,
2024-09-03,CRM,252.62,253.69,246.64,248.06,6190400,,,,
2024-09-04,CRM,246.47,249.48,245.16,247.68,4706500,,,,
2024-09-05,CRM,245.98,248.5,245.0,246.12,4083600,,,,
2024-09-06,CRM,247.74,250.0,241.44,243.97,6259400,,,,
2024-09-09,CRM,246.5,249.36,244.77,245.76,4588800,,,,
2024-09-10,CRM,247.13,247.34,243.31,246.16,3544800,,,,
2024-09-11,CRM,244.81,250.02,242.01,249.57,4822200,,,,
2024-09-12,CRM,251.39,254.14,249.57,253.37,5219700,,,,
2024-09-13,CRM,252.54,256.83,252.45,254.57,4998900,,,,
2024-09-16,CRM,254.57,257.81,254.57,256.91,5367000,,,,
2024-09-17,CRM,258.72,259.37,254.76,255.19,5423400,,,,
2024-09-18,CRM,256.0,256.12,250.96,252.43,4436700,,,,
2024-09-19,CRM,260.72,269.54,258.05,265.99,11022800,,,,
2024-09-20,CRM,266.01,270.32,261.32,266.8,11463200,0.342403,,0.260769,
2024-09-23,CRM,267.25,268.06,262.24,264.21,6034000,0.341309,,0.253425,
2024-09-24,CRM,269.83,272.46,266.29,270.44,7154500,0.349035,,0.266219,
2024-09-25,CRM,270.45,277.05,269.38,274.09,7920000,0.340257,,0.269046,
2024-09-26,CRM,276.13,278.64,272.71,275.76,5253400,0.332935,,0.25629,
2024-09-27,CRM,276.26,277.84,275.06,276.64,5220100,0.284851,,0.253287,
2024-09-30,CRM,273.95,275.74,269.14,273.71,5059700,0.287951,,0.248309,
2024-10-01,CRM,274.14,274.7,269.69,270.87,4369900,0.284395,,0.239087,
2024-10-02,CRM,273.72,282.0,270.85,279.48,8512300,0.292528,,0.256074,
2024-10-03,CRM,278.99,281.12,277.73,280.91,3868400,0.289404,,0.251939,
2024-10-04,CRM,283.86,287.89,281.47,287.75,6129900,0.283803,,0.252303,
2024-10-07,CRM,286.58,288.17,283.38,284.57,4794700,0.283515,,0.261522,
2024-10-08,CRM,286.0,292.63,284.1,291.57,5211200,0.285445,,0.267283,
2024-10-09,CRM,290.82,291.57,287.08,287.92,4851000,0.277885,,0.276572,
2024-10-10,CRM,287.92,290.23,284.62,290.17,3965500,0.279669,,0.274992,
2024-10-11,CRM,289.21,290.24,286.3,288.1,3597000,0.278501,,0.279371,
2024-10-14,CRM,289.92,292.45,288.25,291.64,3642500,0.278996,,0.280013,
2024-10-15,CRM,293.46,293.58,288.0,288.35,3850800,0.278641,,0.283337,
2024-10-16,CRM,287.55,290.92,284.23,290.86,3497000,0.281977,,0.276203,
2024-10-17,CRM,291.96,293.34,290.1,291.11,2830000,0.245552,,0.218864,
2024-10-18,CRM,292.04,294.71,290.15,292.94,3087900,0.234926,,0.218876,
2024-10-21,CRM,289.0,292.92,288.04,291.29,2712600,0.239678,,0.215749,
2024-10-22,CRM,289.75,291.94,287.65,288.33,3100100,0.226215,,0.210523,
2024-10-23,CRM,287.73,288.3,282.62,284.43,3227100,0.222111,,0.214959,
2024-10-24,CRM,286.56,288.91,285.18,286.76,3210700,0.218533,,0.215628,
2024-10-25,CRM,290.0,294.38,288.83,290.46,3351200,0.226006,,0.219042,
2024-10-28,CRM,293.6,296.07,292.49,293.77,3867800,0.218245,,0.215493,
2024-10-29,CRM,294.0,300.6,292.81,298.89,4280700,0.221012,,0.214116,
2024-10-30,CRM,297.07,299.54,296.35,296.4,2826500,0.206061,,0.194735,
2024-10-31,CRM,292.6,296.09,289.55,291.37,4301800,0.216934,,0.207042,
2024-11-01,CRM,290.23,296.99,290.0,294.72,3527500,0.214383,,0.193468,
2024-11-04,CRM,297.99,300.18,292.92,298.01,5107900,0.222776,,0.190772,
2024-11-05,CRM,297.44,298.81,294.74,297.49,4456100,0.217236,,0.172472,
2024-11-06,CRM,305.0,308.56,303.07,306.9,5874900,0.234983,,0.195114,
2024-11-07,CRM,307.5,312.19,306.0,310.78,5722600,0.233216,,0.197331,
2024-11-08,CRM,310.03,322.81,309.44,321.95,8485000,0.239749,,0.223015,
2024-11-11,CRM,325.25,344.88,325.25,341.73,13954200,0.25815,,0.293995,
2024-11-12,CRM,339.29,348.86,338.51,341.15,7659700,0.270105,,0.287532,
2024-11-13,CRM,345.5,348.19,338.77,341.72,6902900,0.274381,,0.288519,
2024-11-14,CRM,342.44,346.0,330.82,331.65,7630600,0.287644,,0.317882,
2024-11-15,CRM,326.93,330.26,324.18,325.26,7093000,0.294874,0.29285,0.330995,
2024-11-18,CRM,327.0,327.0,320.21,322.25,4250400,0.291322,0.29224,0.332834,
2024-11-19,CRM,319.0,324.7,316.0,323.43,5469900,0.296848,0.294547,0.328004,
2024-11-20,CRM,325.29,327.26,322.01,325.7,3763500,0.296079,0.290801,0.319927,
2024-11-21,CRM,331.35,342.94,328.6,335.78,8364200,0.314916,0.29429,0.330833,
2024-11-22,CRM,338.95,342.81,335.78,342.02,5649400,0.313901,0.276777,0.332529,
2024-11-25,CRM,345.0,347.85,338.29,339.11,7117200,0.317679,0.276416,0.337471,
2024-11-26,CRM,341.98,343.81,339.14,343.18,4492800,0.316105,0.275268,0.335878,
2024-11-27,CRM,336.46,337.38,328.88,330.01,7471500,0.327127,0.279018,0.370414,
2024-11-29,CRM,329.34,331.99,327.25,329.99,3517600,0.319925,0.278388,0.361523,
2024-12-02,CRM,332.0,334.5,330.11,331.01,6063400,0.317141,0.275477,0.361141,
2024-12-03,CRM,327.4,332.8,323.65,331.43,12632400,0.319733,0.277439,0.360916,
2024-12-04,CRM,366.81,369.0,356.65,367.87,24733100,0.483735,0.347392,0.502123,
2024-12-05,CRM,360.78,365.45,356.67,361.38,10942100,0.489673,0.349441,0.505631,
2024-12-06,CRM,364.99,367.15,361.09,361.99,5738900,0.489524,0.349502,0.505852,
2024-12-09,CRM,361.7,361.7,350.79,351.57,6475000,0.486871,0.349662,0.510838,
2024-12-10,CRM,351.35,355.49,347.43,348.82,6033000,0.478859,0.350849,0.468485,
2024-12-11,CRM,353.49,360.2,351.88,354.85,7546600,0.473721,0.352428,0.471792,
2024-12-12,CRM,355.0,360.0,352.92,358.03,5422000,0.471872,0.352516,0.472433,
2024-12-13,CRM,364.0,364.8,352.5,354.31,5538000,0.469346,0.346241,0.459694,86.67
2024-12-16,CRM,350.78,358.07,350.56,357.23,5482300,0.466476,0.344846,0.45195,85.25
2024-12-17,CRM,356.9,357.23,349.11,350.97,6911000,0.467321,0.34482,0.456348,85.48
2024-12-18,CRM,354.5,354.77,335.24,337.23,8400000,0.468108,0.345923,0.482602,85.71
2024-12-19,CRM,341.7,343.53,335.43,336.23,7423400,0.46886,0.345659,0.482555,85.94
2024-12-20,CRM,332.74,346.45,331.14,343.65,14932300,0.469026,0.349031,0.476627,86.15
2024-12-23,CRM,342.25,343.85,336.68,342.9,5330300,0.471235,0.350692,0.472325,87.88
2024-12-24,CRM,343.0,344.95,340.83,344.43,1811000,0.46917,0.348338,0.471412,85.07
2024-12-26,CRM,344.88,344.88,341.03,341.72,3483300,0.468086,0.347888,0.470444,79.41
2024-12-27,CRM,340.35,342.27,335.27,338.45,3220400,0.460799,0.34549,0.449247,75.36
2024-12-30,CRM,333.47,338.11,331.61,335.74,3411100,0.466682,0.34785,0.45045,77.14
2024-12-31,CRM,336.27,337.15,332.41,334.33,3026000,0.466731,0.34681,0.450717,77.46
2025-01-02,CRM,336.31,338.92,327.81,330.66,4807100,0.463648,0.34833,0.452551,73.61
2025-01-03,CRM,332.1,333.44,329.27,332.9,4101200,0.27921,0.347175,0.233399,32.88
2025-01-06,CRM,334.02,336.6,327.28,330.53,5785300,0.269877,0.34841,0.228662,24.32
2025-01-07,CRM,330.5,331.5,322.91,324.93,4643100,0.270457,0.348483,0.231658,26.67
2025-01-08,CRM,327.74,328.8,323.11,326.9,3788200,0.272244,0.348924,0.216936,27.63
2025-01-10,CRM,322.77,322.77,316.02,317.85,6540000,0.274417,0.35063,0.233398,29.87
2025-01-13,CRM,314.6,320.55,313.8,319.07,4583000,0.270462,0.352026,0.221393,26.92
2025-01-14,CRM,325.0,329.94,321.5,323.54,5935200,0.281624,0.353713,0.226303,39.24
2025-01-15,CRM,329.88,331.53,320.78,321.16,6042700,0.283194,0.356575,0.225598,41.25
2025-01-16,CRM,322.94,327.72,319.55,320.0,5047700,0.28445,0.357892,0.22032,45.68
2025-01-17,CRM,328.72,329.57,323.07,324.56,6303600,0.297376,0.3595,0.225888,58.54
2025-01-21,CRM,329.4,329.52,322.45,326.84,6397200,0.291881,0.360613,0.184205,53.01
2025-01-22,CRM,331.25,335.23,327.28,332.62,7259300,0.294184,0.361558,0.196119,54.76
2025-01-23,CRM,332.33,335.46,329.6,334.66,4355900,0.279383,0.362017,0.179583,35.29
2025-01-24,CRM,336.3,338.65,331.79,333.88,3299100,0.275104,0.361543,0.179593,29.07
2025-01-27,CRM,332.36,353.15,330.5,347.1,15661100,0.306838,0.369498,0.228958,60.92
2025-01-28,CRM,354.77,367.09,350.46,359.95,12099300,0.330217,0.375004,0.259556,70.45
2025-01-29,CRM,358.76,360.18,351.5,354.0,6266700,0.330398,0.37544,0.265106,70.79
2025-01-30,CRM,340.9,348.0,340.0,343.57,7591100,0.359531,0.383864,0.286831,76.67
2025-01-31,CRM,348.0,349.5,340.1,341.7,5778000,0.363058,0.384022,0.287175,76.92
2025-02-03,CRM,335.97,341.46,331.26,339.24,4549400,0.371183,0.386676,0.285352,77.17
2025-02-04,CRM,345.62,346.93,338.67,344.14,4965600,0.378748,0.388866,0.288536,77.42
2025-02-05,CRM,345.72,348.04,338.87,347.93,4521000,0.38143,0.388223,0.288362,77.66
2025-02-06,CRM,337.48,337.48,329.1,330.81,13240600,0.399926,0.394555,0.338495,77.89
2025-02-07,CRM,332.0,333.82,323.72,325.83,7626100,0.401481,0.393846,0.342567,78.12
2025-02-10,CRM,327.92,331.75,326.65,327.2,5981900,0.397865,0.389749,0.326468,76.29
2025-02-11,CRM,324.02,326.44,321.26,324.4,5455900,0.397054,0.387673,0.328241,75.51
2025-02-12,CRM,319.55,327.0,316.97,326.12,5643400,0.398186,0.389229,0.325094,76.77
2025-02-13,CRM,326.2,330.35,323.22,329.85,4312100,0.391517,0.38728,0.325956,74.0
2025-02-14,CRM,328.03,328.5,322.62,326.54,5879700,0.389368,0.386173,0.328061,73.27
2025-02-18,CRM,328.59,329.16,323.0,328.96,5262100,0.379641,0.386945,0.325336,71.57
2025-02-19,CRM,329.74,329.74,322.87,324.53,5012000,0.373259,0.385085,0.328205,69.9
2025-02-20,CRM,322.24,324.45,318.21,318.43,6393100,0.367638,0.385604,0.3274,68.27
2025-02-21,CRM,318.97,318.97,306.86,309.8,7353200,0.373025,0.382219,0.337664,69.52
2025-02-24,CRM,311.51,312.73,303.52,308.32,6652900,0.37734,0.383141,0.337629,70.75
2025-02-25,CRM,306.25,308.42,300.62,305.88,7360100,0.358352,0.383824,0.297388,64.49
2025-02-26,CRM,312.66,313.7,306.45,307.33,12638500,0.344407,0.385918,0.255428,62.96
2025-02-27,CRM,296.34,304.92,292.67,294.9,16691400,0.377008,0.395457,0.280364,70.64
2025-02-28,CRM,295.96,301.98,292.15,297.85,10863100,0.359565,0.39736,0.276873,65.45
2025-03-03,CRM,301.0,303.07,291.06,293.06,6298200,0.362983,0.399688,0.278633,65.77
2025-03-04,CRM,290.0,291.65,282.24,287.34,9096300,0.36155,0.400455,0.28187,65.18
2025-03-05,CRM,287.22,292.68,285.62,291.97,6612600,0.351913,0.339656,0.283676,61.95
2025-03-06,CRM,288.23,298.08,284.83,286.05,10396800,0.365832,0.344247,0.277374,67.54
2025-03-07,CRM,283.18,288.31,275.17,282.89,8248100,0.367561,0.349719,0.232379,67.83
2025-03-10,CRM,276.97,278.35,270.72,272.9,10040200,0.372024,0.353179,0.251976,69.83
2025-03-11,CRM,273.72,280.45,272.0,277.05,8313400,0.375222,0.354186,0.262227,71.79
2025-03-12,CRM,281.85,285.93,279.09,284.58,7463900,0.384111,0.354693,0.29035,76.27
2025-03-13,CRM,282.05,282.56,269.75,271.74,9494500,0.384461,0.357177,0.318606,76.47
2025-03-14,CRM,275.0,279.89,272.68,279.4,6976900,0.388634,0.356342,0.3374,76.67
2025-03-17,CRM,277.37,282.73,276.08,280.75,4484300,0.389734,0.35663,0.340488,77.69
2025-03-18,CRM,280.02,280.5,275.94,278.73,5881700,0.386249,0.35665,0.335906,75.41
2025-03-19,CRM,277.5,282.22,277.29,279.39,5245400,0.386948,0.35338,0.337342,75.61
2025-03-20,CRM,277.06,282.88,277.06,279.03,5504700,0.389417,0.353211,0.33519,77.42
2025-03-21,CRM,276.21,281.85,274.05,280.62,9804100,0.38775,0.351232,0.328401,75.2
2025-03-24,CRM,283.74,286.76,283.22,285.96,6763800,0.384084,0.350677,0.339098,71.43
2025-03-25,CRM,285.61,290.45,285.61,288.61,4301700,0.380281,0.35095,0.341756,70.08
2025-03-26,CRM,288.34,289.04,279.58,280.99,5070300,0.371436,0.35239,0.350588,63.28
2025-03-27,CRM,280.54,280.9,276.01,277.81,3757200,0.336549,0.35192,0.324012,50.39
2025-03-28,CRM,276.71,277.21,269.19,269.97,4973400,0.330688,0.350834,0.332411,49.23
2025-03-31,CRM,264.55,268.45,259.19,268.36,7585800,0.335677,0.356658,0.329772,50.38
2025-04-01,CRM,268.86,270.82,265.82,270.2,4598200,0.32924,0.355265,0.326876,46.97
2025-04-02,CRM,265.96,273.63,265.75,271.54,5396900,0.333397,0.357584,0.320628,50.38
2025-04-03,CRM,260.14,262.57,254.45,255.23,8872600,0.343487,0.367741,0.378154,54.48
2025-04-04,CRM,247.7,250.29,239.53,240.76,9705000,0.347279,0.374393,0.421803,55.56
2025-04-07,CRM,230.0,252.95,230.0,244.21,11965200,0.420613,0.401586,0.415357,84.56
2025-04-08,CRM,253.95,257.39,240.27,243.99,9340300,0.468288,0.417493,0.408638,90.51
2025-04-09,CRM,240.9,268.17,240.9,265.17,12491100,0.488391,0.428989,0.506708,97.83
2025-04-10,CRM,260.0,261.24,248.13,255.12,9692300,0.499132,0.432828,0.498949,99.28
2025-04-11,CRM,254.27,256.41,247.68,255.0,6089000,0.499927,0.432425,0.4856,99.29
2025-04-14,CRM,260.0,260.0,253.14,254.55,6038100,0.510281,0.433922,0.484472,99.29
2025-04-15,CRM,254.37,256.72,253.8,254.93,5227700,0.509576,0.429151,0.484905,98.59
2025-04-16,CRM,251.93,256.61,246.69,249.84,7190900,0.516013,0.429721,0.487288,99.3
2025-04-17,CRM,249.77,251.56,246.8,247.26,5566900,0.515453,0.427713,0.487292,98.61
2025-04-21,CRM,240.43,242.48,232.77,236.26,9240000,0.525162,0.432872,0.504528,99.31
2025-04-22,CRM,238.23,244.22,235.6,243.39,7145300,0.528698,0.434661,0.513775,99.32
2025-04-23,CRM,252.61,257.79,249.5,250.48,5818900,0.557824,0.438872,0.52696,99.32
2025-04-24,CRM,258.2,264.98,257.0,264.7,7857600,0.572127,0.438243,0.565314,99.32
2025-04-25,CRM,264.72,269.03,264.2,267.85,5651700,0.571972,0.437852,0.566745,98.66
2025-04-28,CRM,268.15,269.5,263.33,265.64,4977700,0.572342,0.431918,0.558526,99.33
2025-04-29,CRM,265.4,268.58,265.17,267.76,3139800,0.562894,0.429861,0.559004,97.35
2025-04-30,CRM,264.8,268.87,263.0,268.71,4624100,0.562809,0.428132,0.558583,96.71
2025-05-01,CRM,273.4,274.6,269.0,269.33,5208900,0.564933,0.426929,0.558334,97.39
2025-05-02,CRM,274.46,276.32,272.25,275.08,4323400,0.546034,0.427267,0.512921,94.81
2025-05-05,CRM,273.37,276.17,272.31,272.63,4219600,0.528718,0.423236,0.460913,94.19
2025-05-06,CRM,269.82,274.8,268.54,273.36,4681600,0.459258,0.422723,0.460073,74.36
2025-05-07,CRM,273.71,278.79,273.71,278.23,4267600,0.416147,0.422012,0.46129,73.25
2025-05-08,CRM,279.21,283.05,278.38,279.74,4789900,0.378399,0.422163,0.361674,60.13
2025-05-09,CRM,281.62,282.48,273.88,275.42,4324200,0.352259,0.421593,0.335009,49.06
2025-05-12,CRM,285.0,288.97,283.23,288.82,5937400,0.357565,0.427885,0.36846,49.38
2025-05-13,CRM,291.0,292.74,288.93,289.17,6711600,0.351645,0.427695,0.367754,47.83
2025-05-14,CRM,293.5,296.05,289.26,290.74,7926200,0.355417,0.42843,0.367326,49.38
2025-05-15,CRM,289.57,291.97,287.95,290.76,4635600,0.340661,0.428154,0.35459,43.56
2025-05-16,CRM,291.09,292.17,289.72,291.15,3846000,0.338226,0.427508,0.349113,42.68
2025-05-19,CRM,288.1,289.9,286.91,287.63,5781200,0.307821,0.42595,0.297341,32.73
2025-05-20,CRM,288.09,288.44,285.21,288.06,4032300,0.301143,0.424134,0.289061,31.93
2025-05-21,CRM,284.41,287.63,281.11,282.28,5689800,0.278486,0.424155,0.295679,16.17
2025-05-22,CRM,282.5,286.35,281.03,283.42,6642700,0.2592,0.421342,0.231471,10.71
2025-05-23,CRM,279.0,280.74,271.65,273.13,8887800,0.272658,0.4134,0.26964,14.2
2025-05-27,CRM,273.17,278.58,270.29,277.19,10958000,0.275839,0.412685,0.271541,16.47
2025-05-28,CRM,277.71,278.81,273.58,276.03,12758600,0.278023,0.410177,0.27151,17.54
2025-05-29,CRM,263.59,267.79,254.5,266.92,28053100,0.348945,0.424662,0.298452,49.42
2025-05-30,CRM,268.08,269.74,260.7,265.37,12388500,0.350879,0.426607,0.298893,50.29
2025-06-02,CRM,263.11,263.79,259.14,261.62,9213500,0.345169,0.420835,0.290828,48.28
2025-06-03,CRM,262.0,264.75,261.36,264.47,7838500,0.343671,0.415938,0.293485,47.43
2025-06-04,CRM,264.19,265.5,261.62,263.17,7372500,0.340322,0.41311,0.293285,44.89
2025-06-05,CRM,263.71,268.75,263.64,267.14,8642900,0.341385,0.411794,0.291056,46.33
2025-06-06,CRM,269.97,274.9,268.21,274.51,7507000,0.344333,0.410469,0.308235,48.31
2025-06-09,CRM,272.85,274.2,269.66,272.25,5728300,0.34104,0.408081,0.304713,45.25
2025-06-10,CRM,272.07,273.75,266.84,268.22,6309700,0.31618,0.407058,0.249649,35.56
2025-06-11,CRM,268.5,269.51,265.41,265.91,6568100,0.314188,0.406349,0.24953,34.25
2025-06-12,CRM,264.7,269.02,263.4,266.91,8054000,0.3061,0.406544,0.248751,32.42
2025-06-13,CRM,263.48,265.7,258.0,258.4,7659300,0.311743,0.407824,0.267245,33.88
2025-06-16,CRM,260.39,263.98,259.96,263.88,7177000,0.314699,0.407072,0.282941,35.33
2025-06-17,CRM,263.85,270.5,262.1,262.76,9110100,0.325729,0.408625,0.281644,39.46
2025-06-18,CRM,264.8,265.08,257.47,259.5,7628000,0.331152,0.409377,0.282055,42.47
2025-06-20,CRM,260.69,262.87,259.26,260.63,12859200,0.327747,0.409476,0.278142,40.11
2025-06-23,CRM,260.64,264.74,258.75,263.41,9283800,0.3284,0.40899,0.281618,40.43
2025-06-24,CRM,265.71,273.38,265.44,271.17,9713900,0.325829,0.410325,0.275445,39.15
2025-06-25,CRM,272.0,274.0,266.98,267.76,6074300,0.323974,0.410533,0.272666,38.42
2025-06-26,CRM,268.78,271.01,265.16,270.74,6708000,0.326308,0.406787,0.276196,39.79
2025-06-27,CRM,271.86,274.17,269.43,273.42,21741400,0.247493,0.406677,0.249994,8.85
2025-06-30,CRM,274.46,276.38,270.4,272.69,8541900,0.238764,0.40528,0.249068,7.25
2025-07-01,CRM,272.08,274.0,270.64,271.91,6256800,0.234221,0.394172,0.242819,6.19
2025-07-02,CRM,271.52,271.71,265.65,269.21,6115200,0.240276,0.387305,0.243932,9.23
2025-07-03,CRM,269.7,274.73,269.32,272.15,5031800,0.242349,0.35676,0.245374,9.69
2025-07-07,CRM,271.51,274.0,268.21,269.8,6283500,0.244339,0.339466,0.242722,10.15
2025-07-08,CRM,270.79,276.8,269.73,273.65,6661200,0.244333,0.325162,0.227622,10.1
2025-07-09,CRM,274.36,275.56,269.37,270.92,6373600,0.244131,0.315196,0.228537,10.05
2025-07-10,CRM,270.9,271.49,263.21,263.97,7244600,0.243858,0.311855,0.241006,10.0
2025-07-11,CRM,262.58,262.95,257.26,258.07,7011200,0.246069,0.309353,0.251881,12.44
2025-07-14,CRM,258.6,262.23,257.5,259.68,6533900,0.244424,0.309927,0.252713,11.88
2025-07-15,CRM,261.0,261.81,257.23,257.58,5201500,0.233475,0.304945,0.226509,5.91
2025-07-16,CRM,258.93,258.98,254.52,257.95,5649500,0.236502,0.305462,0.212501,7.84
2025-07-17,CRM,257.99,260.2,256.65,259.88,5837400,0.221166,0.295269,0.214279,3.41
2025-07-18,CRM,260.3,262.98,259.12,262.38,6381200,0.215201,0.292296,0.212283,0.97
2025-07-21,CRM,263.62,264.31,261.64,262.28,6714700,0.213712,0.279022,0.211825,0.48
2025-07-22,CRM,263.0,265.89,262.0,263.59,5001400,0.210695,0.2713,0.209122,0.48
2025-07-23,CRM,263.92,268.48,262.5,267.22,5620700,0.205956,0.271841,0.186789,0.0
2025-07-24,CRM,267.98,269.3,265.64,267.7,5877100,0.201749,0.270902,0.181526,0.0
2025-07-25,CRM,268.01,271.1,267.01,269.11,4015400,0.196564,0.271263,0.177957,0.0
2025-07-28,CRM,269.5,270.34,266.59,270.25,4533700,0.195992,0.269835,0.174794,0.0
2025-07-29,CRM,271.6,274.0,267.31,267.39,5137100,0.196987,0.268614,0.178309,0.94
2025-07-30,CRM,266.87,267.77,263.33,264.81,3928200,0.197941,0.266025,0.180896,1.4
2025-07-31,CRM,265.0,265.04,257.86,258.33,7340300,0.193095,0.26578,0.197177,0.0
2025-08-01,CRM,254.99,255.99,250.13,250.74,7646900,0.198176,0.265958,0.213975,2.31
2025-08-04,CRM,251.0,253.5,250.64,252.32,4403500,0.193899,0.265754,0.216306,0.46
2025-08-05,CRM,253.01,253.29,247.01,247.49,6761000,0.18723,0.265452,0.212979,0.0
2025-08-06,CRM,249.37,250.26,247.02,249.17,5834700,0.186136,0.264166,0.216066,0.0
2025-08-07,CRM,250.69,253.01,236.97,240.88,10010200,0.222817,0.264923,0.228035,10.91
2025-08-08,CRM,241.29,242.95,237.83,240.51,8812000,0.224241,0.265507,0.217986,11.31
2025-08-11,CRM,238.92,241.87,231.57,232.68,10740100,0.238055,0.267238,0.238399,15.32
2025-08-12,CRM,233.0,233.67,226.48,231.66,13178000,0.250769,0.270966,0.23822,21.52
2025-08-13,CRM,233.01,237.35,229.61,237.03,10209200,0.258399,0.274704,0.257686,22.32
2025-08-14,CRM,237.0,237.0,232.87,233.37,7544800,0.257287,0.273891,0.256796,21.78
2025-08-15,CRM,236.15,244.5,234.63,242.44,12942800,0.271644,0.278539,0.29588,25.22
2025-08-18,CRM,239.77,244.52,239.49,243.97,8809200,0.277402,0.277394,0.297889,28.19
2025-08-19,CRM,245.0,248.5,243.45,246.0,8642200,0.279449,0.2777,0.299381,32.02
2025-08-20,CRM,245.7,247.57,244.45,246.45,8195100,0.276825,0.273803,0.293281,27.95
2025-08-21,CRM,245.04,246.29,240.02,245.83,5646800,0.285745,0.274723,0.29254,36.96
2025-08-22,CRM,245.78,249.53,244.11,248.29,6694300,0.287672,0.274975,0.295035,37.66
2025-08-25,CRM,249.37,249.37,246.79,247.87,4957700,0.28585,0.245256,0.293584,37.07
2025-08-26,CRM,246.7,248.83,242.85,243.74,8862300,0.286054,0.242829,0.296146,37.34
2025-08-27,CRM,245.75,250.37,245.61,250.16,6506900,0.287215,0.241904,0.314579,37.61
2025-08-28,CRM,252.48,255.65,250.29,254.53,8461200,0.290298,0.243616,0.311126,39.57
2025-08-29,CRM,255.4,257.64,252.87,256.25,7363200,0.285816,0.244205,0.292298,36.44
2025-09-02,CRM,254.82,254.99,248.75,252.86,9312500,0.293499,0.246463,0.295935,41.35
2025-09-03,CRM,255.06,258.0,250.55,256.45,17417900,0.30079,0.248054,0.290557,43.7
2025-09-04,CRM,240.06,245.22,234.62,244.01,30967500,0.397375,0.289308,0.342284,80.33
2025-09-05,CRM,244.83,251.13,244.36,250.76,13029400,0.375541,0.289042,0.333268,72.08
2025-09-08,CRM,250.8,252.94,247.3,252.27,12602200,0.376279,0.290447,0.333278,72.2
2025-09-09,CRM,251.32,255.34,251.21,252.06,10901900,0.367382,0.290404,0.306302,68.18
2025-09-10,CRM,252.75,253.99,241.73,242.57,11363600,0.368385,0.291134,0.340498,69.14
2025-09-11,CRM,243.7,247.17,243.5,246.28,6944900,0.361335,0.290995,0.335354,65.98
2025-09-12,CRM,246.1,247.59,241.25,242.76,8386400,0.364208,0.288063,0.334573,67.35
2025-09-15,CRM,243.25,244.71,240.84,242.52,7244600,0.353854,0.286578,0.306107,63.41
2025-09-16,CRM,242.52,242.68,237.24,239.31,8779800,0.354444,0.287221,0.308682,63.56
2025-09-17,CRM,239.97,243.0,239.38,242.21,10124000,0.352159,0.286359,0.31046,62.5
2025-09-18,CRM,244.16,247.29,242.95,244.28,9344400,0.355556,0.285314,0.312105,64.26
2025-09-19,CRM,246.02,247.2,243.35,247.09,11813900,0.351293,0.285091,0.314793,61.2
2025-09-22,CRM,245.28,250.48,243.16,249.69,7523800,0.354165,0.28581,0.315007,63.35
2025-09-23,CRM,249.74,251.36,244.13,244.56,7669800,0.357366,0.286417,0.323741,64.68
2025-09-24,CRM,245.67,248.84,243.01,245.89,6707100,0.357982,0.286836,0.318627,65.08
2025-09-25,CRM,244.5,244.66,239.49,240.95,8145500,0.358165,0.287572,0.311671,65.08
2025-09-26,CRM,240.69,244.53,240.35,243.43,4974600,0.354345,0.286404,0.306865,62.3
2025-09-29,CRM,244.72,245.82,242.87,245.1,6373500,0.353287,0.285791,0.306905,61.11
2025-09-30,CRM,245.05,245.21,235.81,237.0,10801100,0.352891,0.286778,0.324573,60.71
2025-10-01,CRM,236.49,242.47,233.51,235.69,10016600,0.355854,0.289787,0.318081,63.49
2025-10-02,CRM,235.43,239.4,233.6,238.88,7679200,0.247492,0.290145,0.274236,18.65
2025-10-03,CRM,238.75,242.81,238.5,240.36,8849800,0.247113,0.289838,0.254844,18.65
2025-10-06,CRM,239.33,250.47,235.41,245.78,13922600,0.276727,0.299356,0.267959,26.19
2025-10-07,CRM,246.48,247.36,237.55,239.74,8387400,0.283067,0.301733,0.280694,32.14
2025-10-08,CRM,239.74,241.32,235.65,240.43,7120200,0.277922,0.303216,0.246938,27.78
2025-10-09,CRM,239.27,245.96,237.15,245.33,7929100,0.285941,0.304695,0.251721,35.32
2025-10-10,CRM,246.52,249.05,240.72,241.68,7988300,0.289992,0.307068,0.252174,36.9
2025-10-13,CRM,242.89,249.35,242.37,248.75,8276500,0.292095,0.307985,0.272382,38.1
2025-10-14,CRM,248.11,248.28,239.55,239.77,9123900,0.292776,0.309043,0.30032,38.1
2025-10-15,CRM,240.87,241.32,235.9,236.58,8389200,0.294085,0.309267,0.300471,38.49
2025-10-16,CRM,253.19,256.74,242.67,246.0,24869700,0.394113,0.34485,0.331476,80.56
2025-10-17,CRM,246.57,250.78,242.16,243.08,10851200,0.399871,0.347555,0.331493,82.14
2025-10-20,CRM,245.0,255.4,244.3,254.28,9963900,0.400901,0.350117,0.367837,82.54
2025-10-21,CRM,254.5,267.13,254.0,263.41,13354700,0.410116,0.354313,0.377699,82.94
2025-10-22,CRM,262.2,262.4,256.51,256.64,9370000,0.408872,0.353609,0.392045,82.54
2025-10-23,CRM,257.6,258.56,254.12,255.05,6110100,0.406669,0.353568,0.384472,82.14
2025-10-24,CRM,257.42,258.5,254.0,254.83,5490800,0.406494,0.353785,0.383658,81.75
2025-10-27,CRM,257.08,258.1,254.92,255.47,4942400,0.406424,0.352321,0.383285,81.35
2025-10-28,CRM,255.47,258.84,254.14,254.26,6435600,0.404455,0.353228,0.360678,80.95
2025-10-29,CRM,252.0,253.57,249.04,251.46,7904200,0.397822,0.353975,0.363047,78.17
2025-10-30,CRM,250.5,259.28,250.0,256.65,7767800,0.401982,0.355989,0.366482,80.56
2025-10-31,CRM,254.8,261.82,252.63,260.41,6878300,0.407815,0.350373,0.368464,82.14
2025-11-03,CRM,260.0,261.56,255.1,261.34,7054300,0.390498,0.351614,0.362073,75.4
2025-11-04,CRM,258.15,259.26,253.46,254.44,6792200,0.389473,0.349453,0.364049,74.6
2025-11-05,CRM,254.7,256.83,252.01,252.68,5241200,0.386582,0.346882,0.365749,72.22
2025-11-06,CRM,250.54,250.54,234.48,239.27,11041800,0.403656,0.3532,0.41114,80.16
2025-11-07,CRM,236.15,240.97,235.79,239.88,5741500,0.404251,0.354732,0.408069,80.16
2025-11-10,CRM,240.0,241.91,235.08,241.71,6486600,0.408955,0.35376,0.394651,82.54
2025-11-11,CRM,241.9,245.7,241.16,244.5,5762800,0.407564,0.353089,0.373978,81.35
2025-11-12,CRM,245.74,248.43,243.68,246.02,4278200,0.408145,0.353,0.370443,81.75
2025-11-13,CRM,245.25,245.9,239.91,240.43,5542100,0.307341,0.353529,0.353103,34.13
2025-11-14,CRM,238.31,245.18,237.42,243.66,5512900,0.303175,0.353078,0.354255,32.94
2025-11-17,CRM,242.07,242.83,235.59,237.03,5280900,0.297673,0.353865,0.324668,31.75
2025-11-18,CRM,236.24,237.79,230.27,233.5,8045100,0.288387,0.356086,0.292455,26.19
2025-11-19,CRM,232.0,232.28,225.06,227.88,9710700,0.295198,0.357178,0.290992,30.16
2025-11-20,CRM,229.25,231.07,223.3,225.37,7521100,0.302563,0.358964,0.291563,32.54
2025-11-21,CRM,224.86,228.68,221.96,227.11,7479300,0.305248,0.359572,0.295193,32.94
2025-11-24,CRM,227.34,228.84,225.04,226.82,8563300,0.303814,0.359276,0.29409,32.54
2025-11-25,CRM,226.8,234.63,226.52,234.12,10233000,0.30494,0.358576,0.323056,32.94
2025-11-26,CRM,230.51,232.82,226.0,228.15,8506600,0.311542,0.359017,0.331404,35.32
2025-11-28,CRM,229.0,232.56,228.63,230.54,3691500,0.30648,0.327221,0.323073,34.13
2025-12-01,CRM,228.67,234.25,228.6,232.83,5634700,0.301616,0.327764,0.31967,31.75
2025-12-02,CRM,233.02,236.65,231.62,234.71,7626200,0.297387,0.327264,0.32176,30.56
2025-12-03,CRM,235.36,239.26,233.16,238.72,13782000,0.298406,0.327677,0.320628,31.35
2025-12-04,CRM,243.69,248.97,237.6,247.46,20912100,0.327,0.333215,0.348884,40.87
2025-12-05,CRM,250.83,261.88,249.5,260.57,15852400,0.311942,0.337451,0.336291,37.7
2025-12-08,CRM,261.88,264.28,256.34,259.53,10805400,0.314508,0.338431,0.337534,38.49
2025-12-09,CRM,260.0,262.25,259.0,261.02,8045900,0.305559,0.338154,0.33733,34.92
2025-12-10,CRM,260.75,265.93,259.15,264.2,8894700,0.307991,0.338401,0.337527,37.3
2025-12-11,CRM,263.5,267.9,260.77,262.35,7783800,0.311683,0.340219,0.339578,38.1
2025-12-12,CRM,263.52,264.49,260.91,262.23,6006600,0.310008,0.339469,0.325658,37.7
2025-12-15,CRM,261.21,262.28,253.09,254.58,10271800,0.310488,0.340673,0.345019,38.1
2025-12-16,CRM,254.0,255.86,252.11,254.91,6145300,0.305624,0.339046,0.326701,35.32
2025-12-17,CRM,256.33,261.97,256.25,258.14,6269000,0.302321,0.339403,0.320443,32.94
2025-12-18,CRM,258.42,260.07,256.16,257.85,5654200,0.294333,0.338426,0.302288,29.76
2025-12-19,CRM,260.68,262.04,255.5,259.91,20732100,0.293515,0.339911,0.29535,28.97
2025-12-22,CRM,260.62,264.63,258.41,264.63,5664200,0.289446,0.340587,0.297865,26.59
2025-12-23,CRM,262.72,264.24,260.52,263.43,4745100,0.29062,0.341064,0.299385,27.78
2025-12-24,CRM,263.23,266.3,262.55,265.26,2076600,0.287661,0.339321,0.28542,25.79
2025-12-26,CRM,264.8,267.91,264.8,266.08,2456400,0.274039,0.335322,0.25961,17.06
2025-12-29,CRM,264.71,269.11,264.71,266.23,4300100,0.275796,0.335206,0.260591,18.25
2025-12-30,CRM,266.66,268.28,265.33,265.92,3291800,0.271149,0.33456,0.262027,15.87
2025-12-31,CRM,265.29,266.1,264.39,264.91,3367900,0.267935,0.325367,0.264552,14.68
2026-01-02,CRM,265.0,265.38,252.48,253.62,9680600,0.275314,0.325514,0.314045,19.05
2026-01-05,CRM,253.62,259.59,252.31,256.26,6421500,0.249648,0.325667,0.290722,13.1
2026-01-06,CRM,255.2,263.55,255.0,262.9,6103300,0.235855,0.324369,0.242097,7.54
2026-01-07,CRM,263.5,267.83,263.5,266.12,5976200,0.227617,0.322321,0.244949,6.75
2026-01-08,CRM,264.4,265.2,260.41,260.53,5243500,0.229336,0.321926,0.256822,7.14
2026-01-09,CRM,260.0,261.03,256.51,259.94,5174400,0.227488,0.321552,0.2528,6.75
2026-01-12,CRM,259.0,261.56,255.77,259.4,4927700,0.223945,0.322138,0.251795,6.35
2026-01-13,CRM,257.66,260.91,240.36,241.06,13661000,0.264745,0.294245,0.360686,17.06
2026-01-14,CRM,239.18,242.24,236.46,239.57,10149300,0.263485,0.292439,0.348179,17.06
2026-01-15,CRM,237.02,238.84,231.67,233.53,11489600,0.270975,0.291707,0.356671,18.25
2026-01-16,CRM,232.95,232.95,226.44,227.11,13902600,0.266045,0.286873,0.360042,17.86
2026-01-20,CRM,223.54,227.94,219.36,220.07,13050800,0.282912,0.292598,0.370129,25.4
2026-01-21,CRM,220.15,223.39,218.96,221.58,12616600,0.274926,0.292913,0.369513,20.63
2026-01-22,CRM,222.24,228.72,221.11,228.09,9483000,0.277469,0.293683,0.381581,23.81
2026-01-23,CRM,226.78,230.85,226.65,228.05,9408000,0.279538,0.293995,0.382334,26.19
2026-01-26,CRM,229.43,230.95,227.59,229.4,7239600,0.281726,0.293605,0.38185,26.19
2026-01-27,CRM,231.94,235.74,226.27,228.53,9838400,0.298604,0.298119,0.380153,36.11
2026-01-28,CRM,229.39,231.86,227.67,227.96,8465900,0.299066,0.296375,0.379436,36.51
2026-01-29,CRM,216.67,217.28,208.78,214.08,18555600,0.359076,0.31596,0.425539,65.48
2026-01-30,CRM,214.16,215.55,211.03,212.29,11090400,0.36188,0.314416,0.424844,67.06
2026-02-02,CRM,214.35,216.89,209.8,210.81,7950900,0.36397,0.31624,0.407226,67.86
2026-02-03,CRM,205.0,205.56,193.11,196.38,20194200,0.38648,0.327677,0.454739,77.78
2026-02-04,CRM,193.31,200.67,187.28,199.44,23010000,0.416999,0.33259,0.444567,91.27
2026-02-05,CRM,193.99,199.56,188.79,189.97,21956300,0.440599,0.343717,0.449804,91.67
2026-02-06,CRM,191.63,194.6,187.12,191.35,13652600,0.453217,0.345446,0.457417,91.67
2026-02-09,CRM,189.3,195.2,185.73,194.03,12112000,0.464815,0.350932,0.467093,92.06
2026-02-10,CRM,191.9,199.1,190.75,193.45,13393000,0.47535,0.355957,0.466778,92.46
2026-02-11,CRM,193.15,193.67,181.81,185.0,16350200,0.471191,0.362504,0.428527,92.06
2026-02-12,CRM,185.96,188.32,180.24,185.43,16849100,0.482135,0.366133,0.43144,92.46
2026-02-13,CRM,186.44,193.45,184.3,189.72,14822900,0.492302,0.37035,0.446457,92.86
2026-02-17,CRM,190.97,193.0,183.17,184.29,13692900,0.5023,0.372943,0.447079,93.65
2026-02-18,CRM,183.88,188.14,181.86,187.79,9852900,0.497995,0.37301,0.451314,92.46
2026-02-19,CRM,186.6,186.95,183.23,185.29,9565100,0.497904,0.37149,0.448237,92.06
2026-02-20,CRM,185.32,191.73,183.73,185.16,10816200,0.506676,0.375462,0.426829,93.65
2026-02-23,CRM,181.27,182.47,174.57,178.16,15498600,0.517322,0.381343,0.436229,95.24
2026-02-24,CRM,177.64,188.67,176.28,185.42,15564700,0.533313,0.388167,0.4705,96.43
2026-02-25,CRM,183.0,192.6,182.26,191.75,21875100,0.530483,0.389758,0.495729,96.03
2026-02-26,CRM,196.76,201.04,191.33,199.47,26680500,0.553973,0.399381,0.524336,96.83
2026-02-27,CRM,191.91,195.92,189.92,194.79,16346500,0.536817,0.407091,0.485767,96.03
2026-03-02,CRM,192.5,195.94,190.68,192.95,9932700,0.538507,0.408193,0.485892,96.03
2026-03-03,CRM,190.75,198.67,189.58,196.05,13208900,0.538827,0.410945,0.491293,96.03
2026-03-04,CRM,195.1,196.47,192.1,193.08,11583700,0.520309,0.403595,0.425536,92.86
2026-03-05,CRM,194.36,204.42,194.24,201.39,15860900,0.506164,0.403911,0.448986,90.08
2026-03-06,CRM,200.79,202.96,197.37,202.11,9657400,0.485547,0.40359,0.409741,86.9
2026-03-09,CRM,198.56,203.67,195.87,198.79,10754800,0.485642,0.407706,0.415224,86.9
2026-03-10,CRM,197.26,199.57,190.6,194.91,14467400,0.485603,0.411171,0.419464,86.51
2026-03-11,CRM,196.4,199.55,191.29,194.13,9580000,0.484088,0.413777,0.419582,85.71
2026-03-12,CRM,194.13,204.86,193.15,199.28,26309700,0.485615,0.420737,0.393734,86.51
2026-03-13,CRM,199.73,201.0,191.75,192.83,14834700,0.481576,0.422144,0.414685,84.52
2026-03-16,CRM,195.15,198.63,195.15,198.34,13419600,0.472175,0.423242,0.41864,83.73
2026-03-17,CRM,198.22,202.38,194.45,195.31,11559300,0.469052,0.425076,0.407788,82.94
2026-03-18,CRM,193.4,196.15,192.64,194.34,10525100,0.466295,0.425357,0.404206,82.14
2026-03-19,CRM,195.59,200.4,193.3,194.99,9254300,0.474027,0.42639,0.400251,83.73
2026-03-20,CRM,193.21,195.67,190.0,195.38,20201100,0.465139,0.427377,0.400075,81.35
2026-03-23,CRM,197.09,198.05,192.0,195.18,13976200,0.457427,0.429857,0.369822,80.16
2026-03-24,CRM,192.14,192.14,182.29,183.02,18631400,0.448034,0.432551,0.419404,79.37
2026-03-25,CRM,185.7,187.39,179.85,181.96,12565200,0.45034,0.436774,0.399616,79.37
2026-03-26,CRM,181.18,187.47,179.53,185.64,10330700,0.430102,0.439117,0.377814,78.17
2026-03-27,CRM,184.0,184.11,178.82,179.31,9902000,0.40772,0.439572,0.387437,74.6
2026-03-30,CRM,180.1,186.39,179.58,185.03,11617700,0.407928,0.441797,0.406661,75.0
2026-03-31,CRM,184.9,188.5,182.31,186.67,11041400,0.401627,0.441559,0.403247,70.63
2026-04-01,CRM,186.85,188.98,183.01,186.24,11677700,0.405647,0.442119,0.400399,72.22
2026-04-02,CRM,185.3,187.58,181.58,187.18,11635500,0.400307,0.443735,0.366628,69.44
2026-04-06,CRM,187.5,188.14,183.6,185.03,14391000,0.397268,0.444169,0.366604,67.86
2026-04-07,CRM,184.95,186.58,182.02,182.96,12344600,0.384551,0.444933,0.364749,65.48
2026-04-08,CRM,186.5,186.77,175.78,176.37,13472100,0.384735,0.44976,0.379049,65.48
2026-04-09,CRM,173.17,174.29,167.12,170.85,20855400,0.391192,0.453421,0.390742,67.46
2026-04-10,CRM,171.26,171.26,163.52,164.96,18109300,0.373049,0.448478,0.383461,63.89
2026-04-13,CRM,167.05,173.4,165.77,172.82,12390800,0.377411,0.451149,0.420894,65.08
2026-04-14,CRM,175.21,177.5,170.5,171.31,13123600,0.385485,0.453366,0.40171,66.67
2026-04-15,CRM,174.22,179.62,172.88,177.6,14340300,0.387451,0.456971,0.428621,67.86
2026-04-16,CRM,184.0,184.55,178.57,181.22,11866700,0.407218,0.461752,0.437652,75.79
2026-04-17,CRM,185.43,187.98,181.03,182.14,17225700,0.410568,0.466199,0.438052,79.37
2026-04-20,CRM,182.5,189.0,182.12,186.27,14382300,0.409435,0.467209,0.447296,78.97
2026-04-21,CRM,186.6,193.56,184.1,187.11,12073700,0.422081,0.4719,0.447949,80.95
2026-04-22,CRM,188.2,191.15,187.03,189.8,14565900,0.411263,0.472308,0.385725,80.16
2026-04-23,CRM,177.56,178.87,170.65,173.3,22719900,0.485736,0.49062,0.507287,90.48
2026-04-24,CRM,175.62,178.45,174.4,178.16,10817600,0.480705,0.491634,0.512469,87.7
2026-04-27,CRM,178.26,184.29,177.51,180.18,11907000,0.486428,0.480696,0.499452,91.27
2026-04-28,CRM,182.43,184.42,181.32,181.32,8711700,0.484039,0.48152,0.486462,88.89
2026-04-29,CRM,179.2,181.78,177.35,181.22,6882800,0.484166,0.480701,0.485084,89.68
2026-04-30,CRM,178.3,178.69,173.0,176.53,14408300,0.49018,0.475624,0.492986,92.46
2026-05-01,CRM,182.19,186.04,178.75,183.82,12324400,0.501685,0.473486,0.51585,94.05
2026-05-04,CRM,184.24,190.31,183.97,185.48,8444700,0.50845,0.4672,0.51538,95.63
2026-05-05,CRM,185.55,187.39,181.1,186.99,9740800,0.514258,0.466883,0.514295,96.03
2026-05-06,CRM,185.52,187.1,179.58,181.19,11303400,0.511261,0.464844,0.50956,96.03
2026-05-07,CRM,184.6,188.58,184.0,186.34,13955100,0.501233,0.462666,0.502142,93.65
2026-05-08,CRM,179.68,181.87,176.88,181.82,15123900,0.519775,0.464684,0.492478,96.83
2026-05-11,CRM,179.91,182.5,176.31,177.49,11145000,0.519727,0.462963,0.476772,96.43
2026-05-12,CRM,177.58,177.58,170.58,171.31,10214000,0.51467,0.459981,0.493375,95.63
2026-05-13,CRM,169.78,169.78,164.75,165.84,11951900,0.508388,0.457406,0.486856,94.05
2026-05-14,CRM,166.0,169.35,164.33,167.58,9749400,0.489444,0.457217,0.481794,90.08
2026-05-15,CRM,169.25,175.97,169.0,173.51,13883400,0.483431,0.459474,0.500322,86.11
2026-05-18,CRM,172.89,180.78,171.8,179.48,13671200,0.485372,0.457869,0.509392,87.3
2026-05-19,CRM,185.0,187.44,178.81,179.42,17510800,0.492961,0.459769,0.508881,90.87
2026-05-20,CRM,176.04,180.31,173.34,180.1,13025300,0.501135,0.457308,0.505757,91.67
2026-05-21,CRM,175.38,177.34,171.99,176.31,10949100,0.446462,0.458733,0.392064,78.57
2026-05-22,CRM,179.84,183.35,177.68,180.07,10176700,0.45352,0.454037,0.386776,79.76
2026-05-26,CRM,178.43,182.36,177.68,179.08,13617200,0.449682,0.447486,0.38518,78.57
2026-05-27,CRM,178.0,183.92,176.89,177.51,18524900,0.458939,0.450189,0.385474,80.16
2026-05-28,CRM,178.43,182.48,171.65,176.17,22559400,0.476006,0.45337,0.386157,83.33
2026-05-29,CRM,180.24,194.14,180.02,191.1,33998900,0.492572,0.462027,0.473418,90.08
2026-06-01,CRM,198.75,211.34,198.21,209.6,27594800,0.502663,0.469196,0.555339,92.86
2026-06-02,CRM,201.02,204.39,195.76,200.84,19216600,0.526487,0.479277,0.582004,97.22
2026-06-03,CRM,197.27,197.68,189.73,190.61,14154400,0.526785,0.477907,0.614866,97.22
2026-06-04,CRM,197.81,198.09,186.11,188.75,14453600,0.550607,0.484161,0.604404,99.21
2026-06-05,CRM,189.8,192.51,184.83,185.66,13183900,0.550849,0.483539,0.599665,99.21
2026-06-08,CRM,183.91,185.02,181.71,182.55,11177800,0.532409,0.477898,0.596141,96.83
2026-06-09,CRM,179.5,182.46,171.56,175.35,15427800,0.546357,0.483198,0.60751,98.41
2026-06-10,CRM,170.6,175.53,170.03,170.92,10820500,0.559145,0.488626,0.60099,99.6
2026-06-11,CRM,168.27,168.98,163.31,166.45,16666000,0.564374,0.488949,0.597102,99.6
2026-06-12,CRM,164.74,166.54,161.4,165.89,13589400,0.567067,0.490628,0.595968,99.6
2026-06-15,CRM,166.03,169.95,164.17,164.55,13541800,0.566521,0.490515,0.581563,99.21
2026-06-16,CRM,164.06,166.3,160.5,161.71,16385300,0.563736,0.490367,0.567197,98.41
2026-06-17,CRM,160.25,161.43,154.23,155.02,19986200,0.549203,0.490863,0.581744,96.43
2026-06-18,CRM,152.73,154.47,149.8,151.78,57940800,0.545061,0.490363,0.582163,95.63
2026-06-22,CRM,150.16,153.87,146.32,150.12,20502800,0.546224,0.491923,0.580327,95.63
2026-06-23,CRM,151.65,155.18,150.85,153.42,20720700,0.540704,0.490989,0.580759,94.84
2026-06-24,CRM,151.81,157.06,150.4,152.76,13146800,0.547583,0.494461,0.580843,96.03
2026-06-25,CRM,150.01,154.0,148.78,150.19,11324700,0.545591,0.496574,0.581725,94.84
2026-06-26,CRM,151.49,158.46,151.49,158.37,21267900,0.532325,0.496419,0.621243,91.67
2026-06-29,CRM,160.27,161.76,157.7,157.93,12664100,0.509395,0.496162,0.530753,87.3
2026-06-30,CRM,155.09,157.69,154.07,156.66,13690500,0.472693,0.495854,0.370425,73.81
2026-07-01,CRM,162.22,165.81,161.2,163.23,14164600,0.471211,0.501896,0.403879,73.02
2026-07-02,CRM,163.0,167.21,162.0,166.11,10486300,0.468491,0.502349,0.383256,71.83
2026-07-06,CRM,163.99,167.72,162.37,165.65,10595500,0.435714,0.500265,0.383357,66.67
2026-07-07,CRM,169.22,172.38,167.68,169.52,13057900,0.440765,0.499017,0.395271,67.06
2026-07-08,CRM,167.37,167.53,164.78,166.58,9792400,0.441812,0.497961,0.395526,67.06
2026-07-09,CRM,158.33,163.8,156.48,162.5,13858600,0.458927,0.508411,0.380574,69.84
2026-07-10,CRM,165.6,166.3,162.42,163.32,8321500,0.453702,0.507545,0.37277,69.05
2026-07-13,CRM,165.92,172.76,165.92,171.22,14020700,0.454836,0.507073,0.400102,69.05
2026-07-14,CRM,162.49,171.35,161.47,167.56,13507900,0.49792,0.515337,0.40815,82.94
2026-07-15,CRM,170.52,172.8,166.56,167.0,13328100,0.501835,0.514145,0.407166,84.52
2026-07-16,CRM,170.84,174.54,166.88,172.68,12057500,0.515114,0.518235,0.417,88.49
2026-07-17,CRM,171.5,175.43,169.75,170.77,10191500,0.514067,0.515498,0.385358,87.3
2026-07-20,CRM,167.86,175.39,166.5,173.79,13426500,0.518872,0.518556,0.375111,88.89
2026-07-21,CRM,167.06,172.43,166.93,170.06,12831800,0.526346,0.505545,0.383658,90.08
2026-07-22,CRM,169.47,169.57,162.21,163.0,12194500,0.526537,0.505583,0.415511,90.48
2026-07-23,CRM,165.05,165.88,155.15,156.93,12775000,0.533939,0.508669,0.439837,92.46
2026-07-24,CRM,160.38,164.45,159.55,163.66,10899100,0.533614,0.51066,0.456743,92.06
2026-07-27,CRM,168.0,176.95,167.14,173.6,17312000,0.551814,0.517405,0.465536,97.22
2026-07-28,CRM,176.91,184.54,176.91,181.5,17204600,0.558802,0.518764,0.485434,97.62
2026-07-29,CRM,182.01,190.18,182.01,188.38,18139500,0.557933,0.513603,0.493384,97.22
2026-07-30,CRM,180.99,182.51,175.9,180.71,12182400,0.564901,0.519449,0.509551,98.81
2026-07-31,CRM,177.7,184.45,177.03,184.02,9691500,0.567097,0.518877,0.509769,99.6
2026-08-03,CRM,188.99,193.7,185.9,185.95,12908000,0.581843,0.523605,0.509213,99.6
2026-08-04,CRM,183.09,191.29,183.0,190.99,9326900,0.57589,0.52262,0.51102,99.21
2026-08-05,CRM,193.28,194.94,190.43,192.98,9605500,0.578225,0.51818,0.503573,99.21
2026-08-06,CRM,183.44,187.02,183.0,186.77,13297600,0.571765,0.525841,0.511,98.41
2026-08-07,CRM,191.09,194.7,190.6,192.74,11392800,0.573315,0.527665,0.51824,98.41
2026-08-10,CRM,190.17,198.18,190.0,197.51,9706600,0.569286,0.52807,0.501564,97.62
2026-08-11,CRM,196.94,199.39,195.5,197.47,11171600,0.526278,0.527285,0.490933,84.13
2026-08-12,CRM,192.0,196.5,191.78,193.32,12787900,0.526775,0.528314,0.500535,85.32
2026-08-13,CRM,196.84,202.99,191.39,201.37,15058700,0.530797,0.533299,0.506272,86.11
2026-08-14,CRM,202.75,204.4,195.32,196.21,8664800,0.533064,0.528695,0.516223,86.9
2026-08-17,CRM,193.83,194.94,189.91,190.97,14378800,0.526044,0.526696,0.528227,82.54
2026-08-18,CRM,194.09,199.41,193.23,196.14,14152900,0.5118,0.52573,0.524059,78.57
2026-08-19,CRM,194.21,207.95,194.21,206.09,17843600,0.517127,0.526007,0.510179,80.16
2026-08-20,CRM,205.22,207.88,203.0,205.43,11482300,0.500471,0.525358,0.479279,73.02
2026-08-21,CRM,205.58,211.07,204.73,209.17,9612800,0.494037,0.52247,0.467775,71.43
2024-08-22,UBER,73.55,74.12,72.67,73.31,9571900,,,,
2024-08-23,UBER,72.85,74.455,72.35,74.3,13065600,,,,
2024-08-26,UBER,74.3,74.3,72.11,72.61,10999900,,,,
2024-08-27,UBER,72.49,73.09,71.8,72.56,7294100,,,,
2024-08-28,UBER,72.5,72.55,71.02,71.85,9529400,,,,
2024-08-29,UBER,72.5,73.28,72.13,72.24,9300800,,,,
2024-08-30,UBER,72.89,73.419,72.06,73.13,12676900,,,,
2024-09-03,UBER,72.57,73.61,71.21,71.89,13053300,,,,
2024-09-04,UBER,71.52,72.69,71.3,71.56,7995800,,,,
2024-09-05,UBER,71.08,72.62,70.92,71.25,8890900,,,,
2024-09-06,UBER,71.13,72.02,68.729,69.58,11449800,,,,
2024-09-09,UBER,70.95,71.19,69.633,69.8,8804600,,,,
2024-09-10,UBER,70.0,70.46,67.64,68.99,20227200,,,,
2024-09-11,UBER,68.83,70.22,67.12,70.11,14671900,,,,
2024-09-12,UBER,70.06,70.49,67.85,68.09,16357900,,,,
2024-09-13,UBER,72.4,72.755,70.94,72.48,30376500,,,,
2024-09-16,UBER,72.36,72.5,71.04,71.52,12016700,,,,
2024-09-17,UBER,71.97,73.73,71.31,72.78,14639800,,,,
2024-09-18,UBER,72.77,74.74,72.192,73.5,11720900,,,,
2024-09-19,UBER,74.98,76.46,74.56,75.28,17698400,,,,
2024-09-20,UBER,74.82,75.05,73.451,73.94,17472700,0.39061,,0.336078,
2024-09-23,UBER,75.11,75.27,73.78,74.71,8285300,0.389231,,0.334685,
2024-09-24,UBER,76.0,77.51,75.97,77.44,16099200,0.388667,,0.345465,
2024-09-25,UBER,77.51,78.28,77.08,77.14,12552600,0.387884,,0.34613,
2024-09-26,UBER,78.36,78.45,75.13,76.69,14788600,0.397798,,0.344447,
2024-09-27,UBER,77.03,77.08,75.7,75.75,7580100,0.396337,,0.348709,
2024-09-30,UBER,75.32,75.72,74.255,75.16,12991100,0.398857,,0.348447,
2024-10-01,UBER,75.77,75.77,73.84,74.24,8980500,0.390739,,0.345485,
2024-10-02,UBER,74.09,74.31,72.79,72.87,11323400,0.38714,,0.352347,
2024-10-03,UBER,72.56,73.21,71.9,72.94,11096300,0.382602,,0.351801,
2024-10-04,UBER,74.11,74.32,73.22,74.28,10750300,0.371948,,0.343846,
2024-10-07,UBER,74.255,75.74,73.73,74.59,15328800,0.374482,,0.34386,
2024-10-08,UBER,75.25,77.02,75.06,76.17,17800300,0.366804,,0.344501,
2024-10-09,UBER,76.0,77.96,75.955,77.87,17251100,0.351118,,0.347701,
2024-10-10,UBER,77.65,78.24,76.9,77.92,15033600,0.34742,,0.32375,
2024-10-11,UBER,82.0,87.0,81.86,86.34,57290500,0.336133,,0.429462,
2024-10-14,UBER,85.64,86.18,84.18,84.94,14752400,0.340404,,0.431646,
2024-10-15,UBER,84.77,84.77,82.65,83.2,14858500,0.337262,,0.442372,
2024-10-16,UBER,82.93,83.48,81.62,81.9,12398500,0.331738,,0.449227,
2024-10-17,UBER,79.92,80.88,79.41,79.9,27373200,0.341477,,0.455774,
2024-10-18,UBER,80.53,80.55,78.8,79.16,14186700,0.339032,,0.451516,
2024-10-21,UBER,79.94,80.57,79.55,80.46,11238700,0.334382,,0.453213,
2024-10-22,UBER,80.47,81.25,79.98,80.41,10754000,0.331786,,0.43707,
2024-10-23,UBER,80.055,80.32,79.36,79.83,8689900,0.331556,,0.437819,
2024-10-24,UBER,78.005,78.6,77.14,78.38,15220900,0.328183,,0.442891,
2024-10-25,UBER,78.26,78.84,76.96,77.62,11727400,0.331348,,0.441944,
2024-10-28,UBER,78.2,78.38,77.47,77.69,9311900,0.328583,,0.440661,
2024-10-29,UBER,77.85,79.99,77.77,79.21,14469600,0.329525,,0.441692,
2024-10-30,UBER,79.23,80.075,78.82,79.43,14997700,0.329101,,0.434108,
2024-10-31,UBER,74.5,74.99,69.87,72.05,64047100,0.432451,,0.565145,
2024-11-01,UBER,73.94,74.15,72.25,73.25,33542200,0.44162,,0.564431,
2024-11-04,UBER,72.75,74.22,72.66,73.25,14949100,0.440738,,0.564149,
2024-11-05,UBER,73.55,74.34,73.24,74.15,12274600,0.43676,,0.560494,
2024-11-06,UBER,73.455,74.62,70.741,74.36,26410700,0.459555,,0.553955,
2024-11-07,UBER,76.1,76.4,72.74,73.13,24305900,0.473939,,0.55614,
2024-11-08,UBER,73.44,73.56,71.555,72.04,20152600,0.423055,,0.391871,
2024-11-11,UBER,72.65,73.0,71.34,71.65,22682200,0.423671,,0.391091,
2024-11-12,UBER,71.97,72.68,71.2,71.37,19439700,0.424473,,0.388683,
2024-11-13,UBER,71.53,72.08,70.55,71.16,15006000,0.425058,,0.387809,
2024-11-14,UBER,71.16,72.75,70.76,71.44,17372200,0.420092,,0.383784,
2024-11-15,UBER,72.1,73.63,71.76,73.25,23980900,0.422315,0.383849,0.398445,
2024-11-18,UBER,72.04,72.04,67.8,69.33,45212500,0.442544,0.391245,0.429714,
2024-11-19,UBER,68.51,69.6,68.2,69.13,22289100,0.444753,0.391998,0.429312,
2024-11-20,UBER,69.29,70.33,68.95,69.6,16656600,0.446732,0.392125,0.432322,
2024-11-21,UBER,70.25,70.87,68.8,69.64,25657700,0.443543,0.393039,0.430873,
2024-11-22,UBER,70.0,71.54,69.35,71.51,14874100,0.44579,0.393929,0.445553,
2024-11-25,UBER,72.6,73.55,71.83,73.42,17446600,0.451288,0.394948,0.458323,
2024-11-26,UBER,73.49,73.5,71.34,71.56,13704900,0.449034,0.392854,0.457266,
2024-11-27,UBER,72.06,72.7,71.01,71.62,12967800,0.451114,0.392544,0.456877,
2024-11-29,UBER,71.7,72.44,71.52,71.96,7348700,0.34708,0.390508,0.300022,
2024-12-02,UBER,71.93,73.44,71.47,73.07,11574600,0.33658,0.387629,0.299164,
2024-12-03,UBER,73.06,73.25,71.25,71.27,12760500,0.33272,0.386281,0.31186,
2024-12-04,UBER,71.4,72.4,70.65,72.16,17263100,0.335977,0.383748,0.311975,
2024-12-05,UBER,71.93,72.03,64.28,65.23,77320400,0.352592,0.393546,0.470681,
2024-12-06,UBER,66.45,67.1,65.2,66.09,36413200,0.346843,0.39467,0.474038,
2024-12-09,UBER,65.5,66.17,65.06,65.74,27602900,0.348122,0.374761,0.472584,
2024-12-10,UBER,65.67,65.76,64.64,64.96,23672900,0.346262,0.374462,0.473303,
2024-12-11,UBER,64.5,64.695,60.23,61.18,71089500,0.36843,0.38007,0.511972,
2024-12-12,UBER,63.165,63.54,61.25,61.41,45673200,0.386023,0.383831,0.513348,
2024-12-13,UBER,61.86,62.26,59.74,59.93,47325300,0.385346,0.382688,0.514925,48.33
2024-12-16,UBER,60.31,61.3,60.12,60.25,38612400,0.384447,0.382946,0.502369,47.54
2024-12-17,UBER,59.42,61.04,59.33,61.03,35025500,0.36542,0.383255,0.478517,38.71
2024-12-18,UBER,61.39,63.94,60.85,61.23,46736700,0.384478,0.389929,0.479611,49.21
2024-12-19,UBER,61.85,62.31,59.98,60.21,27811400,0.387495,0.391678,0.478537,54.69
2024-12-20,UBER,60.085,61.39,59.75,60.73,26377700,0.387586,0.388065,0.481117,55.38
2024-12-23,UBER,60.88,62.22,60.76,61.87,16093600,0.384919,0.3889,0.474628,48.48
2024-12-24,UBER,61.97,61.98,60.88,61.71,7882500,0.381208,0.388743,0.458291,43.28
2024-12-26,UBER,61.6,61.97,61.16,61.56,12659000,0.381058,0.388139,0.45428,42.65
2024-12-27,UBER,61.186,61.26,60.02,61.13,13483600,0.383515,0.389561,0.453217,46.38
2024-12-30,UBER,60.51,61.37,60.12,60.77,17709200,0.38779,0.390305,0.450844,58.57
2024-12-31,UBER,61.0,61.1,60.17,60.32,14487300,0.383429,0.388596,0.442091,45.07
2025-01-02,UBER,62.19,63.39,61.31,63.17,25899100,0.40333,0.393984,0.479784,70.83
2025-01-03,UBER,63.69,65.22,63.44,64.59,28553800,0.404418,0.394016,0.486016,71.23
2025-01-06,UBER,66.97,67.35,66.04,66.31,32980700,0.378117,0.400089,0.343702,39.19
2025-01-07,UBER,68.49,68.84,65.95,66.15,35347800,0.388271,0.405975,0.340751,60.0
2025-01-08,UBER,66.4,66.68,64.12,64.91,24523300,0.390249,0.390956,0.346958,63.16
2025-01-10,UBER,64.5,66.6,63.96,65.97,30728800,0.400501,0.392894,0.34917,70.13
2025-01-13,UBER,65.155,67.195,65.02,65.7,23960100,0.391103,0.396458,0.266949,65.38
2025-01-14,UBER,66.16,66.81,64.62,64.84,25735800,0.379788,0.397442,0.273474,37.97
2025-01-15,UBER,66.01,67.245,66.01,67.02,22704800,0.376633,0.394607,0.273981,36.25
2025-01-16,UBER,67.75,69.58,67.64,68.58,29013100,0.379144,0.396339,0.280859,38.27
2025-01-17,UBER,68.8,69.02,67.23,67.34,27139200,0.372351,0.396387,0.292924,34.15
2025-01-21,UBER,68.0,68.18,66.85,67.74,21423600,0.348809,0.397095,0.292878,26.51
2025-01-22,UBER,68.39,68.43,67.5,67.82,18130000,0.342374,0.397015,0.281832,20.24
2025-01-23,UBER,67.6,68.37,67.24,68.3,15355400,0.339155,0.393126,0.281693,17.65
2025-01-24,UBER,68.69,69.31,68.4,68.56,14360300,0.337138,0.392333,0.277696,15.12
2025-01-27,UBER,67.64,69.41,67.37,68.77,20904600,0.346643,0.395411,0.276333,24.14
2025-01-28,UBER,68.33,69.675,67.162,68.07,24988500,0.357683,0.397318,0.280624,32.95
2025-01-29,UBER,67.8,68.06,65.82,66.75,29592600,0.359376,0.399208,0.291128,33.71
2025-01-30,UBER,63.42,67.222,63.42,66.59,33246500,0.419786,0.384593,0.289745,76.67
2025-01-31,UBER,67.09,67.87,66.333,66.85,19776000,0.422365,0.381347,0.286289,79.12
2025-02-03,UBER,65.3,68.85,65.178,67.29,25290000,0.432571,0.390131,0.242124,84.78
2025-02-04,UBER,67.69,70.19,67.69,69.75,33786200,0.432629,0.391646,0.260574,84.95
2025-02-05,UBER,66.5,66.75,63.5,64.48,78975900,0.455834,0.399773,0.379469,96.81
2025-02-06,UBER,65.67,70.05,65.54,69.99,45940200,0.4468,0.400222,0.481147,92.63
2025-02-07,UBER,70.36,76.775,70.13,74.6,81813200,0.475766,0.413832,0.519608,98.96
2025-02-10,UBER,77.1,78.99,76.8,78.63,42551700,0.488545,0.418847,0.543716,98.97
2025-02-11,UBER,78.91,79.2,76.6,76.95,27329600,0.484015,0.419378,0.552686,97.96
2025-02-12,UBER,74.97,80.1,74.15,79.35,33142400,0.504398,0.43058,0.552441,98.99
2025-02-13,UBER,79.12,80.53,78.51,80.29,21754700,0.50053,0.429857,0.545829,98.0
2025-02-14,UBER,80.35,80.35,78.87,79.42,15405700,0.495995,0.429179,0.547579,97.03
2025-02-18,UBER,79.85,81.51,79.75,81.49,18943200,0.493561,0.421156,0.542555,96.08
2025-02-19,UBER,80.79,81.9,79.26,81.16,14973400,0.494492,0.422451,0.54459,96.12
2025-02-20,UBER,81.23,81.84,80.06,81.26,14770300,0.493786,0.422734,0.54458,95.19
2025-02-21,UBER,81.26,82.1,78.36,78.89,21774300,0.503521,0.424127,0.561628,98.1
2025-02-24,UBER,78.65,78.88,74.85,76.42,24368400,0.515443,0.427926,0.578465,99.06
2025-02-25,UBER,76.36,76.37,73.53,74.95,19559200,0.520334,0.429132,0.585152,99.07
2025-02-26,UBER,75.33,76.49,75.31,75.87,10328900,0.51527,0.428897,0.583176,97.22
2025-02-27,UBER,75.95,77.69,73.71,74.21,22535900,0.524195,0.433189,0.584689,99.08
2025-02-28,UBER,74.28,76.11,73.58,76.01,17752000,0.488577,0.434635,0.587569,89.09
2025-03-03,UBER,77.06,77.74,73.68,74.44,16999500,0.49991,0.438384,0.595611,92.79
2025-03-04,UBER,72.93,76.68,71.6,75.26,24241200,0.504669,0.448245,0.595931,95.54
2025-03-05,UBER,75.65,76.94,74.93,76.48,13122300,0.504272,0.448429,0.586641,93.81
2025-03-06,UBER,75.315,77.22,74.725,74.96,16504900,0.473472,0.43891,0.508151,82.46
2025-03-07,UBER,73.99,76.7,73.78,76.27,18610400,0.467054,0.438461,0.427981,81.74
2025-03-10,UBER,74.94,75.49,71.97,73.06,22120100,0.443449,0.443021,0.397908,72.41
2025-03-11,UBER,71.44,74.25,69.57,70.65,26668200,0.454547,0.454432,0.35949,79.49
2025-03-12,UBER,72.31,72.42,69.55,71.2,17315000,0.471849,0.453612,0.356986,82.2
2025-03-13,UBER,71.68,72.0,69.36,69.51,15272200,0.446546,0.449008,0.339053,73.95
2025-03-14,UBER,70.55,71.79,70.33,71.55,13537300,0.449111,0.448114,0.356415,76.67
2025-03-17,UBER,72.02,73.81,71.775,72.73,20577800,0.453521,0.44863,0.364252,78.51
2025-03-18,UBER,72.2,72.675,70.48,71.55,16137500,0.457415,0.449305,0.348368,80.33
2025-03-19,UBER,71.92,73.785,70.73,73.02,15042100,0.460436,0.445268,0.361167,81.3
2025-03-20,UBER,72.56,75.54,72.46,74.35,17851400,0.467079,0.445963,0.370018,82.26
2025-03-21,UBER,73.72,76.0,72.77,75.84,26551400,0.467397,0.447803,0.367044,82.4
2025-03-24,UBER,76.97,77.584,75.44,76.51,18126300,0.460901,0.449682,0.351222,80.16
2025-03-25,UBER,76.6,76.71,75.05,75.61,16065900,0.454024,0.449544,0.346641,75.59
2025-03-26,UBER,75.55,75.64,73.225,74.18,11828600,0.45774,0.451192,0.350337,78.12
2025-03-27,UBER,73.895,75.62,73.53,74.86,11866800,0.445907,0.451005,0.34298,68.22
2025-03-28,UBER,74.5,74.92,72.381,72.75,11277900,0.445834,0.451492,0.345883,67.69
2025-03-31,UBER,71.4,73.3,70.5,72.86,16033100,0.441035,0.455274,0.338905,62.6
2025-04-01,UBER,72.6,73.07,70.83,72.99,16889200,0.420312,0.451792,0.33614,53.79
2025-04-02,UBER,72.0,75.41,72.0,74.5,14806900,0.426756,0.453823,0.33954,58.65
2025-04-03,UBER,71.72,72.436,69.767,69.85,23290800,0.439585,0.454899,0.402721,61.94
2025-04-04,UBER,66.695,67.559,63.94,64.62,34938700,0.4718,0.460577,0.472887,83.7
2025-04-07,UBER,62.52,67.587,60.63,65.64,32841700,0.525009,0.48105,0.461484,99.26
2025-04-08,UBER,69.31,70.07,63.5,65.07,24045200,0.576111,0.506713,0.449634,99.27
2025-04-09,UBER,65.0,73.4,64.95,72.68,30148800,0.58983,0.515326,0.606489,99.28
2025-04-10,UBER,71.75,72.87,68.34,70.94,22373900,0.605774,0.521571,0.606604,99.28
2025-04-11,UBER,70.46,72.4,69.33,72.28,16274600,0.60709,0.522228,0.601434,99.29
2025-04-14,UBER,73.52,73.65,72.23,73.1,12483200,0.609706,0.522507,0.599927,99.29
2025-04-15,UBER,73.1,74.72,73.1,74.02,13790200,0.607376,0.522315,0.598074,98.59
2025-04-16,UBER,73.575,74.8,72.052,73.06,15990800,0.605213,0.523149,0.596012,96.5
2025-04-17,UBER,73.98,75.91,73.76,75.24,21893400,0.6049,0.524234,0.601898,95.83
2025-04-21,UBER,74.44,75.44,71.271,72.92,20634600,0.61274,0.52942,0.60757,99.31
2025-04-22,UBER,73.85,75.56,73.35,74.44,16599300,0.612206,0.531261,0.611787,98.63
2025-04-23,UBER,76.925,77.58,73.23,73.77,22750200,0.63454,0.538795,0.611234,99.32
2025-04-24,UBER,74.155,78.38,73.86,78.1,22188500,0.63776,0.539344,0.640753,99.32
2025-04-25,UBER,78.565,80.551,77.47,77.75,20047800,0.644025,0.541003,0.64073,99.33
2025-04-28,UBER,78.105,78.78,77.04,78.33,13324200,0.64299,0.529562,0.630679,98.67
2025-04-29,UBER,78.33,79.73,78.03,79.42,12172200,0.636124,0.528814,0.631626,97.35
2025-04-30,UBER,77.77,81.219,77.3,81.01,17762800,0.63863,0.525798,0.63391,98.03
2025-05-01,UBER,81.0,81.92,80.67,80.89,18698500,0.632721,0.524958,0.631686,95.42
2025-05-02,UBER,82.09,84.92,81.8,84.28,22401800,0.618567,0.515062,0.589401,94.81
2025-05-05,UBER,83.05,86.57,82.97,85.43,25339000,0.590145,0.51392,0.49112,89.03
2025-05-06,UBER,83.5,86.53,83.101,85.83,30378900,0.539872,0.506188,0.492163,87.18
2025-05-07,UBER,83.13,85.17,80.12,83.65,49238800,0.497799,0.510936,0.505817,79.62
2025-05-08,UBER,83.87,84.0,82.0,82.3,24293100,0.466865,0.510246,0.358757,69.62
2025-05-09,UBER,82.85,84.122,82.32,82.81,19105400,0.441397,0.502726,0.340291,54.09
2025-05-12,UBER,84.615,88.31,82.22,88.1,39104600,0.464774,0.512433,0.389752,69.38
2025-05-13,UBER,87.41,92.17,86.93,91.72,36770800,0.468385,0.515045,0.404424,72.05
2025-05-14,UBER,90.58,91.65,89.68,90.41,30640100,0.471263,0.515836,0.414539,72.22
2025-05-15,UBER,89.66,91.113,89.242,90.16,20481600,0.465778,0.514565,0.408516,68.71
2025-05-16,UBER,90.55,92.9,89.71,91.79,21909600,0.466311,0.515632,0.403477,68.9
2025-05-19,UBER,90.88,92.545,90.56,92.46,19252100,0.447926,0.513257,0.373256,59.39
2025-05-20,UBER,93.35,93.6,90.61,91.87,20851300,0.448645,0.511117,0.377155,59.64
2025-05-21,UBER,90.64,91.04,88.0,88.67,25035100,0.422571,0.510366,0.405881,44.31
2025-05-22,UBER,88.45,89.26,87.88,88.0,16496000,0.414648,0.510226,0.367902,41.07
2025-05-23,UBER,87.205,88.49,86.7,87.75,17929700,0.402634,0.506137,0.367327,39.64
2025-05-27,UBER,89.17,89.715,87.89,89.0,17446900,0.40769,0.507017,0.368433,41.18
2025-05-28,UBER,89.29,89.88,88.12,88.26,13810300,0.409307,0.502741,0.370895,41.52
2025-05-29,UBER,87.58,87.87,82.96,84.3,38116300,0.414706,0.499151,0.408211,42.44
2025-05-30,UBER,84.53,84.65,82.54,84.16,29050900,0.419332,0.499662,0.408232,42.77
2025-06-02,UBER,84.48,84.76,82.64,83.64,17047000,0.413622,0.497531,0.381853,41.38
2025-06-03,UBER,83.575,83.79,81.86,82.53,25668400,0.405605,0.496435,0.380776,40.0
2025-06-04,UBER,83.19,84.71,82.99,83.45,20080500,0.396285,0.493211,0.38288,35.8
2025-06-05,UBER,83.4,85.75,83.08,84.67,33304500,0.356206,0.484223,0.375552,16.38
2025-06-06,UBER,85.4,86.69,85.03,85.6,28172700,0.35794,0.479044,0.37173,17.42
2025-06-09,UBER,86.32,87.86,86.2,87.12,22780800,0.356797,0.478139,0.375638,16.76
2025-06-10,UBER,88.29,88.38,85.6,86.39,24494800,0.319775,0.479065,0.304364,0.0
2025-06-11,UBER,87.59,87.6,85.94,86.58,15364200,0.307246,0.478967,0.263143,0.0
2025-06-12,UBER,86.11,86.79,84.87,85.62,18776100,0.3039,0.477964,0.261513,0.0
2025-06-13,UBER,84.81,85.57,83.375,83.93,18003000,0.30544,0.476182,0.268558,0.55
2025-06-16,UBER,84.85,86.02,84.71,85.12,12254200,0.299609,0.474507,0.264802,0.0
2025-06-17,UBER,84.57,85.48,84.24,84.76,13677800,0.296998,0.472144,0.261567,0.0
2025-06-18,UBER,85.17,86.48,82.31,83.44,25976700,0.306142,0.473798,0.264598,2.15
2025-06-20,UBER,84.47,85.37,83.62,83.78,27472100,0.299679,0.474694,0.239937,1.07
2025-06-23,UBER,83.03,85.245,82.47,85.24,18407500,0.306744,0.474226,0.249452,3.19
2025-06-24,UBER,87.99,92.48,87.91,91.65,38925100,0.329851,0.480452,0.362305,6.88
2025-06-25,UBER,91.565,92.89,90.6,90.9,17400800,0.329705,0.480091,0.361199,6.84
2025-06-26,UBER,91.3,94.38,90.88,93.12,23657800,0.337569,0.478646,0.368311,13.61
2025-06-27,UBER,92.1,92.51,89.97,91.53,24731200,0.326415,0.47805,0.330231,4.69
2025-06-30,UBER,91.685,93.385,91.52,93.3,16155300,0.32017,0.474881,0.333651,4.66
2025-07-01,UBER,92.85,93.24,90.31,92.13,17124000,0.326473,0.468706,0.337307,5.67
2025-07-02,UBER,91.88,94.1,91.55,92.05,13604000,0.331865,0.455883,0.33123,11.28
2025-07-03,UBER,92.63,94.11,92.61,93.63,8112600,0.3285,0.430148,0.333231,6.63
2025-07-07,UBER,93.54,97.12,93.54,96.68,29817200,0.326476,0.400806,0.344958,6.09
2025-07-08,UBER,96.89,97.6,95.11,97.48,20586800,0.329979,0.388223,0.344646,10.1
2025-07-09,UBER,97.5,97.715,96.1,96.64,14858900,0.328794,0.377091,0.346026,8.04
2025-07-10,UBER,96.07,97.45,95.12,96.4,15644400,0.325401,0.374572,0.343567,5.0
2025-07-11,UBER,96.125,96.835,95.27,95.39,12453500,0.321809,0.372712,0.348122,4.98
2025-07-14,UBER,95.19,95.48,93.56,93.89,14300200,0.319733,0.372474,0.351371,3.96
2025-07-15,UBER,95.0,95.16,91.85,92.21,18488400,0.320349,0.371293,0.349688,5.42
2025-07-16,UBER,92.65,92.75,89.81,90.75,17636000,0.323616,0.371176,0.35522,6.37
2025-07-17,UBER,91.205,91.4,89.9,90.5,16903600,0.322619,0.363595,0.354847,6.34
2025-07-18,UBER,90.8,91.17,89.405,90.59,14223500,0.307662,0.361772,0.347889,3.88
2025-07-21,UBER,90.85,91.93,90.53,91.16,12150600,0.303354,0.350565,0.347974,1.45
2025-07-22,UBER,91.48,92.26,89.88,91.79,11561800,0.302351,0.348332,0.344743,1.44
2025-07-23,UBER,92.7,92.7,89.865,89.94,18617900,0.271818,0.344757,0.240872,0.0
2025-07-24,UBER,91.05,93.61,90.87,90.87,23446200,0.283647,0.348348,0.242409,0.48
2025-07-25,UBER,90.49,91.38,89.5,91.29,13864100,0.276698,0.348872,0.225967,0.47
2025-07-28,UBER,91.31,92.35,90.24,90.6,11606100,0.269158,0.343962,0.219278,0.0
2025-07-29,UBER,88.885,89.16,86.36,87.11,24966200,0.284094,0.347655,0.246227,1.88
2025-07-30,UBER,87.24,87.805,86.475,87.64,16862800,0.274252,0.344632,0.245913,0.93
2025-07-31,UBER,87.525,88.84,86.61,87.75,16922400,0.269585,0.341156,0.246215,0.47
2025-08-01,UBER,86.505,87.055,85.42,86.91,15732500,0.276842,0.337256,0.236319,2.31
2025-08-04,UBER,87.7,88.59,87.41,88.43,15138900,0.272057,0.319791,0.211205,1.38
2025-08-05,UBER,89.37,90.955,89.05,89.39,25856000,0.270975,0.321151,0.213427,0.92
2025-08-06,UBER,90.95,90.96,86.3,89.22,40169800,0.307847,0.331034,0.212959,9.59
2025-08-07,UBER,90.72,92.74,89.16,92.67,28522200,0.319224,0.321073,0.259923,10.0
2025-08-08,UBER,92.96,94.31,88.91,89.56,26212500,0.336853,0.322211,0.282735,23.98
2025-08-11,UBER,89.81,91.43,88.92,90.58,16668900,0.340479,0.321544,0.283004,27.03
2025-08-12,UBER,91.19,92.555,91.14,91.73,12509000,0.337193,0.320486,0.280562,24.66
2025-08-13,UBER,92.05,92.2,89.91,90.83,16867300,0.335266,0.318892,0.276845,22.32
2025-08-14,UBER,90.35,92.32,90.105,91.4,14525100,0.339351,0.31901,0.277484,27.11
2025-08-15,UBER,91.65,93.9,90.86,92.6,15841800,0.344094,0.318875,0.281045,29.2
2025-08-18,UBER,92.22,94.4,91.89,93.98,16471300,0.346995,0.316609,0.284729,30.84
2025-08-19,UBER,94.0,96.595,93.85,95.32,21177300,0.347171,0.318096,0.2877,31.58
2025-08-20,UBER,94.83,94.96,91.44,93.73,15194800,0.358678,0.321717,0.284324,35.81
2025-08-21,UBER,93.62,95.0,92.81,94.23,12864100,0.347825,0.320751,0.282962,32.17
2025-08-22,UBER,94.46,97.54,94.29,96.79,15584900,0.349626,0.322117,0.296513,33.33
2025-08-25,UBER,95.66,97.5,95.125,95.16,10938100,0.355663,0.318386,0.302742,34.48
2025-08-26,UBER,94.88,96.82,94.36,96.53,17163400,0.34532,0.317212,0.261731,28.76
2025-08-27,UBER,96.5,96.95,95.33,95.33,11364300,0.345198,0.31597,0.269057,28.63
2025-08-28,UBER,96.025,96.11,94.08,95.96,12024300,0.346992,0.317061,0.268947,30.64
2025-08-29,UBER,95.995,96.15,91.61,93.75,19310000,0.35734,0.322091,0.282497,36.44
2025-09-02,UBER,92.26,93.537,91.92,92.81,12883300,0.363599,0.322424,0.281816,38.4
2025-09-03,UBER,92.75,94.765,92.18,92.94,12052200,0.364237,0.323543,0.280079,38.66
2025-09-04,UBER,93.11,93.125,90.93,91.98,15960100,0.335368,0.323892,0.283225,21.34
2025-09-05,UBER,92.53,92.53,88.84,90.99,20384500,0.334751,0.326609,0.251141,20.83
2025-09-08,UBER,91.38,94.56,91.38,94.36,18906600,0.316804,0.326121,0.252137,9.13
2025-09-09,UBER,94.5,95.48,92.77,95.45,11850200,0.31975,0.3275,0.252211,10.33
2025-09-10,UBER,95.51,96.1,93.71,94.21,15944200,0.320867,0.326452,0.255175,11.93
2025-09-11,UBER,94.55,96.32,94.0,94.68,16190100,0.321802,0.327044,0.251957,12.3
2025-09-12,UBER,94.49,96.27,93.71,95.89,13659200,0.321754,0.327721,0.254401,12.24
2025-09-15,UBER,95.8,98.86,95.52,98.85,18652400,0.31682,0.323093,0.270958,9.35
2025-09-16,UBER,99.42,99.7,97.02,97.83,17257900,0.319002,0.322847,0.271482,9.72
2025-09-17,UBER,96.07,97.24,92.12,92.95,44094000,0.336762,0.328939,0.326221,25.4
2025-09-18,UBER,93.93,95.05,93.21,94.7,23075200,0.326425,0.320019,0.328073,15.66
2025-09-19,UBER,95.0,98.83,94.9,98.51,38735000,0.328577,0.320228,0.355884,17.6
2025-09-22,UBER,99.0,101.99,98.5,99.39,29820100,0.336065,0.321345,0.344986,25.1
2025-09-23,UBER,99.86,100.18,97.645,97.8,15101100,0.329062,0.31896,0.344395,18.65
2025-09-24,UBER,98.89,99.86,96.93,97.78,12523400,0.333482,0.321272,0.341007,23.41
2025-09-25,UBER,97.3,97.87,95.9,97.6,11255800,0.336949,0.31937,0.337636,27.78
2025-09-26,UBER,97.795,98.53,97.03,98.45,10356100,0.331664,0.3169,0.338159,21.83
2025-09-29,UBER,99.32,100.26,98.585,99.57,16320900,0.31466,0.317313,0.326922,8.73
2025-09-30,UBER,99.59,99.75,96.65,97.97,16793400,0.313961,0.317918,0.330872,8.73
2025-10-01,UBER,97.475,99.085,96.57,96.61,16608500,0.314241,0.317928,0.336138,9.13
2025-10-02,UBER,97.08,97.21,94.76,96.61,16046400,0.317507,0.32005,0.333098,10.71
2025-10-03,UBER,96.95,98.3,96.46,96.6,10556400,0.303711,0.319478,0.329586,5.95
2025-10-06,UBER,96.96,101.295,96.89,100.1,22760900,0.311905,0.322733,0.328552,9.13
2025-10-07,UBER,100.13,100.69,97.0,97.8,12583600,0.311494,0.32471,0.339535,9.13
2025-10-08,UBER,97.94,99.61,97.2,99.28,10071200,0.311327,0.323598,0.338494,9.13
2025-10-09,UBER,99.965,100.17,95.83,96.0,13435700,0.313091,0.32381,0.361821,10.32
2025-10-10,UBER,96.3,96.45,93.33,93.4,17021100,0.310881,0.324297,0.372079,9.13
2025-10-13,UBER,95.0,95.25,93.43,94.08,11031400,0.311932,0.325443,0.354568,10.71
2025-10-14,UBER,93.78,95.18,92.46,94.25,11178000,0.315301,0.327225,0.353604,12.7
2025-10-15,UBER,95.86,96.99,93.79,94.52,14347100,0.29871,0.32915,0.301914,4.37
2025-10-16,UBER,94.44,95.46,91.18,92.52,17214800,0.310876,0.332815,0.304024,9.52
2025-10-17,UBER,92.0,92.83,91.46,92.3,14282100,0.306585,0.328515,0.263474,7.94
2025-10-20,UBER,93.0,94.5,92.85,93.7,11274900,0.29521,0.3281,0.268108,3.97
2025-10-21,UBER,93.59,94.55,92.97,93.03,10503300,0.29604,0.327603,0.264126,4.37
2025-10-22,UBER,92.77,93.415,91.421,92.21,11351400,0.292182,0.323993,0.264912,3.97
2025-10-23,UBER,92.5,95.7,92.4,94.61,17121600,0.295678,0.326065,0.283776,4.76
2025-10-24,UBER,95.15,95.26,93.9,94.07,12014600,0.29399,0.324621,0.281487,4.37
2025-10-27,UBER,94.91,96.66,94.53,96.42,11748300,0.294944,0.32278,0.29377,4.76
2025-10-28,UBER,96.77,97.73,95.41,95.43,17138300,0.290913,0.323587,0.290621,3.97
2025-10-29,UBER,96.24,96.89,94.53,95.76,14532900,0.287573,0.323352,0.287111,3.97
2025-10-30,UBER,95.41,97.62,94.56,96.49,13556600,0.289068,0.314498,0.288528,4.37
2025-10-31,UBER,97.46,98.45,96.15,96.5,15333400,0.290112,0.310547,0.288529,4.76
2025-11-03,UBER,97.66,100.35,96.78,99.72,28836500,0.287452,0.30671,0.284128,3.97
2025-11-04,UBER,91.97,95.03,90.08,94.67,48787300,0.428497,0.355308,0.329683,65.48
2025-11-05,UBER,95.01,95.44,92.52,92.75,20150800,0.428747,0.355895,0.329998,65.87
2025-11-06,UBER,92.0,92.77,90.82,92.12,18316200,0.427052,0.356016,0.310622,65.48
2025-11-07,UBER,91.61,93.17,90.298,91.99,16489900,0.430571,0.357084,0.295785,66.67
2025-11-10,UBER,92.99,94.31,92.25,94.1,13310200,0.428329,0.356159,0.306212,65.87
2025-11-11,UBER,93.65,94.16,92.97,93.6,13276300,0.42417,0.355359,0.306704,64.29
2025-11-12,UBER,94.11,95.18,92.76,93.57,16004600,0.417222,0.355001,0.306471,60.71
2025-11-13,UBER,93.7,94.06,91.35,91.78,16367500,0.409038,0.351457,0.304682,59.13
2025-11-14,UBER,90.06,92.62,89.62,91.62,12475600,0.418008,0.35477,0.304635,61.51
2025-11-17,UBER,91.31,92.58,90.74,92.11,16922500,0.416606,0.353687,0.300027,61.11
2025-11-18,UBER,92.1,92.923,89.33,90.86,17439400,0.424141,0.354218,0.302712,64.68
2025-11-19,UBER,90.6,91.08,88.89,89.53,18256200,0.424552,0.35422,0.305403,65.08
2025-11-20,UBER,90.2,90.54,82.94,83.36,41734000,0.441234,0.362727,0.376946,69.44
2025-11-21,UBER,83.97,84.0,81.51,83.87,33783100,0.451398,0.364918,0.379526,75.79
2025-11-24,UBER,84.15,84.52,83.03,83.69,24883200,0.449487,0.359775,0.362582,74.6
2025-11-25,UBER,83.8,84.265,82.39,83.69,18482200,0.449731,0.358852,0.363209,74.6
2025-11-26,UBER,84.11,86.355,83.65,85.66,20448700,0.450066,0.358656,0.377004,74.6
2025-11-28,UBER,86.51,87.62,86.24,87.54,9069400,0.447721,0.358115,0.386746,72.22
2025-12-01,UBER,86.99,87.61,85.475,86.57,17517200,0.446075,0.354749,0.38689,71.43
2025-12-02,UBER,86.03,88.44,85.63,87.57,18930400,0.441481,0.355861,0.365744,70.24
2025-12-03,UBER,89.845,91.38,88.952,90.68,21335800,0.331957,0.358455,0.35223,30.56
2025-12-04,UBER,90.18,91.0,89.45,90.99,13145300,0.330858,0.35827,0.345888,29.76
2025-12-05,UBER,90.72,92.75,90.46,91.32,11154600,0.331801,0.358424,0.345528,30.56
2025-12-08,UBER,90.77,92.78,90.77,92.57,12646900,0.325916,0.357738,0.349054,25.4
2025-12-09,UBER,91.81,92.01,88.905,89.07,17117500,0.326125,0.358081,0.364342,25.79
2025-12-10,UBER,88.64,88.75,82.72,84.16,51202000,0.351167,0.364982,0.411726,43.25
2025-12-11,UBER,84.055,85.745,83.34,85.44,23346300,0.351247,0.359258,0.417798,43.25
2025-12-12,UBER,85.5,86.45,84.518,85.11,16211600,0.351086,0.359044,0.414137,42.46
2025-12-15,UBER,83.46,83.62,81.165,81.86,32070900,0.34885,0.360868,0.43236,42.06
2025-12-16,UBER,81.745,82.05,80.26,80.92,24465100,0.348772,0.357676,0.430832,41.67
2025-12-17,UBER,80.81,81.3,78.78,79.14,28007500,0.342317,0.358401,0.433796,38.1
2025-12-18,UBER,80.36,80.71,79.55,79.69,18681800,0.344066,0.357483,0.435418,38.89
2025-12-19,UBER,79.77,79.99,78.31,79.31,34353300,0.319992,0.35723,0.360017,21.83
2025-12-22,UBER,81.32,82.25,80.9,81.26,20570400,0.31967,0.360927,0.371384,20.63
2025-12-23,UBER,81.01,81.42,80.35,80.97,10445500,0.318901,0.360337,0.371447,19.84
2025-12-24,UBER,81.01,81.41,80.58,81.15,4310700,0.31466,0.358312,0.371662,17.86
2025-12-26,UBER,81.2,81.5,80.68,81.26,6741600,0.308004,0.356298,0.360226,14.29
2025-12-29,UBER,80.91,82.2,80.785,81.5,12072600,0.30769,0.354759,0.349402,13.89
2025-12-30,UBER,81.74,82.5,81.53,82.12,9500700,0.302756,0.35384,0.350342,10.32
2025-12-31,UBER,82.0,82.545,81.42,81.71,8428400,0.295275,0.350412,0.346392,7.54
2026-01-02,UBER,82.04,83.66,81.47,82.86,13095100,0.28028,0.349693,0.32282,3.17
2026-01-05,UBER,81.61,82.84,79.575,80.74,24036800,0.295629,0.35366,0.329984,8.33
2026-01-06,UBER,81.18,85.65,81.09,85.54,27508700,0.301372,0.354772,0.399483,11.11
2026-01-07,UBER,86.24,87.74,85.655,86.19,25293400,0.30595,0.355791,0.396672,13.89
2026-01-08,UBER,85.76,88.24,85.35,87.59,15499200,0.307939,0.355509,0.379848,17.06
2026-01-09,UBER,87.27,87.28,84.884,85.44,15881500,0.280942,0.354653,0.331463,3.57
2026-01-12,UBER,84.64,85.48,83.77,84.67,12687800,0.280653,0.351809,0.328678,3.57
2026-01-13,UBER,84.21,85.94,83.7,85.41,14809300,0.281778,0.348723,0.329972,4.37
2026-01-14,UBER,85.37,85.99,83.5,84.65,15510800,0.274152,0.350217,0.298495,1.98
2026-01-15,UBER,85.81,86.35,82.73,84.38,18892900,0.291142,0.354847,0.295038,7.94
2026-01-16,UBER,84.15,85.0,83.0,84.85,20738900,0.290706,0.355694,0.280783,7.54
2026-01-20,UBER,83.06,83.81,82.35,83.72,19429300,0.297455,0.35792,0.286691,12.3
2026-01-21,UBER,84.39,85.61,82.95,84.26,21171900,0.303105,0.358235,0.285692,15.08
2026-01-22,UBER,83.5,85.43,81.51,82.56,19457200,0.306819,0.363603,0.285602,18.65
2026-01-23,UBER,82.65,83.56,81.47,82.31,14703800,0.31096,0.363733,0.285498,22.22
2026-01-26,UBER,82.35,83.33,81.91,81.98,16556400,0.313608,0.363288,0.285951,24.6
2026-01-27,UBER,81.95,82.085,79.86,81.24,19993700,0.320746,0.363504,0.287928,32.14
2026-01-28,UBER,81.16,81.847,79.735,79.78,19317300,0.322749,0.362439,0.294699,34.52
2026-01-29,UBER,80.44,82.08,79.96,81.7,26857800,0.327534,0.362268,0.306384,38.1
2026-01-30,UBER,80.91,82.1,79.42,80.05,24344100,0.336118,0.361592,0.314321,45.24
2026-02-02,UBER,79.8,81.89,79.19,80.84,18434500,0.338624,0.317363,0.312028,47.62
2026-02-03,UBER,80.48,80.68,77.3,77.93,29490800,0.332325,0.318994,0.325345,43.25
2026-02-04,UBER,75.625,77.713,71.88,73.92,63045000,0.379292,0.338487,0.292107,58.33
2026-02-05,UBER,73.26,77.22,73.22,75.21,33111500,0.39418,0.344309,0.300596,58.73
2026-02-06,UBER,75.49,75.86,72.67,74.77,24470200,0.404973,0.348455,0.288233,59.92
2026-02-09,UBER,74.76,74.815,73.51,73.91,17959100,0.403511,0.348534,0.28166,59.92
2026-02-10,UBER,74.38,75.05,73.47,73.5,18958700,0.404287,0.348022,0.281636,60.32
2026-02-11,UBER,73.76,74.086,70.65,71.01,28045000,0.408346,0.3499,0.291089,61.9
2026-02-12,UBER,72.19,72.63,69.45,71.22,33541400,0.422622,0.352873,0.294291,66.67
2026-02-13,UBER,71.06,71.42,69.02,69.99,26526700,0.414122,0.35456,0.295133,63.49
2026-02-17,UBER,70.66,70.98,69.7,70.53,20286100,0.414041,0.352385,0.296653,63.49
2026-02-18,UBER,70.26,73.27,70.115,72.77,18235600,0.413904,0.354355,0.328958,63.49
2026-02-19,UBER,71.87,74.105,71.76,72.94,15897800,0.415588,0.348889,0.327054,65.48
2026-02-20,UBER,72.65,74.585,72.56,73.86,20242200,0.404989,0.3459,0.330331,61.11
2026-02-23,UBER,72.99,73.11,70.15,70.72,22921600,0.408949,0.348484,0.356338,62.7
2026-02-24,UBER,70.62,72.14,69.95,71.38,19581100,0.412309,0.349178,0.361204,63.89
2026-02-25,UBER,72.32,73.16,71.92,72.83,19820800,0.4117,0.348748,0.373544,63.89
2026-02-26,UBER,73.15,76.1,72.83,74.8,22449200,0.420659,0.352346,0.387022,69.44
2026-02-27,UBER,73.9,75.78,73.658,75.42,20427900,0.420799,0.352751,0.376432,69.84
2026-03-02,UBER,73.5,76.495,73.15,75.95,25779100,0.429844,0.357342,0.373149,74.21
2026-03-03,UBER,74.5,77.305,74.02,76.36,21892500,0.436565,0.356807,0.371514,75.0
2026-03-04,UBER,76.295,77.04,75.013,76.65,19818600,0.434255,0.35808,0.349802,75.0
2026-03-05,UBER,76.59,78.25,75.135,75.44,17894000,0.396894,0.360666,0.297678,59.52
2026-03-06,UBER,74.73,75.57,74.19,75.13,14771200,0.378271,0.361095,0.29179,58.33
2026-03-09,UBER,74.12,74.54,71.94,73.84,21208900,0.374636,0.364405,0.29759,58.33
2026-03-10,UBER,73.97,74.12,72.18,72.36,17581500,0.376026,0.356884,0.303361,58.73
2026-03-11,UBER,74.54,75.6,73.55,74.97,21010800,0.394624,0.363022,0.329103,60.32
2026-03-12,UBER,74.87,75.85,72.59,72.97,17082700,0.395645,0.365535,0.319406,60.71
2026-03-13,UBER,73.295,74.87,72.69,73.33,16400700,0.381553,0.364683,0.319612,59.92
2026-03-16,UBER,74.0,75.38,74.0,74.66,15997300,0.378239,0.365169,0.31656,59.13
2026-03-17,UBER,77.39,79.23,77.31,77.79,33146100,0.40329,0.373371,0.343799,63.1
2026-03-18,UBER,77.43,77.68,76.48,76.66,13692700,0.397785,0.372036,0.335618,62.7
2026-03-19,UBER,76.48,77.845,75.32,75.34,13791600,0.396923,0.373757,0.343033,62.7
2026-03-20,UBER,74.98,74.98,73.04,73.89,26161200,0.397415,0.370794,0.34827,63.1
2026-03-23,UBER,75.27,75.82,74.44,75.12,14154700,0.395198,0.373362,0.312186,61.51
2026-03-24,UBER,74.63,75.01,72.145,72.34,14404200,0.396258,0.375352,0.342744,62.3
2026-03-25,UBER,73.0,73.84,72.19,73.08,11569300,0.396567,0.376863,0.337037,63.1
2026-03-26,UBER,72.74,72.765,70.2,70.55,15412900,0.388877,0.377704,0.344019,60.71
2026-03-27,UBER,70.11,70.38,68.46,69.18,13869700,0.387456,0.379059,0.346221,60.71
2026-03-30,UBER,69.71,70.5,68.84,69.91,13873500,0.369437,0.38042,0.347954,58.33
2026-03-31,UBER,70.71,72.05,70.21,71.93,15886600,0.353957,0.380815,0.36556,55.16
2026-04-01,UBER,72.43,72.7,70.81,71.71,13035000,0.352198,0.377966,0.364683,55.16
2026-04-02,UBER,70.91,71.97,69.78,71.84,12758500,0.351186,0.377947,0.36199,54.76
2026-04-06,UBER,71.62,72.78,71.405,72.17,7751400,0.349106,0.376726,0.362773,53.57
2026-04-07,UBER,71.78,72.56,71.11,71.73,9686300,0.334999,0.375688,0.358659,44.44
2026-04-08,UBER,75.0,75.43,72.07,72.38,13559900,0.370015,0.388641,0.353321,60.71
2026-04-09,UBER,72.15,72.35,70.015,71.81,16500000,0.366498,0.390874,0.328301,60.32
2026-04-10,UBER,72.32,72.88,70.04,70.48,11818200,0.362816,0.392109,0.32117,59.52
2026-04-13,UBER,70.07,72.81,69.82,72.34,12690600,0.366358,0.393041,0.335418,60.71
2026-04-14,UBER,73.165,73.95,72.24,72.91,16750300,0.367641,0.389829,0.329828,61.51
2026-04-15,UBER,73.86,77.93,73.794,77.28,19696000,0.357542,0.393121,0.362906,58.73
2026-04-16,UBER,77.51,78.05,76.365,76.48,12771700,0.357771,0.390626,0.361001,59.13
2026-04-17,UBER,77.415,78.72,76.61,77.12,16966600,0.355172,0.39066,0.356208,57.14
2026-04-20,UBER,76.67,77.705,75.7,77.49,11507400,0.356162,0.386935,0.347907,57.94
2026-04-21,UBER,78.0,78.76,77.038,77.26,11698100,0.353452,0.386732,0.344266,56.75
2026-04-22,UBER,77.7,77.97,75.1,75.58,14133000,0.351525,0.38795,0.324529,56.35
2026-04-23,UBER,76.66,77.177,73.75,74.7,18671000,0.361121,0.390445,0.326679,61.9
2026-04-24,UBER,74.77,74.77,73.53,74.64,13007200,0.358718,0.390366,0.297449,61.9
2026-04-27,UBER,74.675,76.95,74.67,76.27,14670000,0.356902,0.390493,0.292162,59.92
2026-04-28,UBER,75.7,76.66,74.09,74.11,14039000,0.362876,0.390091,0.314483,63.49
2026-04-29,UBER,73.67,74.73,72.78,74.47,11751800,0.365258,0.389468,0.299847,64.68
2026-04-30,UBER,74.32,75.02,73.04,74.61,16067000,0.36681,0.388708,0.299311,65.87
2026-05-01,UBER,75.11,75.66,74.581,75.12,10867400,0.35635,0.370189,0.299799,59.52
2026-05-04,UBER,74.925,75.321,73.52,73.93,13868400,0.356801,0.363183,0.306463,60.32
2026-05-05,UBER,74.25,74.8,72.67,72.95,27424000,0.356366,0.358929,0.309809,59.92
2026-05-06,UBER,77.46,80.11,76.7,79.17,35783000,0.385488,0.381355,0.422559,71.03
2026-05-07,UBER,79.825,80.83,76.3,76.73,26972300,0.389241,0.385834,0.439482,72.22
2026-05-08,UBER,77.05,77.05,74.402,75.45,16230600,0.389244,0.38549,0.438287,72.62
2026-05-11,UBER,75.5,77.016,75.1,76.15,18996400,0.383601,0.380728,0.430767,71.03
2026-05-12,UBER,76.2,76.83,74.41,76.36,17241000,0.389287,0.381212,0.430318,73.41
2026-05-13,UBER,75.6,76.05,74.02,74.7,14055200,0.383691,0.382436,0.383788,71.43
2026-05-14,UBER,74.665,75.29,72.875,74.69,17329500,0.391057,0.382587,0.382426,74.21
2026-05-15,UBER,74.31,75.565,73.63,75.09,16394100,0.39021,0.380496,0.381585,74.21
2026-05-18,UBER,74.89,75.97,74.23,75.08,17776200,0.387981,0.380099,0.380938,72.62
2026-05-19,UBER,75.49,76.01,73.96,74.09,17419900,0.38812,0.377674,0.383186,73.02
2026-05-20,UBER,73.8,74.894,72.53,74.6,12764800,0.391418,0.378443,0.376956,75.79
2026-05-21,UBER,74.245,74.61,72.9,73.61,13238700,0.382439,0.378698,0.377642,71.03
2026-05-22,UBER,73.85,74.97,71.32,71.82,19689000,0.392738,0.379112,0.387044,76.59
2026-05-26,UBER,71.74,71.83,69.9,70.12,23281200,0.389766,0.377388,0.384084,75.4
2026-05-27,UBER,69.85,70.94,69.6,70.73,23148200,0.384368,0.370309,0.375247,72.22
2026-05-28,UBER,70.17,71.14,69.58,70.92,19139100,0.383237,0.365368,0.374777,71.43
2026-05-29,UBER,70.65,72.24,69.96,70.4,50294700,0.386408,0.366576,0.374799,73.41
2026-06-01,UBER,71.33,74.555,71.33,73.77,24119800,0.39644,0.366196,0.413371,80.95
2026-06-02,UBER,72.6,73.13,71.315,71.62,16657700,0.401959,0.367778,0.422667,83.33
2026-06-03,UBER,71.15,71.875,70.355,71.69,17348400,0.402343,0.363873,0.420434,83.73
2026-06-04,UBER,72.65,73.54,71.725,72.21,17576600,0.333758,0.365114,0.288525,44.05
2026-06-05,UBER,71.84,72.53,70.31,70.71,18532300,0.320019,0.361483,0.277995,31.35
2026-06-08,UBER,70.41,70.935,69.97,70.06,18636000,0.311727,0.358463,0.274669,23.41
2026-06-09,UBER,70.275,71.45,69.5,70.38,20029600,0.313401,0.357833,0.272237,25.0
2026-06-10,UBER,69.7,70.375,68.61,68.61,21908800,0.307583,0.358867,0.281316,19.44
2026-06-11,UBER,68.225,69.565,67.19,69.55,24995400,0.311698,0.353382,0.281779,23.81
2026-06-12,UBER,70.02,70.23,67.4,68.85,19678100,0.317466,0.357393,0.28239,28.97
2026-06-15,UBER,70.62,73.48,70.46,72.85,24748700,0.336079,0.36047,0.354191,47.62
2026-06-16,UBER,73.28,74.285,72.77,73.25,17514600,0.336073,0.35975,0.35504,47.22
2026-06-17,UBER,72.88,73.27,70.89,70.91,16144400,0.336509,0.359184,0.369898,48.02
2026-06-18,UBER,71.97,72.49,70.78,71.64,27203300,0.335817,0.358953,0.371188,46.03
2026-06-22,UBER,71.46,72.45,70.85,71.43,21887100,0.33569,0.358919,0.368803,45.63
2026-06-23,UBER,71.08,71.555,69.565,69.67,20733900,0.323992,0.358654,0.369079,34.52
2026-06-24,UBER,70.3,75.74,69.7,73.85,34823300,0.366054,0.370719,0.415292,66.67
2026-06-25,UBER,74.26,74.55,72.11,72.25,14682100,0.368759,0.37061,0.423459,68.25
2026-06-26,UBER,72.7,76.39,72.45,76.2,64581200,0.373948,0.372391,0.462257,69.05
2026-06-29,UBER,76.0,77.76,74.2,75.5,26220700,0.380384,0.376044,0.462891,71.03
2026-06-30,UBER,74.78,75.03,71.82,72.16,27806100,0.378289,0.375698,0.464052,70.24
2026-07-01,UBER,72.23,73.8,71.66,72.66,12648000,0.375916,0.376827,0.452281,68.65
2026-07-02,UBER,72.79,74.51,72.33,74.43,14087900,0.37531,0.376949,0.459819,68.25
2026-07-06,UBER,74.155,74.56,71.86,72.42,15821500,0.376053,0.366394,0.470753,69.05
2026-07-07,UBER,73.59,74.85,73.32,74.33,15615600,0.375604,0.364442,0.47234,67.86
2026-07-08,UBER,73.51,74.77,72.58,73.6,12612900,0.382842,0.364785,0.472554,71.83
2026-07-09,UBER,72.5,74.36,72.31,74.35,9895500,0.384561,0.364316,0.473297,73.41
2026-07-10,UBER,74.98,76.21,74.48,74.54,9766800,0.384283,0.364536,0.461445,72.62
2026-07-13,UBER,75.07,76.3,73.87,74.26,12458500,0.383068,0.362333,0.460839,71.03
2026-07-14,UBER,73.56,74.2,71.24,72.08,18703500,0.381963,0.365505,0.473544,69.84
2026-07-15,UBER,72.53,73.963,72.2,72.67,13876600,0.369177,0.364799,0.429206,63.49
2026-07-16,UBER,73.675,75.4,72.62,74.04,17903600,0.378414,0.367036,0.434021,68.25
2026-07-17,UBER,73.26,73.46,71.72,72.46,18317900,0.379688,0.367941,0.424654,68.65
2026-07-20,UBER,72.5,73.41,71.59,72.17,14948000,0.376564,0.367261,0.423589,66.27
2026-07-21,UBER,72.17,72.99,71.43,71.55,11769000,0.376272,0.363529,0.424658,65.87
2026-07-22,UBER,71.47,71.47,69.96,70.33,15001000,0.374039,0.363043,0.419458,63.1
2026-07-23,UBER,70.17,71.08,68.35,68.91,23649300,0.339888,0.364559,0.365124,42.86
2026-07-24,UBER,69.39,70.07,65.56,65.94,27966300,0.356157,0.368354,0.387731,52.38
2026-07-27,UBER,66.38,68.34,65.41,68.18,25722900,0.357653,0.370482,0.353404,55.16
2026-07-28,UBER,69.11,70.9,68.76,70.74,20969300,0.349057,0.370683,0.383633,46.83
2026-07-29,UBER,70.1,71.79,69.66,71.2,12052100,0.347139,0.372584,0.351101,44.84
2026-07-30,UBER,70.6,70.6,68.69,70.37,14183500,0.351975,0.375163,0.351997,49.6
2026-07-31,UBER,69.96,70.5,69.5,70.36,11993900,0.349509,0.374435,0.338824,46.83
2026-08-03,UBER,71.23,71.949,71.015,71.61,12953300,0.345587,0.351024,0.333148,42.86
2026-08-04,UBER,71.31,72.29,71.14,71.99,20046000,0.339933,0.345386,0.319024,40.08
2026-08-05,UBER,69.0,69.42,66.735,68.18,50131900,0.375959,0.357612,0.369457,64.68
2026-08-06,UBER,68.63,71.37,68.17,70.47,31510100,0.382964,0.360576,0.38934,70.63
2026-08-07,UBER,71.29,75.42,71.23,75.02,33069600,0.390081,0.362039,0.453098,77.38
2026-08-10,UBER,75.43,78.1,75.39,78.03,27263300,0.385103,0.361226,0.473325,73.02
2026-08-11,UBER,78.0,78.989,77.465,78.54,18711700,0.375699,0.358773,0.457783,62.7
2026-08-12,UBER,78.2,78.56,74.88,75.36,19192500,0.380544,0.360747,0.485129,67.86
2026-08-13,UBER,75.63,76.035,74.53,75.88,13239300,0.370972,0.3608,0.481485,59.92
2026-08-14,UBER,77.09,77.44,75.37,75.95,10195700,0.374198,0.362214,0.473919,60.71
2026-08-17,UBER,77.09,77.53,74.65,74.99,18084900,0.380086,0.362816,0.476472,67.06
2026-08-18,UBER,75.185,77.28,74.63,74.66,15895600,0.390022,0.366137,0.475468,76.98
2026-08-19,UBER,74.9,79.31,73.97,78.04,19059800,0.412637,0.370318,0.492111,88.1
2026-08-20,UBER,78.47,80.15,78.09,78.55,17575800,0.409466,0.37163,0.482727,86.9
2026-08-21,UBER,79.725,80.22,77.85,78.8,12709300,0.398125,0.374035,0.444673,82.54
2024-08-22,SHOP,76.04,76.3,74.23,74.3,4772900,,,,
2024-08-23,SHOP,75.0,76.44,74.69,76.14,5405600,,,,
2024-08-26,SHOP,76.11,76.83,74.92,74.95,4047000,,,,
2024-08-27,SHOP,74.47,74.87,72.86,74.53,4389800,,,,
2024-08-28,SHOP,74.23,74.37,71.76,72.53,5551700,,,,
2024-08-29,SHOP,72.9,74.34,72.87,73.27,3620100,,,,
2024-08-30,SHOP,73.55,74.33,73.12,74.07,3019300,,,,
2024-09-03,SHOP,73.15,73.22,70.82,71.26,5773600,,,,
2024-09-04,SHOP,70.86,71.75,69.62,70.22,4612800,,,,
2024-09-05,SHOP,70.0,70.93,69.305,70.11,3296200,,,,
2024-09-06,SHOP,70.38,70.559,65.86,67.01,7380400,,,,
2024-09-09,SHOP,68.48,69.49,67.14,68.13,4298600,,,,
2024-09-10,SHOP,68.79,68.9,66.95,68.17,4530300,,,,
2024-09-11,SHOP,68.55,71.76,68.1,71.52,7063300,,,,
2024-09-12,SHOP,70.72,71.98,69.63,71.31,6185300,,,,
2024-09-13,SHOP,71.83,73.44,71.76,72.45,5655600,,,,
2024-09-16,SHOP,72.1,73.7,71.47,73.58,4184700,,,,
2024-09-17,SHOP,75.5,75.76,73.66,74.45,8177400,,,,
2024-09-18,SHOP,74.83,76.97,74.59,75.22,7039400,,,,
2024-09-19,SHOP,77.4,79.31,76.64,78.68,9864300,,,,
2024-09-20,SHOP,78.61,79.52,77.31,78.72,5612900,0.370484,,0.378028,
2024-09-23,SHOP,79.0,80.8,78.85,80.11,7896200,0.370826,,0.373541,
2024-09-24,SHOP,80.77,81.07,78.78,80.33,5398200,0.374482,,0.367243,
2024-09-25,SHOP,80.13,80.91,79.01,79.26,5021900,0.369515,,0.370823,
2024-09-26,SHOP,80.44,81.09,78.77,80.75,5729700,0.37091,,0.356601,
2024-09-27,SHOP,80.82,81.15,79.19,79.21,3973600,0.369446,,0.366509,
2024-09-30,SHOP,79.07,80.36,78.5,80.14,4462800,0.371735,,0.366725,
2024-10-01,SHOP,80.0,80.24,77.77,78.45,5656200,0.367646,,0.34447,
2024-10-02,SHOP,78.51,79.305,77.93,79.1,3110500,0.361548,,0.336779,
2024-10-03,SHOP,78.5,79.32,77.69,78.14,4625400,0.362572,,0.34201,
2024-10-04,SHOP,79.81,82.64,79.5,82.43,7737900,0.346425,,0.32724,
2024-10-07,SHOP,81.85,82.1,80.3,80.86,5495800,0.338439,,0.342537,
2024-10-08,SHOP,81.0,83.14,80.6,82.58,5723800,0.334757,,0.343914,
2024-10-09,SHOP,82.63,84.119,82.63,83.41,4741400,0.325685,,0.3127,
2024-10-10,SHOP,82.36,83.655,82.296,82.71,3937200,0.320604,,0.315766,
2024-10-11,SHOP,81.97,84.2,81.89,83.24,3775000,0.32411,,0.314192,
2024-10-14,SHOP,83.84,84.37,82.66,83.68,3759800,0.321123,,0.3126,
2024-10-15,SHOP,83.6,83.77,80.46,81.93,6484700,0.318537,,0.326656,
2024-10-16,SHOP,81.95,82.27,80.34,81.85,4929300,0.313559,,0.326586,
2024-10-17,SHOP,82.89,83.18,81.14,81.63,3519800,0.296019,,0.28942,
2024-10-18,SHOP,82.25,82.949,82.03,82.68,3862200,0.289921,,0.291938,
2024-10-21,SHOP,82.03,83.255,81.29,82.66,5437900,0.292072,,0.286551,
2024-10-22,SHOP,81.5,82.545,81.16,81.61,4624800,0.289097,,0.290973,
2024-10-23,SHOP,81.23,81.91,79.12,79.66,4832300,0.293424,,0.30031,
2024-10-24,SHOP,80.0,80.39,78.84,79.82,3981400,0.282257,,0.292518,
2024-10-25,SHOP,80.1,80.97,78.78,79.05,3834500,0.285882,,0.286325,
2024-10-28,SHOP,79.615,80.18,79.315,79.87,3327700,0.283842,,0.285626,
2024-10-29,SHOP,79.395,80.8,79.21,80.39,5131300,0.280075,,0.275187,
2024-10-30,SHOP,80.03,80.515,79.28,80.01,3712300,0.280105,,0.274648,
2024-10-31,SHOP,79.75,80.39,77.12,78.21,4637000,0.289332,,0.283561,
2024-11-01,SHOP,79.05,79.89,77.94,78.99,6189900,0.279347,,0.206448,
2024-11-04,SHOP,78.71,79.06,77.7,78.44,3584500,0.277758,,0.197374,
2024-11-05,SHOP,78.55,80.04,78.23,79.57,4652300,0.274701,,0.188393,
2024-11-06,SHOP,81.55,82.12,80.13,81.92,5169800,0.293348,,0.21471,
2024-11-07,SHOP,82.16,85.84,82.1,85.55,6623700,0.294365,,0.263726,
2024-11-08,SHOP,85.6,87.26,85.25,87.12,7439000,0.288245,,0.26977,
2024-11-11,SHOP,88.95,92.16,88.71,89.99,20014100,0.307686,,0.290194,
2024-11-12,SHOP,107.52,114.51,106.0,108.92,63946200,0.714894,,0.715155,
2024-11-13,SHOP,107.5,115.62,106.18,115.09,20642000,0.731413,,0.726937,
2024-11-14,SHOP,115.29,115.29,109.0,109.08,13147900,0.735033,,0.766681,
2024-11-15,SHOP,107.1,108.789,105.25,108.49,10764200,0.74592,0.505893,0.769937,
2024-11-18,SHOP,108.9,109.11,105.76,105.88,6685600,0.743579,0.505982,0.780365,
2024-11-19,SHOP,104.31,105.38,103.27,104.59,9038100,0.744184,0.507211,0.780142,
2024-11-20,SHOP,104.83,105.07,102.58,103.94,7632600,0.741625,0.506031,0.771531,
2024-11-21,SHOP,103.74,108.21,103.26,106.48,10624700,0.747541,0.507375,0.771233,
2024-11-22,SHOP,107.01,107.5,105.33,106.96,7059900,0.746661,0.5073,0.766985,
2024-11-25,SHOP,109.3,112.45,108.63,111.0,10139300,0.751131,0.509948,0.770636,
2024-11-26,SHOP,109.7,113.9,109.08,112.08,8029000,0.757887,0.511466,0.770171,
2024-11-27,SHOP,111.44,112.59,110.944,112.54,4665600,0.757766,0.510182,0.767556,
2024-11-29,SHOP,113.16,116.35,112.53,115.6,6178300,0.753065,0.510315,0.753496,
2024-12-02,SHOP,115.22,115.993,111.12,112.98,9839600,0.758868,0.507492,0.767938,
2024-12-03,SHOP,112.75,113.79,111.04,111.86,8263400,0.759485,0.505432,0.769288,
2024-12-04,SHOP,112.33,115.79,112.3,113.43,7736700,0.762301,0.505678,0.769311,
2024-12-05,SHOP,113.43,115.46,112.94,114.09,5291000,0.75998,0.504065,0.769187,
2024-12-06,SHOP,116.72,120.72,116.4,118.37,10136400,0.763715,0.505028,0.766514,
2024-12-09,SHOP,118.59,118.94,114.08,115.29,6325700,0.767402,0.506302,0.781183,
2024-12-10,SHOP,114.78,116.65,112.685,113.45,5139800,0.765858,0.507204,0.78499,
2024-12-11,SHOP,115.36,117.86,114.16,117.37,6459000,0.394181,0.506121,0.424238,
2024-12-12,SHOP,116.22,118.32,115.15,115.31,6059300,0.370072,0.506359,0.384146,
2024-12-13,SHOP,115.52,116.5,113.44,114.63,4667200,0.366599,0.50339,0.329014,48.33
2024-12-16,SHOP,115.725,117.0,114.69,115.94,5178900,0.354746,0.50261,0.329061,44.26
2024-12-17,SHOP,115.14,119.85,114.95,119.49,8038100,0.35804,0.503646,0.325128,45.16
2024-12-18,SHOP,118.805,120.099,109.51,109.7,8810400,0.384276,0.510101,0.456971,65.08
2024-12-19,SHOP,111.3,111.44,105.71,107.07,10550200,0.395677,0.512879,0.465878,67.19
2024-12-20,SHOP,105.3,109.96,104.5,108.95,6709500,0.401052,0.515357,0.462131,67.69
2024-12-23,SHOP,108.53,110.084,107.47,109.25,4097200,0.401529,0.515871,0.462004,68.18
2024-12-24,SHOP,109.625,110.36,108.51,110.18,1848500,0.389341,0.515583,0.443205,62.69
2024-12-26,SHOP,109.78,110.62,108.888,109.96,2222300,0.376767,0.514752,0.441628,60.29
2024-12-27,SHOP,109.44,109.8,106.52,108.18,3966400,0.382097,0.516247,0.444468,60.87
2024-12-30,SHOP,105.07,107.19,104.54,106.69,4096800,0.393747,0.520124,0.432812,64.29
2024-12-31,SHOP,106.75,107.31,105.46,106.33,3768700,0.384213,0.517977,0.427005,60.56
2025-01-02,SHOP,107.5,108.32,104.91,107.53,4433700,0.391665,0.519373,0.429062,63.89
2025-01-03,SHOP,108.87,109.69,107.54,109.25,2957900,0.388028,0.519275,0.430065,61.64
2025-01-06,SHOP,112.24,114.29,111.5,114.24,7073800,0.398838,0.52168,0.460326,68.92
2025-01-07,SHOP,114.9,115.37,106.08,106.78,6152200,0.403692,0.526047,0.49735,72.0
2025-01-08,SHOP,106.48,108.03,105.02,107.64,5185500,0.401802,0.525713,0.492855,71.05
2025-01-10,SHOP,103.94,104.495,99.791,103.71,8971700,0.434183,0.536402,0.505573,72.73
2025-01-13,SHOP,101.0,102.14,99.05,101.76,8081400,0.439811,0.539057,0.486739,73.08
2025-01-14,SHOP,103.11,103.36,100.75,101.61,5096700,0.439901,0.539048,0.485472,73.42
2025-01-15,SHOP,104.49,104.83,102.831,104.24,6234900,0.451256,0.541102,0.4985,73.75
2025-01-16,SHOP,104.39,105.62,103.135,103.5,4105900,0.450743,0.541854,0.49488,72.84
2025-01-17,SHOP,105.5,105.8,103.04,103.35,5583600,0.45163,0.542092,0.476916,74.39
2025-01-21,SHOP,104.14,106.83,103.8,106.28,5068900,0.4302,0.541211,0.392675,67.47
2025-01-22,SHOP,107.34,107.79,105.75,106.37,3426800,0.418526,0.539949,0.383445,66.67
2025-01-23,SHOP,106.06,106.479,105.04,106.1,4358500,0.402722,0.53981,0.377703,64.71
2025-01-24,SHOP,106.45,109.39,106.16,107.68,5950500,0.405182,0.540276,0.381817,66.28
2025-01-27,SHOP,104.45,108.39,102.52,107.38,5333100,0.436021,0.549112,0.380308,70.11
2025-01-28,SHOP,109.0,117.94,109.0,117.45,13963900,0.452734,0.55277,0.49871,76.14
2025-01-29,SHOP,116.7,118.4,114.77,116.59,9269300,0.4529,0.554086,0.495034,76.4
2025-01-30,SHOP,116.59,119.83,115.8,119.18,6284700,0.440971,0.552756,0.494469,71.11
2025-01-31,SHOP,119.61,122.0,116.54,116.8,7751000,0.45165,0.554951,0.502019,74.73
2025-02-03,SHOP,111.87,115.79,110.55,114.39,8572400,0.481099,0.565414,0.509344,77.17
2025-02-04,SHOP,116.3,120.48,116.13,119.2,7362300,0.485734,0.566996,0.525443,77.42
2025-02-05,SHOP,119.27,121.91,118.55,121.73,6058900,0.475748,0.564804,0.507788,75.53
2025-02-06,SHOP,122.01,122.81,116.87,118.58,7207100,0.465496,0.566727,0.449297,74.74
2025-02-07,SHOP,118.11,119.66,116.52,117.41,5835800,0.465322,0.56753,0.452326,73.96
2025-02-10,SHOP,121.46,123.41,119.14,119.9,13060700,0.452011,0.569024,0.427953,71.13
2025-02-11,SHOP,122.28,125.95,114.7,123.59,34842700,0.49798,0.446347,0.423622,78.57
2025-02-12,SHOP,119.05,122.49,116.7,120.49,13307400,0.526412,0.448405,0.440198,78.79
2025-02-13,SHOP,121.0,128.0,120.1,127.65,10940300,0.524798,0.450391,0.470479,78.0
2025-02-14,SHOP,125.76,128.57,123.88,128.35,8511300,0.53023,0.449992,0.46646,79.21
2025-02-18,SHOP,129.08,129.38,124.19,129.31,7251900,0.538753,0.455273,0.464435,79.41
2025-02-19,SHOP,129.05,129.05,124.4,127.66,7766900,0.545933,0.457255,0.467487,79.61
2025-02-20,SHOP,126.9,126.95,120.8,123.47,8855900,0.55556,0.460999,0.490763,79.81
2025-02-21,SHOP,125.2,125.5,115.3,115.56,10064100,0.573494,0.464096,0.5557,80.0
2025-02-24,SHOP,115.56,117.03,109.81,115.48,8545000,0.59435,0.473502,0.554531,80.19
2025-02-25,SHOP,113.29,115.0,107.0,110.95,9977700,0.601147,0.481231,0.575478,80.37
2025-02-26,SHOP,111.88,114.8,110.84,113.23,4905900,0.593126,0.479935,0.479493,78.7
2025-02-27,SHOP,114.85,115.59,110.15,110.83,5790100,0.597424,0.483039,0.484222,79.82
2025-02-28,SHOP,109.0,112.09,107.58,112.0,6271700,0.602555,0.485215,0.478197,80.91
2025-03-03,SHOP,112.89,115.209,104.81,106.58,7795200,0.623872,0.494707,0.502901,81.08
2025-03-04,SHOP,103.61,104.193,97.85,101.73,13995300,0.625251,0.505806,0.521871,81.25
2025-03-05,SHOP,102.76,106.65,101.59,106.15,8409400,0.62645,0.506953,0.523495,81.42
2025-03-06,SHOP,103.51,109.45,101.36,102.49,12036200,0.662628,0.52231,0.523272,81.58
2025-03-07,SHOP,100.85,103.5,95.36,100.13,13894500,0.685713,0.530775,0.522069,81.74
2025-03-10,SHOP,96.07,96.187,91.69,92.75,16385300,0.702296,0.537652,0.575414,81.9
2025-03-11,SHOP,92.75,95.109,91.15,92.95,12127100,0.690588,0.538732,0.564976,81.2
2025-03-12,SHOP,96.67,99.135,95.29,96.53,8531900,0.667864,0.545335,0.5731,79.66
2025-03-13,SHOP,95.17,95.53,89.1,90.59,11076400,0.661246,0.549606,0.599941,78.15
2025-03-14,SHOP,94.61,95.83,93.06,94.85,7065100,0.675255,0.557571,0.582405,80.0
2025-03-17,SHOP,95.02,98.43,94.581,96.59,5771600,0.67483,0.559202,0.589984,79.34
2025-03-18,SHOP,95.9,96.12,92.91,94.01,5372000,0.66515,0.559276,0.585883,77.87
2025-03-19,SHOP,99.625,103.17,97.65,101.54,17808900,0.702657,0.569696,0.672656,82.93
2025-03-20,SHOP,98.46,104.19,98.46,101.85,8604000,0.715223,0.574127,0.669325,83.87
2025-03-21,SHOP,100.27,104.43,99.2,104.21,8696400,0.712629,0.573856,0.643663,82.4
2025-03-24,SHOP,106.95,110.68,106.795,109.28,10099200,0.702788,0.577196,0.670295,81.75
2025-03-25,SHOP,109.99,111.0,108.75,109.82,5752900,0.680205,0.577423,0.655994,77.95
2025-03-26,SHOP,109.17,109.42,103.05,104.28,7271700,0.684143,0.580664,0.675241,78.12
2025-03-27,SHOP,102.32,103.71,99.73,102.52,7639500,0.686631,0.583066,0.673924,79.07
2025-03-28,SHOP,99.15,100.26,95.861,96.68,13202800,0.694559,0.585724,0.698582,80.0
2025-03-31,SHOP,92.72,96.11,89.235,95.48,15801900,0.704749,0.600444,0.681013,82.44
2025-04-01,SHOP,95.8,99.54,93.96,97.64,10309400,0.692847,0.602672,0.66974,78.79
2025-04-02,SHOP,95.025,101.45,94.65,100.65,7892000,0.699554,0.607607,0.660323,79.7
2025-04-03,SHOP,87.325,87.7,81.25,82.29,28920200,0.837319,0.673272,0.963118,99.25
2025-04-04,SHOP,77.48,78.27,69.84,76.89,29707500,0.89618,0.704344,0.983465,99.26
2025-04-07,SHOP,70.295,83.47,69.99,78.82,22525900,0.99744,0.754572,0.962444,99.26
2025-04-08,SHOP,83.93,86.36,75.23,77.09,18606200,1.067474,0.778642,0.962871,99.27
2025-04-09,SHOP,75.38,94.14,74.67,91.4,26917500,1.117443,0.810125,1.146274,99.28
2025-04-10,SHOP,87.24,87.397,81.387,84.63,16133700,1.128365,0.819411,1.156678,99.28
2025-04-11,SHOP,84.725,85.21,78.0,83.71,18099200,1.13515,0.829006,1.142016,99.29
2025-04-14,SHOP,87.06,88.27,81.915,82.77,10460400,1.158534,0.837885,1.138441,99.29
2025-04-15,SHOP,82.71,84.68,81.93,83.91,6986400,1.158869,0.836809,1.138443,99.3
2025-04-16,SHOP,81.61,85.35,81.32,83.96,8811900,1.122631,0.838896,1.096318,96.5
2025-04-17,SHOP,84.0,85.08,81.84,83.65,11592900,1.121914,0.839644,1.095555,95.83
2025-04-21,SHOP,82.27,83.14,80.35,81.64,8153000,1.121131,0.840828,1.08964,95.17
2025-04-22,SHOP,82.99,86.61,81.64,85.71,8664000,1.120566,0.843911,1.09048,94.52
2025-04-23,SHOP,91.53,95.45,89.92,90.96,14029000,1.167819,0.857517,1.118614,99.32
2025-04-24,SHOP,90.645,95.265,89.41,95.12,7847300,1.167443,0.856594,1.122596,98.65
2025-04-25,SHOP,95.79,98.64,95.36,97.12,7824800,1.168927,0.857159,1.125071,99.33
2025-04-28,SHOP,96.85,99.07,96.5,98.57,5892900,1.164312,0.856723,1.106692,97.33
2025-04-29,SHOP,98.83,99.817,97.84,98.92,6797200,1.148676,0.854915,1.105569,95.36
2025-04-30,SHOP,96.135,96.135,92.4,95.0,13233200,1.147249,0.853242,1.112502,94.74
2025-05-01,SHOP,98.215,98.89,95.55,97.01,8288000,1.155471,0.855957,1.109436,95.42
2025-05-02,SHOP,98.1,100.49,97.63,99.25,11140800,1.038755,0.856844,0.82304,88.31
2025-05-05,SHOP,95.4,99.46,95.242,98.38,7652400,0.973658,0.858811,0.774807,87.1
2025-05-06,SHOP,97.05,97.4,93.58,93.83,13082100,0.847128,0.859141,0.801278,85.9
2025-05-07,SHOP,94.665,96.6,94.23,94.5,14723900,0.769322,0.855358,0.792994,84.71
2025-05-08,SHOP,89.685,95.82,88.14,94.0,36455400,0.702634,0.85317,0.521205,68.35
2025-05-09,SHOP,94.47,94.91,88.9,91.77,15360700,0.677527,0.853668,0.443759,62.26
2025-05-12,SHOP,104.0,106.35,99.01,104.34,30713700,0.789397,0.899232,0.621341,85.0
2025-05-13,SHOP,106.35,109.0,106.06,107.68,14517900,0.769487,0.899771,0.619532,84.47
2025-05-14,SHOP,108.41,111.88,108.25,111.45,16384000,0.767605,0.897258,0.624119,83.33
2025-05-15,SHOP,109.925,111.73,108.39,110.21,13577300,0.757756,0.896411,0.628907,77.3
2025-05-16,SHOP,111.56,112.38,109.797,110.75,96081400,0.753861,0.895094,0.626508,76.83
2025-05-19,SHOP,108.81,109.92,106.82,109.1,9809700,0.753326,0.8925,0.619784,76.36
2025-05-20,SHOP,108.63,109.09,104.613,106.43,8294500,0.75,0.888628,0.620922,74.7
2025-05-21,SHOP,104.99,105.58,101.55,102.32,9251300,0.705838,0.883982,0.617367,67.66
2025-05-22,SHOP,102.42,104.76,101.78,103.29,6216400,0.698926,0.883339,0.600401,63.69
2025-05-23,SHOP,100.81,102.96,100.31,101.51,5999500,0.703397,0.882444,0.601625,66.86
2025-05-27,SHOP,104.355,107.48,103.9,106.74,7556600,0.710881,0.884183,0.624185,68.24
2025-05-28,SHOP,106.53,108.14,105.57,107.11,6823400,0.711618,0.877262,0.624185,68.42
2025-05-29,SHOP,109.695,110.68,107.15,107.7,6636000,0.700661,0.87374,0.60173,63.37
2025-05-30,SHOP,107.315,107.69,103.91,107.22,12183300,0.696319,0.873706,0.600274,61.85
2025-06-02,SHOP,106.255,107.35,103.73,106.54,5341400,0.699329,0.866031,0.597715,62.64
2025-06-03,SHOP,104.8,106.56,104.29,105.11,7236200,0.682789,0.859068,0.599237,57.71
2025-06-04,SHOP,105.44,105.75,102.81,103.58,7465100,0.678981,0.854542,0.573253,56.82
2025-06-05,SHOP,104.0,106.56,103.1,105.03,11085300,0.679239,0.853802,0.5741,57.06
2025-06-06,SHOP,106.991,112.08,106.66,111.41,8736300,0.630272,0.849933,0.602989,52.25
2025-06-09,SHOP,110.42,111.0,107.76,107.8,7738800,0.615675,0.846539,0.610164,50.28
2025-06-10,SHOP,108.36,110.61,107.35,110.26,6548500,0.392229,0.840864,0.41912,26.67
2025-06-11,SHOP,111.625,117.36,111.29,114.13,14078100,0.404818,0.843027,0.421962,32.04
2025-06-12,SHOP,113.25,113.57,108.87,109.21,8669300,0.40745,0.843044,0.435971,32.97
2025-06-13,SHOP,105.53,107.01,104.66,105.34,7979400,0.42002,0.83293,0.452321,33.88
2025-06-16,SHOP,107.96,109.48,107.01,108.37,7266600,0.427735,0.830948,0.464742,34.24
2025-06-17,SHOP,107.3,108.54,106.34,106.53,4910900,0.421697,0.82952,0.465642,34.05
2025-06-18,SHOP,106.52,107.7,105.3,105.97,5960400,0.414112,0.826611,0.457616,32.8
2025-06-20,SHOP,107.72,109.12,105.73,106.4,10354900,0.414223,0.828041,0.433657,33.16
2025-06-23,SHOP,106.195,110.06,103.912,109.98,8834000,0.427621,0.828454,0.446995,35.11
2025-06-24,SHOP,112.23,115.16,111.85,114.42,8907500,0.421137,0.828173,0.457907,34.39
2025-06-25,SHOP,114.28,114.5,112.86,113.89,9134700,0.407687,0.824344,0.428026,32.11
2025-06-26,SHOP,113.76,113.76,108.33,113.07,11368200,0.431218,0.818702,0.429632,37.17
2025-06-27,SHOP,113.09,115.06,111.91,113.65,6377900,0.422493,0.816119,0.429601,35.42
2025-06-30,SHOP,115.09,116.6,113.96,115.35,7107500,0.414379,0.812979,0.430803,33.16
2025-07-01,SHOP,114.31,116.12,112.07,112.67,5537900,0.413131,0.756212,0.440285,31.96
2025-07-02,SHOP,111.8,117.175,111.78,114.77,6726100,0.419909,0.723537,0.439205,34.36
2025-07-03,SHOP,114.98,117.46,114.97,116.52,3773600,0.418109,0.666245,0.434768,33.67
2025-07-07,SHOP,115.95,117.07,114.89,116.66,5420500,0.414169,0.634533,0.434,32.49
2025-07-08,SHOP,117.414,118.35,111.33,112.48,7718000,0.417905,0.593839,0.408832,33.84
2025-07-09,SHOP,113.17,114.93,112.59,114.32,6125800,0.415569,0.576655,0.392452,33.67
2025-07-10,SHOP,114.46,116.54,112.36,115.16,6836200,0.419415,0.559849,0.386018,35.5
2025-07-11,SHOP,114.03,116.31,111.39,112.11,5582800,0.410775,0.551733,0.379242,30.85
2025-07-14,SHOP,112.9,118.46,111.725,116.74,10225400,0.421816,0.554585,0.37021,38.12
2025-07-15,SHOP,116.99,118.65,114.65,115.05,5440500,0.404814,0.549838,0.346991,28.57
2025-07-16,SHOP,114.29,120.18,112.59,120.0,12714100,0.412666,0.55206,0.36268,31.37
2025-07-17,SHOP,120.04,127.34,119.67,126.75,13380600,0.418472,0.551602,0.392722,35.61
2025-07-18,SHOP,127.83,129.08,125.89,127.07,8473600,0.419731,0.547517,0.390013,36.89
2025-07-21,SHOP,126.835,129.29,126.6,128.43,6419800,0.411811,0.524416,0.389587,30.92
2025-07-22,SHOP,126.595,127.238,122.54,123.71,9045400,0.404937,0.522969,0.412497,28.85
2025-07-23,SHOP,122.81,123.11,118.87,122.21,8523600,0.407722,0.524401,0.397056,30.62
2025-07-24,SHOP,122.85,122.85,120.71,122.08,4313100,0.409397,0.524352,0.39631,30.95
2025-07-25,SHOP,122.19,125.57,121.6,124.43,6935300,0.385925,0.525031,0.397883,21.33
2025-07-28,SHOP,126.1,128.15,125.81,126.84,5335800,0.386366,0.518652,0.401157,21.7
2025-07-29,SHOP,126.595,127.62,123.28,124.85,5911800,0.387992,0.514425,0.406401,22.07
2025-07-30,SHOP,123.97,125.94,122.16,123.01,6702700,0.385482,0.514627,0.399746,21.03
2025-07-31,SHOP,125.35,126.58,122.05,122.21,8493500,0.382652,0.508411,0.397913,20.0
2025-08-01,SHOP,118.05,120.19,115.95,118.6,9886700,0.408868,0.513637,0.411862,32.41
2025-08-04,SHOP,120.23,125.49,120.23,125.21,6881700,0.413921,0.513596,0.453338,35.02
2025-08-05,SHOP,125.0,127.23,123.0,127.0,9223300,0.402974,0.493491,0.429035,28.44
2025-08-06,SHOP,145.16,156.39,145.11,154.9,38572100,0.63374,0.559178,0.807616,61.19
2025-08-07,SHOP,154.46,156.85,147.5,151.07,15934800,0.64422,0.495332,0.819872,61.36
2025-08-08,SHOP,150.49,150.73,148.03,149.61,9571000,0.636139,0.493715,0.810878,61.09
2025-08-11,SHOP,150.755,153.32,147.22,147.5,10131000,0.63237,0.4957,0.810814,60.36
2025-08-12,SHOP,148.025,150.7,147.08,149.3,7173100,0.629435,0.493918,0.804854,59.64
2025-08-13,SHOP,150.21,151.65,148.39,150.09,6660700,0.618022,0.493478,0.797784,58.04
2025-08-14,SHOP,148.375,148.5,142.93,144.27,9499700,0.617734,0.492817,0.799729,57.78
2025-08-15,SHOP,144.27,145.22,140.7,141.47,7198800,0.618685,0.490995,0.805016,58.41
2025-08-18,SHOP,141.385,143.37,140.07,143.11,4435700,0.619108,0.488712,0.805098,58.59
2025-08-19,SHOP,143.0,144.41,138.97,139.25,6339500,0.615003,0.489274,0.79874,56.58
2025-08-20,SHOP,137.92,138.53,134.75,137.29,7256000,0.611782,0.48718,0.799365,56.33
2025-08-21,SHOP,136.26,137.96,134.88,136.68,4420400,0.614211,0.484339,0.799842,56.52
2025-08-22,SHOP,136.78,143.17,135.385,142.11,7649800,0.620081,0.487165,0.80735,59.31
2025-08-25,SHOP,140.75,142.856,139.5,140.53,4945000,0.622777,0.485211,0.808289,59.48
2025-08-26,SHOP,140.89,141.18,139.12,140.85,4409000,0.61896,0.481862,0.804616,58.37
2025-08-27,SHOP,142.08,142.5,137.28,139.89,5272200,0.619758,0.481653,0.802359,58.97
2025-08-28,SHOP,140.82,144.2,140.59,141.54,6339600,0.617411,0.48086,0.801065,56.6
2025-08-29,SHOP,141.43,143.09,139.91,141.28,4617000,0.596479,0.480669,0.789822,53.39
2025-09-02,SHOP,136.95,139.32,133.4,139.04,5082300,0.617633,0.487881,0.775384,56.96
2025-09-03,SHOP,140.0,140.987,138.113,140.22,3531500,0.61421,0.485235,0.774771,55.04
2025-09-04,SHOP,140.905,145.61,140.073,145.15,6538700,0.368244,0.48535,0.311001,13.81
2025-09-05,SHOP,146.59,147.97,144.92,146.82,5727700,0.347259,0.485102,0.303984,11.25
2025-09-08,SHOP,147.56,148.57,144.078,146.22,5782100,0.352057,0.480737,0.302605,11.62
2025-09-09,SHOP,145.025,146.61,142.85,143.44,5748600,0.344607,0.480185,0.305962,10.74
2025-09-10,SHOP,144.55,145.46,141.3,142.2,7362100,0.346473,0.474622,0.302661,11.52
2025-09-11,SHOP,142.05,146.99,142.05,145.03,6051900,0.350147,0.473447,0.311735,12.3
2025-09-12,SHOP,143.52,144.62,141.52,143.38,4911600,0.3457,0.473522,0.280936,11.02
2025-09-15,SHOP,144.24,148.2,142.89,147.89,6714600,0.347908,0.474318,0.292013,12.6
2025-09-16,SHOP,149.09,150.17,145.2,147.21,5453800,0.354131,0.473815,0.290806,13.77
2025-09-17,SHOP,148.47,149.1,145.37,147.87,4291200,0.353208,0.469988,0.270286,13.71
2025-09-18,SHOP,149.5,152.93,148.19,152.11,6485800,0.351875,0.469231,0.27643,13.25
2025-09-19,SHOP,151.96,155.13,151.75,153.3,8812900,0.350741,0.469742,0.274211,13.2
2025-09-22,SHOP,153.18,159.01,151.81,157.12,7020700,0.347685,0.464848,0.25523,12.35
2025-09-23,SHOP,157.1,157.19,149.1,149.94,7376000,0.351995,0.466255,0.310487,14.29
2025-09-24,SHOP,150.79,152.31,148.28,148.83,5559500,0.354849,0.466095,0.312791,16.27
2025-09-25,SHOP,145.0,145.14,142.09,143.45,8511200,0.359321,0.467605,0.341748,17.06
2025-09-26,SHOP,143.12,144.0,139.5,140.25,7259500,0.357285,0.464575,0.349402,16.67
2025-09-29,SHOP,141.75,149.58,140.91,149.0,14702700,0.369664,0.467774,0.410845,20.24
2025-09-30,SHOP,147.99,151.78,145.47,148.61,9254600,0.348164,0.470687,0.405507,13.1
2025-10-01,SHOP,146.28,151.744,146.1,149.57,6733300,0.358489,0.469387,0.405233,17.86
2025-10-02,SHOP,151.25,151.47,147.855,151.3,7272300,0.361502,0.471075,0.389554,18.65
2025-10-03,SHOP,152.88,162.6,152.5,161.14,15740200,0.374828,0.473064,0.445052,21.43
2025-10-06,SHOP,166.55,169.69,162.81,164.5,11317600,0.3971,0.47634,0.447257,27.78
2025-10-07,SHOP,165.0,168.398,160.74,161.28,6971900,0.405447,0.475375,0.447688,32.14
2025-10-08,SHOP,163.0,167.54,163.0,166.43,7366600,0.404331,0.47439,0.453017,30.16
2025-10-09,SHOP,166.695,167.599,162.47,163.87,7050500,0.402959,0.470287,0.458024,28.97
2025-10-10,SHOP,164.01,165.254,150.602,151.02,12431500,0.424476,0.474773,0.551906,42.86
2025-10-13,SHOP,154.115,154.972,151.1,153.66,7986400,0.427136,0.476295,0.544681,42.86
2025-10-14,SHOP,148.42,154.92,145.16,152.88,8698200,0.464351,0.488669,0.54476,49.21
2025-10-15,SHOP,154.95,158.665,154.244,156.21,6010000,0.466066,0.4875,0.549188,50.0
2025-10-16,SHOP,160.76,164.95,155.89,156.57,8937700,0.488001,0.492345,0.540851,51.19
2025-10-17,SHOP,155.88,158.907,154.53,157.76,7595100,0.489345,0.493082,0.540818,51.19
2025-10-20,SHOP,159.425,165.08,159.425,164.71,6266200,0.483129,0.492681,0.55513,50.0
2025-10-21,SHOP,164.79,165.2,161.11,162.64,6138500,0.478496,0.492643,0.527603,49.21
2025-10-22,SHOP,162.49,163.35,159.234,162.01,6207000,0.479456,0.492038,0.526727,49.21
2025-10-23,SHOP,162.5,167.67,162.141,167.03,6171500,0.467607,0.490886,0.511105,48.02
2025-10-24,SHOP,168.5,174.74,168.5,172.95,8382300,0.467728,0.489843,0.506753,48.02
2025-10-27,SHOP,174.78,176.88,172.635,175.06,9929500,0.460694,0.48232,0.471243,45.63
2025-10-28,SHOP,173.425,179.6,172.8,178.96,7167800,0.455558,0.482855,0.471957,45.24
2025-10-29,SHOP,180.0,182.19,176.3,179.01,10790100,0.447948,0.482596,0.472957,42.06
2025-10-30,SHOP,176.925,178.23,172.69,173.61,9394500,0.450367,0.395774,0.493194,42.06
2025-10-31,SHOP,178.95,179.76,171.69,173.86,10953300,0.454767,0.395789,0.446464,44.84
2025-11-03,SHOP,175.5,178.375,169.72,172.94,14631500,0.44771,0.400316,0.44297,40.87
2025-11-04,SHOP,163.065,174.134,160.46,160.94,16121600,0.54508,0.437889,0.511162,53.17
2025-11-05,SHOP,159.56,166.685,156.231,162.92,9710600,0.561845,0.445131,0.499867,53.97
2025-11-06,SHOP,162.425,163.09,155.34,156.05,10030000,0.564363,0.446768,0.519629,53.97
2025-11-07,SHOP,153.945,154.0,146.88,152.41,11322800,0.5638,0.452031,0.436448,53.57
2025-11-10,SHOP,157.115,159.63,155.75,158.88,10493300,0.568684,0.455696,0.456885,53.97
2025-11-11,SHOP,156.83,160.04,155.52,158.94,5344200,0.54111,0.457001,0.456224,51.19
2025-11-12,SHOP,160.11,160.494,156.23,156.59,6585700,0.537308,0.455849,0.453787,50.4
2025-11-13,SHOP,153.84,155.0,143.8,146.34,11351200,0.53528,0.463098,0.513434,50.0
2025-11-14,SHOP,142.33,149.72,141.0,146.04,8384300,0.55696,0.472072,0.511846,52.78
2025-11-17,SHOP,143.65,145.3,138.71,139.93,12531800,0.562106,0.472487,0.497879,53.57
2025-11-18,SHOP,137.5,142.42,136.18,140.45,12873800,0.569905,0.475583,0.499304,55.16
2025-11-19,SHOP,141.7,147.05,140.613,146.0,9572000,0.574959,0.47795,0.525467,55.95
2025-11-20,SHOP,154.485,154.87,143.81,144.56,13447300,0.621485,0.493406,0.508335,64.29
2025-11-21,SHOP,144.57,149.88,142.43,147.8,10260300,0.625929,0.495762,0.496285,65.87
2025-11-24,SHOP,149.02,156.35,147.08,155.31,9141900,0.634801,0.499833,0.532731,68.25
2025-11-25,SHOP,154.58,158.31,151.38,157.37,8587900,0.63915,0.494913,0.527454,69.05
2025-11-26,SHOP,158.32,160.58,157.42,159.34,5239100,0.636367,0.494661,0.531258,69.05
2025-11-28,SHOP,160.0,161.0,157.85,158.64,4200900,0.63389,0.49359,0.523108,68.25
2025-12-01,SHOP,152.8,155.56,149.09,149.28,11746800,0.63565,0.501964,0.559151,69.05
2025-12-02,SHOP,153.46,158.74,152.13,156.83,8429300,0.640872,0.505918,0.594668,70.63
2025-12-03,SHOP,156.0,161.225,155.2,160.0,5579800,0.563006,0.506407,0.544674,53.97
2025-12-04,SHOP,160.34,163.26,157.87,162.31,5415000,0.548713,0.507009,0.545367,52.38
2025-12-05,SHOP,161.95,163.15,158.94,161.08,5440100,0.54552,0.506419,0.522414,51.98
2025-12-08,SHOP,161.91,163.77,156.31,158.41,4834500,0.535241,0.508347,0.518567,50.0
2025-12-09,SHOP,158.6,162.447,158.09,159.89,4823800,0.525313,0.508051,0.498092,49.21
2025-12-10,SHOP,158.65,168.93,158.11,168.42,7503400,0.530455,0.509805,0.530777,50.4
2025-12-11,SHOP,167.48,167.57,162.38,164.75,5192000,0.532938,0.510121,0.53454,50.79
2025-12-12,SHOP,164.67,164.67,159.1,164.19,6266400,0.518656,0.512103,0.466935,48.81
2025-12-15,SHOP,166.69,169.39,159.52,159.85,6927300,0.507776,0.516646,0.480479,48.41
2025-12-16,SHOP,157.21,163.66,155.66,163.14,6398000,0.506582,0.51774,0.449372,48.02
2025-12-17,SHOP,166.53,170.33,161.569,161.73,8759000,0.511256,0.521618,0.452959,48.41
2025-12-18,SHOP,167.18,172.96,165.3,166.8,7835000,0.528402,0.529167,0.446456,50.0
2025-12-19,SHOP,167.04,171.77,167.01,169.57,13849000,0.481014,0.526658,0.443278,44.44
2025-12-22,SHOP,172.71,172.98,169.55,169.67,5399700,0.473215,0.526741,0.440728,42.86
2025-12-23,SHOP,168.52,169.63,166.91,169.53,3487500,0.460964,0.524031,0.411349,40.08
2025-12-24,SHOP,168.79,170.4,168.12,169.45,1832100,0.450019,0.521072,0.41033,35.32
2025-12-26,SHOP,169.05,171.07,168.095,170.83,2574400,0.449373,0.518066,0.409393,34.92
2025-12-29,SHOP,169.75,170.88,167.27,167.88,3055200,0.450502,0.516844,0.415283,35.71
2025-12-30,SHOP,166.98,167.15,163.66,163.74,4812400,0.417641,0.512947,0.357959,24.21
2025-12-31,SHOP,163.59,163.83,160.75,160.97,4217100,0.398776,0.5061,0.323925,13.1
2026-01-02,SHOP,162.19,164.3,155.15,157.2,6533000,0.40875,0.507181,0.327581,19.05
2026-01-05,SHOP,158.84,166.92,158.6,166.21,5824500,0.41104,0.508532,0.381595,20.24
2026-01-06,SHOP,163.85,168.92,160.335,168.45,5108100,0.427322,0.51269,0.382453,29.76
2026-01-07,SHOP,167.84,169.55,164.57,166.74,4063800,0.421246,0.506956,0.378856,27.38
2026-01-08,SHOP,167.8,168.415,163.633,168.28,4436200,0.42518,0.50662,0.378831,28.97
2026-01-09,SHOP,168.01,168.91,163.03,164.48,5068700,0.416579,0.496364,0.340538,22.62
2026-01-12,SHOP,162.531,168.515,160.72,167.93,5616700,0.423033,0.497672,0.339665,28.17
2026-01-13,SHOP,168.08,170.9,164.7,167.44,4803100,0.4177,0.49085,0.339587,23.02
2026-01-14,SHOP,165.16,165.16,153.78,157.51,10857600,0.428083,0.497986,0.394316,31.35
2026-01-15,SHOP,159.65,161.29,157.36,157.99,4860100,0.41796,0.498376,0.386736,23.81
2026-01-16,SHOP,159.9,159.92,155.565,155.81,8149300,0.398261,0.498529,0.388441,11.51
2026-01-20,SHOP,150.082,151.72,143.87,144.5,13203600,0.39711,0.506433,0.448142,11.51
2026-01-21,SHOP,145.55,146.1,137.69,138.54,15901700,0.403767,0.508702,0.45534,13.89
2026-01-22,SHOP,141.79,144.19,137.24,137.64,9625600,0.419013,0.512318,0.453823,26.59
2026-01-23,SHOP,137.2,139.89,134.65,137.89,9622900,0.425882,0.513417,0.454662,31.35
2026-01-26,SHOP,136.73,138.18,135.84,136.31,6556200,0.427276,0.512304,0.453174,31.75
2026-01-27,SHOP,137.25,138.13,135.295,137.5,7099300,0.429605,0.51144,0.453502,33.33
2026-01-28,SHOP,138.715,141.66,137.68,138.92,9766700,0.434542,0.511636,0.458806,34.13
2026-01-29,SHOP,142.4,144.14,137.43,143.64,12837700,0.462161,0.513374,0.479001,40.08
2026-01-30,SHOP,140.47,141.5,130.43,131.23,13555600,0.487119,0.516946,0.563538,45.63
2026-02-02,SHOP,132.0,136.618,130.48,132.2,12260500,0.487601,0.488257,0.564466,45.63
2026-02-03,SHOP,131.295,131.665,117.5,119.29,25738400,0.51158,0.493165,0.60366,48.02
2026-02-04,SHOP,116.01,116.4,109.89,114.02,20766200,0.524556,0.501989,0.600886,48.41
2026-02-05,SHOP,112.75,115.72,108.787,111.24,17889700,0.539704,0.502064,0.600109,52.78
2026-02-06,SHOP,112.05,115.04,109.78,112.05,14028400,0.54376,0.501301,0.598886,53.17
2026-02-09,SHOP,112.665,120.08,110.88,118.4,14092800,0.56668,0.508128,0.655797,57.54
2026-02-10,SHOP,122.69,128.824,122.69,127.24,26855400,0.580337,0.515636,0.716745,59.13
2026-02-11,SHOP,138.9,139.1,109.6,118.71,53300400,0.816489,0.60996,0.741676,90.48
2026-02-12,SHOP,120.69,121.0,104.92,110.66,36841700,0.856761,0.627777,0.749475,91.27
2026-02-13,SHOP,110.21,113.39,107.43,112.7,18849900,0.866409,0.628783,0.756961,91.27
2026-02-17,SHOP,112.5,116.63,110.91,113.54,14655600,0.875351,0.628596,0.761847,91.27
2026-02-18,SHOP,113.01,124.73,112.49,121.64,18690000,0.883459,0.637671,0.784111,91.27
2026-02-19,SHOP,120.13,124.65,119.62,123.8,12465200,0.885916,0.627119,0.778899,91.27
2026-02-20,SHOP,122.26,131.01,120.736,126.2,14668900,0.900925,0.63407,0.783842,91.67
2026-02-23,SHOP,123.935,124.4,115.88,117.28,12764100,0.907748,0.635381,0.820516,91.67
2026-02-24,SHOP,117.0,120.28,115.7,116.93,11262500,0.911372,0.634879,0.820602,91.67
2026-02-25,SHOP,117.955,123.77,117.64,120.31,10218200,0.91916,0.638753,0.828809,91.67
2026-02-26,SHOP,121.49,126.0,120.75,125.94,12059600,0.92,0.640112,0.847769,91.67
2026-02-27,SHOP,123.475,123.925,118.56,120.73,10032800,0.915392,0.636655,0.84495,90.87
2026-03-02,SHOP,115.8,120.24,114.37,119.38,8337000,0.921322,0.641204,0.788295,91.67
2026-03-03,SHOP,114.945,122.03,112.448,121.87,12717600,0.938167,0.651452,0.792396,91.67
2026-03-04,SHOP,122.245,130.25,121.502,129.65,11458200,0.924615,0.653633,0.733774,91.27
2026-03-05,SHOP,128.425,135.96,128.425,134.79,13176800,0.911638,0.655591,0.719322,89.29
2026-03-06,SHOP,130.71,135.02,128.01,130.2,15748300,0.915355,0.660255,0.726229,89.29
2026-03-09,SHOP,127.87,134.79,127.66,133.5,9328900,0.914557,0.662591,0.728766,88.89
2026-03-10,SHOP,133.175,134.35,128.27,129.36,6998900,0.906182,0.661595,0.720492,87.3
2026-03-11,SHOP,130.55,134.46,126.58,129.52,6176400,0.902708,0.665423,0.674796,86.9
2026-03-12,SHOP,127.8,131.68,125.671,126.17,5824800,0.674393,0.666699,0.631141,69.05
2026-03-13,SHOP,125.82,128.93,121.23,122.96,7840400,0.604232,0.667194,0.580382,56.35
2026-03-16,SHOP,125.24,127.615,124.54,126.58,4878700,0.602036,0.665913,0.584812,56.35
2026-03-17,SHOP,127.36,132.94,126.938,127.8,4998400,0.607772,0.665749,0.584942,57.14
2026-03-18,SHOP,126.94,128.66,123.6,123.75,6728800,0.583168,0.660238,0.549559,55.95
2026-03-19,SHOP,122.51,124.59,120.51,122.37,7204400,0.583903,0.660823,0.547431,56.35
2026-03-20,SHOP,121.655,121.86,115.51,116.78,11955500,0.562608,0.661752,0.565585,52.78
2026-03-23,SHOP,118.59,122.8,118.34,121.1,8785200,0.556739,0.663878,0.519065,51.59
2026-03-24,SHOP,118.25,119.05,114.46,116.15,13321800,0.558302,0.667003,0.541352,52.38
2026-03-25,SHOP,120.02,121.275,115.59,118.42,8161600,0.57176,0.673483,0.53584,56.35
2026-03-26,SHOP,116.25,120.68,115.0,115.43,7715300,0.582054,0.678403,0.513018,57.54
2026-03-27,SHOP,113.51,115.0,110.175,111.85,7732500,0.580605,0.681105,0.503829,57.54
2026-03-30,SHOP,112.35,114.57,110.61,111.77,7551800,0.565083,0.682733,0.503157,55.16
2026-03-31,SHOP,113.505,119.22,111.2,118.62,9999800,0.550953,0.685169,0.544825,51.59
2026-04-01,SHOP,120.71,120.87,116.18,118.52,6353500,0.550927,0.686181,0.491114,51.59
2026-04-02,SHOP,114.34,119.7,112.025,118.25,7089700,0.572628,0.690871,0.463885,57.94
2026-04-06,SHOP,117.79,121.14,117.1,118.8,4679000,0.554888,0.691476,0.453159,52.38
2026-04-07,SHOP,117.555,117.85,113.59,117.06,5941700,0.553563,0.692382,0.440507,52.38
2026-04-08,SHOP,124.83,126.5,119.57,120.1,7897700,0.603721,0.707116,0.444293,62.3
2026-04-09,SHOP,120.31,120.61,112.0,112.38,10547600,0.596228,0.707331,0.496203,61.51
2026-04-10,SHOP,113.01,113.9,108.948,110.79,8974900,0.589251,0.707909,0.491893,61.51
2026-04-13,SHOP,109.45,115.68,109.32,114.97,10507200,0.583986,0.704999,0.509464,61.51
2026-04-14,SHOP,116.97,119.115,115.56,117.64,9095000,0.585212,0.705833,0.504791,61.9
2026-04-15,SHOP,119.1,127.7,118.23,127.41,9309000,0.584833,0.709515,0.584436,61.9
2026-04-16,SHOP,130.15,130.69,125.84,126.94,6792800,0.5863,0.705525,0.572336,62.7
2026-04-17,SHOP,130.14,133.32,129.825,131.15,8838100,0.587594,0.705936,0.580745,63.1
2026-04-20,SHOP,130.05,135.33,129.56,135.14,5696100,0.584033,0.703286,0.556081,61.9
2026-04-21,SHOP,135.215,137.3,130.86,131.13,6996700,0.586081,0.703731,0.560089,63.1
2026-04-22,SHOP,133.39,133.77,131.25,131.96,5804500,0.572686,0.704235,0.53341,59.13
2026-04-23,SHOP,130.0,130.3,121.73,124.23,7913000,0.574318,0.708694,0.580659,59.52
2026-04-24,SHOP,124.5,126.46,121.66,125.83,8409000,0.560227,0.709517,0.572057,54.37
2026-04-27,SHOP,124.405,126.228,123.09,124.23,4027800,0.552713,0.704765,0.560253,52.38
2026-04-28,SHOP,123.69,127.31,121.98,122.05,4926900,0.559664,0.702031,0.565869,54.76
2026-04-29,SHOP,121.14,122.033,119.42,121.26,5145800,0.543541,0.699483,0.527876,50.0
2026-04-30,SHOP,120.79,122.58,118.35,121.13,6792700,0.539883,0.692008,0.527888,49.6
2026-05-01,SHOP,123.62,127.92,123.391,127.67,7936300,0.506857,0.686023,0.558291,44.44
2026-05-04,SHOP,126.65,129.39,125.1,127.55,11194400,0.507111,0.68237,0.558536,44.84
2026-05-05,SHOP,116.05,118.98,105.6,107.63,39763000,0.65268,0.720051,0.830777,82.14
2026-05-06,SHOP,108.61,109.63,104.27,105.44,24641100,0.608514,0.7167,0.824934,70.63
2026-05-07,SHOP,106.74,111.91,106.7,111.74,22724800,0.604312,0.712256,0.82332,70.24
2026-05-08,SHOP,110.44,110.84,107.35,110.41,14507600,0.604031,0.626212,0.822848,69.84
2026-05-11,SHOP,107.35,108.42,102.38,102.54,18802600,0.611578,0.603542,0.850141,71.83
2026-05-12,SHOP,102.39,103.19,98.565,99.84,14215700,0.610312,0.601781,0.846183,71.83
2026-05-13,SHOP,98.715,98.83,94.56,95.4,20772100,0.59791,0.599944,0.788281,69.05
2026-05-14,SHOP,95.4,97.96,94.0,97.42,16595400,0.593586,0.590928,0.797549,68.25
2026-05-15,SHOP,97.5,101.45,96.0,100.28,15858600,0.591241,0.592896,0.794836,68.25
2026-05-18,SHOP,99.2,103.33,98.7,102.39,9972900,0.593642,0.584903,0.788854,69.05
2026-05-19,SHOP,102.97,104.9,100.72,101.01,11719200,0.594093,0.582162,0.786517,69.44
2026-05-20,SHOP,100.19,105.12,99.231,105.01,8178800,0.595601,0.582425,0.805383,69.84
2026-05-21,SHOP,103.24,106.42,101.655,104.86,6949100,0.588678,0.580964,0.784789,67.86
2026-05-22,SHOP,105.81,107.85,102.98,103.0,10557300,0.591899,0.582529,0.78131,69.05
2026-05-26,SHOP,103.23,105.1,102.32,104.9,7984000,0.592645,0.579722,0.787601,69.44
2026-05-27,SHOP,103.98,109.1,103.825,106.6,8343800,0.592602,0.575234,0.791458,69.44
2026-05-28,SHOP,107.185,115.25,106.96,115.03,14633300,0.601792,0.566666,0.844381,73.02
2026-05-29,SHOP,116.382,119.84,113.45,118.71,12083600,0.612699,0.568004,0.853048,77.38
2026-06-01,SHOP,120.25,124.625,119.055,124.12,10720400,0.612761,0.568064,0.846818,77.78
2026-06-02,SHOP,120.455,121.53,115.535,117.01,9304100,0.622823,0.566222,0.871112,84.13
2026-06-03,SHOP,114.61,115.26,112.5,112.94,7572600,0.480424,0.564393,0.629611,41.67
2026-06-04,SHOP,115.875,117.77,114.335,116.04,7143400,0.483153,0.566024,0.629272,42.86
2026-06-05,SHOP,114.5,115.9,108.29,109.54,8104600,0.49629,0.565611,0.633412,44.84
2026-06-08,SHOP,113.58,114.88,110.52,110.78,7011600,0.513555,0.567715,0.633439,47.62
2026-06-09,SHOP,111.0,116.96,107.19,110.42,7829400,0.535821,0.574918,0.57029,51.19
2026-06-10,SHOP,108.6,110.25,106.4,108.2,7390800,0.536248,0.575613,0.56622,51.59
2026-06-11,SHOP,106.9,110.57,104.11,110.47,8245600,0.546499,0.576101,0.537494,54.76
2026-06-12,SHOP,110.1,111.03,106.98,108.24,8805300,0.546025,0.57581,0.543601,54.37
2026-06-15,SHOP,110.9,115.315,110.2,112.49,6830200,0.552562,0.579684,0.550156,55.95
2026-06-16,SHOP,111.98,114.58,111.595,113.23,5486500,0.547999,0.577852,0.547294,54.37
2026-06-17,SHOP,112.4,114.07,107.76,108.09,8775800,0.551973,0.578792,0.573921,55.56
2026-06-18,SHOP,107.79,109.66,106.14,108.85,10064100,0.547398,0.576366,0.558767,53.57
2026-06-22,SHOP,106.75,111.58,106.0,107.98,8596200,0.554737,0.574638,0.559762,56.75
2026-06-23,SHOP,107.855,110.02,106.99,107.68,10628400,0.548187,0.569678,0.555381,53.57
2026-06-24,SHOP,106.87,114.49,106.72,114.17,20112100,0.554966,0.569421,0.588217,57.14
2026-06-25,SHOP,113.4,115.69,111.325,111.62,7904200,0.550864,0.569921,0.593877,53.57
2026-06-26,SHOP,112.595,117.87,112.1,116.86,9946400,0.548605,0.565794,0.552281,52.78
2026-06-29,SHOP,118.38,120.62,113.99,114.21,9919000,0.547289,0.566734,0.545907,51.19
2026-06-30,SHOP,113.0,116.0,112.0,114.18,6608900,0.544288,0.558538,0.517729,49.21
2026-07-01,SHOP,117.325,123.7,117.325,121.63,8405100,0.544688,0.562979,0.527737,49.21
2026-07-02,SHOP,119.05,121.3,118.42,119.46,6759600,0.546048,0.561941,0.514866,50.4
2026-07-06,SHOP,118.96,121.54,115.71,120.14,7336500,0.546625,0.545848,0.507029,50.79
2026-07-07,SHOP,122.84,125.94,121.47,121.88,10339700,0.542202,0.546751,0.457155,46.83
2026-07-08,SHOP,120.93,120.94,115.17,119.22,5652400,0.537753,0.549379,0.466637,45.24
2026-07-09,SHOP,117.25,123.22,116.71,123.17,6455800,0.504002,0.549389,0.47682,37.7
2026-07-10,SHOP,126.765,130.75,122.3,122.54,5465000,0.5305,0.557642,0.468915,42.46
2026-07-13,SHOP,124.63,126.7,121.7,124.74,6761000,0.522751,0.556291,0.467811,40.48
2026-07-14,SHOP,121.63,126.11,120.0,125.68,4817300,0.533415,0.557501,0.457239,42.86
2026-07-15,SHOP,126.45,127.59,120.87,123.55,8375300,0.529674,0.558001,0.449707,41.27
2026-07-16,SHOP,124.6,127.89,121.78,125.06,8234200,0.539176,0.560729,0.450453,45.24
2026-07-17,SHOP,124.6,124.6,121.11,123.56,6434900,0.531962,0.559544,0.413396,41.67
2026-07-20,SHOP,124.23,128.26,123.45,124.48,7455100,0.53714,0.561059,0.413403,44.05
2026-07-21,SHOP,121.21,124.29,119.25,123.03,6849200,0.533092,0.55932,0.415351,41.67
2026-07-22,SHOP,122.95,123.425,116.621,118.42,7755600,0.541101,0.560434,0.443909,46.03
2026-07-23,SHOP,117.44,117.91,111.055,112.0,10553700,0.542207,0.56269,0.445627,46.83
2026-07-24,SHOP,112.99,114.6,111.26,113.75,7444000,0.538864,0.560595,0.441601,44.05
2026-07-27,SHOP,118.195,126.91,117.81,126.88,11329000,0.557365,0.569269,0.566672,57.94
2026-07-28,SHOP,128.29,133.99,127.87,130.28,10244900,0.556516,0.571949,0.562502,56.75
2026-07-29,SHOP,129.045,133.73,128.22,129.17,7522000,0.562901,0.573481,0.564607,60.32
2026-07-30,SHOP,126.315,126.61,122.29,122.4,10710700,0.553815,0.574073,0.560621,54.76
2026-07-31,SHOP,120.93,122.25,115.27,117.15,12605100,0.560436,0.528463,0.579017,58.73
2026-08-03,SHOP,120.36,121.75,116.64,117.01,9187100,0.561717,0.530256,0.578484,58.73
2026-08-04,SHOP,117.86,123.695,117.59,123.3,21452100,0.554921,0.53039,0.607155,54.76
2026-08-05,SHOP,150.0,153.88,142.52,144.24,41541500,0.889364,0.6704,0.815189,94.05
2026-08-06,SHOP,143.7,148.09,142.1,147.44,17541800,0.884853,0.666438,0.812062,93.25
2026-08-07,SHOP,148.425,152.85,145.6,151.57,13405000,0.875733,0.666914,0.81283,92.46
2026-08-10,SHOP,150.44,155.62,148.9,155.18,10816700,0.876813,0.66652,0.813757,92.46
2026-08-11,SHOP,153.85,155.0,151.56,152.61,8276200,0.8656,0.665655,0.819618,90.87
2026-08-12,SHOP,151.98,153.471,148.695,150.41,5879000,0.861408,0.663769,0.818553,90.48
2026-08-13,SHOP,152.295,158.73,151.12,158.53,8125500,0.858236,0.663288,0.832529,90.08
2026-08-14,SHOP,158.34,158.87,153.34,154.32,5489400,0.85673,0.662238,0.839825,89.29
2026-08-17,SHOP,152.51,153.3,148.14,148.65,7748300,0.856206,0.661131,0.857352,88.89
2026-08-18,SHOP,148.09,150.51,146.28,146.58,6721400,0.845009,0.658652,0.858125,88.49
2026-08-19,SHOP,146.64,149.78,145.61,146.58,6195400,0.84038,0.657147,0.840949,88.1
2026-08-20,SHOP,146.37,148.39,144.12,147.18,5935300,0.834508,0.657636,0.804307,87.7
2026-08-21,SHOP,147.65,149.46,145.09,149.25,5317000,0.835425,0.655188,0.804279,87.7
2024-08-22,MRVL,71.5,71.78,68.39,68.66,9705600,,,,
2024-08-23,MRVL,70.46,72.58,70.01,71.84,12982800,,,,
2024-08-26,MRVL,70.97,71.85,68.58,68.82,10382000,,,,
2024-08-27,MRVL,68.33,70.19,67.04,69.71,6699300,,,,
2024-08-28,MRVL,69.1,69.97,67.63,68.44,8661000,,,,
2024-08-29,MRVL,69.14,71.76,68.83,69.84,16527000,,,,
2024-08-30,MRVL,78.3,79.0,72.71,76.24,32029800,,,,
2024-09-03,MRVL,74.58,75.0,69.54,70.02,22273200,,,,
2024-09-04,MRVL,69.08,72.16,68.56,70.87,11815400,,,,
2024-09-05,MRVL,69.72,71.99,69.36,69.89,8823800,,,,
2024-09-06,MRVL,69.5,69.59,65.53,66.2,17130900,,,,
2024-09-09,MRVL,67.84,69.03,67.51,68.93,11622600,,,,
2024-09-10,MRVL,68.56,71.87,68.48,71.6,12203700,,,,
2024-09-11,MRVL,72.87,75.15,70.95,74.89,14571600,,,,
2024-09-12,MRVL,74.07,75.62,73.31,74.3,10595400,,,,
2024-09-13,MRVL,75.01,75.91,73.28,74.48,8863600,,,,
2024-09-16,MRVL,73.87,74.42,72.44,73.4,7666700,,,,
2024-09-17,MRVL,74.0,74.23,71.97,72.77,6346700,,,,
2024-09-18,MRVL,73.0,74.06,71.41,71.55,8449200,,,,
2024-09-19,MRVL,74.83,76.02,73.51,74.88,12149600,,,,
2024-09-20,MRVL,74.48,74.75,72.44,73.87,14307500,0.658621,,0.638558,
2024-09-23,MRVL,73.87,74.11,70.07,71.81,14430600,0.662858,,0.628273,
2024-09-24,MRVL,72.41,72.66,70.85,71.2,7702100,0.654833,,0.608657,
2024-09-25,MRVL,70.7,71.99,70.31,71.18,9341100,0.648639,,0.60725,
2024-09-26,MRVL,73.79,74.83,71.47,73.45,11715300,0.658722,,0.611816,
2024-09-27,MRVL,73.2,73.35,70.06,70.99,12366900,0.657081,,0.622418,
2024-09-30,MRVL,70.53,72.19,70.24,72.12,9082900,0.48671,,0.535612,
2024-10-01,MRVL,72.03,72.78,69.99,70.31,12896400,0.468097,,0.448798,
2024-10-02,MRVL,70.5,72.98,70.02,72.04,10872900,0.458767,,0.455147,
2024-10-03,MRVL,71.03,73.84,70.86,72.24,8344400,0.457153,,0.45182,
2024-10-04,MRVL,73.72,74.25,72.61,73.41,10249200,0.449475,,0.402716,
2024-10-07,MRVL,72.16,74.46,71.9,73.72,8227200,0.454376,,0.380592,
2024-10-08,MRVL,72.65,73.78,71.81,73.11,9750100,0.455492,,0.359604,
2024-10-09,MRVL,72.83,73.7,71.56,72.84,8105200,0.43755,,0.320165,
2024-10-10,MRVL,72.01,72.88,71.48,72.54,7658400,0.433673,,0.319424,
2024-10-11,MRVL,71.95,74.51,71.77,74.01,7650700,0.432414,,0.328095,
2024-10-14,MRVL,75.0,77.92,74.55,77.68,12347900,0.435664,,0.365759,
2024-10-15,MRVL,80.44,82.65,77.97,79.41,25056300,0.465601,,0.369192,
2024-10-16,MRVL,79.41,82.41,78.25,81.68,16355600,0.471028,,0.369428,
2024-10-17,MRVL,84.13,84.19,79.89,79.91,12989700,0.455704,,0.352449,
2024-10-18,MRVL,80.47,81.07,79.52,79.85,5996000,0.449849,,0.347227,
2024-10-21,MRVL,80.77,82.94,80.58,81.83,8408700,0.436719,,0.332593,
2024-10-22,MRVL,81.2,83.65,81.2,83.35,8795100,0.437504,,0.330149,
2024-10-23,MRVL,82.9,83.33,79.78,81.83,8366400,0.44741,,0.342139,
2024-10-24,MRVL,82.87,82.88,81.22,81.93,6226300,0.420176,,0.330127,
2024-10-25,MRVL,82.3,83.42,81.59,81.61,6970400,0.412944,,0.298032,
2024-10-28,MRVL,82.6,83.92,81.88,83.44,6652500,0.413945,,0.30138,
2024-10-29,MRVL,83.44,85.38,83.07,84.87,9883700,0.408816,,0.276943,
2024-10-30,MRVL,83.43,84.25,82.49,82.8,8417700,0.409324,,0.295951,
2024-10-31,MRVL,82.3,82.45,79.05,80.11,11273000,0.403626,,0.328196,
2024-11-01,MRVL,84.2,87.28,83.44,84.77,20330500,0.44478,,0.374236,
2024-11-04,MRVL,83.87,85.91,83.11,84.38,7935900,0.442557,,0.376472,
2024-11-05,MRVL,86.28,87.99,85.07,87.19,10233700,0.443063,,0.38285,
2024-11-06,MRVL,89.42,91.71,88.48,90.63,14695200,0.447672,,0.3939,
2024-11-07,MRVL,91.72,94.07,91.7,93.94,11491100,0.441293,,0.399179,
2024-11-08,MRVL,93.58,95.09,92.94,93.8,8340000,0.437644,,0.401394,
2024-11-11,MRVL,93.5,94.23,90.35,92.25,10626600,0.443905,,0.389068,
2024-11-12,MRVL,92.25,93.81,91.56,92.78,8482400,0.415535,,0.385893,
2024-11-13,MRVL,91.45,92.85,89.75,90.07,9163000,0.414864,,0.399687,
2024-11-14,MRVL,91.87,92.44,90.17,90.7,7631900,0.405622,,0.38695,
2024-11-15,MRVL,89.14,89.79,87.48,87.83,10001300,0.414833,0.515164,0.409947,
2024-11-18,MRVL,88.0,89.78,87.36,88.71,7073200,0.41323,0.512715,0.403872,
2024-11-19,MRVL,87.71,89.67,87.58,89.34,6784700,0.414045,0.51037,0.400515,
2024-11-20,MRVL,89.21,89.96,87.71,89.86,6532100,0.404255,0.50794,0.392109,
2024-11-21,MRVL,91.77,93.49,90.07,92.94,9535100,0.414548,0.508893,0.405045,
2024-11-22,MRVL,94.06,94.78,92.01,92.51,7455200,0.416079,0.506355,0.405295,
2024-11-25,MRVL,93.85,94.36,91.83,92.24,9986300,0.416812,0.437993,0.402008,
2024-11-26,MRVL,94.0,95.55,92.03,93.14,9016200,0.424569,0.432296,0.399956,
2024-11-27,MRVL,92.71,92.71,88.01,90.1,8787900,0.432355,0.432027,0.409245,
2024-11-29,MRVL,91.18,93.78,90.42,92.69,7131600,0.42881,0.428446,0.392801,
2024-12-02,MRVL,97.37,97.63,94.95,96.86,17482000,0.419493,0.435217,0.374028,
2024-12-03,MRVL,97.79,98.72,94.6,95.91,25015400,0.416964,0.436131,0.37658,
2024-12-04,MRVL,112.33,119.88,109.57,118.15,59995900,0.69758,0.54504,0.808735,
2024-12-05,MRVL,116.6,116.6,112.1,113.37,23963500,0.703204,0.542759,0.827532,
2024-12-06,MRVL,113.48,114.75,111.63,113.51,13782500,0.70633,0.541193,0.822953,
2024-12-09,MRVL,111.72,112.88,106.33,107.03,17640800,0.717675,0.545201,0.857469,
2024-12-10,MRVL,107.86,108.71,105.0,106.68,13901600,0.713337,0.544979,0.853962,
2024-12-11,MRVL,109.89,111.98,108.48,111.36,14798800,0.71577,0.547066,0.863236,
2024-12-12,MRVL,110.53,110.94,107.92,109.01,10190400,0.710805,0.547017,0.858775,
2024-12-13,MRVL,117.99,121.86,115.1,120.77,36722500,0.757161,0.564514,0.919697,98.33
2024-12-16,MRVL,122.5,126.15,119.13,124.78,23750700,0.756551,0.567325,0.904919,96.72
2024-12-17,MRVL,122.37,122.93,111.9,112.25,32166200,0.777058,0.571325,1.005548,98.39
2024-12-18,MRVL,112.5,113.51,104.38,105.28,24146000,0.783427,0.577152,1.04107,98.41
2024-12-19,MRVL,107.72,110.38,106.67,109.11,21497800,0.780873,0.577812,1.045564,96.88
2024-12-20,MRVL,107.98,114.37,107.37,111.9,28801600,0.795257,0.57813,1.04342,98.46
2024-12-23,MRVL,112.65,114.42,111.32,113.76,8629800,0.79659,0.576302,1.042376,98.48
2024-12-24,MRVL,115.44,116.0,113.4,115.95,5660900,0.797809,0.576202,1.041587,98.51
2024-12-26,MRVL,115.16,116.51,114.11,115.71,6480200,0.799507,0.575557,1.042686,98.53
2024-12-27,MRVL,114.63,114.99,111.39,113.62,6199900,0.796549,0.57627,1.035636,94.2
2024-12-30,MRVL,110.72,113.11,109.78,111.66,6271800,0.809325,0.577111,1.038552,98.57
2024-12-31,MRVL,111.52,112.25,109.8,110.45,4659600,0.798034,0.576726,1.032492,95.77
2025-01-02,MRVL,110.65,114.99,110.25,113.56,9071500,0.798612,0.575237,1.033193,95.83
2025-01-03,MRVL,115.11,118.33,114.74,118.18,11781200,0.553117,0.573072,0.728474,63.01
2025-01-06,MRVL,122.29,123.41,117.82,119.01,15261600,0.561368,0.576045,0.712138,63.51
2025-01-07,MRVL,120.39,120.45,115.0,116.23,10686900,0.563727,0.576098,0.718137,64.0
2025-01-08,MRVL,115.5,118.41,114.82,118.23,8372800,0.551864,0.575407,0.683781,60.53
2025-01-10,MRVL,116.16,116.55,113.64,114.32,10782000,0.555566,0.576869,0.697001,62.34
2025-01-13,MRVL,112.0,115.33,111.55,115.15,9615400,0.554601,0.573204,0.681532,61.54
2025-01-14,MRVL,116.74,117.7,113.88,115.2,6889700,0.555501,0.571066,0.676147,62.03
2025-01-15,MRVL,118.33,119.09,115.75,116.0,10579600,0.474764,0.57005,0.565288,56.25
2025-01-16,MRVL,118.43,120.87,116.34,117.58,12181900,0.466545,0.572468,0.55368,53.09
2025-01-17,MRVL,119.92,125.37,119.4,124.76,14869600,0.44859,0.57374,0.44673,42.68
2025-01-21,MRVL,125.85,126.11,122.1,123.78,12770700,0.428975,0.573502,0.368664,24.1
2025-01-22,MRVL,124.8,126.45,124.24,125.21,10126700,0.419328,0.569838,0.354322,19.05
2025-01-23,MRVL,123.36,127.48,121.73,126.06,9530800,0.411503,0.574208,0.347625,5.88
2025-01-24,MRVL,126.68,127.2,123.67,124.02,9605600,0.410043,0.573979,0.353892,5.81
2025-01-27,MRVL,108.03,108.15,99.52,100.33,38462500,0.656748,0.65157,0.841103,71.26
2025-01-28,MRVL,103.3,105.05,100.05,103.88,20322300,0.676488,0.656153,0.854168,76.14
2025-01-29,MRVL,104.61,107.26,103.11,106.79,16052900,0.677397,0.655641,0.860515,76.4
2025-01-30,MRVL,111.37,112.0,109.04,110.33,14568200,0.68664,0.657968,0.867772,76.67
2025-01-31,MRVL,112.45,115.79,111.2,112.86,15197400,0.694683,0.65181,0.870665,76.92
2025-02-03,MRVL,108.74,115.35,108.4,113.56,11389500,0.714639,0.659484,0.865244,82.61
2025-02-04,MRVL,107.88,111.58,105.69,109.69,14220100,0.744854,0.671597,0.860125,84.95
2025-02-05,MRVL,112.0,116.85,110.76,116.46,13532200,0.738681,0.672153,0.888882,84.04
2025-02-06,MRVL,116.46,119.48,115.5,119.24,10687300,0.734168,0.672847,0.888797,83.16
2025-02-07,MRVL,121.41,121.81,110.43,110.62,20991700,0.750389,0.677311,0.926433,85.42
2025-02-10,MRVL,111.79,113.54,111.0,112.8,10214300,0.749244,0.675367,0.922575,84.54
2025-02-11,MRVL,110.62,112.46,108.82,109.12,9059600,0.750747,0.677995,0.929108,85.71
2025-02-12,MRVL,106.75,108.02,105.08,105.42,11998700,0.751513,0.678594,0.9358,85.86
2025-02-13,MRVL,105.35,106.77,103.17,103.5,12686400,0.745514,0.67879,0.936037,82.0
2025-02-14,MRVL,102.97,107.02,100.22,106.51,13539800,0.749205,0.682271,0.941688,82.18
2025-02-18,MRVL,106.99,107.91,104.94,107.29,9737500,0.74298,0.682531,0.912292,79.41
2025-02-19,MRVL,110.15,112.5,109.14,111.04,13244200,0.749815,0.683641,0.924324,83.5
2025-02-20,MRVL,110.63,111.0,106.82,108.71,9391900,0.752311,0.684511,0.923672,86.54
2025-02-21,MRVL,109.11,109.75,102.36,103.81,11019000,0.756808,0.686045,0.932207,87.62
2025-02-24,MRVL,104.22,104.67,97.41,97.91,17235100,0.763521,0.688232,0.948072,88.68
2025-02-25,MRVL,97.0,97.04,91.73,93.0,24331400,0.574941,0.690682,0.609273,56.07
2025-02-26,MRVL,95.85,96.65,93.96,94.9,13955200,0.565523,0.691188,0.599165,55.56
2025-02-27,MRVL,98.0,98.06,87.28,87.65,22770300,0.589958,0.695997,0.642023,56.88
2025-02-28,MRVL,87.17,92.08,86.13,91.82,22345400,0.584207,0.69854,0.65593,56.36
2025-03-03,MRVL,91.99,92.88,84.87,85.83,20882200,0.592027,0.697359,0.675608,57.66
2025-03-04,MRVL,85.32,91.82,83.24,88.33,21475400,0.6046,0.707482,0.688997,58.04
2025-03-05,MRVL,88.76,90.74,85.18,90.14,33773800,0.582153,0.628897,0.693209,54.87
2025-03-06,MRVL,74.08,75.77,71.65,72.28,60967000,0.915851,0.750587,0.976905,99.12
2025-03-07,MRVL,71.96,72.33,67.28,70.84,38853100,0.932948,0.758204,0.960942,99.13
2025-03-10,MRVL,68.35,68.55,63.65,65.67,32136400,0.939244,0.764368,0.961449,99.14
2025-03-11,MRVL,66.43,69.0,65.34,67.16,23333000,0.946903,0.766843,0.963339,99.15
2025-03-12,MRVL,69.72,71.33,68.63,69.85,20642600,0.961861,0.768948,0.990065,99.15
2025-03-13,MRVL,69.73,71.58,67.65,68.76,14947800,0.967043,0.771734,0.989241,99.16
2025-03-14,MRVL,70.17,70.76,67.98,68.74,15613100,0.971959,0.752434,0.992045,99.17
2025-03-17,MRVL,68.75,70.57,68.51,70.4,13419400,0.961845,0.74832,0.989031,96.69
2025-03-18,MRVL,69.62,69.94,67.76,68.28,11613600,0.960276,0.744252,0.983934,95.9
2025-03-19,MRVL,68.53,71.37,67.99,69.81,12228800,0.958229,0.742499,0.975488,95.12
2025-03-20,MRVL,69.17,71.13,68.85,70.49,9083000,0.957587,0.740553,0.98247,94.35
2025-03-21,MRVL,68.6,70.79,68.44,70.39,11942300,0.954138,0.738784,0.98052,93.6
2025-03-24,MRVL,71.4,72.92,71.06,72.76,12185900,0.9519,0.73905,0.986002,92.86
2025-03-25,MRVL,72.5,73.23,71.09,71.67,9443100,0.948429,0.738084,0.976501,92.13
2025-03-26,MRVL,71.0,71.2,65.84,66.76,19777100,0.946026,0.741895,0.98889,90.62
2025-03-27,MRVL,66.06,66.63,63.92,64.86,14956100,0.92331,0.742257,0.962859,88.37
2025-03-28,MRVL,64.63,64.89,61.25,62.04,18790400,0.92103,0.742227,0.939603,87.69
2025-03-31,MRVL,60.38,61.66,59.24,61.57,16032400,0.912637,0.745547,0.923043,86.26
2025-04-01,MRVL,61.45,62.72,60.78,62.67,12613300,0.888339,0.744756,0.916682,85.61
2025-04-02,MRVL,61.5,64.73,61.46,63.23,13138200,0.879121,0.747254,0.911389,84.96
2025-04-03,MRVL,58.64,59.3,55.42,55.64,25213200,0.608772,0.758349,0.662407,50.0
2025-04-04,MRVL,52.69,52.86,47.31,49.43,37313400,0.646988,0.775337,0.760715,50.37
2025-04-07,MRVL,47.46,55.02,47.09,51.0,30875500,0.730634,0.806894,0.74765,64.71
2025-04-08,MRVL,54.24,56.25,48.54,50.03,32326200,0.819386,0.836918,0.736263,84.67
2025-04-09,MRVL,50.29,61.3,49.71,60.96,38033700,0.863089,0.857521,1.04148,84.78
2025-04-10,MRVL,58.2,58.42,50.31,52.87,34622100,0.918376,0.878218,1.147507,87.77
2025-04-11,MRVL,52.59,53.39,51.44,53.39,17726800,0.912201,0.876806,1.14956,85.71
2025-04-14,MRVL,55.85,56.03,51.34,52.26,19413000,0.946875,0.884728,1.1417,91.49
2025-04-15,MRVL,52.51,54.14,52.43,53.32,11297400,0.949553,0.882947,1.146623,92.96
2025-04-16,MRVL,50.48,52.44,49.7,51.93,19820200,0.961203,0.889322,1.14017,96.5
2025-04-17,MRVL,52.01,52.49,50.79,51.7,12283700,0.963195,0.889677,1.137244,97.92
2025-04-21,MRVL,50.3,50.71,48.09,49.38,14038000,0.969103,0.891378,1.140898,98.62
2025-04-22,MRVL,50.11,51.47,49.78,50.62,15732400,0.971148,0.893029,1.136357,98.63
2025-04-23,MRVL,54.85,55.95,53.36,53.77,18934600,1.028693,0.868138,1.170111,99.32
2025-04-24,MRVL,54.8,57.97,54.46,57.33,21404800,1.03077,0.866637,1.181631,99.32
2025-04-25,MRVL,56.98,59.26,56.76,58.92,11929600,1.029537,0.866079,1.185065,98.66
2025-04-28,MRVL,58.29,58.87,56.7,58.7,13840000,1.028504,0.862017,1.175774,97.33
2025-04-29,MRVL,58.21,59.75,58.01,58.68,14831900,1.0242,0.859663,1.175661,96.69
2025-04-30,MRVL,56.28,58.44,55.86,58.37,14316600,1.032717,0.858744,1.173274,99.34
2025-05-01,MRVL,60.15,61.78,59.27,60.95,17638200,1.037651,0.855485,1.184395,99.35
2025-05-02,MRVL,62.2,63.43,61.97,62.33,15638600,1.001179,0.854028,1.088531,94.81
2025-05-05,MRVL,61.69,62.95,61.08,61.98,9098900,0.951742,0.854069,0.986998,85.81
2025-05-06,MRVL,60.37,61.84,59.97,61.22,9818100,0.872143,0.85089,0.987442,75.64
2025-05-07,MRVL,55.16,56.44,53.78,56.31,40342900,0.872822,0.875853,1.03716,75.8
2025-05-08,MRVL,58.06,59.03,56.69,57.63,18868800,0.827919,0.879483,0.756411,74.05
2025-05-09,MRVL,59.85,60.87,59.14,59.65,14698300,0.765333,0.883833,0.558085,66.04
2025-05-12,MRVL,64.72,65.11,63.18,64.5,20383100,0.816724,0.901898,0.614159,73.12
2025-05-13,MRVL,65.05,67.04,64.4,65.48,19733700,0.790335,0.899949,0.603416,67.7
2025-05-14,MRVL,66.65,66.92,64.95,65.9,11472600,0.792317,0.900835,0.602722,67.9
2025-05-15,MRVL,65.1,65.96,63.94,65.2,9962500,0.761011,0.898827,0.592408,63.8
2025-05-16,MRVL,65.1,65.14,63.5,63.76,18712900,0.758785,0.897742,0.602071,63.41
2025-05-19,MRVL,61.1,62.97,60.64,62.56,20323500,0.761771,0.898835,0.575635,64.24
2025-05-20,MRVL,60.95,61.42,59.8,61.42,22326200,0.76743,0.898145,0.583094,65.66
2025-05-21,MRVL,60.95,62.45,59.68,60.11,14022800,0.709661,0.898205,0.560705,49.7
2025-05-22,MRVL,59.41,62.86,59.32,61.85,16653100,0.705439,0.896904,0.5245,48.81
2025-05-23,MRVL,60.15,61.3,60.0,60.69,17443200,0.708398,0.889255,0.522653,49.7
2025-05-27,MRVL,62.94,65.52,62.46,63.82,25511700,0.724973,0.893605,0.549968,53.53
2025-05-28,MRVL,64.8,65.9,64.5,64.59,23421200,0.726324,0.890217,0.550365,53.8
2025-05-29,MRVL,67.36,67.59,63.33,63.73,38742400,0.730691,0.889027,0.553083,54.65
2025-05-30,MRVL,60.8,60.98,58.61,60.19,48347500,0.745011,0.889693,0.573952,57.23
2025-06-02,MRVL,59.75,62.3,59.53,61.47,18270300,0.743995,0.795914,0.573256,56.32
2025-06-03,MRVL,62.03,63.51,61.15,62.36,19286600,0.746399,0.789742,0.575366,58.29
2025-06-04,MRVL,63.04,67.03,61.86,66.3,26990200,0.756066,0.786744,0.612063,62.5
2025-06-05,MRVL,67.27,67.59,64.81,65.16,23426600,0.642807,0.784901,0.525352,38.42
2025-06-06,MRVL,66.97,69.78,66.31,68.35,22926300,0.644681,0.78402,0.54222,38.76
2025-06-09,MRVL,69.47,71.24,68.96,69.14,19351800,0.6378,0.78313,0.533721,37.99
2025-06-10,MRVL,69.93,70.58,68.06,68.84,14948700,0.571168,0.782026,0.464439,33.89
2025-06-11,MRVL,69.39,70.24,67.64,68.24,13885500,0.568722,0.783236,0.464097,33.7
2025-06-12,MRVL,67.94,70.06,67.77,69.64,11862600,0.564448,0.782903,0.468427,32.97
2025-06-13,MRVL,68.06,68.97,66.97,67.19,14159800,0.568221,0.782289,0.486153,33.88
2025-06-16,MRVL,68.52,71.28,68.04,70.42,19706100,0.57834,0.784479,0.503014,35.87
2025-06-17,MRVL,70.22,72.75,69.17,69.99,25313400,0.565868,0.785558,0.496916,33.51
2025-06-18,MRVL,74.53,77.65,73.73,74.95,55359800,0.603519,0.799295,0.53543,38.71
2025-06-20,MRVL,77.06,77.32,73.3,73.51,46009100,0.601556,0.802163,0.533797,38.5
2025-06-23,MRVL,72.99,73.18,69.18,70.78,26862100,0.601548,0.801142,0.554915,38.3
2025-06-24,MRVL,72.39,75.44,71.91,75.21,26999800,0.591108,0.801946,0.577586,37.57
2025-06-25,MRVL,76.37,76.49,74.6,75.93,19426700,0.576298,0.800831,0.558357,35.26
2025-06-26,MRVL,79.03,81.12,77.45,79.97,37440600,0.592098,0.803334,0.579019,38.74
2025-06-27,MRVL,78.85,79.0,76.41,77.16,27254000,0.581335,0.804049,0.596536,35.94
2025-06-30,MRVL,78.4,78.44,76.71,77.4,17072900,0.53442,0.801058,0.543116,27.46
2025-07-01,MRVL,76.73,77.78,75.04,76.24,16702100,0.533181,0.78329,0.550741,27.32
2025-07-02,MRVL,76.19,79.09,73.78,74.25,39388500,0.554326,0.767192,0.566045,29.23
2025-07-03,MRVL,74.83,75.34,74.13,75.18,10218000,0.531248,0.731453,0.531411,27.04
2025-07-07,MRVL,74.43,74.81,71.45,71.55,22050900,0.536348,0.701521,0.561751,28.43
2025-07-08,MRVL,72.33,73.5,71.8,71.95,16356800,0.523123,0.677314,0.53827,26.77
2025-07-09,MRVL,72.51,73.49,71.3,72.26,18453500,0.519186,0.645472,0.537293,26.63
2025-07-10,MRVL,72.4,73.56,71.39,73.36,11542400,0.518977,0.644046,0.538581,26.5
2025-07-11,MRVL,72.57,73.18,72.12,72.71,10136000,0.518397,0.632402,0.538625,26.37
2025-07-14,MRVL,72.11,72.95,70.48,72.51,12029400,0.52326,0.633427,0.535103,28.22
2025-07-15,MRVL,73.75,74.01,72.12,72.41,15683100,0.509385,0.619545,0.516447,26.11
2025-07-16,MRVL,70.13,71.02,68.0,70.85,26477200,0.532579,0.626169,0.49745,29.41
2025-07-17,MRVL,71.1,73.13,70.12,72.01,15030000,0.524505,0.620859,0.499945,28.78
2025-07-18,MRVL,72.35,75.26,71.15,74.65,16914800,0.477941,0.622532,0.453308,25.24
2025-07-21,MRVL,73.49,73.55,72.2,73.06,15595300,0.46948,0.60075,0.454565,24.15
2025-07-22,MRVL,72.97,73.15,70.3,71.99,12192300,0.462535,0.598953,0.436297,22.6
2025-07-23,MRVL,72.57,73.71,72.24,73.27,11239000,0.450753,0.597659,0.381224,20.1
2025-07-24,MRVL,73.67,74.12,72.39,74.04,10641400,0.447922,0.595252,0.381588,18.57
2025-07-25,MRVL,74.0,74.55,73.1,74.21,9830300,0.41285,0.593922,0.326729,3.32
2025-07-28,MRVL,75.15,76.58,74.66,75.91,13267400,0.410883,0.585883,0.316408,2.83
2025-07-29,MRVL,76.4,78.76,75.97,76.34,14717200,0.417351,0.583925,0.316954,9.39
2025-07-30,MRVL,83.11,85.27,80.57,81.74,45527600,0.523065,0.610045,0.395347,30.37
2025-07-31,MRVL,82.75,83.25,79.62,80.37,26433200,0.502647,0.610177,0.387129,28.37
2025-08-01,MRVL,77.07,77.16,73.42,74.45,28877000,0.537086,0.615857,0.479121,34.72
2025-08-04,MRVL,75.7,76.89,74.82,76.53,11882900,0.535428,0.56986,0.45189,34.1
2025-08-05,MRVL,76.91,78.0,74.96,76.63,11920800,0.539452,0.56776,0.451867,35.32
2025-08-06,MRVL,76.08,76.45,73.98,75.32,14469700,0.541971,0.565041,0.457575,35.62
2025-08-07,MRVL,76.5,77.25,74.19,75.85,14628000,0.547758,0.543907,0.455414,35.91
2025-08-08,MRVL,76.2,77.39,75.61,77.34,9971300,0.546304,0.541669,0.457801,35.75
2025-08-11,MRVL,77.95,80.01,77.19,77.28,11843600,0.546254,0.54258,0.45752,35.59
2025-08-12,MRVL,76.35,77.97,74.84,77.81,15547900,0.554389,0.543847,0.457362,38.12
2025-08-13,MRVL,78.4,80.06,78.03,79.32,11740200,0.527639,0.544144,0.450292,31.25
2025-08-14,MRVL,78.03,79.63,77.34,79.04,10127800,0.528809,0.536544,0.449592,31.56
2025-08-15,MRVL,79.42,79.42,76.17,76.19,13212900,0.518076,0.531858,0.456403,27.88
2025-08-18,MRVL,76.08,77.08,75.29,76.74,10192500,0.513744,0.528537,0.448906,27.75
2025-08-19,MRVL,76.4,76.44,71.8,72.07,16963400,0.512556,0.526082,0.502507,27.63
2025-08-20,MRVL,71.73,71.83,68.54,71.22,19895200,0.52989,0.52712,0.499728,32.75
2025-08-21,MRVL,70.46,72.0,70.05,71.21,9854100,0.532291,0.521229,0.4978,33.48
2025-08-22,MRVL,71.34,74.73,70.68,73.0,14435900,0.545132,0.524838,0.506693,37.23
2025-08-25,MRVL,72.99,73.88,72.26,72.95,10057700,0.543754,0.51638,0.49907,37.07
2025-08-26,MRVL,72.99,75.14,72.99,74.26,12302300,0.538167,0.503045,0.50338,36.05
2025-08-27,MRVL,74.2,75.03,73.82,74.79,11373500,0.424918,0.499971,0.432871,10.68
2025-08-28,MRVL,75.92,78.08,75.06,77.23,36895300,0.426121,0.50022,0.448821,11.06
2025-08-29,MRVL,64.53,65.49,62.62,62.87,96830800,0.754414,0.622629,0.81682,71.61
2025-09-02,MRVL,61.96,64.66,61.81,64.6,36275600,0.749648,0.622871,0.816581,69.2
2025-09-03,MRVL,64.05,64.52,61.72,62.31,34297300,0.747165,0.619355,0.821417,68.07
2025-09-04,MRVL,62.14,64.53,61.44,64.1,27726400,0.74969,0.619009,0.832194,69.46
2025-09-05,MRVL,63.98,64.59,62.47,63.33,25793100,0.741911,0.618492,0.830364,65.0
2025-09-08,MRVL,63.62,66.13,63.07,66.0,24466600,0.74525,0.618648,0.843809,66.8
2025-09-09,MRVL,65.86,67.44,65.19,66.84,17226000,0.739461,0.619009,0.846658,64.46
2025-09-10,MRVL,67.92,68.52,66.68,67.1,23751400,0.741965,0.61757,0.846071,65.02
2025-09-11,MRVL,67.0,68.2,66.36,66.59,13912400,0.74116,0.615212,0.840212,64.34
2025-09-12,MRVL,67.55,67.75,66.14,67.35,14868600,0.746097,0.612429,0.843093,67.76
2025-09-15,MRVL,67.45,68.11,66.33,67.43,17340800,0.745703,0.594921,0.836679,67.48
2025-09-16,MRVL,67.84,69.18,67.36,68.86,15931000,0.747248,0.591097,0.841008,68.83
2025-09-17,MRVL,68.86,72.41,68.36,70.98,29593100,0.750838,0.590822,0.821485,71.77
2025-09-18,MRVL,72.75,75.0,72.49,74.23,28894800,0.750036,0.590569,0.835807,70.68
2025-09-19,MRVL,74.75,75.37,73.32,74.26,31788100,0.751996,0.589712,0.83579,72.4
2025-09-22,MRVL,73.35,75.93,73.35,75.53,20037700,0.743249,0.581936,0.833415,64.14
2025-09-23,MRVL,75.39,76.35,74.02,74.62,21403700,0.744777,0.581389,0.834837,64.68
2025-09-24,MRVL,76.96,81.72,75.07,80.09,50429500,0.77508,0.592741,0.869298,77.38
2025-09-25,MRVL,78.11,84.46,76.32,83.81,43286000,0.800509,0.603431,0.88178,82.14
2025-09-26,MRVL,82.47,83.87,81.54,83.17,26715100,0.795201,0.597236,0.87727,78.97
2025-09-29,MRVL,83.69,85.09,82.32,82.39,20468300,0.467437,0.598532,0.405753,22.62
2025-09-30,MRVL,81.7,84.43,81.4,84.07,18751700,0.465283,0.59775,0.403399,21.83
2025-10-01,MRVL,82.4,84.11,81.35,83.89,20038400,0.465362,0.598751,0.364538,22.22
2025-10-02,MRVL,85.07,87.31,84.43,86.2,21698700,0.463932,0.599429,0.363994,21.83
2025-10-03,MRVL,86.28,87.27,85.08,86.22,15679200,0.460817,0.599078,0.354422,21.43
2025-10-06,MRVL,88.85,90.25,88.25,88.92,20580500,0.468474,0.602808,0.346144,24.21
2025-10-07,MRVL,88.97,90.89,86.03,86.97,17609500,0.479916,0.604742,0.370375,25.79
2025-10-08,MRVL,88.39,92.67,87.62,92.5,20451000,0.484101,0.606407,0.4062,25.79
2025-10-09,MRVL,91.94,92.65,90.52,90.68,14868400,0.482673,0.599906,0.417824,25.4
2025-10-10,MRVL,92.97,94.66,85.36,85.61,30545700,0.52069,0.609564,0.491769,28.97
2025-10-13,MRVL,89.47,89.87,86.64,89.39,20563500,0.546515,0.615526,0.502033,37.7
2025-10-14,MRVL,86.8,88.82,85.33,86.22,15447600,0.566755,0.619596,0.531671,42.86
2025-10-15,MRVL,88.17,89.46,86.59,88.89,15202200,0.562501,0.620078,0.531754,40.87
2025-10-16,MRVL,89.71,91.2,87.03,88.23,12988900,0.563898,0.622623,0.520279,41.27
2025-10-17,MRVL,86.83,88.95,85.71,87.95,13244000,0.570532,0.624123,0.521186,43.65
2025-10-20,MRVL,86.64,88.72,85.45,85.84,16137500,0.577133,0.626788,0.5327,44.84
2025-10-21,MRVL,85.69,85.93,83.1,84.26,13242100,0.577868,0.626994,0.536158,44.84
2025-10-22,MRVL,81.23,83.57,79.06,81.05,19218600,0.570178,0.632885,0.500794,42.46
2025-10-23,MRVL,81.0,83.45,80.53,82.77,10335800,0.531536,0.60377,0.478848,28.97
2025-10-24,MRVL,83.88,85.79,82.7,84.13,11661400,0.532386,0.603691,0.481721,29.37
2025-10-27,MRVL,86.04,89.38,85.2,88.71,16331600,0.53966,0.599543,0.514404,32.54
2025-10-28,MRVL,88.96,89.98,87.79,88.46,13029300,0.536893,0.598352,0.511094,30.95
2025-10-29,MRVL,90.76,91.51,89.05,90.15,13399900,0.532944,0.599445,0.513994,28.97
2025-10-30,MRVL,89.28,90.46,88.36,88.57,11903800,0.532586,0.59873,0.511368,28.57
2025-10-31,MRVL,93.4,97.57,90.96,93.74,29320800,0.580226,0.61296,0.547754,45.24
2025-11-03,MRVL,93.39,94.84,90.01,90.37,14308700,0.582142,0.615569,0.556477,45.63
2025-11-04,MRVL,87.76,90.84,87.22,87.59,13630000,0.594484,0.619101,0.562347,48.02
2025-11-05,MRVL,88.33,95.39,88.15,92.9,17194500,0.60812,0.623777,0.558389,49.6
2025-11-06,MRVL,96.21,98.13,92.42,93.33,28022500,0.627879,0.63159,0.553449,50.0
2025-11-07,MRVL,91.68,92.18,85.11,90.92,20898700,0.644824,0.644849,0.519257,51.19
2025-11-10,MRVL,93.17,94.47,92.2,93.23,14570700,0.625909,0.646648,0.504426,49.21
2025-11-11,MRVL,92.03,92.67,88.52,89.33,13538500,0.616287,0.648654,0.51158,48.81
2025-11-12,MRVL,90.56,92.87,88.87,89.33,11846700,0.618063,0.649823,0.500194,48.81
2025-11-13,MRVL,87.59,88.45,84.71,87.52,17226600,0.624587,0.649406,0.504964,48.81
2025-11-14,MRVL,84.47,89.0,83.33,86.45,12414100,0.648178,0.657854,0.506664,51.59
2025-11-17,MRVL,85.43,86.72,81.86,83.45,16548600,0.652437,0.658419,0.514878,51.59
2025-11-18,MRVL,80.47,81.75,78.44,78.68,23426900,0.667691,0.663881,0.551258,51.98
2025-11-19,MRVL,79.09,81.89,78.78,81.32,13688200,0.645716,0.664272,0.549025,50.0
2025-11-20,MRVL,83.4,84.44,76.08,76.68,23315900,0.671663,0.674757,0.580942,51.98
2025-11-21,MRVL,76.76,78.92,73.62,77.45,16211000,0.68633,0.679205,0.578472,52.78
2025-11-24,MRVL,78.49,84.58,78.0,83.79,23945100,0.692133,0.571916,0.617939,53.17
2025-11-25,MRVL,82.5,83.81,80.53,83.43,11667900,0.699959,0.573705,0.61796,53.97
2025-11-26,MRVL,84.59,89.31,84.03,87.72,15019100,0.704551,0.575935,0.642066,54.37
2025-11-28,MRVL,85.9,89.53,84.52,89.4,11235600,0.714847,0.578869,0.642894,57.14
2025-12-01,MRVL,89.14,92.74,88.3,91.1,18143400,0.674442,0.580487,0.612249,50.0
2025-12-02,MRVL,92.66,93.86,91.46,92.89,38231100,0.672075,0.580287,0.601773,49.6
2025-12-03,MRVL,100.04,102.11,95.79,100.2,52833700,0.723756,0.604145,0.64327,57.94
2025-12-04,MRVL,99.41,102.77,97.18,98.19,23981800,0.718792,0.608325,0.61908,57.54
2025-12-05,MRVL,100.4,102.64,97.31,98.91,22219900,0.711046,0.612186,0.61926,55.16
2025-12-08,MRVL,90.45,92.79,88.92,92.0,40731000,0.74935,0.641804,0.667917,67.86
2025-12-09,MRVL,91.59,91.69,88.04,88.9,23037400,0.744857,0.642569,0.672264,63.49
2025-12-10,MRVL,91.33,92.85,90.15,92.47,22573600,0.748992,0.644999,0.670066,66.67
2025-12-11,MRVL,90.98,91.74,87.51,89.43,16593500,0.748448,0.645277,0.681616,66.27
2025-12-12,MRVL,87.63,89.0,83.89,84.43,21576300,0.749848,0.647543,0.708582,69.05
2025-12-15,MRVL,84.87,85.85,83.67,84.26,11953300,0.72726,0.647338,0.707499,56.75
2025-12-16,MRVL,83.58,84.45,82.23,84.07,9483800,0.718511,0.647281,0.696045,54.76
2025-12-17,MRVL,86.5,87.18,81.18,81.7,16662700,0.718257,0.652495,0.669681,54.76
2025-12-18,MRVL,84.48,85.03,82.65,84.47,12732100,0.726778,0.645881,0.669891,57.14
2025-12-19,MRVL,84.05,86.22,83.7,84.09,21722200,0.704077,0.635237,0.631314,51.98
2025-12-22,MRVL,86.58,87.35,84.45,84.8,9871000,0.69351,0.636636,0.63116,51.19
2025-12-23,MRVL,84.4,88.05,84.29,87.68,12334100,0.682109,0.636548,0.578908,50.0
2025-12-24,MRVL,87.25,87.77,86.1,86.49,5335300,0.673006,0.635596,0.581266,48.81
2025-12-26,MRVL,87.1,87.2,85.97,86.34,5001000,0.660266,0.632641,0.552501,47.62
2025-12-29,MRVL,85.33,86.1,84.2,85.76,9677700,0.648246,0.632249,0.547821,46.83
2025-12-30,MRVL,85.76,88.1,85.72,86.76,9583000,0.642395,0.632624,0.544748,44.44
2025-12-31,MRVL,86.8,86.92,84.94,84.98,7234100,0.638176,0.629505,0.541992,44.44
2026-01-02,MRVL,86.74,90.08,86.6,89.39,14987500,0.567915,0.628179,0.498202,31.75
2026-01-05,MRVL,93.02,93.97,88.12,90.23,21328400,0.584429,0.63472,0.497817,38.1
2026-01-06,MRVL,92.7,94.2,86.77,88.23,24322700,0.597037,0.642838,0.499859,40.48
2026-01-07,MRVL,86.52,86.54,83.59,84.64,17230800,0.492347,0.635519,0.455224,10.32
2026-01-08,MRVL,84.7,84.92,82.88,83.45,10695900,0.488032,0.627293,0.443015,10.32
2026-01-09,MRVL,84.03,84.45,82.19,83.22,13486300,0.480454,0.6225,0.413631,9.52
2026-01-12,MRVL,82.42,83.75,82.08,82.89,10146600,0.467701,0.620522,0.400027,7.54
2026-01-13,MRVL,83.51,84.06,82.75,83.05,9133500,0.443956,0.617893,0.34614,3.57
2026-01-14,MRVL,82.96,83.0,79.27,81.21,15295700,0.454818,0.6183,0.354535,5.16
2026-01-15,MRVL,82.72,82.94,80.0,80.38,16593500,0.45131,0.616662,0.355799,5.16
2026-01-16,MRVL,81.45,82.48,80.3,80.46,15011200,0.433527,0.616501,0.341967,3.57
2026-01-20,MRVL,79.31,83.48,79.02,79.8,18688000,0.451389,0.614474,0.317972,5.95
2026-01-21,MRVL,80.4,84.29,80.4,82.55,17134300,0.456015,0.616308,0.343482,6.35
2026-01-22,MRVL,84.47,85.35,82.74,83.1,12997600,0.452082,0.61642,0.342902,5.56
2026-01-23,MRVL,81.22,82.02,79.72,80.23,13924600,0.459012,0.615934,0.337957,6.35
2026-01-26,MRVL,79.82,83.44,79.56,81.77,12464600,0.470901,0.618568,0.345938,9.92
2026-01-27,MRVL,82.87,83.74,81.3,82.93,11307900,0.476749,0.617504,0.351108,9.92
2026-01-28,MRVL,84.58,85.47,82.7,83.62,10311000,0.477421,0.618483,0.352474,10.32
2026-01-29,MRVL,81.94,82.44,78.3,81.34,13944900,0.500912,0.609176,0.360909,13.49
2026-01-30,MRVL,80.05,81.7,78.18,78.92,12581400,0.515557,0.609917,0.36849,15.48
2026-02-02,MRVL,77.61,78.98,76.72,78.66,14513000,0.515483,0.605142,0.307842,15.48
2026-02-03,MRVL,78.54,78.97,72.79,75.54,22563900,0.511927,0.606845,0.324399,14.68
2026-02-04,MRVL,75.0,76.06,71.78,73.73,17506200,0.493907,0.603518,0.325479,13.49
2026-02-05,MRVL,72.88,74.79,70.69,74.21,19202000,0.505094,0.593148,0.305803,14.68
2026-02-06,MRVL,76.84,80.75,76.52,80.28,22581800,0.527663,0.597013,0.428153,21.43
2026-02-09,MRVL,79.61,83.06,78.67,82.35,13775400,0.535918,0.597863,0.439012,26.59
2026-02-10,MRVL,82.69,83.4,81.49,82.01,10561400,0.535136,0.594759,0.439029,26.19
2026-02-11,MRVL,83.6,83.78,79.21,81.34,11636700,0.553489,0.595499,0.439748,32.54
2026-02-12,MRVL,82.19,82.19,77.44,78.23,13643800,0.55235,0.58703,0.454135,32.54
2026-02-13,MRVL,77.95,79.97,77.75,78.61,7615400,0.550503,0.583426,0.453595,32.54
2026-02-17,MRVL,77.32,80.32,76.63,79.01,10568500,0.557926,0.579967,0.454077,34.52
2026-02-18,MRVL,79.15,80.4,78.49,79.09,8408200,0.535362,0.579307,0.453284,26.59
2026-02-19,MRVL,78.38,79.67,77.72,79.61,6512200,0.526902,0.569242,0.435881,21.03
2026-02-20,MRVL,78.24,80.34,77.6,79.48,8795300,0.523564,0.563936,0.43474,20.63
2026-02-23,MRVL,78.39,79.11,76.07,77.79,11622600,0.524811,0.560863,0.423585,21.43
2026-02-24,MRVL,78.0,79.7,77.18,78.39,8396200,0.519167,0.558345,0.418167,18.65
2026-02-25,MRVL,79.01,81.19,78.97,80.92,10524700,0.514425,0.553736,0.431737,16.67
2026-02-26,MRVL,81.11,81.63,77.15,79.29,12326500,0.520412,0.552744,0.435319,19.84
2026-02-27,MRVL,80.03,82.29,78.66,81.69,20253800,0.508371,0.552315,0.439344,15.08
2026-03-02,MRVL,79.63,82.82,79.4,80.86,15228500,0.513585,0.556721,0.42653,16.67
2026-03-03,MRVL,77.85,79.08,76.65,77.51,15826400,0.528231,0.535423,0.453626,25.0
2026-03-04,MRVL,78.7,79.5,77.26,78.09,14677500,0.501075,0.531433,0.429187,14.29
2026-03-05,MRVL,78.9,80.26,75.24,75.68,42620200,0.501957,0.530468,0.43556,14.68
2026-03-06,MRVL,84.72,93.4,83.4,89.57,90071100,0.675157,0.562491,0.736707,59.52
2026-03-09,MRVL,87.93,92.93,84.2,92.65,38873500,0.70157,0.577605,0.696967,61.9
2026-03-10,MRVL,92.57,95.05,91.62,93.3,26499500,0.697652,0.57634,0.693613,61.51
2026-03-11,MRVL,93.6,95.01,90.18,90.44,18446200,0.704,0.57474,0.705489,62.7
2026-03-12,MRVL,89.85,90.03,87.37,87.67,16854400,0.691184,0.569668,0.715737,60.71
2026-03-13,MRVL,87.76,90.5,86.82,87.86,14108100,0.690008,0.57195,0.697834,60.71
2026-03-16,MRVL,89.15,92.52,89.12,91.58,15875500,0.691454,0.572283,0.709182,61.51
2026-03-17,MRVL,92.3,93.44,90.35,90.79,11622600,0.685045,0.567032,0.711513,60.32
2026-03-18,MRVL,90.8,92.02,87.17,87.62,16096700,0.691379,0.565267,0.727215,61.9
2026-03-19,MRVL,86.27,89.74,85.13,89.53,13388800,0.698858,0.567438,0.729555,63.89
2026-03-20,MRVL,88.9,90.48,86.66,87.91,25570400,0.698984,0.566483,0.734196,64.29
2026-03-23,MRVL,89.45,91.58,88.74,90.16,14126700,0.69508,0.567225,0.730538,63.49
2026-03-24,MRVL,88.84,93.16,88.8,92.36,13731200,0.699381,0.569843,0.732951,65.08
2026-03-25,MRVL,94.08,98.82,94.0,98.45,22562400,0.703819,0.572331,0.75515,66.27
2026-03-26,MRVL,97.96,100.65,97.22,97.68,26078500,0.698113,0.573558,0.749816,64.29
2026-03-27,MRVL,98.78,99.63,93.4,94.88,16507100,0.70414,0.577322,0.758712,67.86
2026-03-30,MRVL,95.12,96.5,86.61,87.81,21463200,0.716536,0.588375,0.81495,70.63
2026-03-31,MRVL,96.4,99.56,93.05,99.05,51286100,0.775505,0.621919,0.893002,87.7
2026-04-01,MRVL,100.82,107.84,100.49,106.71,44072500,0.782819,0.617067,0.919525,88.1
2026-04-02,MRVL,102.3,107.26,101.13,107.11,23667100,0.801817,0.617765,0.904063,90.08
2026-04-06,MRVL,109.45,111.89,106.0,109.51,22700500,0.673261,0.620178,0.707432,59.13
2026-04-07,MRVL,108.38,110.12,106.02,109.38,18965200,0.637706,0.622405,0.702734,52.38
2026-04-08,MRVL,114.0,115.66,110.45,114.45,29455900,0.654717,0.629951,0.714847,56.75
2026-04-09,MRVL,118.96,121.97,117.83,119.93,32718500,0.659612,0.634544,0.708539,57.14
2026-04-10,MRVL,123.66,129.84,123.6,128.49,41187000,0.664206,0.638589,0.712844,57.94
2026-04-13,MRVL,129.97,133.2,128.97,131.3,31264700,0.658585,0.636623,0.710049,57.14
2026-04-14,MRVL,136.11,136.9,130.84,133.83,33600700,0.669685,0.641141,0.70554,59.13
2026-04-15,MRVL,132.39,138.19,131.88,134.6,23450100,0.680095,0.644121,0.699889,61.9
2026-04-16,MRVL,132.26,134.69,128.42,133.37,20830200,0.687656,0.641613,0.67822,63.49
2026-04-17,MRVL,134.88,139.91,133.16,139.69,26341300,0.679697,0.641071,0.684148,61.9
2026-04-20,MRVL,147.51,149.58,143.93,147.84,39548500,0.690634,0.649177,0.676997,64.68
2026-04-21,MRVL,148.7,154.95,147.85,151.31,31901100,0.696254,0.648626,0.677066,67.46
2026-04-22,MRVL,153.66,158.69,151.09,157.32,30765800,0.690881,0.648445,0.678597,65.08
2026-04-23,MRVL,157.94,167.86,157.77,165.56,36938700,0.697555,0.650235,0.670759,68.25
2026-04-24,MRVL,169.87,170.84,158.51,164.31,37599100,0.710716,0.6576,0.670577,74.6
2026-04-27,MRVL,162.13,163.45,151.09,158.21,30281800,0.733528,0.661541,0.680749,79.76
2026-04-28,MRVL,147.91,156.0,146.85,153.23,27128700,0.770802,0.678158,0.604366,92.46
2026-04-29,MRVL,153.77,157.21,151.3,156.57,20649000,0.695461,0.677421,0.49552,67.86
2026-04-30,MRVL,160.34,165.61,156.36,165.15,20327000,0.699219,0.673328,0.471421,70.63
2026-05-01,MRVL,162.35,166.39,159.26,164.95,13071700,0.680521,0.672292,0.474262,62.7
2026-05-04,MRVL,165.48,166.82,162.26,163.66,14547000,0.670203,0.667779,0.485612,59.52
2026-05-05,MRVL,168.28,172.98,164.58,168.75,22284400,0.67339,0.668043,0.480225,61.51
2026-05-06,MRVL,172.6,175.8,165.0,172.15,23205300,0.673594,0.671623,0.472042,61.9
2026-05-07,MRVL,171.2,171.52,158.55,160.01,23683600,0.676416,0.675981,0.565798,63.1
2026-05-08,MRVL,164.69,170.59,162.9,170.13,20589000,0.675499,0.674438,0.556634,63.1
2026-05-11,MRVL,163.67,174.16,162.49,170.84,22947600,0.704317,0.68241,0.556926,76.19
2026-05-12,MRVL,165.46,168.73,157.96,164.5,21367800,0.715243,0.691596,0.584827,79.37
2026-05-13,MRVL,169.09,182.31,168.91,177.95,31862600,0.726759,0.694863,0.632495,82.54
2026-05-14,MRVL,180.88,192.15,177.33,182.58,32661100,0.74149,0.703706,0.627667,85.32
2026-05-15,MRVL,173.9,182.14,173.34,176.89,24757300,0.769369,0.715066,0.63818,96.83
2026-05-18,MRVL,181.77,182.71,165.1,168.93,24439000,0.771211,0.722849,0.646466,97.22
2026-05-19,MRVL,164.61,181.64,162.85,176.27,25003300,0.799265,0.733557,0.656587,98.81
2026-05-20,MRVL,183.45,193.32,182.28,186.8,29808100,0.817126,0.740321,0.67196,99.6
2026-05-21,MRVL,192.51,194.58,188.2,190.69,21506100,0.820026,0.742879,0.654918,99.6
2026-05-22,MRVL,194.72,198.4,192.22,196.33,19823200,0.801502,0.740342,0.656998,98.41
2026-05-26,MRVL,211.24,217.45,200.04,208.26,42558200,0.837688,0.758821,0.655543,99.6
2026-05-27,MRVL,217.98,218.26,196.25,198.7,54198500,0.813634,0.764137,0.671401,98.41
2026-05-28,MRVL,198.75,207.4,194.7,204.83,52624900,0.820895,0.760748,0.67362,99.21
2026-05-29,MRVL,204.44,208.76,199.2,205.0,34024700,0.817523,0.762771,0.657958,98.41
2026-06-01,MRVL,198.91,225.14,195.12,219.43,32926900,0.863425,0.779189,0.686464,99.6
2026-06-02,MRVL,253.46,291.3,252.43,290.79,112646200,1.004583,0.794944,1.164829,99.6
2026-06-03,MRVL,317.63,324.2,294.01,301.65,115542800,1.051348,0.807484,1.165156,99.6
2026-06-04,MRVL,282.95,321.5,277.56,316.43,86903500,1.110813,0.834205,1.166473,99.6
2026-06-05,MRVL,299.5,300.72,261.39,263.47,93976400,1.151036,0.85259,1.347404,99.6
2026-06-08,MRVL,288.69,304.96,281.36,288.85,84575500,1.19773,0.875044,1.362683,99.6
2026-06-09,MRVL,299.76,302.4,244.0,266.88,94754500,1.272333,0.918681,1.411929,99.6
2026-06-10,MRVL,263.5,272.47,252.26,252.59,54175100,1.266174,0.92497,1.422931,99.21
2026-06-11,MRVL,260.54,282.32,258.43,280.71,57254500,1.265391,0.928485,1.440405,98.81
2026-06-12,MRVL,270.07,287.98,267.31,279.7,42047300,1.277719,0.936406,1.443373,99.6
2026-06-15,MRVL,296.71,312.98,288.09,308.88,54963600,1.267246,0.94369,1.454383,98.81
2026-06-16,MRVL,299.13,317.0,278.13,278.67,59201300,1.302771,0.961852,1.50583,99.6
2026-06-17,MRVL,292.89,307.37,283.32,289.54,50607300,1.291308,0.970817,1.505248,99.21
2026-06-18,MRVL,305.47,329.88,302.36,310.58,250989400,1.306754,0.980698,1.509406,99.6
2026-06-22,MRVL,313.39,314.17,298.18,307.86,49225100,1.312529,0.98298,1.51425,99.6
2026-06-23,MRVL,278.82,290.95,276.25,279.04,46361100,1.38827,1.010892,1.574805,99.6
2026-06-24,MRVL,281.95,281.95,263.66,276.7,35747400,1.371908,1.013882,1.569464,99.21
2026-06-25,MRVL,291.18,292.51,263.72,281.26,39131600,1.388804,1.022008,1.552721,99.6
2026-06-26,MRVL,268.37,274.2,262.0,266.77,41986200,1.402632,1.012636,1.571491,99.6
2026-06-29,MRVL,272.41,278.28,250.52,277.75,31749200,1.43108,1.025765,1.573618,99.6
2026-06-30,MRVL,278.75,300.0,275.5,297.89,37520100,1.403713,1.021882,1.574515,99.21
2026-07-01,MRVL,282.47,292.5,271.35,272.05,33822700,1.330368,1.032554,1.263256,97.22
2026-07-02,MRVL,269.5,274.95,237.2,245.29,38435900,1.310877,1.045325,1.30183,96.43
2026-07-06,MRVL,254.82,260.46,249.04,249.27,25703100,1.26802,1.044608,1.287818,94.05
2026-07-07,MRVL,234.92,237.44,222.94,230.7,36163800,1.263507,1.055029,1.1485,92.46
2026-07-08,MRVL,225.16,236.79,224.98,231.71,25541800,1.214755,1.05688,1.089314,92.06
2026-07-09,MRVL,246.18,251.7,241.1,243.27,21245300,1.13255,1.063287,1.077761,90.87
2026-07-10,MRVL,237.79,240.94,232.02,235.81,15106000,1.124331,1.062881,1.066219,90.48
2026-07-13,MRVL,228.78,228.8,215.28,217.53,25615300,1.116764,1.064784,1.017556,90.08
2026-07-14,MRVL,231.57,232.0,218.63,222.44,20705500,1.124386,1.069686,1.024781,90.48
2026-07-15,MRVL,222.16,223.3,201.22,206.26,26827600,1.104651,1.074691,0.960138,88.89
2026-07-16,MRVL,200.12,201.94,186.15,188.3,34893000,1.072509,1.075107,0.947459,88.49
2026-07-17,MRVL,182.23,194.05,177.95,188.68,29656300,1.060835,1.081806,0.926604,88.1
2026-07-20,MRVL,193.01,202.08,191.99,194.94,25070600,1.026765,1.083318,0.886128,87.3
2026-07-21,MRVL,205.56,210.6,202.84,207.96,22153600,1.042768,1.086519,0.938847,87.3
2026-07-22,MRVL,201.15,214.92,200.58,210.99,16890300,0.988787,1.087084,0.897948,86.11
2026-07-23,MRVL,207.86,214.56,205.02,209.32,16359900,0.977345,1.08303,0.897989,85.71
2026-07-24,MRVL,202.91,206.07,191.29,194.23,19837100,0.934608,1.076131,0.915333,85.32
2026-07-27,MRVL,198.72,199.79,181.76,189.17,21637700,0.944943,1.082471,0.906926,85.32
2026-07-28,MRVL,180.0,181.48,167.32,174.47,29188500,0.922892,1.091041,0.907036,84.52
2026-07-29,MRVL,174.03,177.8,162.9,163.4,25708900,0.920037,1.092822,0.847897,84.13
2026-07-30,MRVL,178.38,184.35,175.15,183.3,29861700,0.953716,1.107045,0.959508,85.32
2026-07-31,MRVL,199.38,201.35,187.12,187.56,26835500,0.962554,1.117668,0.917114,85.32
2026-08-03,MRVL,180.52,194.44,177.57,193.78,21015800,0.976934,1.121885,0.926003,85.32
2026-08-04,MRVL,210.01,222.67,208.0,218.59,33923400,0.9877,1.132141,1.005292,85.71
2026-08-05,MRVL,215.98,222.38,210.29,211.02,16884600,0.984655,1.133528,1.011415,85.32
2026-08-06,MRVL,205.57,219.46,201.74,210.54,16804200,0.987647,1.134339,0.99174,85.32
2026-08-07,MRVL,219.05,221.87,205.52,218.72,19663400,1.008625,1.135845,1.000022,86.51
2026-08-10,MRVL,227.77,230.1,208.51,208.56,20948500,1.010753,1.136659,0.972767,86.51
2026-08-11,MRVL,212.0,212.66,206.43,212.31,15429200,0.990382,1.131987,0.971399,85.32
2026-08-12,MRVL,225.9,226.89,216.88,217.08,25134300,0.990008,1.128656,0.935001,84.92
2026-08-13,MRVL,217.68,231.38,217.18,222.18,19255500,0.98216,1.127188,0.86884,82.94
2026-08-14,MRVL,221.4,223.52,217.1,222.02,14487800,0.952767,1.118177,0.869156,80.95
2026-08-17,MRVL,227.75,240.18,226.89,234.33,21113500,0.952327,1.116321,0.880353,80.56
2026-08-18,MRVL,220.52,225.01,211.1,216.0,25860700,0.984058,1.127329,0.910538,82.94
2026-08-19,MRVL,240.13,245.49,228.1,237.27,44011800,1.03147,1.147883,0.967013,86.9
2026-08-20,MRVL,237.57,251.73,234.53,251.01,29226500,1.029844,1.137894,0.981616,86.51
2026-08-21,MRVL,252.39,252.52,233.28,237.04,25467400,1.013893,1.134104,0.963524,85.71
2024-08-22,SMCI,62.937,63.081,60.224,60.482,61153000,,,,
2024-08-23,SMCI,61.115,62.698,60.388,61.324,53374000,,,,
2024-08-26,SMCI,61.0,61.818,55.524,56.251,90386000,,,,
2024-08-27,SMCI,51.89,55.7,51.35,54.764,116837000,,,,
2024-08-28,SMCI,48.594,48.747,39.518,44.349,369735000,,,,
2024-08-29,SMCI,43.588,47.533,43.536,44.882,130533000,,,,
2024-08-30,SMCI,45.797,45.93,41.955,43.77,109332000,,,,
2024-09-03,SMCI,43.005,46.44,42.871,44.178,97224000,,,,
2024-09-04,SMCI,42.012,43.542,40.84,42.347,71634000,,,,
2024-09-05,SMCI,41.135,42.193,40.683,41.46,61987000,,,,
2024-09-06,SMCI,40.2,40.669,38.28,38.646,90480000,,,,
2024-09-09,SMCI,39.274,41.777,38.751,40.987,80224000,,,,
2024-09-10,SMCI,41.065,41.888,40.073,41.272,49475000,,,,
2024-09-11,SMCI,41.6,44.6,41.122,44.54,73376000,,,,
2024-09-12,SMCI,44.134,44.95,43.172,44.213,49342000,,,,
2024-09-13,SMCI,44.293,46.95,43.896,45.716,69967000,,,,
2024-09-16,SMCI,44.716,45.716,43.355,44.91,43034000,,,,
2024-09-17,SMCI,45.278,45.788,43.532,43.938,36491000,,,,
2024-09-18,SMCI,44.37,46.095,43.615,43.688,57557000,,,,
2024-09-19,SMCI,45.508,45.761,43.558,43.72,49492000,,,,
2024-09-20,SMCI,43.918,45.818,43.621,45.727,76344000,1.015102,,0.965731,
2024-09-23,SMCI,45.061,48.351,44.888,46.594,71532000,1.023009,,0.967783,
2024-09-24,SMCI,46.506,47.362,45.226,46.361,53494000,1.009711,,0.929137,
2024-09-25,SMCI,46.5,47.674,45.792,45.815,49986000,0.97271,,0.926996,
2024-09-26,SMCI,47.158,48.436,37.301,40.24,239230000,0.89877,,0.712236,
2024-09-27,SMCI,40.0,42.397,40.0,41.974,107420000,0.871656,,0.72958,
2024-09-30,SMCI,41.349,43.798,41.246,41.64,68311000,0.860875,,0.725335,
2024-10-01,SMCI,41.75,42.74,40.0,40.55,30604000,0.846196,,0.728754,
2024-10-02,SMCI,40.01,42.06,39.84,42.0,22026900,0.819899,,0.726989,
2024-10-03,SMCI,41.8,44.23,41.26,41.55,30466100,0.832863,,0.723983,
2024-10-04,SMCI,42.3,42.92,40.52,41.23,30991900,0.827351,,0.675757,
2024-10-07,SMCI,41.53,48.5,41.51,47.74,104771200,0.848631,,0.82655,
2024-10-08,SMCI,50.09,50.1,44.06,45.35,106186100,0.891617,,0.852685,
2024-10-09,SMCI,45.85,49.35,45.53,47.29,65379000,0.902374,,0.822699,
2024-10-10,SMCI,45.8,47.0,44.4,46.47,40610900,0.91616,,0.825171,
2024-10-11,SMCI,45.83,48.15,45.75,47.8,40748100,0.91029,,0.822784,
2024-10-14,SMCI,48.18,49.46,46.44,47.39,45227800,0.908068,,0.820465,
2024-10-15,SMCI,47.35,48.61,45.73,47.76,38228200,0.914195,,0.815424,
2024-10-16,SMCI,48.3,50.35,47.26,48.75,50139200,0.913802,,0.816524,
2024-10-17,SMCI,50.4,50.61,47.15,47.59,47789300,0.914636,,0.823162,
2024-10-18,SMCI,48.08,48.98,47.01,47.26,31933200,0.915732,,0.809672,
2024-10-21,SMCI,47.39,48.88,46.93,47.8,36216800,0.900658,,0.808016,
2024-10-22,SMCI,47.79,48.18,44.81,45.97,41248100,0.907391,,0.820459,
2024-10-23,SMCI,45.44,46.14,44.61,45.36,24301000,0.906609,,0.820756,
2024-10-24,SMCI,45.67,47.24,45.63,46.23,23717700,0.727374,,0.665159,
2024-10-25,SMCI,46.68,48.4,46.46,47.27,32279200,0.727074,,0.654829,
2024-10-28,SMCI,47.8,48.72,47.28,47.72,27230200,0.705509,,0.652833,
2024-10-29,SMCI,47.67,49.7,46.75,49.12,35234800,0.702576,,0.644894,
2024-10-30,SMCI,34.85,38.0,32.2,33.07,236424500,1.475315,,1.569106,
2024-10-31,SMCI,30.06,30.89,27.22,29.11,129887200,1.521884,,1.621804,
2024-11-01,SMCI,27.6,28.75,25.71,26.05,102739000,1.536182,,1.654453,
2024-11-04,SMCI,24.89,27.97,23.9,26.03,92052000,1.557084,,1.532323,
2024-11-05,SMCI,25.98,28.0,25.1,27.7,106628300,1.536155,,1.564321,
2024-11-06,SMCI,20.87,23.0,20.2,22.7,122890800,1.788893,,1.659328,
2024-11-07,SMCI,22.48,25.78,22.11,25.48,88234700,1.805957,,1.744731,
2024-11-08,SMCI,25.69,26.25,23.76,24.52,60549600,1.82279,,1.731197,
2024-11-11,SMCI,22.35,23.66,21.3,23.23,71258400,1.834971,,1.730089,
2024-11-12,SMCI,22.11,23.06,21.58,21.7,44022500,1.830945,,1.725796,
2024-11-13,SMCI,21.01,21.8,20.27,20.33,55525500,1.822455,,1.713073,
2024-11-14,SMCI,17.99,19.24,17.36,18.01,95152100,1.827927,,1.732855,
2024-11-15,SMCI,17.8,18.79,17.25,18.58,74025400,1.825966,1.364404,1.750195,
2024-11-18,SMCI,20.03,23.88,20.0,21.54,178890800,1.925632,1.40102,1.872946,
2024-11-19,SMCI,27.11,29.5,25.61,28.27,235282900,2.183355,1.498892,2.175497,
2024-11-20,SMCI,27.29,27.71,24.82,25.8,105366500,2.193218,1.497196,2.187899,
2024-11-21,SMCI,27.68,30.5,26.51,29.7,118032600,2.24093,1.470341,2.264123,
2024-11-22,SMCI,30.84,34.37,30.5,33.15,159607100,2.261682,1.4745,2.307858,
2024-11-25,SMCI,36.03,39.23,35.55,38.41,170113700,2.302433,1.484821,2.380117,
2024-11-26,SMCI,37.59,37.67,34.03,34.43,95313000,2.304098,1.483596,2.400016,
2024-11-27,SMCI,35.26,37.14,34.43,35.07,63261300,1.969166,1.484665,1.941631,
2024-11-29,SMCI,32.97,33.49,31.11,32.64,60119900,1.939762,1.491127,1.90162,
2024-12-02,SMCI,37.78,44.15,35.32,42.0,263221600,2.053411,1.547427,2.037911,
2024-12-03,SMCI,44.42,45.99,38.82,40.21,204353000,2.058532,1.562776,2.050396,
2024-12-04,SMCI,40.15,42.5,39.52,41.81,96994400,2.051572,1.563869,2.045981,
2024-12-05,SMCI,42.42,42.83,40.92,41.14,71100400,1.741642,1.563185,1.881978,
2024-12-06,SMCI,42.03,44.97,41.34,43.93,108671300,1.728673,1.566525,1.86001,
2024-12-09,SMCI,47.93,48.0,44.09,44.16,98777300,1.737338,1.577465,1.845984,
2024-12-10,SMCI,43.39,43.41,39.77,40.54,83380600,1.683221,1.578511,1.868115,
2024-12-11,SMCI,38.19,38.8,36.07,38.29,79559900,1.692319,1.585289,1.860995,
2024-12-12,SMCI,37.81,39.8,37.5,37.93,39402400,1.68386,1.585514,1.834124,
2024-12-13,SMCI,37.0,37.55,35.55,36.45,64847400,1.590001,1.583813,1.765954,55.0
2024-12-16,SMCI,31.51,35.38,31.2,33.44,82607200,1.717927,1.616774,1.817921,60.66
2024-12-17,SMCI,33.64,35.37,33.34,33.8,41821700,1.654055,1.61649,1.763783,54.84
2024-12-18,SMCI,33.8,34.72,32.01,32.23,48011000,1.43066,1.61845,1.511189,44.44
2024-12-19,SMCI,32.92,33.47,30.82,31.24,39138300,1.411151,1.621127,1.474062,43.75
2024-12-20,SMCI,30.95,33.47,30.51,31.59,85656300,1.382231,1.594399,1.390475,43.08
2024-12-23,SMCI,31.82,32.59,31.58,32.4,26032300,1.355951,1.594149,1.335634,42.42
2024-12-24,SMCI,32.3,35.5,32.19,34.33,41339700,1.326572,1.595257,1.237994,41.79
2024-12-26,SMCI,35.09,35.41,33.0,33.74,28146700,1.323523,1.596483,1.177285,41.18
2024-12-27,SMCI,33.25,33.56,31.64,31.98,32070600,1.313469,1.597273,1.1892,40.58
2024-12-30,SMCI,31.28,31.49,30.12,30.68,32119900,1.285918,1.594467,1.171217,40.0
2024-12-31,SMCI,30.87,31.39,29.95,30.48,26546700,1.070579,1.593338,0.68085,39.44
2025-01-02,SMCI,30.97,31.39,29.9,30.05,24396500,0.997768,1.588462,0.67304,34.72
2025-01-03,SMCI,30.41,33.45,30.13,33.33,34497000,1.003618,1.581347,0.772857,35.62
2025-01-06,SMCI,34.95,38.5,34.92,36.45,56472600,1.045056,1.587471,0.851122,40.54
2025-01-07,SMCI,36.34,36.55,34.06,34.38,33287800,1.032548,1.586609,0.826142,40.0
2025-01-08,SMCI,33.97,33.97,31.72,32.61,25899100,0.97921,1.588314,0.835515,32.89
2025-01-10,SMCI,32.3,34.08,31.71,32.6,29754900,0.981615,1.589045,0.79405,33.77
2025-01-13,SMCI,30.84,31.24,29.01,31.08,33913100,0.98256,1.594416,0.787499,34.62
2025-01-14,SMCI,31.95,32.39,30.4,30.53,21517900,0.983977,1.59499,0.787925,35.44
2025-01-15,SMCI,31.38,31.71,30.48,30.99,27416700,0.984731,1.593558,0.785211,36.25
2025-01-16,SMCI,31.9,32.82,30.89,31.12,26766800,0.794781,1.596173,0.729587,4.94
2025-01-17,SMCI,31.75,31.83,30.76,30.82,24396500,0.781425,1.596487,0.727874,4.88
2025-01-21,SMCI,31.38,33.49,31.11,32.45,40097600,0.782901,1.597654,0.735284,6.02
2025-01-22,SMCI,33.98,34.98,32.7,33.86,46466200,0.79316,1.603502,0.739903,7.14
2025-01-23,SMCI,33.25,33.85,32.79,33.41,21534400,0.764174,1.603059,0.741893,4.71
2025-01-24,SMCI,34.0,34.7,33.06,33.27,31728400,0.76971,1.603713,0.737396,5.81
2025-01-27,SMCI,30.31,31.95,28.42,29.07,59858800,0.863849,1.619581,0.850301,18.39
2025-01-28,SMCI,29.44,29.7,27.22,28.18,35715300,0.870716,1.622271,0.853632,19.32
2025-01-29,SMCI,28.32,28.51,27.61,27.8,25802700,0.863607,1.448221,0.837591,17.98
2025-01-30,SMCI,28.58,28.81,27.81,28.64,22577100,0.861989,1.427289,0.836864,17.78
2025-01-31,SMCI,28.7,30.76,28.34,28.52,37988200,0.888736,1.422955,0.83679,23.08
2025-02-03,SMCI,27.2,27.61,25.71,26.85,44755500,0.91944,1.411443,0.860437,38.04
2025-02-04,SMCI,27.82,29.45,27.35,29.16,35954600,0.92157,1.409746,0.827596,38.71
2025-02-05,SMCI,31.03,33.13,29.75,31.49,82863100,0.932332,1.285164,0.809165,39.36
2025-02-06,SMCI,31.97,34.45,31.85,33.84,66262400,0.938264,1.278548,0.831948,40.0
2025-02-07,SMCI,34.55,36.96,34.33,36.28,72679900,0.937102,1.275699,0.8438,39.58
2025-02-10,SMCI,38.0,42.88,37.36,42.65,134627800,0.95756,1.260931,1.00931,41.24
2025-02-11,SMCI,40.59,42.39,38.42,38.61,153179100,0.955176,1.263816,1.066064,40.82
2025-02-12,SMCI,42.3,43.89,38.86,39.68,161454200,1.022265,1.276808,1.061987,52.53
2025-02-13,SMCI,39.01,43.29,37.5,42.28,110368100,1.065153,1.251538,1.076962,56.0
2025-02-14,SMCI,42.94,48.18,42.85,47.91,133562000,1.066883,1.249988,1.143426,56.44
2025-02-18,SMCI,51.0,56.23,50.99,55.8,163200100,1.088827,1.222773,1.226461,57.84
2025-02-19,SMCI,59.04,66.44,55.61,60.25,337992700,1.166283,1.150764,1.235641,58.25
2025-02-20,SMCI,57.21,62.47,54.3,59.27,181555200,1.214029,1.160221,1.245972,58.65
2025-02-21,SMCI,61.0,62.43,55.07,56.07,104690400,1.23568,1.149909,1.273197,59.05
2025-02-24,SMCI,53.88,56.25,50.26,51.61,84122600,1.269867,1.152815,1.327344,59.43
2025-02-25,SMCI,50.12,50.67,44.0,45.54,146548400,1.223938,1.149874,1.312314,57.94
2025-02-26,SMCI,55.02,56.19,50.05,51.11,144521900,1.381293,1.211566,1.335851,64.81
2025-02-27,SMCI,49.07,50.0,42.55,42.95,121404800,1.424831,1.220784,1.514241,66.97
2025-02-28,SMCI,40.23,43.49,38.88,41.46,96058000,1.474416,1.226001,1.527234,68.18
2025-03-03,SMCI,42.28,42.38,35.61,36.07,104518500,1.479581,1.169075,1.625923,69.37
2025-03-04,SMCI,35.0,40.61,34.51,39.14,109691900,1.494927,1.164695,1.62056,69.64
2025-03-05,SMCI,39.35,40.9,38.23,38.9,69735700,1.495195,1.165044,1.604833,69.91
2025-03-06,SMCI,37.5,39.66,35.66,37.05,71552600,1.494521,1.175646,1.60192,68.42
2025-03-07,SMCI,36.37,38.49,35.36,38.24,59174000,1.500822,1.17606,1.586922,70.43
2025-03-10,SMCI,37.8,39.45,35.99,36.9,73154000,1.509012,1.167662,1.575,70.69
2025-03-11,SMCI,36.81,41.47,36.61,40.84,95890600,1.498366,1.170009,1.506328,69.23
2025-03-12,SMCI,43.96,44.99,41.85,42.47,92434500,1.495126,1.169949,1.467384,67.8
2025-03-13,SMCI,42.13,42.97,38.9,39.08,56116700,1.453542,1.170581,1.496981,63.03
2025-03-14,SMCI,40.48,42.26,40.25,42.17,57205600,1.425715,1.169557,1.50482,61.67
2025-03-17,SMCI,42.68,43.17,40.9,41.94,40651100,1.418116,1.116391,1.430339,60.33
2025-03-18,SMCI,41.07,41.23,37.85,37.9,53505500,1.399546,1.116303,1.336492,59.02
2025-03-19,SMCI,38.79,41.31,38.15,40.1,60767800,1.334191,1.117101,1.318963,56.1
2025-03-20,SMCI,39.81,40.7,38.55,39.1,43863900,1.284733,1.115416,1.318985,52.42
2025-03-21,SMCI,39.26,42.63,38.91,42.15,64539600,1.273127,1.110811,1.354416,52.0
2025-03-24,SMCI,40.81,42.7,39.72,41.72,85032200,1.256922,1.11711,1.329929,50.79
2025-03-25,SMCI,41.58,43.39,40.09,40.64,57736800,1.236027,1.115948,1.261587,50.39
2025-03-26,SMCI,40.3,40.84,36.62,37.04,59258300,1.017955,1.118273,1.212006,40.62
2025-03-27,SMCI,36.39,36.78,34.66,34.72,48512300,0.978578,1.118253,1.077914,33.33
2025-03-28,SMCI,34.76,36.09,33.89,34.26,45561600,0.929166,1.118924,1.074059,28.46
2025-03-31,SMCI,32.75,34.57,32.14,34.24,43814800,0.911341,1.1256,0.958485,22.9
2025-04-01,SMCI,34.25,35.9,33.9,35.05,41752300,0.858177,1.126555,0.911685,11.36
2025-04-02,SMCI,34.02,36.05,33.77,35.09,39934500,0.860085,1.127534,0.911985,12.03
2025-04-03,SMCI,32.03,33.16,31.55,32.32,45050100,0.880298,1.133775,0.940524,17.16
2025-04-04,SMCI,30.7,31.19,27.65,29.82,54490200,0.927555,1.150562,0.963662,30.37
2025-04-07,SMCI,27.91,34.15,27.6,33.0,73010200,1.001883,1.176545,1.039563,41.18
2025-04-08,SMCI,35.14,35.49,30.92,31.71,61430900,1.046281,1.188055,0.96493,47.45
2025-04-09,SMCI,32.0,37.39,31.41,36.71,69891800,1.038902,1.189285,1.106111,46.38
2025-04-10,SMCI,35.09,35.48,32.5,33.68,38130400,1.047221,1.195502,1.10885,48.2
2025-04-11,SMCI,34.08,34.33,32.57,33.15,27608700,1.039392,1.195142,1.064111,46.43
2025-04-14,SMCI,35.03,35.12,32.97,33.12,33565600,1.062684,1.197577,1.064608,48.94
2025-04-15,SMCI,33.22,34.59,33.07,33.48,27661300,1.062371,1.198624,1.012738,48.59
2025-04-16,SMCI,31.86,33.65,30.92,31.89,38843500,1.067581,1.204516,0.99509,51.05
2025-04-17,SMCI,32.08,32.25,30.44,31.51,26958500,1.072878,1.200369,0.993764,52.08
2025-04-21,SMCI,30.75,30.91,28.9,29.51,35384400,1.06784,1.202788,0.957274,51.03
2025-04-22,SMCI,30.08,31.05,29.57,30.58,32367200,1.065958,1.202907,0.975756,49.32
2025-04-23,SMCI,33.02,34.99,32.63,32.9,56445100,1.114174,1.192715,1.023859,53.74
2025-04-24,SMCI,33.65,36.48,33.51,35.81,50380400,1.113627,1.191603,1.028737,53.38
2025-04-25,SMCI,35.91,36.74,35.3,36.47,38163400,1.111277,1.192118,1.003188,53.02
2025-04-28,SMCI,36.54,37.82,36.06,37.27,42508700,1.104629,1.191188,1.00358,52.67
2025-04-29,SMCI,36.92,37.29,35.94,36.0,43312300,1.088772,1.184139,1.012989,51.66
2025-04-30,SMCI,29.12,32.0,28.78,31.86,98230500,1.31845,1.259187,1.101124,62.5
2025-05-01,SMCI,32.15,33.78,31.15,32.73,55087500,1.325023,1.25879,1.106756,63.4
2025-05-02,SMCI,32.94,34.13,32.69,33.71,45306800,1.29166,1.244761,1.071825,61.04
2025-05-05,SMCI,33.1,33.49,32.12,32.17,33477400,1.247645,1.242664,1.04365,57.42
2025-05-06,SMCI,31.72,33.34,31.52,32.94,44675900,1.173152,1.240627,0.981968,54.49
2025-05-07,SMCI,31.1,32.97,30.54,32.48,58448500,1.139563,1.237038,0.972325,53.5
2025-05-08,SMCI,32.93,33.19,31.95,32.11,42736600,1.101885,1.227919,0.807042,50.63
2025-05-09,SMCI,32.13,32.84,31.2,31.99,31459200,1.082889,1.204536,0.750471,49.06
2025-05-12,SMCI,33.89,35.07,32.95,33.52,51333900,1.110002,1.201928,0.768436,51.88
2025-05-13,SMCI,34.46,39.1,34.18,38.89,96752000,1.107186,1.204978,0.930761,51.55
2025-05-14,SMCI,45.93,46.57,43.08,45.0,169224100,1.275856,1.24923,1.051812,61.11
2025-05-15,SMCI,44.05,45.38,41.41,43.96,87035100,1.2682,1.226601,1.03529,59.51
2025-05-16,SMCI,45.5,47.8,45.03,46.15,99288900,1.272669,1.213937,1.035872,60.37
2025-05-19,SMCI,44.23,46.41,44.14,44.79,45618300,1.278128,1.209431,1.004475,61.82
2025-05-20,SMCI,44.79,44.83,42.4,42.77,43284200,1.277272,1.199596,1.030149,61.45
2025-05-21,SMCI,43.53,44.33,41.23,41.65,54954000,1.242043,1.191189,1.018519,56.89
2025-05-22,SMCI,41.69,42.44,41.18,41.32,30515100,1.231842,1.115724,0.982978,55.36
2025-05-23,SMCI,39.77,40.48,39.11,40.09,37900700,1.237753,1.104475,0.990746,56.8
2025-05-27,SMCI,41.41,43.09,40.81,41.57,40092300,1.247554,1.092673,0.995387,57.65
2025-05-28,SMCI,41.93,42.94,40.95,41.96,39353300,1.250211,1.081981,0.984049,58.48
2025-05-29,SMCI,43.17,43.97,41.04,41.15,35885100,0.968108,1.070151,0.864631,27.91
2025-05-30,SMCI,40.71,40.93,39.05,40.02,34887500,0.960002,1.068027,0.874555,27.75
2025-06-02,SMCI,39.65,41.24,39.51,41.2,25940400,0.960437,1.05666,0.874425,28.16
2025-06-03,SMCI,41.33,43.9,41.13,43.19,41728700,0.960064,1.053717,0.856903,28.0
2025-06-04,SMCI,43.93,44.72,42.88,44.13,31201600,0.95529,1.048614,0.856643,26.7
2025-06-05,SMCI,43.59,44.18,40.34,40.77,40439400,0.927163,1.046417,0.914793,23.16
2025-06-06,SMCI,42.04,42.42,41.39,41.55,25509600,0.927714,1.033388,0.911091,24.16
2025-06-09,SMCI,42.24,43.37,41.88,43.12,27406300,0.921403,1.02912,0.912733,22.35
2025-06-10,SMCI,43.19,43.65,42.34,42.91,21494900,0.899061,1.025995,0.907258,15.0
2025-06-11,SMCI,43.65,44.55,42.78,43.21,34008900,0.875877,1.025275,0.750995,12.71
2025-06-12,SMCI,42.65,44.08,42.32,43.36,24671700,0.641199,1.023249,0.536812,0.0
2025-06-13,SMCI,42.03,42.47,40.74,41.56,36493500,0.614504,1.02007,0.550984,0.0
2025-06-16,SMCI,42.28,44.42,42.07,43.69,33860900,0.598402,1.020392,0.552691,0.0
2025-06-17,SMCI,43.24,44.22,42.91,43.11,20761000,0.566192,1.017229,0.544968,0.0
2025-06-18,SMCI,43.07,45.67,42.79,44.47,40654600,0.577578,1.014542,0.530567,0.54
2025-06-20,SMCI,45.7,46.18,44.14,45.32,51588500,0.573435,1.012356,0.52268,0.53
2025-06-23,SMCI,43.47,43.6,40.78,40.89,69270800,0.59983,1.010862,0.646024,2.13
2025-06-24,SMCI,41.39,43.15,41.06,42.84,58068400,0.58424,1.010153,0.656638,1.59
2025-06-25,SMCI,43.34,46.93,43.12,46.61,86439500,0.576611,1.009432,0.708751,1.05
2025-06-26,SMCI,47.06,49.52,46.07,49.27,72397600,0.58478,1.005656,0.730483,2.62
2025-06-27,SMCI,49.48,49.97,46.86,47.58,53757300,0.575418,1.005982,0.740168,1.04
2025-06-30,SMCI,48.7,50.55,48.23,49.01,49238000,0.578856,1.004204,0.73208,2.59
2025-07-01,SMCI,48.24,48.67,46.37,47.2,42243100,0.587938,0.986417,0.747327,4.12
2025-07-02,SMCI,47.19,48.88,47.07,48.74,27703100,0.577177,0.964568,0.738393,2.05
2025-07-03,SMCI,49.23,49.63,48.42,48.56,18665600,0.569191,0.92903,0.736804,0.51
2025-07-07,SMCI,48.23,48.35,46.22,47.11,33006700,0.55074,0.910546,0.681251,0.0
2025-07-08,SMCI,47.44,49.26,47.36,49.11,29002600,0.541582,0.893615,0.691079,0.0
2025-07-09,SMCI,48.75,50.2,48.37,50.02,35063600,0.539607,0.881938,0.683912,0.0
2025-07-10,SMCI,50.8,51.7,49.68,50.36,33264400,0.545431,0.881244,0.682381,1.0
2025-07-11,SMCI,49.76,50.26,49.08,49.24,24861400,0.538341,0.873356,0.690933,0.0
2025-07-14,SMCI,49.24,50.66,48.78,49.73,25603000,0.535765,0.871991,0.690932,0.0
2025-07-15,SMCI,51.87,54.2,51.53,53.17,62012800,0.543301,0.863523,0.696485,1.97
2025-07-16,SMCI,53.05,53.29,51.42,53.22,30066100,0.5412,0.861595,0.682934,1.47
2025-07-17,SMCI,53.51,54.15,52.61,52.75,31534600,0.536897,0.856586,0.681091,0.49
2025-07-18,SMCI,53.33,53.87,51.27,51.77,31842400,0.527315,0.855942,0.683697,0.0
2025-07-21,SMCI,52.69,53.98,51.4,51.5,38140200,0.524594,0.837709,0.683764,0.0
2025-07-22,SMCI,51.84,51.86,48.85,49.86,31829300,0.50093,0.834991,0.570824,0.0
2025-07-23,SMCI,50.7,52.16,50.58,51.7,25249600,0.496884,0.834654,0.563138,0.0
2025-07-24,SMCI,51.82,53.35,51.33,52.52,37679300,0.484483,0.834016,0.489941,0.0
2025-07-25,SMCI,52.15,54.52,51.62,54.47,34308400,0.473816,0.834569,0.468604,0.0
2025-07-28,SMCI,55.81,60.08,55.3,60.05,72578800,0.478922,0.702526,0.548026,0.47
2025-07-29,SMCI,59.73,61.48,58.15,58.63,57488300,0.480624,0.699107,0.557609,0.94
2025-07-30,SMCI,59.56,62.28,59.02,60.71,53032900,0.479267,0.701184,0.536236,0.93
2025-07-31,SMCI,62.11,62.36,58.46,58.97,46751800,0.492427,0.701585,0.550488,2.33
2025-08-01,SMCI,57.11,58.05,55.07,56.64,40840300,0.524476,0.705753,0.576865,3.7
2025-08-04,SMCI,58.16,59.19,57.62,58.23,32743600,0.520963,0.689106,0.562743,3.69
2025-08-05,SMCI,58.81,59.4,56.79,57.26,49970600,0.525509,0.689686,0.558249,5.05
2025-08-06,SMCI,47.33,48.13,44.83,46.79,115217900,0.892238,0.804033,0.927728,29.22
2025-08-07,SMCI,47.15,48.82,46.57,46.67,43942200,0.895745,0.795486,0.92697,29.55
2025-08-08,SMCI,46.91,47.37,44.53,44.6,43796800,0.900096,0.78688,0.936593,30.77
2025-08-11,SMCI,45.08,46.48,44.98,45.2,31865900,0.901876,0.703999,0.937401,31.53
2025-08-12,SMCI,45.67,46.6,44.8,46.43,30326100,0.886659,0.69283,0.907089,27.8
2025-08-13,SMCI,46.43,46.64,45.56,46.07,26004400,0.881645,0.684844,0.906634,27.68
2025-08-14,SMCI,45.35,45.67,44.67,45.49,22948700,0.882081,0.675883,0.906826,28.0
2025-08-15,SMCI,45.26,45.57,44.16,45.37,27407500,0.879286,0.675549,0.905954,26.99
2025-08-18,SMCI,45.28,46.64,45.18,45.86,22586500,0.87134,0.670817,0.908046,25.99
2025-08-19,SMCI,45.85,45.85,43.17,43.24,30319200,0.86538,0.671231,0.923049,25.44
2025-08-20,SMCI,43.3,43.47,41.31,42.61,31496600,0.869303,0.668883,0.908911,25.76
2025-08-21,SMCI,42.6,42.96,41.82,42.31,16552100,0.86664,0.662146,0.904049,25.65
2025-08-22,SMCI,41.65,44.1,41.63,43.88,24089100,0.866517,0.661902,0.904035,25.54
2025-08-25,SMCI,43.6,44.93,43.28,44.07,18782000,0.85187,0.656718,0.811718,22.41
2025-08-26,SMCI,44.06,44.39,43.64,44.36,18168200,0.843186,0.653493,0.814712,21.46
2025-08-27,SMCI,44.37,45.01,43.87,44.76,18925100,0.831667,0.652903,0.799178,20.94
2025-08-28,SMCI,44.82,45.34,43.91,43.97,22120100,0.819735,0.649852,0.797589,20.0
2025-08-29,SMCI,42.8,42.86,41.44,41.54,36835900,0.810088,0.649458,0.806747,19.92
2025-09-02,SMCI,40.03,40.86,39.56,40.78,29924300,0.804734,0.647266,0.790446,19.83
2025-09-03,SMCI,40.9,40.98,39.77,40.1,20472800,0.799648,0.644205,0.790446,19.75
2025-09-04,SMCI,40.28,40.8,39.75,40.7,22479400,0.417623,0.642959,0.397692,0.0
2025-09-05,SMCI,40.99,41.18,39.74,40.41,21771700,0.40453,0.643689,0.397352,0.0
2025-09-08,SMCI,40.9,41.12,39.89,40.04,19033300,0.396951,0.641677,0.371152,0.0
2025-09-09,SMCI,40.24,43.0,40.17,42.92,37459000,0.396202,0.641788,0.453113,0.0
2025-09-10,SMCI,44.0,45.57,43.33,43.91,40876000,0.415263,0.642628,0.449844,1.23
2025-09-11,SMCI,44.29,44.51,43.46,43.95,24437700,0.417189,0.639369,0.449622,1.64
2025-09-12,SMCI,46.56,47.0,44.63,45.0,38138300,0.471466,0.650893,0.456967,2.45
2025-09-15,SMCI,45.23,45.77,44.2,45.38,22441800,0.471113,0.647396,0.457975,2.44
2025-09-16,SMCI,45.55,45.82,44.5,44.91,18139200,0.468371,0.642975,0.457557,2.43
2025-09-17,SMCI,44.6,45.4,43.69,44.9,22589200,0.470924,0.6365,0.403496,2.82
2025-09-18,SMCI,45.42,46.33,44.54,45.94,26315800,0.462946,0.636328,0.405083,2.41
2025-09-19,SMCI,46.0,46.52,45.45,45.81,28688400,0.461893,0.631454,0.40386,2.4
2025-09-22,SMCI,45.4,48.53,45.17,46.87,39930600,0.481029,0.633306,0.392101,6.37
2025-09-23,SMCI,47.39,47.7,45.86,46.99,27042500,0.482469,0.631771,0.39209,6.75
2025-09-24,SMCI,47.23,48.15,46.17,46.2,24991300,0.490187,0.628862,0.39826,7.54
2025-09-25,SMCI,45.06,47.16,44.2,46.24,24372200,0.517605,0.632553,0.397424,9.13
2025-09-26,SMCI,45.64,45.97,44.4,45.82,22879400,0.525385,0.634613,0.392963,10.71
2025-09-29,SMCI,46.28,47.38,45.94,46.36,25012600,0.517633,0.63554,0.326356,9.52
2025-09-30,SMCI,46.22,48.2,46.2,47.94,32168500,0.495512,0.634013,0.327906,8.33
2025-10-01,SMCI,47.57,52.48,47.36,52.39,48357200,0.515389,0.639152,0.422176,9.52
2025-10-02,SMCI,52.45,52.93,51.06,52.5,32744400,0.520653,0.639962,0.424005,10.71
2025-10-03,SMCI,52.74,53.51,50.8,51.96,32220400,0.527549,0.64073,0.426133,13.49
2025-10-06,SMCI,54.08,56.11,53.96,54.62,40241600,0.548032,0.647587,0.437601,17.06
2025-10-07,SMCI,56.26,57.48,53.6,55.07,37885900,0.56936,0.654668,0.388765,18.65
2025-10-08,SMCI,55.27,58.69,54.58,58.68,45151400,0.564648,0.650133,0.427973,17.86
2025-10-09,SMCI,57.63,58.78,57.26,57.98,29801500,0.571481,0.649224,0.435792,19.44
2025-10-10,SMCI,58.24,58.51,52.56,52.86,45087800,0.555034,0.655461,0.574107,17.86
2025-10-13,SMCI,54.81,55.65,54.02,54.75,24588900,0.565398,0.657918,0.582108,18.65
2025-10-14,SMCI,54.13,55.21,52.98,53.11,19789100,0.572993,0.656337,0.59531,20.63
2025-10-15,SMCI,54.5,55.07,52.86,53.94,16646000,0.578134,0.656561,0.594911,23.02
2025-10-16,SMCI,54.0,56.23,53.27,53.84,24656600,0.58822,0.65991,0.593824,25.0
2025-10-17,SMCI,53.07,53.63,51.62,52.18,20681800,0.595386,0.660394,0.609086,25.4
2025-10-20,SMCI,55.04,56.6,54.6,55.04,45553300,0.602556,0.668989,0.62923,26.59
2025-10-21,SMCI,55.16,55.35,53.91,54.82,29016500,0.598128,0.663658,0.630417,25.79
2025-10-22,SMCI,54.49,54.53,50.03,52.5,34326200,0.630478,0.671003,0.650637,27.78
2025-10-23,SMCI,51.73,51.84,47.38,47.92,57175700,0.626758,0.672567,0.737442,27.78
2025-10-24,SMCI,48.88,49.64,48.21,48.29,25206600,0.620348,0.670333,0.736558,27.78
2025-10-27,SMCI,49.72,51.63,49.72,51.57,27434500,0.622727,0.666535,0.769597,28.17
2025-10-28,SMCI,51.67,54.03,51.37,52.36,28064400,0.630748,0.667592,0.763422,29.37
2025-10-29,SMCI,53.8,54.08,51.56,52.69,25028500,0.618703,0.670506,0.695679,27.78
2025-10-30,SMCI,51.9,52.32,50.33,50.37,17736600,0.620738,0.532468,0.713924,28.57
2025-10-31,SMCI,51.39,52.99,50.8,51.96,19822800,0.618529,0.531045,0.722647,27.78
2025-11-03,SMCI,52.87,53.01,50.55,50.75,23811300,0.603528,0.529979,0.702097,27.38
2025-11-04,SMCI,48.63,49.43,46.86,47.4,37973500,0.616232,0.539552,0.736589,28.17
2025-11-05,SMCI,44.98,46.34,42.02,42.03,61413600,0.662248,0.56038,0.788611,32.14
2025-11-06,SMCI,42.5,42.82,40.3,40.34,32092100,0.659424,0.562629,0.793048,32.14
2025-11-07,SMCI,39.85,40.09,38.14,39.76,32960200,0.661169,0.567162,0.742849,32.54
2025-11-10,SMCI,41.46,41.63,39.9,40.19,26396700,0.664731,0.572051,0.726216,33.33
2025-11-11,SMCI,39.99,39.99,38.58,38.82,21707800,0.658382,0.571354,0.72754,32.14
2025-11-12,SMCI,39.19,39.45,37.57,37.91,24749700,0.652363,0.572073,0.718512,32.14
2025-11-13,SMCI,37.76,37.8,34.78,35.09,37471500,0.646762,0.572333,0.745923,32.14
2025-11-14,SMCI,34.24,37.35,33.69,36.42,37325200,0.684519,0.5872,0.773007,34.92
2025-11-17,SMCI,35.58,35.82,33.64,34.1,32689500,0.66519,0.589735,0.742278,34.92
2025-11-18,SMCI,34.31,35.78,33.55,34.9,28024900,0.679551,0.593283,0.758072,35.32
2025-11-19,SMCI,34.55,34.97,33.2,33.73,28892800,0.654788,0.596643,0.755457,32.94
2025-11-20,SMCI,35.53,35.54,31.45,31.56,37801500,0.681578,0.611392,0.730061,36.11
2025-11-21,SMCI,32.14,32.57,31.03,32.19,28321200,0.689593,0.615213,0.737548,36.9
2025-11-24,SMCI,32.39,33.54,31.98,33.32,27885100,0.686872,0.614127,0.696456,36.9
2025-11-25,SMCI,32.16,32.63,31.17,32.48,22199800,0.697433,0.616274,0.682593,37.7
2025-11-26,SMCI,33.19,33.42,32.45,32.83,21642400,0.689704,0.617506,0.685368,37.7
2025-11-28,SMCI,33.33,33.86,32.88,33.85,10755800,0.692141,0.618124,0.706337,38.1
2025-12-01,SMCI,33.37,33.95,32.57,33.41,20952400,0.689537,0.620249,0.681027,37.3
2025-12-02,SMCI,33.59,34.33,32.89,32.92,19434000,0.691032,0.622069,0.681488,38.49
2025-12-03,SMCI,33.0,33.71,32.67,33.68,16253200,0.669717,0.620132,0.675487,35.71
2025-12-04,SMCI,33.5,34.41,33.08,34.23,17205700,0.618367,0.616722,0.563476,28.57
2025-12-05,SMCI,33.85,34.79,33.45,34.69,19415300,0.618913,0.618651,0.557114,29.76
2025-12-08,SMCI,35.15,35.88,34.72,35.37,21290300,0.60623,0.607772,0.564459,27.78
2025-12-09,SMCI,35.47,35.5,34.58,35.02,17513000,0.586943,0.606604,0.561155,24.6
2025-12-10,SMCI,34.97,35.13,34.18,34.9,17615700,0.588464,0.607175,0.551504,25.79
2025-12-11,SMCI,34.15,34.16,32.91,34.02,23178900,0.597174,0.610246,0.552345,26.59
2025-12-12,SMCI,33.75,34.6,32.23,32.33,22435100,0.601873,0.613892,0.513414,28.17
2025-12-15,SMCI,32.8,32.86,31.24,31.37,18470600,0.562621,0.615078,0.496955,18.25
2025-12-16,SMCI,31.3,31.91,30.95,31.66,20835800,0.547085,0.607879,0.449162,17.06
2025-12-17,SMCI,31.49,31.91,29.84,29.84,24797200,0.539719,0.608806,0.478004,15.48
2025-12-18,SMCI,30.71,30.91,29.1,29.37,25658700,0.545237,0.611747,0.469015,17.06
2025-12-19,SMCI,29.59,31.24,29.59,31.11,39854100,0.495502,0.60567,0.466724,8.33
2025-12-22,SMCI,31.17,31.69,30.87,31.07,21470400,0.47976,0.603145,0.460409,5.95
2025-12-23,SMCI,30.94,31.11,30.27,30.76,18146700,0.473821,0.60265,0.440585,5.16
2025-12-24,SMCI,30.65,30.8,30.34,30.55,6805600,0.439668,0.601179,0.433406,2.38
2025-12-26,SMCI,30.64,30.85,30.14,30.64,14262700,0.432552,0.593915,0.430998,2.38
2025-12-29,SMCI,30.07,31.14,29.94,30.08,19595400,0.443924,0.596886,0.414453,3.17
2025-12-30,SMCI,30.36,30.36,29.64,29.65,21568200,0.43192,0.593249,0.414781,2.38
2025-12-31,SMCI,29.71,29.87,29.02,29.27,24845000,0.423411,0.585857,0.414306,2.38
2026-01-02,SMCI,29.96,31.4,29.93,30.96,30675100,0.43764,0.581074,0.459333,3.57
2026-01-05,SMCI,31.68,32.04,29.98,30.07,38591800,0.44974,0.58047,0.460825,4.76
2026-01-06,SMCI,30.65,30.66,29.43,30.54,29127500,0.459794,0.58316,0.462119,5.16
2026-01-07,SMCI,30.63,30.63,29.78,30.01,22808200,0.454486,0.576918,0.453297,5.16
2026-01-08,SMCI,30.04,30.06,29.21,29.9,21598200,0.458531,0.573511,0.453527,5.56
2026-01-09,SMCI,30.03,31.03,29.55,30.16,27159800,0.467316,0.574268,0.457124,7.14
2026-01-12,SMCI,29.93,30.54,29.77,30.12,24840600,0.449648,0.571351,0.452365,4.76
2026-01-13,SMCI,29.89,29.89,27.8,28.6,52519700,0.452408,0.572695,0.453464,5.56
2026-01-14,SMCI,28.26,28.76,27.75,28.27,25019200,0.456367,0.57266,0.445142,6.35
2026-01-15,SMCI,28.71,29.86,28.57,29.42,33266300,0.46299,0.56374,0.470876,8.33
2026-01-16,SMCI,29.72,32.98,29.6,32.64,79038200,0.482619,0.573276,0.562628,13.89
2026-01-20,SMCI,31.21,31.73,30.22,31.41,39742100,0.507058,0.572282,0.578896,17.06
2026-01-21,SMCI,31.66,32.68,30.96,32.24,37885100,0.515131,0.569953,0.549867,17.46
2026-01-22,SMCI,33.0,33.49,32.37,32.45,29917800,0.522835,0.570701,0.549984,19.84
2026-01-23,SMCI,33.55,33.64,31.33,31.7,34482400,0.544243,0.574595,0.555925,25.79
2026-01-26,SMCI,31.48,31.55,30.66,30.8,19400400,0.54624,0.570445,0.565676,26.98
2026-01-27,SMCI,30.83,31.29,29.9,31.2,20774600,0.556823,0.569093,0.56737,28.97
2026-01-28,SMCI,31.59,32.33,30.97,31.21,24239900,0.548466,0.570316,0.562773,28.17
2026-01-29,SMCI,30.72,30.76,29.14,30.12,28135500,0.570189,0.572811,0.575728,32.14
2026-01-30,SMCI,30.19,30.37,28.9,29.11,24089600,0.574121,0.572546,0.587222,33.73
2026-02-02,SMCI,29.03,30.96,28.8,29.71,26817000,0.589684,0.571498,0.554484,38.89
2026-02-03,SMCI,30.0,30.17,28.64,29.67,42513900,0.589855,0.55479,0.545161,39.29
2026-02-04,SMCI,32.95,34.94,31.7,33.76,115558200,0.71562,0.604303,0.713203,56.35
2026-02-05,SMCI,33.02,33.49,29.37,30.85,60314000,0.776173,0.622375,0.786458,56.75
2026-02-06,SMCI,31.84,34.7,31.22,34.38,49279800,0.802628,0.629769,0.87269,57.54
2026-02-09,SMCI,33.21,33.91,32.65,33.53,32251900,0.812294,0.635609,0.879996,58.73
2026-02-10,SMCI,33.85,34.39,33.01,33.33,24777500,0.813927,0.635556,0.880616,59.13
2026-02-11,SMCI,33.89,33.91,31.64,32.04,24547200,0.806771,0.635222,0.871109,58.33
2026-02-12,SMCI,32.19,32.32,30.42,30.43,25527900,0.80448,0.622332,0.892893,57.94
2026-02-13,SMCI,30.64,31.22,30.26,30.54,21660700,0.801654,0.617449,0.882617,57.54
2026-02-17,SMCI,30.31,30.75,29.58,30.11,20377400,0.786261,0.614182,0.797001,57.14
2026-02-18,SMCI,30.2,30.42,29.35,29.71,16814700,0.756166,0.611738,0.787576,56.75
2026-02-19,SMCI,31.25,32.2,30.99,32.16,42320100,0.764352,0.605099,0.834615,57.14
2026-02-20,SMCI,31.42,32.91,31.42,32.42,26058900,0.775496,0.605466,0.834797,57.54
2026-02-23,SMCI,31.76,32.09,30.57,30.71,21437200,0.771976,0.607044,0.853177,57.54
2026-02-24,SMCI,31.05,31.37,30.29,31.13,17982600,0.774553,0.599905,0.848497,57.94
2026-02-25,SMCI,31.47,33.86,31.46,33.6,32402900,0.774595,0.602033,0.889661,58.33
2026-02-26,SMCI,33.22,33.45,31.16,32.28,28496100,0.788422,0.608774,0.903154,59.92
2026-02-27,SMCI,31.86,33.04,31.38,32.39,27204800,0.7837,0.609745,0.892374,59.52
2026-03-02,SMCI,30.9,31.98,30.55,31.83,28730000,0.80639,0.618051,0.884956,62.7
2026-03-03,SMCI,30.89,31.33,29.68,30.68,26566000,0.805957,0.625144,0.894535,62.7
2026-03-04,SMCI,30.96,32.96,30.85,32.65,31472400,0.802534,0.626996,0.919863,61.51
2026-03-05,SMCI,32.32,33.51,31.47,32.24,26932500,0.686481,0.630903,0.794821,53.57
2026-03-06,SMCI,31.44,32.41,31.12,31.31,21134600,0.633042,0.634629,0.73253,48.02
2026-03-09,SMCI,30.7,32.16,29.85,31.98,27705300,0.611118,0.642291,0.619311,43.25
2026-03-10,SMCI,31.85,32.38,31.56,31.79,19233100,0.59877,0.641982,0.614243,41.27
2026-03-11,SMCI,32.51,33.07,31.55,31.79,22009200,0.606386,0.64082,0.614182,43.65
2026-03-12,SMCI,31.66,31.81,30.8,30.9,16569400,0.591256,0.635538,0.606516,39.68
2026-03-13,SMCI,31.04,31.23,30.22,30.75,18279100,0.588544,0.634997,0.577685,38.89
2026-03-16,SMCI,31.5,32.43,30.92,31.86,28824000,0.60109,0.638408,0.590856,42.86
2026-03-17,SMCI,31.96,32.81,31.48,31.51,20833600,0.604887,0.637511,0.589813,44.44
2026-03-18,SMCI,31.32,31.68,30.33,30.35,24360500,0.605729,0.634045,0.604347,44.84
2026-03-19,SMCI,30.0,31.52,29.79,30.79,25754900,0.580386,0.636924,0.532681,36.51
2026-03-20,SMCI,22.52,23.1,20.35,20.53,242958500,1.251791,0.915783,1.524617,95.24
2026-03-23,SMCI,20.31,22.14,19.48,21.58,114269700,1.279169,0.929073,1.540906,98.41
2026-03-24,SMCI,21.3,22.56,20.99,22.23,69821400,1.279031,0.932977,1.546281,98.02
2026-03-25,SMCI,22.63,24.19,22.57,24.05,67917100,1.28115,0.935645,1.548171,98.41
2026-03-26,SMCI,23.32,23.74,21.86,22.21,53777300,1.280917,0.939443,1.562367,98.02
2026-03-27,SMCI,22.21,22.36,21.38,21.97,33020400,1.282906,0.941149,1.56051,98.41
2026-03-30,SMCI,22.18,22.25,20.71,21.06,34074900,1.288387,0.944171,1.562588,98.41
2026-03-31,SMCI,21.39,22.8,21.34,22.77,37631100,1.290442,0.943423,1.599604,98.41
2026-04-01,SMCI,22.87,23.37,22.35,22.51,33420900,1.288253,0.941324,1.573644,97.62
2026-04-02,SMCI,21.98,23.34,21.87,23.22,30446100,1.284261,0.940162,1.58345,97.22
2026-04-06,SMCI,23.07,23.46,22.03,22.05,23564800,1.285958,0.942208,1.587862,97.22
2026-04-07,SMCI,22.0,22.69,21.79,22.67,25328300,1.278851,0.941942,1.59015,94.44
2026-04-08,SMCI,23.99,24.18,22.86,23.37,31894200,1.308797,0.950596,1.598778,98.81
2026-04-09,SMCI,23.39,23.95,23.09,23.22,28654000,1.302572,0.951505,1.59812,98.41
2026-04-10,SMCI,23.64,25.55,23.64,25.26,43565800,1.312497,0.951068,1.635802,98.81
2026-04-13,SMCI,25.06,25.99,24.45,25.97,30023600,1.31552,0.952974,1.641259,98.81
2026-04-14,SMCI,27.0,27.8,26.5,27.2,40885400,1.322394,0.956783,1.64554,99.21
2026-04-15,SMCI,27.73,27.93,26.95,27.29,27816900,1.32405,0.953066,1.645965,99.21
2026-04-16,SMCI,27.58,28.72,26.67,28.4,28966100,1.334112,0.951899,1.649972,99.6
2026-04-17,SMCI,29.06,29.13,28.18,28.56,21872300,1.336066,0.951418,1.649017,99.6
2026-04-20,SMCI,28.07,28.88,27.71,28.81,22593900,0.674516,0.950693,0.684932,56.35
2026-04-21,SMCI,29.09,29.94,28.35,28.43,29805200,0.628862,0.948358,0.681329,50.79
2026-04-22,SMCI,28.88,29.44,28.78,29.18,24811800,0.610705,0.949025,0.680325,46.43
2026-04-23,SMCI,26.5,27.6,26.06,26.75,46874200,0.716125,0.968878,0.722878,62.3
2026-04-24,SMCI,27.53,29.49,27.28,29.08,38559400,0.705322,0.972524,0.700272,61.9
2026-04-27,SMCI,28.83,29.49,27.46,27.85,28746100,0.71497,0.972924,0.724195,62.3
2026-04-28,SMCI,27.0,27.64,26.51,27.25,23282200,0.71713,0.974442,0.707305,63.49
2026-04-29,SMCI,27.03,27.09,25.46,26.32,26097100,0.727721,0.973042,0.682312,63.89
2026-04-30,SMCI,26.91,27.52,26.35,27.4,21028100,0.730579,0.972662,0.688144,64.29
2026-05-01,SMCI,27.64,28.3,26.88,27.09,25043900,0.726959,0.940093,0.687269,63.89
2026-05-04,SMCI,27.49,28.5,27.34,27.92,29340500,0.722076,0.927121,0.654047,63.89
2026-05-05,SMCI,28.25,28.29,27.42,27.83,55291300,0.72224,0.918586,0.653279,64.29
2026-05-06,SMCI,31.44,34.71,31.12,34.66,127295700,0.822105,0.956774,0.989059,75.0
2026-05-07,SMCI,34.01,35.58,32.92,33.62,61495300,0.843614,0.961619,1.001087,76.19
2026-05-08,SMCI,33.33,35.64,32.3,35.37,50774200,0.859597,0.965143,0.978755,76.98
2026-05-11,SMCI,35.07,36.37,33.44,33.52,39601100,0.871827,0.969879,1.008966,79.37
2026-05-12,SMCI,33.04,33.48,31.24,32.79,35190100,0.877766,0.974416,1.008,80.16
2026-05-13,SMCI,32.9,33.01,31.78,32.0,25441600,0.875382,0.974097,1.01497,79.76
2026-05-14,SMCI,32.02,33.81,31.52,33.03,32397600,0.871578,0.976826,1.011967,79.37
2026-05-15,SMCI,31.6,31.96,30.64,31.04,27358900,0.884838,0.974123,1.041825,82.54
2026-05-18,SMCI,31.22,31.3,29.52,30.85,26671800,0.894537,0.976937,1.042299,83.73
2026-05-19,SMCI,30.27,31.35,29.47,30.56,23166900,0.897423,0.978658,1.041573,84.52
2026-05-20,SMCI,31.09,33.96,30.87,33.46,38111000,0.912346,0.982666,1.084403,86.11
2026-05-21,SMCI,32.95,33.8,32.26,33.46,28075500,0.838594,0.982039,1.027065,75.79
2026-05-22,SMCI,33.8,35.94,33.68,35.58,39441000,0.828448,0.979641,1.009277,75.4
2026-05-26,SMCI,36.0,37.91,35.43,37.1,43169000,0.825564,0.981451,0.994748,75.4
2026-05-27,SMCI,38.29,38.82,36.76,38.19,35758000,0.827679,0.982241,0.986584,75.79
2026-05-28,SMCI,38.0,43.55,37.61,41.3,74574100,0.869868,0.994413,0.989741,80.56
2026-05-29,SMCI,44.5,48.34,44.17,46.09,93235100,0.922138,1.012655,1.035905,88.89
2026-06-01,SMCI,45.8,48.08,45.66,46.88,50422400,0.922636,1.011289,1.027185,89.29
2026-06-02,SMCI,48.76,51.4,48.56,50.17,54883700,0.932368,1.014235,1.037169,90.48
2026-06-03,SMCI,49.47,50.02,45.66,47.42,51041900,0.956628,1.016829,1.075718,91.27
2026-06-04,SMCI,45.24,47.84,45.21,46.9,32738400,0.867208,1.022766,0.804745,80.16
2026-06-05,SMCI,45.0,45.26,41.04,41.64,49259600,0.87647,1.02822,0.923736,83.33
2026-06-08,SMCI,43.81,44.74,42.18,43.99,31631100,0.884217,1.036731,0.926242,85.32
2026-06-09,SMCI,44.9,44.95,38.04,40.64,51851100,0.942118,1.058941,0.953836,91.27
2026-06-10,SMCI,35.6,36.51,29.14,29.27,191345400,1.107724,1.110825,1.532311,91.67
2026-06-11,SMCI,29.3,32.05,28.61,31.97,251249200,1.125476,1.115514,1.565854,91.67
2026-06-12,SMCI,30.76,31.81,29.45,30.46,84317400,1.136163,1.121321,1.570123,91.67
2026-06-15,SMCI,31.73,32.07,30.72,30.85,61776800,1.136888,1.123897,1.55581,91.67
2026-06-16,SMCI,30.69,30.75,29.12,29.22,54280800,1.127876,0.911951,1.567546,90.87
2026-06-17,SMCI,29.77,29.84,27.71,27.78,53631200,1.124073,0.900783,1.576646,90.08
2026-06-18,SMCI,28.44,30.91,28.28,30.66,68325300,1.122132,0.901446,1.583295,89.68
2026-06-22,SMCI,32.33,36.8,32.27,35.46,128512300,1.160935,0.917167,1.670399,91.67
2026-06-23,SMCI,33.25,34.41,32.81,33.32,60658800,1.185826,0.922307,1.670613,91.67
2026-06-24,SMCI,33.45,33.98,31.39,32.45,51833500,1.189176,0.925887,1.663726,91.67
2026-06-25,SMCI,33.34,33.68,31.36,31.68,46077500,1.186654,0.926969,1.65929,91.27
2026-06-26,SMCI,30.97,31.71,30.28,30.63,48554500,1.14915,0.928581,1.628171,90.08
2026-06-29,SMCI,31.0,31.22,27.75,28.15,91157900,1.108975,0.934463,1.576011,87.3
2026-06-30,SMCI,28.42,29.91,28.17,29.33,56264000,1.110866,0.933777,1.586726,87.3
2026-07-01,SMCI,28.28,28.63,27.48,27.65,52034200,1.098822,0.935638,1.553476,86.11
2026-07-02,SMCI,28.05,29.22,26.7,27.22,42742400,1.10189,0.942538,1.550954,86.11
2026-07-06,SMCI,27.5,27.74,26.74,27.19,30951900,1.086746,0.934449,1.552773,85.32
2026-07-07,SMCI,26.58,26.97,25.41,26.25,38985400,1.077693,0.937861,1.515176,84.92
2026-07-08,SMCI,26.14,28.22,26.03,28.17,37264400,1.059263,0.936885,1.526864,84.52
2026-07-09,SMCI,28.75,29.12,28.19,28.24,33573100,0.996726,0.935124,1.51395,84.13
2026-07-10,SMCI,28.3,29.0,27.91,28.31,25067100,0.799598,0.931214,0.975042,62.7
2026-07-13,SMCI,27.64,28.24,27.22,27.66,22796300,0.779987,0.932034,0.917298,61.11
2026-07-14,SMCI,27.96,28.13,27.32,27.65,22413500,0.748241,0.927575,0.904479,57.94
2026-07-15,SMCI,28.11,28.35,26.17,26.89,25550600,0.751487,0.931264,0.905503,57.94
2026-07-16,SMCI,26.52,26.72,24.65,24.68,36021900,0.758979,0.932584,0.933815,58.33
2026-07-17,SMCI,24.33,25.17,23.38,24.18,32264800,0.770496,0.9349,0.921861,58.73
2026-07-20,SMCI,24.35,24.54,23.77,23.83,24919400,0.751519,0.934634,0.833216,57.14
2026-07-21,SMCI,24.4,25.54,24.33,25.5,51156400,0.683705,0.911846,0.666737,48.41
2026-07-22,SMCI,28.89,32.28,28.5,30.56,163015100,0.822847,0.955133,0.945974,68.25
2026-07-23,SMCI,30.33,32.59,30.18,31.2,86788900,0.828675,0.957503,0.946158,69.44
2026-07-24,SMCI,30.62,31.33,29.28,30.1,49701600,0.833624,0.958476,0.950758,69.84
2026-07-27,SMCI,30.6,30.94,28.5,29.81,35912300,0.845132,0.961438,0.94412,71.03
2026-07-28,SMCI,28.64,28.87,27.13,28.45,36449800,0.853982,0.968006,0.908926,71.43
2026-07-29,SMCI,28.02,28.07,25.68,25.7,40892200,0.854505,0.968845,0.964025,71.43
2026-07-30,SMCI,26.84,28.17,26.65,27.73,38544900,0.857573,0.972816,0.985609,71.43
2026-07-31,SMCI,28.65,29.3,27.21,28.4,34956100,0.855681,0.979029,0.987186,71.03
2026-08-03,SMCI,28.0,28.93,27.44,28.64,24010900,0.863189,0.944612,0.987352,71.83
2026-08-04,SMCI,29.65,31.84,29.07,31.69,56404600,0.867746,0.945447,1.035635,73.41
2026-08-05,SMCI,31.71,31.78,30.29,30.32,35605000,0.860441,0.938314,1.02581,71.03
2026-08-06,SMCI,30.0,30.94,29.33,29.38,26698000,0.869809,0.935186,1.033396,73.81
2026-08-07,SMCI,29.94,31.34,29.68,31.13,32380700,0.872023,0.931406,1.052276,75.79
2026-08-10,SMCI,32.0,33.39,31.43,31.46,56320400,0.877416,0.936926,1.047184,76.98
2026-08-11,SMCI,32.02,32.36,30.92,31.6,95520500,0.881629,0.935118,1.046909,78.17
2026-08-12,SMCI,34.99,38.15,33.94,37.61,165736400,0.953282,0.959822,1.193719,83.33
2026-08-13,SMCI,38.28,42.31,38.2,39.16,122775700,0.981777,0.970167,1.132412,83.73
2026-08-14,SMCI,39.16,40.6,38.73,39.84,61990900,0.967413,0.967319,1.121034,83.33
2026-08-17,SMCI,39.31,39.51,37.68,38.28,55467000,0.976486,0.964254,1.136411,83.33
2026-08-18,SMCI,37.1,38.16,36.22,37.41,52260100,0.995718,0.966793,1.135415,83.73
2026-08-19,SMCI,37.15,37.69,35.72,36.58,35466200,0.870548,0.967169,0.968108,74.6
2026-08-20,SMCI,36.9,38.74,35.58,36.5,51286600,0.871305,0.970394,0.967841,74.6
2026-08-21,SMCI,37.16,37.67,36.42,37.24,36409900,0.855734,0.967034,0.954594,69.84
2024-08-22,XLE,44.445,44.73,44.355,44.53,19595400,,,,
2024-08-23,XLE,44.74,45.27,44.685,45.195,20734600,,,,
2024-08-26,XLE,45.695,46.0,45.265,45.6,19514800,,,,
2024-08-27,XLE,45.6,45.725,45.095,45.175,16627200,,,,
2024-08-28,XLE,44.9,45.165,44.685,44.885,17049000,,,,
2024-08-29,XLE,45.15,45.64,44.725,45.47,22498800,,,,
2024-08-30,XLE,45.01,45.655,44.905,45.64,28085000,,,,
2024-09-03,XLE,44.895,44.965,44.225,44.505,38194200,,,,
2024-09-04,XLE,44.55,44.835,43.805,43.89,30114000,,,,
2024-09-05,XLE,44.205,44.24,43.51,43.55,24991200,,,,
2024-09-06,XLE,43.645,43.91,42.83,43.005,35912000,,,,
2024-09-09,XLE,43.135,43.715,43.07,43.315,32824400,,,,
2024-09-10,XLE,43.38,43.435,42.205,42.57,49326800,,,,
2024-09-11,XLE,42.565,42.585,41.51,42.175,48125800,,,,
2024-09-12,XLE,42.34,42.72,42.025,42.555,31762000,,,,
2024-09-13,XLE,42.77,43.115,42.67,42.795,26195400,,,,
2024-09-16,XLE,43.155,43.555,42.96,43.285,26875000,,,,
2024-09-17,XLE,43.3,43.9,43.205,43.87,25034600,,,,
2024-09-18,XLE,43.805,44.495,43.745,43.955,28209600,,,,
2024-09-19,XLE,44.7,44.98,44.235,44.48,37806800,,,,
2024-09-20,XLE,44.295,44.485,43.89,44.38,27961600,0.211854,,0.188097,
2024-09-23,XLE,44.1,44.78,43.95,44.56,26630200,0.215613,,0.180439,
2024-09-24,XLE,45.07,45.07,44.385,44.45,34627400,0.213782,,0.176873,
2024-09-25,XLE,44.335,44.47,43.49,43.58,27633600,0.216091,,0.186759,
2024-09-26,XLE,42.715,43.29,42.585,42.725,46896400,0.230538,,0.196926,
2024-09-27,XLE,42.955,43.66,42.93,43.595,30489600,0.227346,,0.20587,
2024-09-30,XLE,43.515,43.98,43.265,43.9,22806600,0.225078,,0.207404,
2024-10-01,XLE,43.505,45.08,43.45,44.9,66114200,0.225188,,0.20563,
2024-10-02,XLE,45.53,45.645,44.855,45.36,41925200,0.229334,,0.201062,
2024-10-03,XLE,45.52,46.22,45.175,46.16,44726000,0.231967,,0.205306,
2024-10-04,XLE,46.55,46.735,46.125,46.59,35945600,0.229864,,0.197946,
2024-10-07,XLE,46.755,47.105,46.6,46.755,32519400,0.228377,,0.197592,
2024-10-08,XLE,46.15,46.2,45.315,45.535,39759800,0.229916,,0.212577,
2024-10-09,XLE,45.195,45.93,45.105,45.81,31519600,0.223931,,0.207343,
2024-10-10,XLE,46.065,46.375,45.73,46.12,26047400,0.223615,,0.206804,
2024-10-11,XLE,46.105,46.57,46.015,46.405,26414600,0.222734,,0.206868,
2024-10-14,XLE,46.08,46.46,46.01,46.385,22198600,0.220684,,0.205558,
2024-10-15,XLE,45.15,45.45,44.865,44.89,37839200,0.241106,,0.238583,
2024-10-16,XLE,45.145,45.255,44.985,45.105,19877000,0.238468,,0.23892,
2024-10-17,XLE,45.1,45.47,45.05,45.32,21433400,0.226399,,0.236058,
2024-10-18,XLE,45.235,45.365,44.85,45.17,24015200,0.225402,,0.236278,
2024-10-21,XLE,45.47,45.615,44.955,45.035,21162000,0.22561,,0.236349,
2024-10-22,XLE,45.2,45.35,44.975,45.14,17956400,0.220729,,0.236154,
2024-10-23,XLE,45.015,45.19,44.645,44.905,19813200,0.218464,,0.224746,
2024-10-24,XLE,45.0,45.135,44.6,44.9,17046600,0.204888,,0.210389,
2024-10-25,XLE,45.14,45.26,44.755,44.885,19104600,0.204871,,0.199866,
2024-10-28,XLE,43.93,44.63,43.89,44.6,24228000,0.216493,,0.200594,
2024-10-29,XLE,44.5,44.535,43.825,43.92,23791600,0.208041,,0.191006,
2024-10-30,XLE,44.075,44.365,43.905,44.02,19364200,0.197757,,0.186817,
2024-10-31,XLE,44.3,44.63,44.18,44.295,31623200,0.194752,,0.175583,
2024-11-01,XLE,44.895,45.055,43.925,44.015,26304600,0.201235,,0.1709,
2024-11-04,XLE,44.315,44.855,44.255,44.785,25811800,0.202393,,0.184241,
2024-11-05,XLE,45.005,45.2,44.805,45.085,20876600,0.19594,,0.162566,
2024-11-06,XLE,46.325,47.135,46.025,46.78,50053200,0.220274,,0.209252,
2024-11-07,XLE,46.75,46.75,46.21,46.565,26138000,0.219618,,0.209032,
2024-11-08,XLE,46.57,46.945,46.385,46.875,22336800,0.21963,,0.20921,
2024-11-11,XLE,46.885,47.3,46.665,47.14,20909400,0.218783,,0.209958,
2024-11-12,XLE,47.275,47.425,46.84,46.89,18500400,0.19019,,0.17069,
2024-11-13,XLE,47.03,47.45,46.465,47.255,23676200,0.196325,,0.171615,
2024-11-14,XLE,47.57,47.59,47.135,47.435,18011000,0.197034,,0.17147,
2024-11-15,XLE,47.39,47.845,47.195,47.365,28080400,0.197791,0.213312,0.170797,
2024-11-18,XLE,47.74,48.09,47.53,47.995,23892600,0.197799,0.213745,0.173707,
2024-11-19,XLE,47.61,47.975,47.465,47.69,23796400,0.202549,0.212934,0.176992,
2024-11-20,XLE,47.865,48.205,47.715,48.17,17917600,0.20065,0.212788,0.176155,
2024-11-21,XLE,48.39,48.925,48.27,48.56,33541000,0.201276,0.212786,0.176317,
2024-11-22,XLE,48.495,48.96,48.45,48.635,21555600,0.202066,0.211428,0.175841,
2024-11-25,XLE,48.625,48.87,47.56,47.675,32950600,0.186542,0.211642,0.19229,
2024-11-26,XLE,47.74,47.84,47.39,47.61,24932800,0.18462,0.207823,0.180281,
2024-11-27,XLE,47.565,47.965,47.5,47.56,15595600,0.185799,0.206714,0.181096,
2024-11-29,XLE,47.665,47.845,47.58,47.765,13636400,0.184201,0.205902,0.180892,
2024-12-02,XLE,47.75,47.83,46.835,47.26,22190000,0.181435,0.205671,0.184671,
2024-12-03,XLE,47.565,47.65,47.05,47.255,17886600,0.181833,0.205368,0.177648,
2024-12-04,XLE,47.235,47.235,45.84,46.115,32518000,0.188781,0.205001,0.201122,
2024-12-05,XLE,46.285,46.6,46.1,46.295,22662400,0.158754,0.20189,0.15117,
2024-12-06,XLE,46.2,46.205,45.425,45.51,26206600,0.158112,0.201388,0.161783,
2024-12-09,XLE,45.89,46.135,45.395,45.435,23627800,0.160905,0.202136,0.159149,
2024-12-10,XLE,45.695,45.76,45.06,45.125,23299800,0.160035,0.201555,0.157825,
2024-12-11,XLE,45.22,45.37,44.98,45.2,23147600,0.159739,0.201236,0.157931,
2024-12-12,XLE,45.12,45.2,44.79,44.835,21746200,0.152232,0.199698,0.15517,
2024-12-13,XLE,44.945,44.96,44.485,44.61,22346000,0.150214,0.196202,0.153473,0.0
2024-12-16,XLE,44.485,44.485,43.595,43.63,25036200,0.148455,0.195704,0.167617,0.0
2024-12-17,XLE,43.3,43.385,42.9,43.305,32011600,0.150482,0.195421,0.154866,3.23
2024-12-18,XLE,43.185,43.39,42.025,42.025,39241200,0.153011,0.196317,0.178301,6.35
2024-12-19,XLE,42.47,42.605,41.63,41.66,49981400,0.157784,0.19719,0.167615,7.81
2024-12-20,XLE,41.655,42.215,41.545,42.07,35704800,0.157914,0.191528,0.16981,9.23
2024-12-23,XLE,41.655,42.105,41.375,41.965,34445400,0.165354,0.193291,0.167651,18.18
2024-12-24,XLE,42.085,42.4,41.81,42.32,15024200,0.162804,0.193058,0.16968,17.91
2024-12-26,XLE,42.335,42.36,42.025,42.285,15386400,0.162959,0.188819,0.169884,19.12
2024-12-27,XLE,42.25,42.74,42.07,42.28,20369800,0.165428,0.186635,0.170271,21.74
2024-12-30,XLE,42.285,42.515,41.925,42.275,23545400,0.168043,0.185345,0.167464,22.86
2024-12-31,XLE,42.375,42.95,42.29,42.83,21165000,0.165314,0.184572,0.179622,19.72
2025-01-02,XLE,43.18,43.65,43.04,43.33,34887000,0.167903,0.185487,0.188384,23.61
2025-01-03,XLE,43.585,43.88,43.41,43.735,22120800,0.162822,0.182793,0.178469,17.81
2025-01-06,XLE,43.935,44.285,43.425,43.535,22835200,0.166476,0.1826,0.176876,24.32
2025-01-07,XLE,43.855,44.305,43.59,43.97,25035800,0.169983,0.183135,0.174462,28.0
2025-01-08,XLE,43.7,44.035,43.545,44.015,28483800,0.169056,0.18368,0.174734,27.63
2025-01-10,XLE,44.585,45.1,43.96,44.195,34075800,0.181412,0.187015,0.174677,29.87
2025-01-13,XLE,44.395,45.39,44.395,45.125,48896200,0.186106,0.17832,0.191084,37.18
2025-01-14,XLE,45.045,45.65,44.98,45.61,31173000,0.187174,0.178849,0.192261,39.24
2025-01-15,XLE,45.89,46.405,45.7,46.285,34657800,0.18944,0.179573,0.196938,41.25
2025-01-16,XLE,46.13,46.665,46.075,46.62,25230600,0.188319,0.179516,0.175834,39.51
2025-01-17,XLE,46.62,47.145,46.455,46.98,23899600,0.18509,0.179534,0.171682,34.15
2025-01-21,XLE,46.86,47.0,46.495,46.74,49302000,0.177814,0.179987,0.121591,27.71
2025-01-22,XLE,46.595,46.65,45.86,45.89,35880200,0.173149,0.17992,0.139783,27.38
2025-01-23,XLE,46.24,46.41,45.775,46.1,29359200,0.174921,0.180505,0.13855,28.24
2025-01-24,XLE,46.165,46.355,45.6,45.655,29156800,0.168559,0.180803,0.145604,24.42
2025-01-27,XLE,45.5,45.58,44.865,45.18,31993400,0.170716,0.174926,0.153572,27.59
2025-01-28,XLE,45.315,45.475,44.525,44.75,37401800,0.174694,0.175699,0.159672,29.55
2025-01-29,XLE,44.64,45.08,44.575,44.85,20681800,0.172526,0.176008,0.159314,28.09
2025-01-30,XLE,45.125,45.315,44.8,45.08,39092600,0.17186,0.176021,0.159059,27.78
2025-01-31,XLE,44.955,45.055,43.715,43.82,44537400,0.177677,0.175167,0.189981,32.97
2025-02-03,XLE,43.815,44.275,43.415,44.095,39816400,0.17909,0.176308,0.186999,34.78
2025-02-04,XLE,43.89,45.115,43.815,45.02,40279800,0.184545,0.178615,0.197949,39.78
2025-02-05,XLE,45.005,45.18,44.755,45.115,21772000,0.180285,0.1684,0.196666,35.11
2025-02-06,XLE,45.32,45.43,44.045,44.285,41309600,0.184558,0.170645,0.206757,41.05
2025-02-07,XLE,44.45,44.685,44.22,44.28,22568400,0.183097,0.170577,0.206748,38.54
2025-02-10,XLE,44.675,45.33,44.675,45.255,25871400,0.172093,0.170993,0.220152,26.8
2025-02-11,XLE,45.47,45.925,45.18,45.62,26226800,0.170708,0.171951,0.209439,24.49
2025-02-12,XLE,45.245,45.555,44.44,44.52,38798800,0.178693,0.172817,0.223475,34.34
2025-02-13,XLE,44.45,44.955,44.16,44.855,31550400,0.179158,0.173494,0.21808,36.0
2025-02-14,XLE,45.025,45.665,45.025,45.035,25885800,0.1833,0.174395,0.21666,41.58
2025-02-18,XLE,45.25,45.95,44.99,45.65,29574800,0.187029,0.175429,0.221005,50.0
2025-02-19,XLE,45.84,46.44,45.815,46.01,24531200,0.188937,0.175131,0.222926,53.4
2025-02-20,XLE,45.915,46.51,45.72,46.43,28332200,0.190152,0.175937,0.215401,54.81
2025-02-21,XLE,46.15,46.275,45.44,45.465,31276600,0.190158,0.176268,0.227892,55.24
2025-02-24,XLE,45.545,45.72,45.235,45.475,26295200,0.189107,0.176042,0.225399,52.83
2025-02-25,XLE,45.465,45.675,44.455,44.82,26608600,0.193657,0.176712,0.228284,57.01
2025-02-26,XLE,44.875,44.995,44.36,44.565,24305600,0.191162,0.177102,0.226635,56.48
2025-02-27,XLE,44.875,45.355,44.49,44.805,30048000,0.195491,0.178608,0.227356,58.72
2025-02-28,XLE,44.66,45.535,44.38,45.5,26627200,0.199848,0.181137,0.233302,64.55
2025-03-03,XLE,45.675,45.935,43.505,43.91,49501800,0.218556,0.18834,0.246184,78.38
2025-03-04,XLE,43.265,44.19,42.715,43.485,50677000,0.234698,0.195676,0.247419,97.32
2025-03-05,XLE,42.855,43.075,42.015,42.85,56510800,0.244298,0.199668,0.238496,99.12
2025-03-06,XLE,42.645,43.245,42.31,42.98,47104200,0.24866,0.20136,0.238753,99.12
2025-03-07,XLE,43.175,44.03,43.175,43.715,44849200,0.245884,0.202424,0.240188,98.26
2025-03-10,XLE,43.955,44.645,43.63,44.04,40045400,0.251261,0.203648,0.241888,99.14
2025-03-11,XLE,44.22,44.41,43.455,43.69,30230200,0.252349,0.204581,0.228606,99.15
2025-03-12,XLE,43.72,44.295,43.555,43.89,32240400,0.252104,0.205566,0.226962,98.31
2025-03-13,XLE,43.735,44.365,43.325,43.59,30742000,0.252547,0.208154,0.211967,99.16
2025-03-14,XLE,43.83,44.94,43.63,44.88,32023200,0.25589,0.210301,0.236138,99.17
2025-03-17,XLE,44.845,45.805,44.845,45.595,29761600,0.254303,0.210771,0.242406,98.35
2025-03-18,XLE,45.85,45.955,45.31,45.67,30806600,0.252737,0.210462,0.237608,97.54
2025-03-19,XLE,45.73,46.62,45.72,46.415,31742600,0.252225,0.208981,0.243025,95.12
2025-03-20,XLE,46.16,46.74,45.965,46.585,33163600,0.252901,0.208038,0.241219,97.58
2025-03-21,XLE,46.43,46.54,45.97,46.26,36975600,0.251898,0.208094,0.22977,92.8
2025-03-24,XLE,46.11,46.7,46.035,46.425,23824600,0.252685,0.206715,0.229951,96.03
2025-03-25,XLE,46.63,47.02,46.475,46.615,22292000,0.248295,0.206677,0.222638,89.76
2025-03-26,XLE,47.05,47.41,46.775,46.89,25564600,0.250906,0.20788,0.221139,90.62
2025-03-27,XLE,46.75,46.925,46.25,46.435,19147800,0.247573,0.207535,0.225054,88.37
2025-03-28,XLE,46.41,46.585,45.985,46.215,22248800,0.244341,0.207358,0.220208,86.92
2025-03-31,XLE,46.115,47.0,46.05,46.725,28813800,0.224034,0.208106,0.175808,74.05
2025-04-01,XLE,46.75,47.045,46.245,47.0,27121200,0.207974,0.208261,0.169305,60.61
2025-04-02,XLE,46.6,47.105,46.49,47.065,33960600,0.193131,0.208813,0.154883,46.62
2025-04-03,XLE,44.825,45.17,43.355,43.37,75657800,0.266893,0.23424,0.343969,99.25
2025-04-04,XLE,41.825,42.295,39.38,39.38,100752000,0.314529,0.254095,0.480476,99.26
2025-04-07,XLE,38.105,40.79,37.49,39.125,113906800,0.380142,0.285792,0.478159,99.26
2025-04-08,XLE,40.33,40.54,37.61,38.22,90538400,0.422765,0.30139,0.482158,99.27
2025-04-09,XLE,37.475,41.605,37.245,41.18,118962400,0.462807,0.320974,0.561401,99.28
2025-04-10,XLE,40.11,40.11,37.74,38.49,79046600,0.482147,0.332704,0.606218,99.28
2025-04-11,XLE,38.67,39.74,37.91,39.445,41916800,0.49081,0.33775,0.602829,99.29
2025-04-14,XLE,40.38,40.38,39.19,39.585,32748200,0.504427,0.34344,0.598379,99.29
2025-04-15,XLE,39.55,40.26,39.505,39.525,22167000,0.50542,0.344661,0.597873,99.3
2025-04-16,XLE,39.77,40.525,39.67,39.85,27331400,0.50871,0.346447,0.594386,99.3
2025-04-17,XLE,40.175,41.38,40.155,40.75,47908800,0.515123,0.349244,0.602727,99.31
2025-04-21,XLE,40.105,40.205,39.245,39.685,31012000,0.518742,0.35098,0.606813,99.31
2025-04-22,XLE,40.2,40.995,40.025,40.695,22097400,0.524386,0.352968,0.616854,99.32
2025-04-23,XLE,41.05,41.49,40.37,40.62,43216200,0.528259,0.354718,0.615852,99.32
2025-04-24,XLE,41.0,41.39,40.645,41.27,21219000,0.529028,0.355273,0.619609,99.32
2025-04-25,XLE,40.9,41.23,40.74,41.195,17664800,0.528981,0.355598,0.619677,98.66
2025-04-28,XLE,41.15,41.6,41.095,41.485,16436800,0.528705,0.355186,0.621393,98.0
2025-04-29,XLE,41.02,41.515,40.94,41.365,19843400,0.528182,0.354882,0.61849,96.69
2025-04-30,XLE,40.7,40.76,39.755,40.25,37814200,0.530462,0.356826,0.621193,99.34
2025-05-01,XLE,39.92,40.93,39.92,40.4,36314400,0.533462,0.357708,0.621704,99.35
2025-05-02,XLE,40.89,41.195,40.16,40.99,32038800,0.511286,0.36063,0.560349,92.86
2025-05-05,XLE,40.475,40.53,40.025,40.25,29530200,0.482513,0.359902,0.443457,89.68
2025-05-06,XLE,40.43,40.61,40.035,40.26,22995400,0.425906,0.360151,0.442571,87.82
2025-05-07,XLE,40.35,40.48,39.97,40.275,22446200,0.385083,0.359737,0.432817,86.62
2025-05-08,XLE,40.645,41.36,40.58,40.805,30565800,0.336705,0.360794,0.342872,85.44
2025-05-09,XLE,41.3,41.42,40.88,41.215,19993200,0.30001,0.361035,0.235186,84.28
2025-05-12,XLE,42.74,42.935,41.98,42.29,32610000,0.309774,0.369774,0.236696,84.38
2025-05-13,XLE,42.5,43.225,42.33,42.885,29031600,0.29764,0.369862,0.239609,83.23
2025-05-14,XLE,42.6,42.79,42.46,42.625,21332600,0.29376,0.369015,0.241543,82.72
2025-05-15,XLE,42.085,42.83,41.98,42.805,29721600,0.293859,0.369481,0.240991,82.82
2025-05-16,XLE,42.9,42.925,42.305,42.74,21725800,0.286495,0.369757,0.231036,81.71
2025-05-19,XLE,42.385,42.43,41.875,42.185,24787000,0.277933,0.369927,0.213013,81.21
2025-05-20,XLE,42.155,42.25,41.755,41.795,22782200,0.270918,0.369816,0.200362,80.72
2025-05-21,XLE,41.545,41.625,41.02,41.025,25698400,0.264303,0.3687,0.212349,79.64
2025-05-22,XLE,40.81,41.1,40.36,40.865,23732200,0.262789,0.369164,0.204824,79.17
2025-05-23,XLE,40.505,41.1,40.49,40.995,23511000,0.262863,0.368368,0.205162,79.29
2025-05-27,XLE,41.28,41.415,40.975,41.35,19028000,0.264663,0.368061,0.205994,80.0
2025-05-28,XLE,41.55,41.675,40.72,40.825,29552600,0.263778,0.364162,0.210666,78.95
2025-05-29,XLE,40.89,41.13,40.63,41.13,23792800,0.251126,0.360793,0.187126,70.93
2025-05-30,XLE,40.815,40.98,40.44,40.765,31038600,0.24523,0.3584,0.190113,67.63
2025-06-02,XLE,41.53,41.585,40.825,41.3,32031000,0.245732,0.360649,0.188748,67.82
2025-06-03,XLE,41.33,42.05,40.94,41.79,30352600,0.245481,0.361258,0.179365,67.43
2025-06-04,XLE,41.77,42.095,40.925,40.975,44939200,0.249841,0.361075,0.195051,70.45
2025-06-05,XLE,41.28,41.3,40.83,40.935,27655000,0.249509,0.36063,0.195157,70.06
2025-06-06,XLE,41.305,41.83,41.305,41.705,28556800,0.245277,0.360728,0.200711,66.29
2025-06-09,XLE,41.87,42.22,41.54,41.785,28680400,0.243494,0.359946,0.197986,64.25
2025-06-10,XLE,42.23,42.805,42.21,42.53,46092200,0.207208,0.359697,0.186148,45.0
2025-06-11,XLE,42.82,43.215,42.4,43.145,48996600,0.207719,0.360298,0.186529,45.3
2025-06-12,XLE,42.945,43.31,42.63,43.295,34028200,0.209454,0.360232,0.185271,46.7
2025-06-13,XLE,44.105,44.285,43.475,44.05,84194800,0.214384,0.362826,0.194088,48.09
2025-06-16,XLE,43.93,44.375,43.59,43.92,69406600,0.215574,0.362953,0.194444,48.37
2025-06-17,XLE,44.285,44.66,44.01,44.33,67884200,0.213091,0.363499,0.188543,47.03
2025-06-18,XLE,44.49,44.715,43.94,44.04,70473000,0.214569,0.363653,0.186524,48.39
2025-06-20,XLE,44.215,44.615,44.085,44.49,56744800,0.21185,0.363521,0.170387,45.99
2025-06-23,XLE,44.685,44.715,42.83,43.015,105688200,0.215979,0.364816,0.21569,50.0
2025-06-24,XLE,42.39,42.9,42.295,42.455,65358800,0.223005,0.366184,0.222705,56.08
2025-06-25,XLE,42.405,42.56,42.13,42.27,43723000,0.222726,0.366038,0.222161,55.26
2025-06-26,XLE,42.365,42.96,42.26,42.875,33565600,0.221212,0.365702,0.220449,54.97
2025-06-27,XLE,42.85,42.85,42.395,42.65,35411800,0.221082,0.365093,0.221243,54.69
2025-06-30,XLE,42.485,42.67,42.28,42.405,26247600,0.217636,0.36469,0.219492,50.26
2025-07-01,XLE,42.47,42.93,42.08,42.73,40772800,0.209998,0.348974,0.216699,44.33
2025-07-02,XLE,43.09,43.535,42.615,43.465,42468800,0.208881,0.334622,0.220715,43.59
2025-07-03,XLE,43.405,43.655,43.305,43.515,22266200,0.202191,0.306513,0.205459,39.29
2025-07-07,XLE,43.25,43.48,42.65,43.095,35673000,0.207892,0.290463,0.209985,42.64
2025-07-08,XLE,43.045,44.415,43.035,44.255,47472400,0.211663,0.268195,0.219687,45.45
2025-07-09,XLE,44.145,44.32,43.9,44.03,28672400,0.209723,0.251931,0.221535,44.72
2025-07-10,XLE,43.93,44.39,43.615,44.365,28823800,0.208429,0.245397,0.215246,43.5
2025-07-11,XLE,44.29,44.72,44.155,44.565,30171600,0.204023,0.238977,0.210602,39.8
2025-07-14,XLE,44.48,44.48,43.84,44.075,33441600,0.202503,0.23725,0.215171,39.11
2025-07-15,XLE,43.99,44.18,43.385,43.44,33859000,0.188426,0.235524,0.212627,26.6
2025-07-16,XLE,43.38,43.63,42.91,43.065,35501600,0.187111,0.232265,0.214392,25.49
2025-07-17,XLE,42.845,43.395,42.74,43.33,36085600,0.183937,0.228222,0.212671,20.98
2025-07-18,XLE,43.675,43.875,42.81,42.98,60975600,0.188755,0.227167,0.213264,27.67
2025-07-21,XLE,43.01,43.085,42.45,42.535,30434400,0.188179,0.224387,0.211192,26.57
2025-07-22,XLE,42.485,42.97,42.445,42.735,32444000,0.175762,0.222988,0.176431,15.38
2025-07-23,XLE,42.91,43.43,42.8,43.405,28046000,0.167042,0.22221,0.178224,9.09
2025-07-24,XLE,43.29,43.77,43.095,43.715,24022200,0.168459,0.222624,0.178208,10.48
2025-07-25,XLE,43.76,43.835,43.325,43.55,20143200,0.167894,0.221091,0.17279,9.48
2025-07-28,XLE,43.84,44.12,43.775,44.045,23705200,0.168224,0.215846,0.175095,10.85
2025-07-29,XLE,44.115,44.49,43.97,44.475,24552000,0.167827,0.212376,0.175073,9.39
2025-07-30,XLE,44.2,44.225,43.565,43.84,26552400,0.166579,0.209298,0.18355,8.88
2025-07-31,XLE,43.38,44.11,43.38,43.605,24960800,0.165481,0.209773,0.175058,8.37
2025-08-01,XLE,43.44,43.595,42.56,42.795,42329400,0.17189,0.210964,0.187385,15.74
2025-08-04,XLE,42.72,43.04,42.48,42.7,26509600,0.167558,0.211041,0.184552,10.14
2025-08-05,XLE,42.69,42.815,42.175,42.755,31413600,0.164975,0.209748,0.154893,6.88
2025-08-06,XLE,43.025,43.275,42.235,42.36,38249400,0.172397,0.209814,0.156802,17.35
2025-08-07,XLE,42.61,43.085,42.14,42.195,35042000,0.177033,0.19714,0.152809,20.0
2025-08-08,XLE,42.395,42.855,42.18,42.465,40736200,0.179649,0.196501,0.154093,22.62
2025-08-11,XLE,42.55,42.735,42.05,42.125,28828800,0.179847,0.196588,0.152209,22.97
2025-08-12,XLE,42.21,42.7,42.085,42.33,34522600,0.180141,0.194695,0.146971,23.32
2025-08-13,XLE,42.36,42.825,42.21,42.82,25601200,0.178705,0.194013,0.150941,21.43
2025-08-14,XLE,42.79,42.845,42.325,42.78,24944600,0.178725,0.193297,0.149026,21.78
2025-08-15,XLE,42.8,43.265,42.645,42.78,27297800,0.174328,0.194097,0.146391,18.14
2025-08-18,XLE,42.555,42.725,42.28,42.525,26428400,0.175137,0.194007,0.143115,19.38
2025-08-19,XLE,42.405,42.79,42.295,42.54,25693800,0.175245,0.192724,0.142049,19.74
2025-08-20,XLE,42.61,43.07,42.57,42.895,27967200,0.17448,0.191548,0.133437,18.34
2025-08-21,XLE,42.82,43.285,42.705,43.19,22088000,0.173454,0.191208,0.133239,17.83
2025-08-22,XLE,43.335,44.175,43.265,44.07,30936400,0.175607,0.190704,0.151533,20.78
2025-08-25,XLE,43.96,44.24,43.815,44.185,23412800,0.174602,0.190423,0.146441,18.97
2025-08-26,XLE,44.01,44.155,43.705,44.115,22855600,0.175455,0.1896,0.142089,21.03
2025-08-27,XLE,44.05,44.77,44.0,44.61,26877400,0.173892,0.184965,0.137625,17.95
2025-08-28,XLE,44.625,45.015,44.33,44.95,24086200,0.166991,0.182928,0.137517,9.36
2025-08-29,XLE,44.97,45.31,44.91,45.195,23745000,0.159769,0.180227,0.115227,4.24
2025-09-02,XLE,45.075,45.34,44.735,45.26,25964400,0.160278,0.180326,0.113866,5.06
2025-09-03,XLE,44.9,45.275,44.095,44.245,36018200,0.167289,0.182688,0.145728,10.92
2025-09-04,XLE,44.25,44.725,44.06,44.54,25895400,0.160979,0.182151,0.140669,5.86
2025-09-05,XLE,44.175,44.32,43.46,43.68,48182200,0.157793,0.182194,0.159701,2.5
2025-09-08,XLE,43.825,44.015,43.195,43.58,34931800,0.158894,0.181595,0.159319,4.15
2025-09-09,XLE,43.815,44.41,43.765,43.79,41193400,0.162953,0.182335,0.155823,7.85
2025-09-10,XLE,43.89,44.58,43.79,44.555,29932800,0.161492,0.176979,0.164932,7.0
2025-09-11,XLE,44.2,44.66,44.065,44.565,25176800,0.163213,0.176639,0.161644,9.02
2025-09-12,XLE,44.75,44.95,44.29,44.3,22297800,0.163611,0.175757,0.163825,9.39
2025-09-15,XLE,44.385,44.5,44.075,44.15,23287800,0.160823,0.174738,0.164744,6.1
2025-09-16,XLE,44.345,45.03,44.335,44.89,41593000,0.161371,0.174953,0.170433,7.29
2025-09-17,XLE,44.83,45.31,44.635,44.995,26044800,0.162572,0.17094,0.170215,8.06
2025-09-18,XLE,45.035,45.125,44.515,44.855,28713000,0.164312,0.168133,0.170146,10.84
2025-09-19,XLE,44.815,44.85,44.105,44.26,29979200,0.165651,0.168643,0.177816,13.2
2025-09-22,XLE,43.73,44.05,43.555,43.835,22502400,0.168091,0.170014,0.16684,17.53
2025-09-23,XLE,44.01,45.07,44.01,44.59,44214800,0.176596,0.172471,0.177699,27.78
2025-09-24,XLE,44.905,45.59,44.855,45.17,35406200,0.180939,0.174128,0.182876,32.94
2025-09-25,XLE,45.165,45.62,45.04,45.575,31887200,0.17962,0.172604,0.181427,31.35
2025-09-26,XLE,45.65,46.455,45.64,45.995,40161600,0.181892,0.171044,0.182265,34.92
2025-09-29,XLE,45.675,45.74,44.915,45.15,37674400,0.186412,0.172648,0.194264,39.29
2025-09-30,XLE,44.755,44.85,44.32,44.67,47544800,0.18812,0.171967,0.197769,41.27
2025-10-01,XLE,44.45,44.82,44.4,44.67,27661200,0.179332,0.170052,0.179842,31.35
2025-10-02,XLE,44.57,44.965,44.175,44.22,31793600,0.181574,0.171357,0.182053,34.92
2025-10-03,XLE,44.445,44.715,44.39,44.455,24048000,0.177044,0.170607,0.168236,28.57
2025-10-06,XLE,44.735,44.93,44.495,44.675,21488400,0.174087,0.170941,0.168385,23.81
2025-10-07,XLE,44.635,44.78,43.955,44.745,25324000,0.175535,0.172833,0.167867,27.38
2025-10-08,XLE,44.745,44.745,44.15,44.485,20024200,0.176096,0.172681,0.157983,28.57
2025-10-09,XLE,44.58,44.96,43.835,43.88,23397800,0.180103,0.174243,0.165189,34.52
2025-10-10,XLE,43.555,43.775,42.595,42.61,44892200,0.185273,0.17617,0.193422,41.27
2025-10-13,XLE,42.935,43.245,42.795,43.19,22889600,0.187735,0.174321,0.200914,44.44
2025-10-14,XLE,42.575,43.43,42.52,43.185,25084600,0.19573,0.17759,0.189812,51.59
2025-10-15,XLE,43.46,43.705,42.84,43.16,24267000,0.199516,0.1793,0.189222,54.37
2025-10-16,XLE,43.235,43.365,42.35,42.64,29193800,0.202779,0.180736,0.192546,58.33
2025-10-17,XLE,42.82,43.08,42.645,42.99,24071800,0.202574,0.180474,0.191661,58.33
2025-10-20,XLE,43.065,43.545,43.065,43.445,25352400,0.197482,0.180212,0.193593,53.17
2025-10-21,XLE,43.565,43.665,43.125,43.345,25885200,0.191141,0.180243,0.182214,49.6
2025-10-22,XLE,43.635,44.09,43.27,43.9,32814000,0.191496,0.181984,0.182006,50.4
2025-10-23,XLE,44.685,44.78,44.215,44.485,47308800,0.201991,0.185018,0.185861,57.54
2025-10-24,XLE,44.685,44.7,44.005,44.035,21191000,0.198222,0.182479,0.184202,55.56
2025-10-27,XLE,44.175,44.32,43.945,44.14,19597200,0.193761,0.180584,0.174252,51.59
2025-10-28,XLE,43.975,44.115,43.655,43.68,22474600,0.18965,0.180285,0.174099,48.41
2025-10-29,XLE,43.73,44.23,43.64,44.005,26807800,0.189275,0.179401,0.176701,48.02
2025-10-30,XLE,43.99,44.31,43.685,43.745,20663400,0.18717,0.177853,0.174359,44.05
2025-10-31,XLE,43.85,44.315,43.66,44.065,26985400,0.188915,0.1759,0.175382,47.62
2025-11-03,XLE,44.075,44.19,43.565,44.07,22232000,0.191082,0.175735,0.174253,51.19
2025-11-04,XLE,43.53,43.715,43.185,43.595,29477600,0.192101,0.177386,0.17766,52.78
2025-11-05,XLE,43.6,44.195,43.545,43.71,23857200,0.193639,0.177703,0.177339,53.57
2025-11-06,XLE,43.775,44.55,43.775,44.135,32154800,0.191402,0.178777,0.174318,52.38
2025-11-07,XLE,44.29,44.875,44.17,44.77,35458400,0.184796,0.178578,0.14161,40.87
2025-11-10,XLE,44.885,45.28,44.305,45.175,31264600,0.190354,0.180109,0.137794,51.59
2025-11-11,XLE,45.445,46.085,45.41,45.765,38752800,0.179797,0.180699,0.14257,34.13
2025-11-12,XLE,45.455,45.665,45.06,45.125,29863200,0.178817,0.181266,0.154502,32.14
2025-11-13,XLE,45.27,45.65,45.04,45.24,32243800,0.174909,0.181762,0.144911,25.79
2025-11-14,XLE,45.48,46.11,44.91,46.01,34179400,0.184382,0.184866,0.152175,40.87
2025-11-17,XLE,45.955,45.97,44.99,45.17,37447400,0.187904,0.185002,0.168052,47.22
2025-11-18,XLE,44.975,45.65,44.85,45.53,34839400,0.189983,0.185794,0.168547,52.38
2025-11-19,XLE,44.725,45.085,44.41,44.94,41062800,0.199102,0.18968,0.172505,59.92
2025-11-20,XLE,45.17,45.785,44.395,44.43,41630000,0.199982,0.19339,0.171826,60.71
2025-11-21,XLE,44.505,44.905,44.035,44.71,39317200,0.203275,0.194256,0.16889,64.29
2025-11-24,XLE,44.66,44.725,43.895,44.585,33681800,0.209084,0.1965,0.169232,67.06
2025-11-25,XLE,44.235,44.48,43.94,44.305,29299000,0.211155,0.196877,0.166262,68.25
2025-11-26,XLE,44.295,44.96,44.255,44.64,26611000,0.212102,0.19467,0.166327,69.05
2025-11-28,XLE,44.665,45.42,44.6,45.225,16666600,0.212099,0.194861,0.16985,68.65
2025-12-01,XLE,45.29,45.91,45.255,45.66,31150000,0.211553,0.193532,0.171043,67.46
2025-12-02,XLE,45.59,45.59,44.845,45.07,33305000,0.210822,0.192798,0.178895,66.67
2025-12-03,XLE,45.375,45.995,45.31,45.915,30174000,0.207452,0.191797,0.18323,62.7
2025-12-04,XLE,45.89,46.185,45.755,46.11,23799600,0.204278,0.191304,0.183323,61.9
2025-12-05,XLE,46.03,46.66,45.91,45.92,22164400,0.205638,0.192022,0.182877,61.9
2025-12-08,XLE,45.66,45.92,45.27,45.42,27891900,0.206427,0.192324,0.182296,61.9
2025-12-09,XLE,45.5,46.08,45.46,45.7,20917400,0.201846,0.193013,0.180849,57.94
2025-12-10,XLE,45.84,46.27,45.63,46.18,26255100,0.200008,0.192972,0.178762,57.54
2025-12-11,XLE,45.9,46.25,45.84,45.96,25827200,0.198938,0.192807,0.171636,55.56
2025-12-12,XLE,46.05,46.24,45.39,45.51,33161200,0.199601,0.193074,0.17566,56.35
2025-12-15,XLE,45.61,45.61,44.82,45.19,27521600,0.19323,0.193722,0.165976,51.98
2025-12-16,XLE,44.83,44.85,43.77,43.81,49312400,0.194229,0.193381,0.188141,53.17
2025-12-17,XLE,44.13,44.88,44.06,44.78,43375300,0.196169,0.19206,0.203369,53.97
2025-12-18,XLE,44.65,44.71,43.98,44.13,29920200,0.185339,0.191033,0.204699,38.89
2025-12-19,XLE,44.25,44.53,44.03,44.13,31959600,0.172629,0.191216,0.200905,19.05
2025-12-22,XLE,44.14,44.49,44.09,44.21,23707400,0.167674,0.18993,0.199573,11.9
2025-12-23,XLE,44.37,44.55,44.22,44.5,19137500,0.160078,0.188559,0.200933,1.59
2025-12-24,XLE,44.42,44.56,44.31,44.37,11293900,0.155523,0.187014,0.199905,0.0
2025-12-26,XLE,44.32,44.44,43.99,44.2,17884500,0.152975,0.186827,0.198346,0.0
2025-12-29,XLE,44.51,44.74,44.29,44.62,31352100,0.152447,0.186131,0.19551,0.0
2025-12-30,XLE,44.8,45.09,44.8,44.96,18654700,0.150322,0.185881,0.194255,0.0
2025-12-31,XLE,44.93,45.02,44.57,44.71,16965900,0.148044,0.18547,0.189788,0.0
2026-01-02,XLE,44.72,45.78,44.49,45.65,31935500,0.153748,0.18541,0.192887,1.59
2026-01-05,XLE,47.16,47.32,45.75,46.89,94961000,0.211612,0.202824,0.215243,67.46
2026-01-06,XLE,47.0,47.06,45.53,45.64,69568200,0.211869,0.202786,0.236534,68.25
2026-01-07,XLE,45.82,45.82,45.08,45.13,42739200,0.208686,0.200608,0.236708,63.49
2026-01-08,XLE,45.32,46.85,45.22,46.55,51451000,0.216502,0.203423,0.260885,71.03
2026-01-09,XLE,46.75,46.88,46.51,46.67,38839900,0.215109,0.199719,0.258558,69.84
2026-01-12,XLE,46.75,46.81,46.1,46.34,28264400,0.213591,0.198672,0.25932,68.65
2026-01-13,XLE,46.73,47.39,46.68,47.0,50469200,0.214708,0.198328,0.260714,69.44
2026-01-14,XLE,47.25,48.65,47.18,48.06,80750200,0.221838,0.201851,0.268482,72.62
2026-01-15,XLE,47.63,48.07,47.27,47.61,49328800,0.223056,0.203916,0.241713,73.41
2026-01-16,XLE,47.56,47.81,47.49,47.69,30796300,0.221296,0.203481,0.232511,71.83
2026-01-20,XLE,48.09,48.31,47.5,47.6,50178700,0.221252,0.203173,0.223836,71.43
2026-01-21,XLE,48.29,49.05,48.29,48.75,58996000,0.225351,0.202384,0.234279,73.81
2026-01-22,XLE,48.62,49.0,48.42,48.91,50869500,0.226462,0.202478,0.234074,73.81
2026-01-23,XLE,49.52,49.89,49.09,49.19,51431200,0.230783,0.2046,0.234022,73.81
2026-01-26,XLE,49.87,49.89,48.95,49.22,40122600,0.23442,0.206736,0.232765,73.81
2026-01-27,XLE,49.39,49.82,49.16,49.67,39840300,0.233943,0.206754,0.230633,73.41
2026-01-28,XLE,49.97,50.14,49.56,50.05,41890400,0.234728,0.206726,0.230342,74.21
2026-01-29,XLE,51.15,51.73,50.48,50.51,77520700,0.247727,0.212495,0.230574,77.78
2026-01-30,XLE,50.36,51.09,49.88,51.05,74039400,0.253557,0.213738,0.227102,83.73
2026-02-02,XLE,50.1,50.51,49.77,50.05,61479900,0.264931,0.216186,0.238894,86.51
2026-02-03,XLE,50.24,51.78,50.02,51.67,83754100,0.234745,0.217679,0.2457,73.02
2026-02-04,XLE,51.82,52.96,51.82,52.83,78149900,0.230502,0.217169,0.221989,70.63
2026-02-05,XLE,52.26,52.49,51.44,52.21,54235600,0.240636,0.220149,0.222627,73.02
2026-02-06,XLE,52.5,53.42,52.36,53.25,41669600,0.23508,0.21907,0.209964,72.62
2026-02-09,XLE,53.21,53.72,52.98,53.64,38798500,0.23632,0.218675,0.209395,72.62
2026-02-10,XLE,53.77,53.79,53.24,53.58,32146000,0.235373,0.217882,0.205104,72.22
2026-02-11,XLE,54.28,55.11,54.25,54.98,57349700,0.235735,0.218806,0.214257,72.22
2026-02-12,XLE,54.94,55.24,53.76,53.98,67427800,0.233201,0.2181,0.226137,69.05
2026-02-13,XLE,53.94,54.58,53.81,54.35,48392100,0.227768,0.21753,0.218875,67.86
2026-02-17,XLE,54.56,54.91,53.18,53.75,50499600,0.237497,0.220068,0.227243,72.62
2026-02-18,XLE,54.53,54.86,54.22,54.78,59196100,0.23881,0.217216,0.229719,72.62
2026-02-19,XLE,55.46,55.88,54.93,55.18,62513500,0.238761,0.215375,0.220962,72.22
2026-02-20,XLE,55.0,55.29,54.51,54.88,50833500,0.239995,0.214861,0.224632,72.62
2026-02-23,XLE,55.04,55.93,54.87,55.15,44013500,0.240262,0.21444,0.224652,72.62
2026-02-24,XLE,55.11,55.22,54.4,55.1,42921700,0.23797,0.214225,0.225174,71.03
2026-02-25,XLE,55.3,55.37,54.19,54.87,36207500,0.24265,0.215433,0.227394,73.02
2026-02-26,XLE,54.37,55.67,54.12,55.05,47033500,0.251779,0.218853,0.227247,79.76
2026-02-27,XLE,55.64,56.15,54.93,55.92,59071500,0.241967,0.220916,0.230085,72.22
2026-03-02,XLE,57.77,57.88,56.27,57.04,135633300,0.268801,0.231363,0.235282,86.9
2026-03-03,XLE,57.39,57.72,56.05,56.52,154770800,0.26144,0.233603,0.222803,83.73
2026-03-04,XLE,56.06,56.43,55.33,56.19,70732700,0.263168,0.236152,0.204389,84.52
2026-03-05,XLE,56.53,57.06,56.08,56.48,85177800,0.263975,0.235482,0.193113,84.92
2026-03-06,XLE,57.15,57.34,56.17,56.57,68219000,0.257738,0.236026,0.184856,82.54
2026-03-09,XLE,56.84,57.15,55.94,56.32,88747400,0.258873,0.236679,0.177354,82.54
2026-03-10,XLE,56.06,56.46,55.37,55.6,88817900,0.262015,0.237955,0.18486,82.94
2026-03-11,XLE,55.63,57.04,55.54,56.98,48743700,0.264823,0.238074,0.201179,85.71
2026-03-12,XLE,57.13,58.22,57.06,57.51,69358700,0.266666,0.238973,0.184266,86.11
2026-03-13,XLE,57.5,57.93,57.1,57.7,43374600,0.263425,0.238672,0.16741,83.33
2026-03-16,XLE,57.76,58.1,57.27,57.9,39474300,0.263648,0.237402,0.166903,83.33
2026-03-17,XLE,58.23,59.05,57.98,58.51,40137700,0.258037,0.237888,0.159871,80.16
2026-03-18,XLE,58.74,58.97,58.43,58.43,42908000,0.254664,0.237075,0.151065,79.37
2026-03-19,XLE,58.87,59.72,58.52,59.36,69231400,0.254016,0.238014,0.157001,78.97
2026-03-20,XLE,59.56,60.32,59.28,59.31,73003400,0.255238,0.239156,0.154286,79.37
2026-03-23,XLE,57.89,59.84,57.66,59.63,71027200,0.277267,0.248705,0.154336,87.3
2026-03-24,XLE,59.8,61.47,59.77,60.84,51207500,0.280154,0.250744,0.163383,87.7
2026-03-25,XLE,60.32,61.0,60.26,60.57,42680700,0.27923,0.252042,0.163582,87.3
2026-03-26,XLE,60.67,61.86,60.59,61.52,54967600,0.271833,0.252687,0.167685,86.11
2026-03-27,XLE,61.53,62.79,61.26,62.56,59553200,0.268937,0.254077,0.168594,85.32
2026-03-30,XLE,63.13,63.46,61.78,61.96,49750100,0.24222,0.255707,0.168076,71.03
2026-03-31,XLE,62.04,62.83,60.04,61.26,94766900,0.255595,0.260908,0.170552,77.38
2026-04-01,XLE,59.72,60.62,58.36,58.97,96652900,0.279715,0.259753,0.22503,87.3
2026-04-02,XLE,60.53,61.01,58.98,59.25,60400500,0.299473,0.265287,0.224969,89.29
2026-04-06,XLE,59.11,59.69,58.89,59.68,25474200,0.294481,0.26548,0.225592,88.49
2026-04-07,XLE,59.81,60.77,59.79,60.16,38811700,0.293217,0.263979,0.224715,87.3
2026-04-08,XLE,56.68,58.19,56.18,58.05,88023600,0.365397,0.295781,0.258573,90.87
2026-04-09,XLE,58.2,59.02,57.11,57.33,55088500,0.371627,0.298346,0.249322,91.27
2026-04-10,XLE,57.17,57.48,56.4,56.94,42561700,0.370299,0.298531,0.248197,91.27
2026-04-13,XLE,57.62,57.72,56.65,57.11,43100900,0.374934,0.297665,0.248135,92.06
2026-04-14,XLE,56.5,56.5,55.41,55.95,58830100,0.377308,0.298353,0.257467,92.46
2026-04-15,XLE,55.6,56.21,55.27,55.76,39551500,0.375717,0.299477,0.253431,92.46
2026-04-16,XLE,55.84,56.88,55.77,56.58,31282600,0.376556,0.29929,0.260537,92.86
2026-04-17,XLE,54.41,55.16,53.41,55.02,90913300,0.400174,0.312209,0.267963,94.05
2026-04-20,XLE,55.1,55.72,54.8,55.07,35150000,0.39878,0.312712,0.26829,94.05
2026-04-21,XLE,55.32,55.96,54.92,55.87,41299800,0.39116,0.311986,0.274208,94.05
2026-04-22,XLE,56.36,56.78,56.13,56.54,40565500,0.389349,0.310765,0.266406,94.05
2026-04-23,XLE,56.89,57.19,56.47,56.98,34707200,0.390655,0.310981,0.269433,94.44
2026-04-24,XLE,56.77,56.92,56.17,56.87,36426700,0.389839,0.311149,0.260405,94.44
2026-04-27,XLE,57.1,57.68,56.63,56.77,33070600,0.39014,0.307335,0.24893,94.84
2026-04-28,XLE,57.72,58.05,57.38,57.71,39151300,0.391851,0.308028,0.259264,96.03
2026-04-29,XLE,58.28,59.11,58.06,59.03,40616700,0.381732,0.305947,0.27336,93.65
2026-04-30,XLE,58.2,59.84,57.94,59.65,35896800,0.369301,0.307316,0.240306,91.27
2026-05-01,XLE,59.06,59.6,58.26,58.85,35828400,0.35163,0.3089,0.244795,90.87
2026-05-04,XLE,58.73,59.63,58.22,59.39,36883000,0.354527,0.308013,0.245667,91.27
2026-05-05,XLE,59.23,59.76,58.89,59.45,27041400,0.352869,0.307746,0.243797,91.27
2026-05-06,XLE,57.29,57.89,56.66,57.0,57907500,0.309355,0.31802,0.256696,90.08
2026-05-07,XLE,55.87,56.15,55.13,55.95,52909900,0.308733,0.321343,0.261227,90.08
2026-05-08,XLE,55.85,56.23,55.46,55.7,30573500,0.307252,0.320265,0.26069,90.08
2026-05-11,XLE,56.26,57.22,56.24,57.17,31943300,0.303613,0.319815,0.277781,90.08
2026-05-12,XLE,57.73,57.84,57.14,57.57,36814500,0.304203,0.320585,0.267735,90.08
2026-05-13,XLE,57.47,57.71,56.96,57.63,22707200,0.303485,0.318511,0.267136,89.68
2026-05-14,XLE,57.65,58.18,57.51,58.07,23487000,0.301752,0.316845,0.263772,89.29
2026-05-15,XLE,58.7,59.47,58.48,59.44,33565500,0.262873,0.316241,0.250815,79.37
2026-05-18,XLE,59.13,60.7,58.72,60.58,41516600,0.266711,0.317731,0.256151,83.73
2026-05-19,XLE,60.81,61.49,60.3,61.29,31111000,0.267097,0.317425,0.254952,84.13
2026-05-20,XLE,60.81,61.7,59.68,59.8,61776800,0.275878,0.31991,0.273405,86.11
2026-05-21,XLE,60.48,60.59,58.72,59.13,45851100,0.283872,0.321184,0.277149,87.7
2026-05-22,XLE,58.99,59.61,58.83,59.49,42428900,0.282262,0.319036,0.277155,87.3
2026-05-26,XLE,58.87,59.57,57.84,57.85,38819900,0.287571,0.319552,0.297066,87.7
2026-05-27,XLE,57.01,57.5,56.48,56.99,48329800,0.283667,0.311362,0.296273,86.9
2026-05-28,XLE,57.55,57.68,56.68,56.95,46554100,0.284207,0.310464,0.283288,87.3
2026-05-29,XLE,56.68,56.79,55.99,56.29,32389600,0.277323,0.309466,0.281479,84.52
2026-06-01,XLE,57.03,57.81,56.85,57.3,55879400,0.27986,0.310521,0.287687,85.32
2026-06-02,XLE,57.19,58.17,57.08,57.96,23842600,0.277224,0.308773,0.288921,83.33
2026-06-03,XLE,58.24,59.38,58.01,58.71,46312800,0.281653,0.309139,0.293162,85.71
2026-06-04,XLE,58.5,59.03,58.17,58.75,23916300,0.246275,0.308633,0.248912,71.43
2026-06-05,XLE,58.67,58.78,57.63,57.67,28213000,0.23228,0.308404,0.248871,63.1
2026-06-08,XLE,58.08,58.96,57.97,58.33,25717800,0.234881,0.308408,0.250169,65.48
2026-06-09,XLE,58.08,58.21,56.81,57.39,46026300,0.238395,0.309512,0.241842,68.25
2026-06-10,XLE,57.94,59.04,57.78,58.25,36515300,0.242665,0.3113,0.246364,71.83
2026-06-11,XLE,58.78,58.99,57.06,57.12,40863500,0.247946,0.312486,0.256534,72.62
2026-06-12,XLE,56.79,58.15,56.63,57.55,31964700,0.255064,0.313925,0.25649,74.21
2026-06-15,XLE,55.2,56.05,55.02,55.55,44319100,0.294553,0.323632,0.268672,88.49
2026-06-16,XLE,55.0,55.48,54.95,55.36,42008400,0.289306,0.32264,0.255357,87.3
2026-06-17,XLE,55.26,55.36,54.54,54.67,38553000,0.286061,0.31785,0.249426,86.51
2026-06-18,XLE,54.14,54.25,53.25,53.77,39645700,0.280076,0.31714,0.242912,83.73
2026-06-22,XLE,53.53,54.13,53.17,54.06,30765600,0.272034,0.317237,0.244682,80.56
2026-06-23,XLE,54.14,54.56,53.87,54.46,38690400,0.272724,0.316753,0.245469,80.56
2026-06-24,XLE,53.5,53.77,52.94,53.57,43034600,0.271614,0.31781,0.233984,79.37
2026-06-25,XLE,53.2,54.32,53.0,54.09,28221700,0.269783,0.316655,0.234777,78.97
2026-06-26,XLE,54.0,54.15,53.68,53.84,19025200,0.263878,0.310939,0.234767,75.4
2026-06-29,XLE,53.98,54.28,53.47,53.58,25142300,0.264927,0.304292,0.232597,76.19
2026-06-30,XLE,53.62,54.12,53.08,53.11,28284000,0.259468,0.296931,0.220741,72.22
2026-07-01,XLE,53.05,53.44,52.62,52.81,33662700,0.259466,0.297316,0.213294,71.83
2026-07-02,XLE,53.24,53.65,52.91,53.22,28525600,0.257324,0.297616,0.208436,70.24
2026-07-06,XLE,53.06,53.55,53.0,53.13,24735300,0.25674,0.27097,0.207761,69.84
2026-07-07,XLE,53.61,54.82,53.6,54.64,41833600,0.261496,0.269171,0.231923,72.62
2026-07-08,XLE,55.46,56.04,54.87,55.6,39741400,0.267897,0.271665,0.237702,77.78
2026-07-09,XLE,55.28,55.48,54.73,54.82,21770700,0.263796,0.269619,0.236179,74.21
2026-07-10,XLE,55.08,55.24,54.36,55.08,22974700,0.259323,0.269176,0.229038,70.24
2026-07-13,XLE,55.86,56.97,55.86,56.74,41200900,0.259168,0.270784,0.247203,69.84
2026-07-14,XLE,57.0,57.22,56.29,56.95,32579000,0.257062,0.271188,0.245969,67.86
2026-07-15,XLE,56.94,57.04,55.76,56.5,33184200,0.213896,0.257541,0.211245,49.21
2026-07-16,XLE,56.66,57.3,56.6,57.02,27477000,0.211837,0.256968,0.212588,47.22
2026-07-17,XLE,57.95,58.12,57.28,57.68,31397800,0.219489,0.258774,0.208658,50.4
2026-07-20,XLE,57.56,58.39,57.41,57.94,27329300,0.214659,0.2586,0.195849,48.81
2026-07-21,XLE,58.16,58.53,57.83,58.5,20315700,0.211772,0.258278,0.196897,46.03
2026-07-22,XLE,59.27,59.52,58.9,59.2,29548600,0.2148,0.259218,0.198588,49.21
2026-07-23,XLE,60.24,60.38,59.27,59.38,35838600,0.205322,0.261117,0.183156,41.67
2026-07-24,XLE,59.4,60.45,59.4,59.62,34181900,0.202422,0.259955,0.182405,39.68
2026-07-27,XLE,58.41,59.28,58.23,58.36,33819500,0.225706,0.263103,0.202515,52.38
2026-07-28,XLE,58.41,58.79,57.25,57.57,27800800,0.230267,0.261502,0.20989,53.17
2026-07-29,XLE,59.08,59.3,58.42,58.65,34166800,0.240386,0.265353,0.210946,61.11
2026-07-30,XLE,58.08,59.11,58.02,58.96,23045700,0.244798,0.264987,0.207178,63.1
2026-07-31,XLE,58.93,59.69,58.32,59.55,23556500,0.248728,0.266041,0.207644,64.29
2026-08-03,XLE,58.69,59.33,58.16,58.79,26038400,0.259032,0.256381,0.216439,69.44
2026-08-04,XLE,57.7,58.72,57.13,58.52,37661500,0.273887,0.256763,0.200961,80.56
2026-08-05,XLE,58.77,58.98,57.21,57.31,33213500,0.27072,0.25803,0.211339,78.57
2026-08-06,XLE,58.39,58.56,57.58,58.16,25084300,0.277308,0.26073,0.2078,81.75
2026-08-07,XLE,57.53,58.05,57.11,57.5,21092700,0.280654,0.261302,0.213787,84.13
2026-08-10,XLE,58.19,60.21,58.1,60.18,33677800,0.282271,0.263443,0.245895,84.92
2026-08-11,XLE,59.99,61.08,59.99,60.93,22400800,0.281065,0.263764,0.248172,83.73
2026-08-12,XLE,60.47,61.17,60.34,61.03,22584200,0.278132,0.263086,0.244687,80.95
2026-08-13,XLE,60.52,61.13,60.23,61.06,20703600,0.280561,0.261537,0.244129,82.94
2026-08-14,XLE,61.37,62.11,61.25,61.91,22777700,0.274269,0.260867,0.245282,78.17
2026-08-17,XLE,62.22,62.69,61.79,62.58,23550300,0.273942,0.257549,0.246612,77.78
2026-08-18,XLE,63.41,63.71,63.12,63.68,27280500,0.276861,0.25583,0.250558,78.57
2026-08-19,XLE,63.85,64.25,63.4,63.58,25537800,0.274056,0.256045,0.249661,77.38
2026-08-20,XLE,64.25,64.7,63.69,63.75,24304100,0.269684,0.253944,0.249675,73.81
2026-08-21,XLE,63.91,64.3,63.35,63.64,27791900,0.267178,0.251635,0.250364,72.22
2024-08-22,XLF,43.85,44.05,43.81,44.05,24738700,,,,
2024-08-23,XLF,44.18,44.54,44.09,44.43,32762500,,,,
2024-08-26,XLF,44.58,44.81,44.47,44.57,23716300,,,,
2024-08-27,XLF,44.66,44.82,44.58,44.8,21583500,,,,
2024-08-28,XLF,44.68,45.16,44.64,44.91,24726200,,,,
2024-08-29,XLF,45.06,45.46,44.75,45.31,33726600,,,,
2024-08-30,XLF,45.44,45.78,45.23,45.74,28967700,,,,
2024-09-03,XLF,45.5,45.88,45.19,45.4,39893900,,,,
2024-09-04,XLF,45.48,45.77,45.22,45.45,32006100,,,,
2024-09-05,XLF,45.64,45.66,44.75,44.95,39523500,,,,
2024-09-06,XLF,44.95,45.2,44.19,44.29,51331300,,,,
2024-09-09,XLF,44.71,45.2,44.65,44.95,41010900,,,,
2024-09-10,XLF,45.1,45.14,43.98,44.49,59115000,,,,
2024-09-11,XLF,44.32,44.35,43.38,44.28,59397500,,,,
2024-09-12,XLF,44.36,44.52,44.0,44.38,37732700,,,,
2024-09-13,XLF,44.51,44.69,44.41,44.51,32912300,,,,
2024-09-16,XLF,44.7,45.1,44.7,45.09,37063700,,,,
2024-09-17,XLF,45.19,45.48,45.14,45.33,27893300,,,,
2024-09-18,XLF,45.35,45.69,45.09,45.19,41783900,,,,
2024-09-19,XLF,45.65,45.81,45.34,45.69,46457700,,,,
2024-09-20,XLF,45.59,45.66,45.34,45.66,48699200,0.160788,,0.13157,
2024-09-23,XLF,45.49,45.67,45.36,45.44,31615300,0.161469,,0.131,
2024-09-24,XLF,45.3,45.3,44.9,45.06,40341400,0.162281,,0.134984,
2024-09-25,XLF,45.08,45.14,44.65,44.79,32546900,0.163357,,0.135749,
2024-09-26,XLF,44.92,45.11,44.77,45.02,31445200,0.161315,,0.136718,
2024-09-27,XLF,45.12,45.44,45.05,45.15,23226100,0.15869,,0.133248,
2024-09-30,XLF,45.04,45.34,44.84,45.32,23593400,0.158906,,0.129271,
2024-10-01,XLF,45.2,45.31,44.78,45.08,32703000,0.156215,,0.127944,
2024-10-02,XLF,45.06,45.23,44.83,45.13,37709400,0.155314,,0.127945,
2024-10-03,XLF,44.96,45.05,44.67,44.89,23545700,0.152804,,0.12311,
2024-10-04,XLF,45.33,45.69,45.15,45.65,40432000,0.151478,,0.124044,
2024-10-07,XLF,45.65,45.67,44.9,45.09,26599300,0.149418,,0.122906,
2024-10-08,XLF,45.26,45.46,45.18,45.35,28763000,0.137643,,0.117917,
2024-10-09,XLF,45.35,45.86,45.26,45.77,28334300,0.12035,,0.119379,
2024-10-10,XLF,45.82,45.86,45.44,45.63,34127400,0.118565,,0.120512,
2024-10-11,XLF,45.92,46.6,45.89,46.51,52850300,0.12171,,0.13594,
2024-10-14,XLF,46.59,46.85,46.46,46.8,35850800,0.121933,,0.130886,
2024-10-15,XLF,47.12,47.39,46.84,46.9,42356800,0.125504,,0.130261,
2024-10-16,XLF,47.08,47.5,46.99,47.48,44973700,0.122963,,0.134138,
2024-10-17,XLF,47.68,47.81,47.58,47.61,45823400,0.117013,,0.130319,
2024-10-18,XLF,47.61,47.72,47.35,47.62,34279600,0.116291,,0.130115,
2024-10-21,XLF,47.54,47.65,47.15,47.24,26207400,0.116191,,0.132826,
2024-10-22,XLF,47.0,47.23,46.78,47.15,30018700,0.117838,,0.128036,
2024-10-23,XLF,47.1,47.22,46.88,47.11,20697200,0.117142,,0.124882,
2024-10-24,XLF,47.12,47.21,46.86,47.15,19617500,0.11747,,0.124625,
2024-10-25,XLF,47.34,47.42,46.52,46.63,25526500,0.120767,,0.13334,
2024-10-28,XLF,46.87,47.25,46.86,47.21,31415900,0.11891,,0.13857,
2024-10-29,XLF,47.09,47.22,46.88,46.92,27930900,0.116455,,0.139201,
2024-10-30,XLF,46.98,47.43,46.94,47.13,28704300,0.117259,,0.139426,
2024-10-31,XLF,47.07,47.21,46.48,46.48,53417100,0.117653,,0.14854,
2024-11-01,XLF,46.63,47.0,46.52,46.64,40139900,0.114382,,0.13777,
2024-11-04,XLF,46.61,46.65,46.03,46.28,41705600,0.113675,,0.132708,
2024-11-05,XLF,46.32,46.73,46.23,46.71,35221800,0.114213,,0.134827,
2024-11-06,XLF,49.04,49.68,48.7,49.55,153473400,0.205984,,0.244256,
2024-11-07,XLF,49.44,49.44,48.66,48.75,70611400,0.20743,,0.253625,
2024-11-08,XLF,49.1,49.47,48.85,49.19,60376500,0.207898,,0.247742,
2024-11-11,XLF,49.68,50.14,49.67,49.89,63654700,0.209453,,0.250764,
2024-11-12,XLF,49.87,49.94,49.59,49.74,58512400,0.208548,,0.251716,
2024-11-13,XLF,49.84,50.13,49.69,49.77,31880700,0.208837,,0.249365,
2024-11-14,XLF,49.88,49.99,49.55,49.64,38252800,0.209317,,0.24998,
2024-11-15,XLF,49.64,50.01,49.61,49.87,40741500,0.20915,0.165602,0.250031,
2024-11-18,XLF,49.91,50.11,49.7,50.02,27141600,0.2084,0.165555,0.24704,
2024-11-19,XLF,49.62,49.88,49.42,49.69,27014700,0.210146,0.166972,0.248806,
2024-11-20,XLF,49.89,49.92,49.3,49.54,33932500,0.210485,0.167638,0.249327,
2024-11-21,XLF,49.79,50.4,49.66,50.17,50881800,0.211608,0.167693,0.251782,
2024-11-22,XLF,50.14,50.78,50.13,50.73,42050800,0.210464,0.166901,0.247474,
2024-11-25,XLF,51.01,51.25,50.86,51.06,47492500,0.210824,0.166634,0.245781,
2024-11-26,XLF,51.08,51.26,50.76,51.16,28418400,0.210754,0.165269,0.243038,
2024-11-27,XLF,51.23,51.62,51.21,51.26,31803700,0.210435,0.165057,0.243183,
2024-11-29,XLF,51.44,51.57,51.25,51.34,15178400,0.208079,0.163773,0.233951,
2024-12-02,XLF,51.42,51.49,50.7,50.83,55483600,0.208562,0.162474,0.239893,
2024-12-03,XLF,51.13,51.13,50.45,50.45,46924300,0.206522,0.16147,0.239732,
2024-12-04,XLF,50.4,50.44,50.09,50.26,41017400,0.206728,0.158119,0.240631,
2024-12-05,XLF,50.34,50.67,50.3,50.41,33599300,0.117117,0.152928,0.123193,
2024-12-06,XLF,50.4,50.57,50.26,50.4,23439400,0.114482,0.152274,0.105474,
2024-12-09,XLF,50.44,50.49,49.69,49.71,41998300,0.111702,0.152709,0.115047,
2024-12-10,XLF,49.75,49.98,49.39,49.7,38861800,0.108402,0.153325,0.103207,
2024-12-11,XLF,49.9,49.92,49.58,49.8,35035900,0.108967,0.153393,0.102926,
2024-12-12,XLF,49.93,49.97,49.58,49.58,23107300,0.107255,0.152374,0.104116,
2024-12-13,XLF,49.78,49.8,49.43,49.54,39160400,0.107114,0.15104,0.103755,0.0
2024-12-16,XLF,49.57,49.63,49.36,49.45,35242800,0.106048,0.150485,0.102376,0.0
2024-12-17,XLF,49.26,49.27,48.93,49.1,46103300,0.107131,0.150506,0.10416,3.23
2024-12-18,XLF,49.19,49.3,47.59,47.63,72399500,0.111512,0.152902,0.14684,9.52
2024-12-19,XLF,48.17,48.53,47.79,47.8,63641000,0.118663,0.15486,0.148156,35.94
2024-12-20,XLF,47.7,48.89,47.6,48.51,56066100,0.127927,0.158099,0.151038,47.69
2024-12-23,XLF,48.06,48.46,47.87,48.42,43033300,0.134531,0.160064,0.143299,48.48
2024-12-24,XLF,48.52,49.01,48.43,48.99,18350500,0.134627,0.159616,0.148654,49.25
2024-12-26,XLF,48.77,49.13,48.74,49.11,20805600,0.134778,0.159256,0.14884,50.0
2024-12-27,XLF,48.85,49.17,48.49,48.75,33852400,0.138215,0.160498,0.149192,52.17
2024-12-30,XLF,48.25,48.5,47.86,48.28,34819800,0.146083,0.162689,0.15046,52.86
2024-12-31,XLF,48.4,48.57,48.16,48.33,25170500,0.145083,0.161596,0.148822,52.11
2025-01-02,XLF,48.58,48.77,47.94,48.21,35879100,0.14856,0.162013,0.147655,54.17
2025-01-03,XLF,48.49,48.62,48.08,48.59,25198100,0.152414,0.162982,0.151794,57.53
2025-01-06,XLF,48.8,49.02,48.35,48.44,54289900,0.154334,0.163171,0.150844,59.46
2025-01-07,XLF,48.65,48.76,48.12,48.33,57682700,0.156636,0.163576,0.150696,62.67
2025-01-08,XLF,48.34,48.5,48.02,48.49,36422000,0.157469,0.163362,0.145226,63.16
2025-01-10,XLF,48.1,48.14,47.15,47.32,53128700,0.162128,0.16566,0.166778,70.13
2025-01-13,XLF,47.08,47.68,47.04,47.66,36002800,0.163325,0.165716,0.169584,71.79
2025-01-14,XLF,47.85,48.29,47.74,48.25,39353300,0.164949,0.165811,0.176905,73.42
2025-01-15,XLF,49.28,49.61,49.01,49.48,61176900,0.182646,0.171134,0.200451,73.75
2025-01-16,XLF,49.46,49.85,49.46,49.81,33830400,0.182792,0.170963,0.201715,74.07
2025-01-17,XLF,49.91,50.32,49.73,50.23,43693100,0.183003,0.171007,0.20161,74.39
2025-01-21,XLF,50.4,50.71,50.39,50.65,33267500,0.17461,0.170028,0.164769,71.08
2025-01-22,XLF,50.65,50.66,50.21,50.41,37226400,0.167591,0.170052,0.167068,70.24
2025-01-23,XLF,50.49,50.79,50.48,50.7,32048800,0.158768,0.169784,0.161388,58.82
2025-01-24,XLF,50.53,50.9,50.48,50.85,39088700,0.153765,0.16925,0.160683,51.16
2025-01-27,XLF,50.76,51.44,50.62,51.41,61707400,0.155239,0.169961,0.160131,52.87
2025-01-28,XLF,51.35,51.55,51.11,51.32,39885300,0.155043,0.169973,0.16081,52.27
2025-01-29,XLF,51.18,51.74,51.17,51.28,43612200,0.153935,0.170582,0.157281,50.56
2025-01-30,XLF,51.75,52.04,51.43,51.77,64250500,0.149408,0.171069,0.152182,44.44
2025-01-31,XLF,51.83,51.97,51.44,51.47,40424200,0.149646,0.170758,0.15555,46.15
2025-02-03,XLF,50.75,51.4,50.41,51.26,77416200,0.160336,0.174703,0.156421,63.04
2025-02-04,XLF,51.32,51.39,51.0,51.14,41742700,0.157207,0.174586,0.156472,58.06
2025-02-05,XLF,51.36,51.69,51.14,51.68,34758600,0.155919,0.143367,0.157401,55.32
2025-02-06,XLF,51.98,52.13,51.76,52.11,34355900,0.154609,0.143132,0.15696,51.58
2025-02-07,XLF,52.17,52.26,51.78,51.82,40601400,0.153536,0.141949,0.160436,47.92
2025-02-10,XLF,51.91,51.98,51.19,51.41,37921500,0.148131,0.141266,0.130508,40.21
2025-02-11,XLF,51.33,51.64,51.02,51.54,45162900,0.148117,0.142008,0.130125,39.8
2025-02-12,XLF,51.28,51.38,50.92,51.36,45473100,0.150464,0.142712,0.128693,45.45
2025-02-13,XLF,51.5,51.77,51.28,51.7,36372200,0.129759,0.14291,0.100224,32.0
2025-02-14,XLF,51.77,52.02,51.75,51.8,29574300,0.130223,0.142814,0.098834,32.67
2025-02-18,XLF,51.88,52.2,51.75,52.17,33496800,0.128973,0.142749,0.097828,31.37
2025-02-19,XLF,52.04,52.25,51.9,52.19,31748500,0.129185,0.141452,0.094921,32.04
2025-02-20,XLF,52.11,52.15,51.04,51.39,47078900,0.135461,0.14285,0.110565,37.5
2025-02-21,XLF,51.41,51.5,50.65,50.75,51789900,0.138219,0.14244,0.118813,40.0
2025-02-24,XLF,50.99,51.41,50.68,50.97,56673900,0.141974,0.143442,0.119356,40.57
2025-02-25,XLF,51.27,51.41,50.31,50.96,50132800,0.150192,0.146493,0.112284,48.6
2025-02-26,XLF,50.97,51.32,50.75,50.85,31250500,0.151318,0.146674,0.112357,50.0
2025-02-27,XLF,51.03,51.8,50.99,51.13,44378600,0.154607,0.148535,0.114308,56.88
2025-02-28,XLF,51.39,52.26,51.17,52.18,63537100,0.155365,0.150317,0.131575,60.91
2025-03-03,XLF,52.32,52.64,51.37,51.74,76100100,0.162943,0.152511,0.133559,73.87
2025-03-04,XLF,51.22,51.28,49.64,49.92,99342400,0.163286,0.157139,0.18487,74.11
2025-03-05,XLF,49.94,50.45,49.56,50.21,75561700,0.167682,0.158584,0.186523,77.88
2025-03-06,XLF,49.62,49.96,49.06,49.38,55477700,0.176182,0.161982,0.189372,78.95
2025-03-07,XLF,49.2,49.33,48.25,49.12,87351400,0.185215,0.165936,0.185417,81.74
2025-03-10,XLF,48.29,48.61,47.46,48.02,78221400,0.201614,0.172224,0.198089,81.9
2025-03-11,XLF,47.95,48.08,47.28,47.61,72972200,0.202525,0.172875,0.198276,82.05
2025-03-12,XLF,48.12,48.19,47.22,47.68,60700100,0.210146,0.175903,0.197861,94.07
2025-03-13,XLF,47.8,48.08,47.28,47.42,49986300,0.211097,0.177008,0.197933,98.32
2025-03-14,XLF,47.87,48.6,47.62,48.52,49535700,0.216754,0.179234,0.217088,99.17
2025-03-17,XLF,48.33,49.33,48.32,49.09,43570500,0.220552,0.180787,0.22281,99.17
2025-03-18,XLF,49.13,49.29,48.85,49.03,32714200,0.220563,0.180721,0.21989,99.18
2025-03-19,XLF,49.06,49.83,48.86,49.57,44290700,0.223947,0.179466,0.225249,99.19
2025-03-20,XLF,49.29,49.98,49.2,49.64,46326000,0.223495,0.17832,0.220368,98.39
2025-03-21,XLF,49.39,49.64,49.03,49.46,53382800,0.224195,0.176595,0.216819,99.2
2025-03-24,XLF,49.79,50.27,49.66,50.15,43158200,0.22378,0.175999,0.22265,97.62
2025-03-25,XLF,50.33,50.51,50.08,50.43,24873700,0.217357,0.176099,0.223799,94.49
2025-03-26,XLF,50.58,50.91,50.09,50.28,39729200,0.218997,0.177009,0.223897,94.53
2025-03-27,XLF,50.19,50.45,49.79,50.18,32299800,0.215825,0.176611,0.222786,92.25
2025-03-28,XLF,50.03,50.3,49.02,49.21,45365400,0.216932,0.176855,0.217168,93.08
2025-03-31,XLF,48.72,50.06,48.58,49.81,38042300,0.219708,0.180692,0.222437,94.66
2025-04-01,XLF,49.62,49.97,49.2,49.75,37959100,0.212659,0.180573,0.182867,90.15
2025-04-02,XLF,49.35,50.33,49.27,50.16,41792100,0.213329,0.181437,0.184108,90.23
2025-04-03,XLF,48.2,48.65,47.6,47.69,101160600,0.252177,0.200028,0.251449,99.25
2025-04-04,XLF,46.07,46.41,44.09,44.2,128135300,0.283438,0.217129,0.364521,99.26
2025-04-07,XLF,42.84,45.65,42.21,44.09,179993200,0.341725,0.247789,0.358757,99.26
2025-04-08,XLF,45.8,46.22,43.24,43.92,98804200,0.396717,0.270978,0.358397,99.27
2025-04-09,XLF,43.24,47.61,43.07,47.23,177242900,0.424036,0.287909,0.45022,99.28
2025-04-10,XLF,46.53,46.6,44.54,45.91,93318200,0.440334,0.297253,0.460786,99.28
2025-04-11,XLF,45.6,46.97,45.37,46.67,63647400,0.439812,0.295702,0.456745,98.57
2025-04-14,XLF,47.35,47.62,46.87,47.15,52008900,0.446128,0.298296,0.456202,99.29
2025-04-15,XLF,47.42,47.9,47.23,47.27,41840100,0.448629,0.299101,0.456484,99.3
2025-04-16,XLF,47.17,47.34,46.18,46.53,47934300,0.449694,0.300381,0.456419,99.3
2025-04-17,XLF,46.5,47.21,46.43,46.65,61866600,0.450909,0.301255,0.456593,99.31
2025-04-21,XLF,46.41,46.55,45.14,45.65,43082300,0.45504,0.303651,0.461333,99.31
2025-04-22,XLF,46.34,47.28,46.2,47.16,38154800,0.460112,0.306473,0.475482,99.32
2025-04-23,XLF,48.04,48.73,47.56,47.72,50290900,0.470263,0.310791,0.477496,99.32
2025-04-24,XLF,47.55,48.34,47.36,48.25,26817900,0.469574,0.311421,0.48,98.65
2025-04-25,XLF,48.01,48.23,47.7,48.02,28113000,0.469154,0.311295,0.480097,97.99
2025-04-28,XLF,48.22,48.57,47.83,48.17,33922800,0.468546,0.311016,0.475972,97.33
2025-04-29,XLF,48.18,48.76,47.96,48.67,42475300,0.466291,0.311364,0.475356,96.69
2025-04-30,XLF,48.15,48.93,47.5,48.76,33759900,0.470447,0.312446,0.475475,99.34
2025-05-01,XLF,48.58,49.07,48.44,48.75,34420200,0.469726,0.312764,0.474249,98.04
2025-05-02,XLF,49.49,49.94,49.33,49.76,35032100,0.452016,0.314479,0.442733,93.51
2025-05-05,XLF,49.34,49.83,49.1,49.44,24139900,0.426664,0.314909,0.335911,89.03
2025-05-06,XLF,49.0,49.56,48.97,49.16,28949100,0.372461,0.315578,0.337118,87.18
2025-05-07,XLF,49.32,49.72,49.26,49.45,30070100,0.318873,0.315408,0.33532,85.99
2025-05-08,XLF,49.84,50.37,49.73,49.86,31294200,0.274059,0.316248,0.22517,84.81
2025-05-09,XLF,49.96,50.04,49.72,49.86,22075000,0.238489,0.316022,0.193583,83.65
2025-05-12,XLF,51.11,51.2,50.55,50.87,44274100,0.242799,0.32072,0.197044,83.75
2025-05-13,XLF,51.0,51.32,50.91,51.08,33986100,0.237093,0.320851,0.195797,82.61
2025-05-14,XLF,51.11,51.17,50.79,50.94,38764200,0.234287,0.320818,0.197214,82.1
2025-05-15,XLF,50.87,51.36,50.83,51.28,34742500,0.228586,0.320864,0.183358,81.6
2025-05-16,XLF,51.27,51.67,51.16,51.59,53401000,0.224786,0.319991,0.183197,81.1
2025-05-19,XLF,51.32,51.77,51.24,51.62,26348400,0.214986,0.319811,0.155045,73.33
2025-05-20,XLF,51.38,51.52,51.11,51.34,26903000,0.208027,0.319243,0.124981,61.45
2025-05-21,XLF,51.02,51.17,50.25,50.29,40022000,0.192865,0.318076,0.149645,56.89
2025-05-22,XLF,50.18,50.52,49.97,50.23,33662800,0.190576,0.317983,0.146787,56.55
2025-05-23,XLF,49.59,50.29,49.57,50.05,33645600,0.195805,0.317967,0.146117,57.4
2025-05-27,XLF,50.44,50.96,50.26,50.93,38636400,0.195697,0.31783,0.155977,57.06
2025-05-28,XLF,50.89,51.02,50.51,50.59,31730200,0.194204,0.316445,0.156766,56.73
2025-05-29,XLF,50.76,50.86,50.36,50.85,34098400,0.179952,0.314677,0.157173,52.91
2025-05-30,XLF,50.68,51.05,50.46,50.96,37953200,0.17905,0.31414,0.156937,52.6
2025-06-02,XLF,50.61,51.0,50.29,50.98,30142300,0.173429,0.313237,0.14131,51.15
2025-06-03,XLF,50.82,51.13,50.41,51.08,33705400,0.171286,0.311797,0.138385,50.86
2025-06-04,XLF,51.15,51.21,50.78,50.79,24600500,0.165867,0.308626,0.138394,49.43
2025-06-05,XLF,50.8,50.88,50.45,50.65,42014400,0.165124,0.308055,0.138274,49.15
2025-06-06,XLF,51.17,51.44,51.05,51.28,34982800,0.163951,0.306846,0.141776,48.31
2025-06-09,XLF,51.34,51.36,50.69,51.0,28322100,0.166147,0.306569,0.143812,50.28
2025-06-10,XLF,50.99,51.08,50.88,51.06,27728600,0.135573,0.304962,0.125283,22.22
2025-06-11,XLF,51.11,51.34,50.81,51.0,39368400,0.135876,0.304495,0.124486,22.65
2025-06-12,XLF,50.7,51.01,50.5,51.0,25500900,0.137425,0.304606,0.124087,23.08
2025-06-13,XLF,50.35,50.46,49.81,49.96,54921900,0.144692,0.304968,0.141388,25.68
2025-06-16,XLF,50.32,50.88,50.31,50.53,35632400,0.149821,0.305175,0.146222,30.43
2025-06-17,XLF,50.27,50.48,50.09,50.24,31130700,0.14939,0.304881,0.147019,28.65
2025-06-18,XLF,50.22,50.77,50.15,50.22,45728200,0.152139,0.304814,0.146249,33.33
2025-06-20,XLF,50.37,50.58,50.22,50.36,44456100,0.149048,0.304694,0.127081,28.34
2025-06-23,XLF,50.2,50.84,49.84,50.82,43022700,0.152972,0.304768,0.130912,35.11
2025-06-24,XLF,51.32,51.77,51.28,51.58,41225000,0.149249,0.305374,0.139207,28.57
2025-06-25,XLF,51.59,51.6,51.3,51.41,33123900,0.144671,0.303976,0.126637,24.74
2025-06-26,XLF,51.44,51.83,51.41,51.79,37866000,0.143712,0.301928,0.125917,24.61
2025-06-27,XLF,51.75,52.23,51.7,51.94,38954100,0.142352,0.301472,0.125234,24.48
2025-06-30,XLF,52.18,52.44,52.14,52.37,42472900,0.141113,0.300654,0.127779,23.83
2025-07-01,XLF,52.24,52.77,52.21,52.66,33844800,0.136659,0.288345,0.128557,21.65
2025-07-02,XLF,52.75,52.76,52.34,52.62,40791100,0.133276,0.274596,0.128824,18.46
2025-07-03,XLF,52.75,53.27,52.7,53.19,25904800,0.133775,0.246056,0.12991,18.88
2025-07-07,XLF,53.13,53.25,52.42,52.68,34049000,0.136719,0.220855,0.135633,22.84
2025-07-08,XLF,52.56,52.6,52.18,52.21,53715000,0.131779,0.198003,0.135073,18.18
2025-07-09,XLF,52.48,52.5,52.14,52.4,36634900,0.130733,0.182841,0.133229,18.09
2025-07-10,XLF,52.28,52.76,52.28,52.71,27992600,0.131333,0.17834,0.134197,18.5
2025-07-11,XLF,52.36,52.41,52.08,52.16,30289900,0.131844,0.175549,0.140659,19.4
2025-07-14,XLF,52.15,52.58,52.02,52.55,27636500,0.12995,0.174126,0.142345,17.33
2025-07-15,XLF,52.34,52.45,51.65,51.65,47704600,0.12208,0.172286,0.135833,14.29
2025-07-16,XLF,51.93,52.06,51.33,52.01,46726500,0.124305,0.172257,0.132532,15.2
2025-07-17,XLF,51.87,52.6,51.81,52.51,48213900,0.124405,0.168094,0.132654,15.61
2025-07-18,XLF,52.58,52.65,52.43,52.54,29791300,0.119472,0.16373,0.132445,12.14
2025-07-21,XLF,52.57,52.94,52.37,52.39,36871400,0.121447,0.156179,0.133657,13.53
2025-07-22,XLF,52.5,52.75,52.47,52.68,32289100,0.113675,0.154639,0.131722,3.85
2025-07-23,XLF,52.8,53.1,52.56,53.1,32111300,0.109144,0.154204,0.124748,2.87
2025-07-24,XLF,53.12,53.44,53.01,53.07,32371900,0.110539,0.153109,0.123739,3.33
2025-07-25,XLF,53.1,53.49,52.99,53.44,28964700,0.111201,0.152247,0.12349,3.79
2025-07-28,XLF,53.38,53.44,52.96,53.07,29119300,0.110045,0.145763,0.126981,3.3
2025-07-29,XLF,53.25,53.3,52.68,52.8,37883200,0.111233,0.145244,0.125819,4.69
2025-07-30,XLF,52.78,53.03,52.44,52.7,37260100,0.11205,0.141915,0.12457,6.07
2025-07-31,XLF,52.48,52.99,52.27,52.37,46179400,0.116702,0.141235,0.126565,10.23
2025-08-01,XLF,51.72,51.76,51.05,51.4,63060800,0.126957,0.142479,0.135473,20.37
2025-08-04,XLF,51.6,51.91,51.49,51.91,40053100,0.124727,0.142202,0.138014,19.82
2025-08-05,XLF,52.05,52.09,51.36,51.7,33551000,0.128664,0.141251,0.135205,21.56
2025-08-06,XLF,51.81,52.03,51.66,51.95,34198700,0.126999,0.141296,0.135752,21.0
2025-08-07,XLF,52.18,52.25,51.22,51.37,43119400,0.131875,0.132371,0.13874,26.36
2025-08-08,XLF,51.67,51.97,51.5,51.85,39484400,0.132143,0.132874,0.139115,26.7
2025-08-11,XLF,51.96,52.03,51.72,51.83,29351200,0.131109,0.132824,0.136074,24.77
2025-08-12,XLF,52.05,52.55,52.04,52.46,37510000,0.129344,0.13307,0.128296,22.87
2025-08-13,XLF,52.66,52.91,52.49,52.76,41154900,0.123366,0.133255,0.127577,18.3
2025-08-14,XLF,52.71,53.05,52.53,53.01,35841500,0.121752,0.132827,0.124236,16.89
2025-08-15,XLF,53.13,53.16,52.42,52.46,46108500,0.123279,0.132748,0.130119,18.58
2025-08-18,XLF,52.39,52.56,52.29,52.5,25405100,0.120785,0.130919,0.129726,15.86
2025-08-19,XLF,52.45,52.87,52.45,52.6,24870800,0.122299,0.130589,0.128352,18.42
2025-08-20,XLF,52.64,53.01,52.51,52.87,39138800,0.121566,0.127119,0.12639,16.59
2025-08-21,XLF,52.72,52.8,52.35,52.7,29037000,0.122489,0.126085,0.126838,19.13
2025-08-22,XLF,52.97,53.68,52.95,53.57,47249800,0.124554,0.126622,0.137957,21.65
2025-08-25,XLF,53.47,53.58,53.24,53.26,24756500,0.124171,0.125682,0.137237,20.69
2025-08-26,XLF,53.1,53.69,53.1,53.67,27907000,0.123535,0.12509,0.138204,20.6
2025-08-27,XLF,53.54,53.94,53.51,53.78,39530100,0.122411,0.12333,0.137886,18.8
2025-08-28,XLF,53.89,53.91,53.7,53.85,28837300,0.116214,0.121616,0.135164,8.51
2025-08-29,XLF,53.9,54.14,53.8,53.99,36062400,0.100883,0.121575,0.112407,0.0
2025-09-02,XLF,53.7,53.7,53.12,53.59,38733100,0.10702,0.123028,0.114043,0.84
2025-09-03,XLF,53.5,53.6,53.13,53.5,36420100,0.1045,0.121686,0.112789,0.42
2025-09-04,XLF,53.69,54.08,53.57,54.06,32730000,0.105166,0.120981,0.116518,0.84
2025-09-05,XLF,54.11,54.25,52.87,53.07,58377100,0.10891,0.123996,0.129552,3.75
2025-09-08,XLF,53.09,53.17,52.84,53.11,49490900,0.106562,0.123588,0.126351,1.66
2025-09-09,XLF,52.98,53.59,52.96,53.34,38884500,0.108981,0.123332,0.126671,4.96
2025-09-10,XLF,53.17,53.4,52.93,53.16,32915900,0.109082,0.120139,0.121208,5.35
2025-09-11,XLF,53.19,54.07,53.18,54.03,36635400,0.10906,0.118892,0.132275,5.33
2025-09-12,XLF,53.96,54.07,53.71,53.8,25705900,0.108203,0.118247,0.132935,3.67
2025-09-15,XLF,53.89,54.09,53.62,53.68,31922000,0.107365,0.117001,0.126845,3.66
2025-09-16,XLF,53.61,53.67,53.27,53.56,28482500,0.108694,0.11708,0.127412,4.86
2025-09-17,XLF,53.67,54.33,53.65,54.08,47976100,0.110262,0.11536,0.131067,8.06
2025-09-18,XLF,54.11,54.5,53.99,54.13,36609100,0.111133,0.113902,0.130326,8.84
2025-09-19,XLF,54.26,54.41,53.92,54.25,46731400,0.110985,0.114479,0.129317,8.8
2025-09-22,XLF,53.7,54.06,53.64,54.0,32393000,0.113201,0.116486,0.118173,11.55
2025-09-23,XLF,53.95,54.49,53.63,53.76,28698900,0.119398,0.117936,0.117328,19.84
2025-09-24,XLF,53.83,53.96,53.5,53.61,23893400,0.119902,0.11789,0.114658,20.63
2025-09-25,XLF,53.47,53.71,53.24,53.47,24757500,0.120438,0.117943,0.114718,21.43
2025-09-26,XLF,53.71,54.1,53.64,53.86,30686100,0.122704,0.118177,0.11773,26.19
2025-09-29,XLF,54.04,54.15,53.74,54.13,20713800,0.124344,0.118372,0.118736,28.97
2025-09-30,XLF,54.06,54.24,53.42,53.87,32442200,0.124261,0.118701,0.11687,28.57
2025-10-01,XLF,53.61,53.76,53.37,53.39,33210100,0.124078,0.119122,0.121239,28.17
2025-10-02,XLF,53.31,53.48,53.06,53.35,32443400,0.123383,0.118667,0.114696,27.78
2025-10-03,XLF,53.42,53.97,53.38,53.72,32111600,0.116421,0.119188,0.096309,15.08
2025-10-06,XLF,53.93,54.07,53.3,53.7,32001300,0.121319,0.12006,0.096369,23.02
2025-10-07,XLF,53.88,54.05,53.52,53.77,31250500,0.121161,0.120378,0.095394,23.02
2025-10-08,XLF,53.93,53.95,53.34,53.51,26848700,0.121514,0.119977,0.096303,24.21
2025-10-09,XLF,53.63,53.81,53.19,53.32,33922400,0.121578,0.118082,0.076548,25.0
2025-10-10,XLF,53.46,53.68,52.16,52.16,73596200,0.129918,0.120346,0.10731,37.3
2025-10-13,XLF,52.55,52.82,52.34,52.66,39651900,0.132554,0.12169,0.114228,40.87
2025-10-14,XLF,52.45,53.65,52.25,53.24,62588700,0.143383,0.125059,0.121628,47.22
2025-10-15,XLF,53.43,53.76,52.86,53.24,39526600,0.146116,0.127006,0.115829,49.21
2025-10-16,XLF,53.09,53.12,51.54,51.76,85420100,0.153057,0.129819,0.150931,55.16
2025-10-17,XLF,51.9,52.36,51.73,52.18,52288900,0.153895,0.130202,0.154618,55.95
2025-10-20,XLF,52.36,52.9,52.29,52.79,39479600,0.149795,0.130558,0.161489,51.59
2025-10-21,XLF,52.66,53.13,52.66,52.73,31213600,0.147283,0.131186,0.161013,48.02
2025-10-22,XLF,52.78,52.82,52.12,52.43,53727500,0.149283,0.131623,0.16178,50.0
2025-10-23,XLF,52.59,52.68,52.29,52.54,29483700,0.148477,0.131325,0.162064,48.41
2025-10-24,XLF,52.85,53.28,52.81,53.11,31947800,0.148837,0.130253,0.164871,48.81
2025-10-27,XLF,53.37,53.43,53.2,53.33,27154100,0.147975,0.126382,0.164502,46.83
2025-10-28,XLF,53.33,53.4,52.94,52.99,33648000,0.143878,0.126222,0.165115,44.05
2025-10-29,XLF,52.45,52.58,51.87,52.09,61846300,0.150206,0.127824,0.172828,52.38
2025-10-30,XLF,52.02,52.82,52.02,52.23,48568700,0.155266,0.12994,0.173384,58.33
2025-10-31,XLF,52.01,52.5,51.94,52.37,40425800,0.15604,0.128999,0.171442,59.13
2025-11-03,XLF,52.33,52.34,51.65,52.15,38693200,0.156522,0.129776,0.171716,59.13
2025-11-04,XLF,51.95,52.54,51.84,52.42,44675200,0.157866,0.130637,0.173083,60.32
2025-11-05,XLF,52.49,52.82,52.18,52.6,38036300,0.1587,0.131018,0.173308,60.32
2025-11-06,XLF,52.51,52.7,52.17,52.41,42625700,0.158564,0.131108,0.17332,59.92
2025-11-07,XLF,52.28,52.8,52.09,52.78,46218700,0.153314,0.131546,0.156152,52.38
2025-11-10,XLF,52.93,53.15,52.65,52.97,42010600,0.151399,0.131607,0.153027,50.79
2025-11-11,XLF,53.07,53.34,52.88,53.21,29995800,0.141785,0.131958,0.148727,39.29
2025-11-12,XLF,53.22,53.89,53.22,53.67,46052700,0.138202,0.132222,0.151854,38.1
2025-11-13,XLF,53.57,53.76,52.88,52.98,50455300,0.131658,0.133075,0.12009,31.75
2025-11-14,XLF,52.81,52.81,52.27,52.45,46154600,0.130988,0.133022,0.123444,30.95
2025-11-17,XLF,52.47,52.49,51.25,51.45,70048500,0.135108,0.134055,0.133943,36.51
2025-11-18,XLF,51.28,51.75,51.15,51.37,66043600,0.135753,0.135015,0.133945,37.7
2025-11-19,XLF,51.38,51.65,51.19,51.56,46003900,0.133725,0.135052,0.134005,34.92
2025-11-20,XLF,52.03,52.39,51.08,51.11,70096400,0.145236,0.138862,0.136378,45.24
2025-11-21,XLF,51.46,51.97,51.14,51.67,68942900,0.149104,0.140965,0.136505,49.6
2025-11-24,XLF,51.74,51.97,51.33,51.89,43789100,0.151122,0.141939,0.136567,53.97
2025-11-25,XLF,52.11,52.66,51.91,52.54,50989800,0.154178,0.141529,0.143569,58.73
2025-11-26,XLF,52.67,53.15,52.6,52.95,35268500,0.148648,0.141491,0.131878,48.81
2025-11-28,XLF,53.1,53.55,53.03,53.33,16136100,0.14396,0.141606,0.133658,44.05
2025-12-01,XLF,53.07,53.4,52.84,52.89,29296300,0.145165,0.140243,0.137488,45.63
2025-12-02,XLF,52.99,53.14,52.64,52.84,29771500,0.141887,0.140486,0.136492,42.06
2025-12-03,XLF,52.94,53.6,52.88,53.55,32018000,0.140324,0.140198,0.143011,41.27
2025-12-04,XLF,53.59,53.91,53.47,53.66,33678700,0.138826,0.139953,0.142793,41.27
2025-12-05,XLF,53.54,53.93,53.45,53.68,28532300,0.138641,0.139851,0.14178,41.27
2025-12-08,XLF,53.7,53.71,53.28,53.48,31164200,0.136719,0.139974,0.14105,39.29
2025-12-09,XLF,53.5,53.95,53.25,53.28,46335400,0.139058,0.140899,0.141431,42.06
2025-12-10,XLF,53.28,54.08,53.21,53.89,45437500,0.141244,0.141571,0.146171,42.86
2025-12-11,XLF,53.96,54.98,53.93,54.87,51786500,0.142433,0.141881,0.156441,44.44
2025-12-12,XLF,55.16,55.21,54.71,54.95,64428900,0.140715,0.142059,0.147382,41.67
2025-12-15,XLF,55.18,55.31,54.82,54.99,35356800,0.139717,0.142065,0.140672,40.87
2025-12-16,XLF,55.04,55.16,54.48,54.64,37342300,0.13535,0.140751,0.120407,34.92
2025-12-17,XLF,54.8,55.07,54.58,54.63,41112400,0.132813,0.13941,0.119814,31.75
2025-12-18,XLF,54.77,55.02,54.36,54.54,35021600,0.133966,0.139922,0.120945,32.94
2025-12-19,XLF,54.56,55.02,54.56,54.84,46595300,0.122376,0.139664,0.113185,16.67
2025-12-22,XLF,54.75,55.44,54.74,55.32,37987800,0.117643,0.139686,0.111552,10.32
2025-12-23,XLF,55.31,55.56,55.31,55.43,24732900,0.113877,0.139214,0.111616,9.13
2025-12-24,XLF,55.51,55.89,55.41,55.73,15685800,0.111074,0.137967,0.106646,6.75
2025-12-26,XLF,55.71,55.8,55.44,55.62,20410100,0.109947,0.137459,0.106409,5.16
2025-12-29,XLF,55.59,55.68,55.26,55.32,34223800,0.108806,0.137232,0.108386,3.17
2025-12-30,XLF,55.4,55.4,55.14,55.18,16160900,0.103729,0.136541,0.103058,0.4
2025-12-31,XLF,55.22,55.26,54.75,54.77,22996200,0.102643,0.135226,0.108096,0.4
2026-01-02,XLF,54.83,55.0,54.34,54.93,36087100,0.105465,0.135841,0.099292,1.98
2026-01-05,XLF,54.82,56.51,54.82,56.13,58044100,0.118405,0.1392,0.122815,13.49
2026-01-06,XLF,56.04,56.52,55.99,56.4,38950800,0.117636,0.138914,0.122922,13.1
2026-01-07,XLF,56.23,56.34,55.54,55.61,44720900,0.119897,0.136959,0.134807,15.08
2026-01-08,XLF,55.45,56.25,55.41,55.9,35358300,0.120107,0.137233,0.133525,15.87
2026-01-09,XLF,55.98,56.16,55.72,55.73,29544900,0.117665,0.133597,0.130437,13.89
2026-01-12,XLF,55.03,55.36,54.84,55.29,42021600,0.124348,0.134777,0.119367,26.19
2026-01-13,XLF,55.15,55.23,54.15,54.23,77045100,0.125545,0.132732,0.138252,27.78
2026-01-14,XLF,54.05,54.18,53.69,54.15,59754600,0.125643,0.132769,0.13818,28.17
2026-01-15,XLF,54.22,54.7,54.21,54.37,48490800,0.125474,0.132755,0.13752,27.78
2026-01-16,XLF,54.37,54.76,54.29,54.44,44363200,0.124744,0.132361,0.137628,27.78
2026-01-20,XLF,53.61,54.11,53.1,53.2,57030800,0.138542,0.137385,0.159826,44.05
2026-01-21,XLF,53.37,53.83,53.24,53.46,49360300,0.141005,0.137889,0.159499,46.83
2026-01-22,XLF,53.65,54.05,53.64,53.81,46919300,0.141834,0.13755,0.157862,48.41
2026-01-23,XLF,53.49,53.51,52.88,53.07,47057500,0.144223,0.138237,0.163291,51.98
2026-01-26,XLF,53.1,53.55,53.09,53.41,31072700,0.143866,0.138292,0.163935,51.19
2026-01-27,XLF,53.32,53.43,52.84,53.0,38633700,0.14482,0.136409,0.165123,53.57
2026-01-28,XLF,52.93,53.21,52.76,52.99,45450800,0.145339,0.13458,0.164906,54.76
2026-01-29,XLF,53.32,53.63,52.99,53.55,51975400,0.15036,0.135414,0.170899,62.7
2026-01-30,XLF,53.38,53.66,53.02,53.44,42767000,0.152051,0.134838,0.169471,64.68
2026-02-02,XLF,53.45,54.09,53.2,54.03,48031500,0.151897,0.135171,0.174431,64.29
2026-02-03,XLF,53.72,54.17,53.16,53.53,66887100,0.148108,0.136976,0.155137,56.35
2026-02-04,XLF,53.51,54.18,53.4,53.96,59506400,0.150142,0.137356,0.157499,61.51
2026-02-05,XLF,53.94,54.06,53.18,53.29,64475000,0.151088,0.137557,0.155981,63.49
2026-02-06,XLF,53.83,54.35,53.83,54.26,53073800,0.154125,0.138741,0.170009,68.25
2026-02-09,XLF,54.08,54.39,53.9,53.94,31699900,0.154714,0.139062,0.170662,69.44
2026-02-10,XLF,53.7,54.26,53.12,53.55,57920800,0.15614,0.141444,0.17035,70.63
2026-02-11,XLF,53.67,53.93,52.69,52.74,60339900,0.159085,0.142494,0.165208,72.22
2026-02-12,XLF,52.9,53.11,51.43,51.69,94645100,0.168396,0.146168,0.178072,75.0
2026-02-13,XLF,51.55,51.93,51.25,51.65,56449300,0.169373,0.145312,0.176596,75.0
2026-02-17,XLF,51.82,52.41,51.82,52.2,54064700,0.170344,0.144996,0.182287,75.0
2026-02-18,XLF,52.35,52.78,52.28,52.59,45224000,0.156703,0.145143,0.167346,69.44
2026-02-19,XLF,52.14,52.38,51.74,52.15,47344400,0.15975,0.143073,0.168243,71.03
2026-02-20,XLF,52.04,52.5,51.72,52.49,52934100,0.16164,0.14214,0.168227,71.03
2026-02-23,XLF,52.19,52.47,50.64,50.73,94600400,0.171563,0.146016,0.200611,75.4
2026-02-24,XLF,50.45,51.18,50.24,50.98,64114100,0.175803,0.146729,0.199837,75.79
2026-02-25,XLF,51.24,51.89,51.17,51.87,47652800,0.177173,0.147066,0.210357,76.19
2026-02-26,XLF,52.07,52.66,51.98,52.5,60884300,0.178661,0.147392,0.215484,76.19
2026-02-27,XLF,51.88,52.06,51.01,51.43,81998700,0.184869,0.150514,0.222635,76.98
2026-03-02,XLF,50.61,51.63,50.46,51.3,70107200,0.196026,0.155613,0.222643,79.37
2026-03-03,XLF,50.29,51.55,50.08,51.21,94738700,0.211395,0.163199,0.217287,81.35
2026-03-04,XLF,51.33,51.65,51.08,51.5,51472400,0.208897,0.163576,0.217726,80.16
2026-03-05,XLF,51.24,51.82,50.91,51.23,58430700,0.211177,0.165149,0.214769,80.95
2026-03-06,XLF,50.44,50.62,49.75,50.57,75632700,0.21935,0.169746,0.215064,84.52
2026-03-09,XLF,49.92,50.52,49.18,50.33,78178700,0.224991,0.174285,0.20077,87.7
2026-03-10,XLF,50.33,50.69,49.75,50.06,70834200,0.228305,0.175097,0.200703,87.7
2026-03-11,XLF,49.98,50.12,49.22,49.64,56301200,0.227098,0.175731,0.201018,87.3
2026-03-12,XLF,48.98,49.22,48.79,48.83,67871700,0.224651,0.176676,0.201976,86.11
2026-03-13,XLF,49.11,49.46,48.85,48.89,47595200,0.219782,0.17749,0.193206,83.33
2026-03-16,XLF,49.25,49.75,49.11,49.3,45720100,0.224393,0.178874,0.197141,85.71
2026-03-17,XLF,49.7,50.19,49.51,49.56,46974000,0.22912,0.180634,0.193378,88.1
2026-03-18,XLF,49.37,49.71,48.92,48.97,49239100,0.229711,0.18099,0.192291,88.1
2026-03-19,XLF,48.77,49.18,48.52,48.99,58374000,0.229267,0.181499,0.191895,87.7
2026-03-20,XLF,48.96,49.34,48.79,49.08,82914000,0.228547,0.181678,0.189492,86.51
2026-03-23,XLF,49.7,49.86,49.22,49.27,81044800,0.228561,0.184592,0.152002,86.51
2026-03-24,XLF,48.8,49.59,48.78,49.28,43296400,0.229206,0.185987,0.15029,87.3
2026-03-25,XLF,49.59,49.95,48.99,49.34,40438800,0.233087,0.188261,0.133186,88.1
2026-03-26,XLF,49.11,49.49,48.88,49.05,45035700,0.232096,0.188934,0.121904,87.7
2026-03-27,XLF,48.79,48.84,47.67,47.81,64823900,0.22946,0.190365,0.132151,86.9
2026-03-30,XLF,48.23,48.72,48.09,48.36,58128900,0.225555,0.192262,0.142608,83.33
2026-03-31,XLF,48.92,49.46,48.51,49.37,85361900,0.21721,0.194901,0.165483,80.16
2026-04-01,XLF,49.8,49.85,49.14,49.44,61558300,0.220364,0.194208,0.163619,81.35
2026-04-02,XLF,48.83,49.81,48.6,49.53,39519800,0.225708,0.197339,0.163703,83.33
2026-04-06,XLF,49.51,50.01,49.45,49.88,27345800,0.214279,0.19721,0.160799,78.97
2026-04-07,XLF,49.62,50.02,49.5,49.88,31750000,0.200372,0.196765,0.160087,77.38
2026-04-08,XLF,51.19,51.48,50.96,51.2,48175400,0.217088,0.20494,0.184417,80.16
2026-04-09,XLF,50.94,51.54,50.8,51.33,30330500,0.216197,0.204166,0.18096,80.16
2026-04-10,XLF,51.23,51.29,50.64,50.77,35427500,0.20976,0.203744,0.174611,78.57
2026-04-13,XLF,50.5,51.67,50.42,51.66,33635900,0.211793,0.204481,0.18294,79.76
2026-04-14,XLF,51.51,51.91,51.44,51.78,36498400,0.209334,0.204235,0.181742,78.57
2026-04-15,XLF,52.07,52.33,51.82,52.17,33804700,0.206221,0.204733,0.182375,77.78
2026-04-16,XLF,52.09,52.41,51.92,52.03,25432000,0.203661,0.20142,0.175398,77.78
2026-04-17,XLF,52.37,52.98,52.3,52.43,45183400,0.204713,0.202322,0.175848,78.17
2026-04-20,XLF,52.34,52.76,52.26,52.63,26160600,0.204141,0.202103,0.175756,78.17
2026-04-21,XLF,52.71,53.19,52.2,52.3,34150100,0.203157,0.203044,0.179134,77.78
2026-04-22,XLF,52.48,52.65,52.07,52.21,31838400,0.197807,0.203453,0.17966,77.38
2026-04-23,XLF,52.08,52.17,51.3,51.8,44647900,0.197053,0.204472,0.183643,77.38
2026-04-24,XLF,51.58,51.67,51.32,51.42,27225300,0.195106,0.204449,0.184597,76.19
2026-04-27,XLF,51.31,51.9,51.27,51.81,25764300,0.190198,0.20361,0.152751,75.0
2026-04-28,XLF,52.2,52.4,51.8,51.85,24337500,0.188767,0.204162,0.150555,75.0
2026-04-29,XLF,52.13,52.3,51.7,51.92,22153100,0.182277,0.20419,0.136244,74.6
2026-04-30,XLF,51.51,52.25,51.2,52.13,31406400,0.184076,0.204375,0.13628,75.0
2026-05-01,XLF,52.4,52.61,51.92,51.92,39618200,0.173978,0.204618,0.138323,72.62
2026-05-04,XLF,51.78,52.19,51.49,51.58,44456300,0.176366,0.204813,0.140627,73.41
2026-05-05,XLF,51.57,51.77,51.38,51.59,27419600,0.174455,0.203573,0.140598,73.02
2026-05-06,XLF,51.92,52.24,51.78,51.84,39084600,0.149624,0.204069,0.108077,57.14
2026-05-07,XLF,51.78,52.08,51.42,51.55,36983100,0.148237,0.202645,0.110013,53.97
2026-05-08,XLF,51.68,51.74,51.14,51.24,29627700,0.147751,0.201473,0.104619,53.17
2026-05-11,XLF,51.26,51.46,50.96,51.18,30759200,0.142732,0.198659,0.083405,47.62
2026-05-12,XLF,51.18,51.7,50.81,51.58,44193700,0.14626,0.199132,0.087959,53.17
2026-05-13,XLF,51.14,51.33,50.96,50.99,33440200,0.148181,0.199361,0.091696,55.16
2026-05-14,XLF,51.27,51.49,51.1,51.29,37059700,0.148313,0.199547,0.094762,55.95
2026-05-15,XLF,51.32,51.5,51.04,51.1,29789800,0.143313,0.198536,0.089905,48.02
2026-05-18,XLF,51.01,51.8,50.97,51.74,32974600,0.144543,0.198142,0.100947,50.79
2026-05-19,XLF,51.63,51.79,51.05,51.1,35956300,0.14046,0.195108,0.107499,44.05
2026-05-20,XLF,51.23,51.71,50.78,51.66,42148400,0.14495,0.195303,0.115651,52.78
2026-05-21,XLF,51.46,51.83,51.21,51.73,33344200,0.141797,0.195244,0.112464,46.43
2026-05-22,XLF,51.9,52.17,51.84,51.94,23308000,0.141482,0.194858,0.109913,46.03
2026-05-26,XLF,52.0,52.23,51.72,51.85,24530200,0.14125,0.192124,0.106913,46.03
2026-05-27,XLF,51.74,51.99,51.3,51.42,45239100,0.140076,0.18822,0.11089,43.65
2026-05-28,XLF,51.19,51.5,51.02,51.27,40564600,0.138865,0.181331,0.111025,42.86
2026-05-29,XLF,51.28,51.79,51.17,51.58,34240300,0.131771,0.181295,0.112352,33.73
2026-06-01,XLF,51.23,51.6,51.19,51.43,34507600,0.130951,0.180147,0.111957,32.14
2026-06-02,XLF,51.23,51.66,50.98,51.46,30988800,0.130272,0.175936,0.109647,31.75
2026-06-03,XLF,51.14,51.16,50.52,50.87,44906700,0.134348,0.171117,0.116868,38.89
2026-06-04,XLF,51.54,52.3,51.48,52.19,57368100,0.141889,0.172169,0.14884,50.79
2026-06-05,XLF,52.38,52.48,52.06,52.3,42101700,0.140895,0.170872,0.147263,47.22
2026-06-08,XLF,52.24,52.47,51.96,51.97,39102700,0.140587,0.168492,0.147448,46.83
2026-06-09,XLF,52.18,52.7,52.04,52.46,41695100,0.142316,0.168102,0.150395,51.98
2026-06-10,XLF,52.5,52.81,52.21,52.23,31128400,0.139841,0.167203,0.149571,45.63
2026-06-11,XLF,52.35,52.77,52.04,52.62,41295600,0.139048,0.166109,0.144213,44.44
2026-06-12,XLF,52.96,53.55,52.81,53.34,51023300,0.141426,0.165801,0.149762,49.6
2026-06-15,XLF,53.76,53.97,53.48,53.56,37492400,0.144062,0.165676,0.148402,55.95
2026-06-16,XLF,54.01,54.43,53.85,54.35,37478300,0.14576,0.166166,0.150572,59.52
2026-06-17,XLF,54.29,54.89,53.9,54.05,49571900,0.149881,0.165883,0.14332,67.46
2026-06-18,XLF,54.55,54.61,53.46,53.57,37816800,0.150893,0.16537,0.145724,68.65
2026-06-22,XLF,53.62,54.02,53.57,53.7,27962800,0.148815,0.16355,0.145728,64.29
2026-06-23,XLF,53.63,54.03,53.49,53.88,33375300,0.149735,0.162722,0.145609,66.67
2026-06-24,XLF,53.86,54.1,53.54,53.72,30809600,0.150075,0.16097,0.146078,67.86
2026-06-25,XLF,53.92,54.68,53.4,53.45,31634800,0.158836,0.163074,0.143506,76.98
2026-06-26,XLF,53.56,53.94,53.2,53.57,26643000,0.158892,0.160677,0.142354,76.98
2026-06-29,XLF,53.7,54.03,53.68,53.72,31628000,0.15779,0.159168,0.14166,75.0
2026-06-30,XLF,53.66,53.85,53.4,53.61,27725300,0.154906,0.154539,0.141293,72.62
2026-07-01,XLF,53.83,55.08,53.75,54.78,47809800,0.157471,0.156471,0.157137,74.6
2026-07-02,XLF,55.28,55.64,55.01,55.62,46246100,0.154007,0.156962,0.152667,70.63
2026-07-06,XLF,55.85,56.16,55.58,56.14,32043700,0.149347,0.148503,0.132313,63.49
2026-07-07,XLF,56.31,56.59,56.01,56.05,27116500,0.150073,0.147675,0.133536,65.08
2026-07-08,XLF,55.79,55.8,54.95,54.97,41648100,0.151841,0.1479,0.153012,68.25
2026-07-09,XLF,55.07,55.69,54.97,55.54,26542000,0.151472,0.146476,0.153578,67.86
2026-07-10,XLF,55.99,56.03,55.36,55.71,24046300,0.152619,0.14748,0.151173,69.05
2026-07-13,XLF,55.98,56.16,55.61,56.07,33391000,0.151498,0.14754,0.150846,67.46
2026-07-14,XLF,55.6,56.8,55.59,56.18,43208800,0.162525,0.151209,0.145759,78.17
2026-07-15,XLF,56.3,56.82,56.18,56.56,49425400,0.162019,0.150046,0.146419,77.78
2026-07-16,XLF,56.76,56.84,56.39,56.75,27591200,0.160499,0.150108,0.139555,76.98
2026-07-17,XLF,56.43,56.94,56.12,56.26,42881800,0.160167,0.15006,0.142267,76.59
2026-07-20,XLF,56.3,56.38,55.89,56.04,38162600,0.15475,0.14973,0.138223,70.24
2026-07-21,XLF,55.99,56.34,55.72,56.11,26399000,0.155421,0.148347,0.138267,71.03
2026-07-22,XLF,56.14,56.28,55.91,56.05,25430900,0.154405,0.147947,0.138667,69.05
2026-07-23,XLF,55.68,55.86,55.45,55.83,24311000,0.156181,0.148508,0.139162,71.83
2026-07-24,XLF,55.83,56.38,55.69,56.31,32212900,0.14529,0.147859,0.138506,51.19
2026-07-27,XLF,56.76,57.13,56.59,56.88,29805900,0.145456,0.148063,0.140998,51.59
2026-07-28,XLF,57.13,57.6,56.95,57.6,34204400,0.146074,0.145593,0.145031,51.98
2026-07-29,XLF,57.29,57.47,56.59,56.68,49038800,0.14977,0.146161,0.159955,59.13
2026-07-30,XLF,56.82,57.05,56.18,57.0,33184200,0.148363,0.146759,0.144339,55.16
2026-07-31,XLF,56.81,57.12,56.69,56.94,32543500,0.144698,0.147,0.135863,47.62
2026-08-03,XLF,57.29,57.55,57.0,57.38,31019400,0.145295,0.146915,0.134701,49.6
2026-08-04,XLF,57.22,58.02,57.19,57.88,31466100,0.145509,0.146787,0.136896,50.4
2026-08-05,XLF,58.18,58.41,57.8,58.0,34275600,0.145306,0.147077,0.112035,49.21
2026-08-06,XLF,58.38,58.38,57.59,57.81,27704200,0.147334,0.147787,0.110129,52.38
2026-08-07,XLF,57.61,57.79,57.34,57.6,20816700,0.143762,0.146741,0.111831,43.25
2026-08-10,XLF,57.54,58.02,57.46,57.81,26070800,0.142127,0.145576,0.110681,40.87
2026-08-11,XLF,57.78,58.1,57.72,57.8,19797000,0.129655,0.145361,0.110829,24.21
2026-08-12,XLF,57.83,58.0,57.68,57.92,18531700,0.127653,0.145072,0.109082,23.81
2026-08-13,XLF,58.19,58.31,57.75,58.26,23193500,0.129112,0.145227,0.110097,24.21
2026-08-14,XLF,58.22,58.29,58.06,58.16,28130100,0.122114,0.144298,0.104349,16.27
2026-08-17,XLF,57.96,58.27,57.55,57.58,45636700,0.124901,0.143418,0.110732,22.22
2026-08-18,XLF,57.73,57.98,57.57,57.84,25389400,0.123431,0.142519,0.111293,18.65
2026-08-19,XLF,57.88,58.2,57.42,57.48,35648300,0.126276,0.143233,0.114361,23.41
2026-08-20,XLF,57.47,57.66,56.91,56.95,30704200,0.124749,0.143456,0.119041,21.43
2026-08-21,XLF,57.32,57.7,57.25,57.48,27273100,0.125243,0.143065,0.119658,21.83
2024-08-22,XBI,102.08,102.12,99.94,100.14,7016500,,,,
2024-08-23,XBI,100.63,102.01,100.1,101.51,7626600,,,,
2024-08-26,XBI,102.04,102.24,101.28,101.7,5653000,,,,
2024-08-27,XBI,101.41,101.89,99.87,101.07,5293600,,,,
2024-08-28,XBI,100.62,101.23,99.99,100.54,5093000,,,,
2024-08-29,XBI,101.0,102.4,100.55,100.91,5732700,,,,
2024-08-30,XBI,101.27,101.86,99.85,101.26,5282100,,,,
2024-09-03,XBI,101.1,102.74,98.48,98.66,9086700,,,,
2024-09-04,XBI,98.29,99.58,97.65,98.52,6944700,,,,
2024-09-05,XBI,98.68,98.89,97.44,98.08,5735500,,,,
2024-09-06,XBI,98.37,98.91,95.43,96.52,8019300,,,,
2024-09-09,XBI,97.03,98.64,96.82,97.89,5876800,,,,
2024-09-10,XBI,97.88,98.25,96.67,98.1,4635900,,,,
2024-09-11,XBI,97.87,99.13,96.96,98.9,5267400,,,,
2024-09-12,XBI,98.88,99.7,97.96,99.06,5702200,,,,
2024-09-13,XBI,99.4,101.4,99.27,101.21,6389100,,,,
2024-09-16,XBI,101.56,101.95,100.51,101.28,7126900,,,,
2024-09-17,XBI,101.42,102.45,100.38,100.95,9199300,,,,
2024-09-18,XBI,101.01,102.97,100.33,100.81,11433200,,,,
2024-09-19,XBI,102.69,103.52,101.85,102.43,13107200,,,,
2024-09-20,XBI,102.21,102.36,100.99,101.61,7655300,0.233098,,0.174264,
2024-09-23,XBI,101.75,102.13,99.07,99.19,9997200,0.234561,,0.188181,
2024-09-24,XBI,99.28,99.45,97.77,98.71,7906800,0.23696,,0.188259,
2024-09-25,XBI,98.9,99.2,97.66,97.75,8469500,0.232876,,0.189861,
2024-09-26,XBI,98.62,99.11,97.42,98.19,6764900,0.234492,,0.19057,
2024-09-27,XBI,98.8,99.35,98.25,98.43,6116200,0.231101,,0.190203,
2024-09-30,XBI,98.1,99.65,97.77,98.8,6828900,0.230916,,0.190301,
2024-10-01,XBI,98.61,98.79,96.65,97.97,11106900,0.219213,,0.168976,
2024-10-02,XBI,97.36,98.26,96.53,98.09,8488100,0.219495,,0.169014,
2024-10-03,XBI,97.52,98.09,96.52,96.64,5961100,0.221367,,0.176378,
2024-10-04,XBI,97.61,98.03,96.67,97.51,5972400,0.212845,,0.169827,
2024-10-07,XBI,97.87,97.93,95.92,96.33,5678800,0.211533,,0.167542,
2024-10-08,XBI,96.7,97.76,96.1,97.1,5414700,0.210305,,0.170152,
2024-10-09,XBI,97.06,97.15,95.98,96.31,6049400,0.204753,,0.169011,
2024-10-10,XBI,95.52,96.23,95.08,96.22,6752900,0.205683,,0.168664,
2024-10-11,XBI,96.22,98.79,95.82,98.68,7486100,0.209593,,0.175845,
2024-10-14,XBI,98.28,99.22,98.0,99.07,5538500,0.209386,,0.176702,
2024-10-15,XBI,99.03,99.95,98.27,99.31,7379400,0.207811,,0.176932,
2024-10-16,XBI,99.45,100.56,99.05,100.25,6478800,0.198709,,0.180593,
2024-10-17,XBI,100.23,100.54,99.27,99.3,8155300,0.185595,,0.172706,
2024-10-18,XBI,99.52,100.17,99.14,99.83,4477200,0.184462,,0.172563,
2024-10-21,XBI,99.42,99.71,97.65,98.15,6895300,0.182742,,0.161324,
2024-10-22,XBI,97.69,98.4,97.46,98.27,5222200,0.17971,,0.160603,
2024-10-23,XBI,97.87,98.27,96.11,96.67,8293600,0.183632,,0.167428,
2024-10-24,XBI,97.14,98.24,96.88,97.25,4408300,0.180861,,0.168106,
2024-10-25,XBI,97.63,98.85,97.12,97.15,6256100,0.184575,,0.167757,
2024-10-28,XBI,98.08,99.51,97.87,98.49,6178200,0.187375,,0.17479,
2024-10-29,XBI,98.4,98.71,97.64,98.56,6183700,0.180879,,0.172038,
2024-10-30,XBI,98.25,99.46,97.98,98.42,4733100,0.179158,,0.172106,
2024-10-31,XBI,97.93,98.12,96.84,97.03,8177800,0.17712,,0.171344,
2024-11-01,XBI,97.59,99.3,97.35,99.27,6877500,0.174434,,0.187085,
2024-11-04,XBI,98.84,100.07,97.89,99.22,6426700,0.177294,,0.180751,
2024-11-05,XBI,98.71,100.63,98.2,100.62,7170600,0.178464,,0.184858,
2024-11-06,XBI,103.28,103.31,100.75,102.44,17003400,0.212195,,0.189382,
2024-11-07,XBI,103.0,103.89,102.54,103.01,8157100,0.211195,,0.188954,
2024-11-08,XBI,102.88,104.23,102.56,104.18,9431100,0.206925,,0.173423,
2024-11-11,XBI,104.79,105.47,103.35,103.53,10158900,0.209776,,0.17622,
2024-11-12,XBI,102.44,103.17,100.39,100.51,9782700,0.217387,,0.209261,
2024-11-13,XBI,101.47,102.43,100.0,100.01,8092400,0.223376,,0.207448,
2024-11-14,XBI,99.77,100.17,96.87,96.96,15029400,0.229166,,0.232769,
2024-11-15,XBI,96.91,96.91,91.64,91.83,30310200,0.240352,0.22006,0.297906,
2024-11-18,XBI,92.14,92.74,91.08,91.96,12508300,0.240062,0.219999,0.294562,
2024-11-19,XBI,91.24,93.21,90.67,93.17,12751900,0.2468,0.222496,0.299907,
2024-11-20,XBI,93.38,94.17,92.4,94.01,10534700,0.246591,0.222282,0.298003,
2024-11-21,XBI,94.11,95.44,92.74,94.3,11717000,0.252644,0.224725,0.297227,
2024-11-22,XBI,94.78,96.61,94.16,96.24,9684700,0.253962,0.225161,0.307247,
2024-11-25,XBI,97.63,99.03,97.53,97.63,13456000,0.257246,0.226506,0.307647,
2024-11-26,XBI,97.8,98.92,96.94,98.85,8258500,0.259729,0.221753,0.311015,
2024-11-27,XBI,99.08,100.2,98.7,100.0,7695300,0.257964,0.220621,0.313553,
2024-11-29,XBI,99.78,100.24,99.24,99.62,4062400,0.257004,0.220301,0.309084,
2024-12-02,XBI,99.29,99.64,98.54,99.31,13563200,0.256598,0.216682,0.298685,
2024-12-03,XBI,99.04,99.33,97.57,97.69,6550000,0.252862,0.216084,0.304364,
2024-12-04,XBI,97.69,99.59,97.31,98.79,7246400,0.252365,0.216495,0.302709,
2024-12-05,XBI,98.08,98.71,97.0,97.33,8467600,0.231361,0.216206,0.29799,
2024-12-06,XBI,97.82,99.73,97.63,99.14,6493000,0.233453,0.21652,0.306034,
2024-12-09,XBI,99.22,99.91,98.04,98.24,6341100,0.234561,0.216691,0.302911,
2024-12-10,XBI,98.41,98.61,97.1,97.42,5465700,0.231951,0.216441,0.303313,
2024-12-11,XBI,97.67,97.97,96.41,96.97,5788300,0.224856,0.215652,0.286811,
2024-12-12,XBI,96.18,96.71,94.15,94.2,9518000,0.223974,0.214629,0.302569,
2024-12-13,XBI,93.97,94.47,92.64,93.4,12305400,0.221731,0.212016,0.285022,51.67
2024-12-16,XBI,93.4,95.52,92.94,94.76,8476200,0.214564,0.21392,0.212346,44.26
2024-12-17,XBI,93.98,95.3,93.95,94.59,5638800,0.214894,0.213682,0.212683,45.16
2024-12-18,XBI,94.54,94.7,89.01,89.93,16072700,0.234259,0.221478,0.276614,71.43
2024-12-19,XBI,90.03,90.46,88.63,89.81,11752200,0.234892,0.222834,0.273708,76.56
2024-12-20,XBI,89.37,91.97,89.34,91.28,10338000,0.233128,0.223764,0.281014,67.69
2024-12-23,XBI,91.28,91.95,90.36,91.89,7620200,0.230436,0.22441,0.270816,57.58
2024-12-24,XBI,91.94,92.1,90.9,91.98,3540600,0.222127,0.223934,0.263986,50.75
2024-12-26,XBI,91.31,92.85,91.02,92.65,5601100,0.221178,0.22316,0.260607,47.06
2024-12-27,XBI,91.95,92.85,90.56,91.35,8741800,0.226462,0.224385,0.257186,56.52
2024-12-30,XBI,90.43,90.61,89.38,89.89,6641000,0.229057,0.22485,0.260419,57.14
2024-12-31,XBI,90.39,91.07,89.37,90.06,6817100,0.233126,0.224717,0.261539,69.01
2025-01-02,XBI,90.95,92.5,90.6,91.53,8207900,0.240115,0.226253,0.267988,81.94
2025-01-03,XBI,91.69,92.81,91.64,92.41,5857000,0.236463,0.225566,0.266883,78.08
2025-01-06,XBI,92.6,93.23,92.01,92.21,5169300,0.234703,0.225887,0.263377,75.68
2025-01-07,XBI,92.55,94.4,92.42,92.87,9850200,0.237754,0.227453,0.254254,80.0
2025-01-08,XBI,93.0,93.15,91.58,92.31,7529900,0.237597,0.226461,0.253549,78.95
2025-01-10,XBI,90.42,90.59,88.84,89.44,12953300,0.249023,0.231107,0.272605,87.01
2025-01-13,XBI,88.5,89.19,86.71,89.13,13193300,0.260122,0.235482,0.272616,98.72
2025-01-14,XBI,89.92,89.92,86.4,86.66,13113500,0.2647,0.237908,0.271574,98.73
2025-01-15,XBI,88.7,89.61,87.59,88.55,13214800,0.280844,0.244199,0.285817,98.75
2025-01-16,XBI,88.73,88.84,87.33,87.89,6917100,0.277069,0.244708,0.278911,97.53
2025-01-17,XBI,88.65,88.86,87.85,87.97,7383900,0.275605,0.244257,0.279329,96.34
2025-01-21,XBI,88.68,90.65,88.68,90.51,8509700,0.257131,0.245076,0.241626,89.16
2025-01-22,XBI,90.52,91.6,90.28,91.21,8844900,0.253862,0.244156,0.242931,84.52
2025-01-23,XBI,90.87,93.23,89.92,92.98,9747100,0.258021,0.247102,0.245666,91.76
2025-01-24,XBI,92.85,93.59,91.75,92.46,9262800,0.258302,0.246833,0.245726,91.86
2025-01-27,XBI,92.03,94.43,92.01,92.61,10946600,0.266704,0.248861,0.245759,95.4
2025-01-28,XBI,92.76,93.62,92.05,93.18,9152700,0.265357,0.249321,0.245373,94.32
2025-01-29,XBI,92.69,93.8,91.88,92.58,9893700,0.262967,0.250064,0.240865,92.13
2025-01-30,XBI,93.18,94.35,92.57,93.54,8348000,0.262104,0.251021,0.234633,91.11
2025-01-31,XBI,93.87,94.79,92.36,92.67,7842300,0.264496,0.252193,0.23806,92.31
2025-02-03,XBI,90.58,92.54,90.46,91.42,9024300,0.277643,0.2569,0.237028,97.83
2025-02-04,XBI,91.2,93.19,91.07,92.57,8870600,0.280388,0.256803,0.238829,97.85
2025-02-05,XBI,92.95,94.9,92.88,94.7,8222900,0.281079,0.249129,0.251738,98.94
2025-02-06,XBI,94.59,94.68,93.28,93.37,6611300,0.275464,0.248549,0.25652,92.63
2025-02-07,XBI,92.93,93.6,90.96,91.24,11884700,0.278992,0.250206,0.268904,95.83
2025-02-10,XBI,91.84,91.84,90.11,90.34,8979600,0.268116,0.249727,0.245775,90.72
2025-02-11,XBI,89.43,89.66,88.55,89.05,8781400,0.2575,0.248309,0.251108,78.57
2025-02-12,XBI,88.06,90.02,87.9,89.97,10824600,0.254192,0.247652,0.230325,73.74
2025-02-13,XBI,90.29,90.9,89.19,90.77,7275300,0.2385,0.247356,0.220092,62.0
2025-02-14,XBI,91.24,92.62,90.67,91.41,10421300,0.241753,0.24502,0.218488,65.35
2025-02-18,XBI,91.84,93.12,90.97,91.33,9041200,0.245956,0.246184,0.218694,65.69
2025-02-19,XBI,91.1,92.72,91.03,92.53,8159900,0.243324,0.244531,0.199873,65.05
2025-02-20,XBI,92.51,92.89,91.48,92.72,6885800,0.244991,0.244143,0.198399,65.38
2025-02-21,XBI,93.5,93.86,91.54,91.7,8783400,0.240816,0.243128,0.190097,62.86
2025-02-24,XBI,91.44,91.64,89.74,90.11,8647800,0.239985,0.24211,0.198659,59.43
2025-02-25,XBI,89.98,90.14,87.68,88.69,10912700,0.23616,0.24132,0.204881,54.21
2025-02-26,XBI,88.94,89.83,87.84,88.25,7271500,0.23862,0.241657,0.202696,59.26
2025-02-27,XBI,88.31,89.74,87.04,87.1,8172700,0.244659,0.244725,0.205681,66.06
2025-02-28,XBI,86.5,88.91,86.22,88.71,7942700,0.24624,0.246702,0.214354,68.18
2025-03-03,XBI,88.74,89.37,85.13,85.6,9620900,0.255115,0.251448,0.243657,76.58
2025-03-04,XBI,84.78,87.0,84.07,86.13,14202800,0.249454,0.255092,0.24341,70.54
2025-03-05,XBI,86.35,87.89,85.82,87.82,10911900,0.249675,0.254975,0.250399,70.8
2025-03-06,XBI,86.46,88.27,86.27,87.06,9153000,0.258473,0.257743,0.232348,84.21
2025-03-07,XBI,86.78,88.44,86.06,87.3,9490700,0.265357,0.258843,0.230497,90.43
2025-03-10,XBI,86.23,87.5,85.49,86.24,10803100,0.267641,0.260776,0.221213,91.38
2025-03-11,XBI,85.82,86.96,84.19,86.17,10649500,0.275371,0.264151,0.219695,92.31
2025-03-12,XBI,86.78,87.73,86.35,87.15,7704900,0.276779,0.264647,0.21998,94.07
2025-03-13,XBI,87.05,88.21,85.44,85.97,6373000,0.28133,0.265976,0.219981,99.16
2025-03-14,XBI,86.69,87.62,86.49,87.13,6390100,0.280067,0.265981,0.223597,95.83
2025-03-17,XBI,86.77,88.86,86.39,88.29,6338900,0.280333,0.265984,0.227973,95.87
2025-03-18,XBI,87.27,87.31,85.76,86.17,7291700,0.27773,0.26647,0.241564,93.44
2025-03-19,XBI,85.99,87.75,85.89,87.46,5806300,0.278652,0.259662,0.243226,93.5
2025-03-20,XBI,86.65,88.13,86.54,86.59,6743300,0.282314,0.260553,0.243787,99.19
2025-03-21,XBI,86.19,87.51,85.75,87.12,6513900,0.278826,0.259647,0.244264,92.8
2025-03-24,XBI,87.78,88.97,87.67,88.82,5032300,0.279569,0.259426,0.249326,93.65
2025-03-25,XBI,88.83,88.92,86.34,87.08,7040000,0.279226,0.26078,0.252832,92.91
2025-03-26,XBI,86.98,87.08,84.75,85.08,8225500,0.277996,0.261019,0.264748,89.84
2025-03-27,XBI,85.34,86.18,85.09,85.53,6493600,0.269827,0.259354,0.262386,83.72
2025-03-28,XBI,85.4,85.51,83.97,84.4,7003100,0.26696,0.2589,0.255573,81.54
2025-03-31,XBI,81.51,81.66,79.33,81.1,16660900,0.287221,0.270765,0.263127,99.24
2025-04-01,XBI,80.86,81.04,77.87,78.16,17353200,0.285023,0.270985,0.28722,98.48
2025-04-02,XBI,77.71,80.87,77.34,80.59,14091000,0.29075,0.274329,0.302121,99.25
2025-04-03,XBI,78.2,79.3,77.52,78.14,10860200,0.301748,0.281476,0.316327,99.25
2025-04-04,XBI,76.43,77.11,73.25,73.66,23865800,0.315954,0.287449,0.367159,99.26
2025-04-07,XBI,71.0,75.86,69.24,72.99,23621800,0.389753,0.318355,0.366907,99.26
2025-04-08,XBI,75.15,75.47,68.88,69.8,21546100,0.433498,0.335275,0.387447,99.27
2025-04-09,XBI,68.05,75.96,66.66,74.88,36123800,0.499803,0.363701,0.477542,99.28
2025-04-10,XBI,72.77,73.25,68.64,71.61,23889300,0.527763,0.377882,0.49512,99.28
2025-04-11,XBI,71.59,74.38,71.07,74.33,16114000,0.530184,0.375424,0.516337,99.29
2025-04-14,XBI,76.0,76.94,74.36,76.54,13241500,0.545621,0.381697,0.528096,99.29
2025-04-15,XBI,76.41,77.56,75.59,76.54,8744300,0.547924,0.382228,0.524655,99.3
2025-04-16,XBI,76.09,76.24,73.94,75.13,9355000,0.551394,0.383461,0.520499,99.3
2025-04-17,XBI,74.89,76.16,74.57,75.93,10436500,0.55017,0.38371,0.524357,98.61
2025-04-21,XBI,75.18,77.32,74.67,75.51,11913700,0.555826,0.385026,0.52225,99.31
2025-04-22,XBI,76.51,77.82,76.39,77.64,14041800,0.558552,0.386156,0.528789,99.32
2025-04-23,XBI,79.69,81.17,79.02,79.1,14631300,0.571991,0.390886,0.533765,99.32
2025-04-24,XBI,79.4,80.93,78.65,80.89,11296500,0.573702,0.391902,0.537421,99.32
2025-04-25,XBI,80.12,80.71,79.27,80.25,8244700,0.573725,0.391869,0.536924,99.33
2025-04-28,XBI,80.72,82.11,80.34,81.37,6974300,0.575826,0.392015,0.538791,99.33
2025-04-29,XBI,80.99,82.36,80.41,81.88,9301500,0.561784,0.391475,0.520135,96.69
2025-04-30,XBI,81.1,83.25,80.88,82.95,9587200,0.559286,0.389395,0.502401,96.05
2025-05-01,XBI,82.95,83.5,80.93,82.5,9292300,0.560404,0.391119,0.49229,96.08
2025-05-02,XBI,83.5,84.24,83.25,83.5,9684600,0.552823,0.391976,0.478621,93.51
2025-05-05,XBI,83.19,83.38,82.05,82.65,6374300,0.539794,0.392282,0.422323,90.32
2025-05-06,XBI,81.85,81.93,77.08,77.17,32491300,0.490987,0.394431,0.496397,87.82
2025-05-07,XBI,77.6,77.89,76.56,77.35,12918800,0.451939,0.394649,0.463741,87.26
2025-05-08,XBI,77.06,79.28,75.68,78.04,16479300,0.385662,0.398692,0.395607,85.44
2025-05-09,XBI,78.15,79.55,76.3,76.39,11445300,0.342908,0.401626,0.366718,84.91
2025-05-12,XBI,78.05,80.07,77.86,79.45,19550400,0.345734,0.404835,0.369235,85.0
2025-05-13,XBI,79.28,79.44,77.2,77.55,15782000,0.330722,0.404534,0.368169,83.85
2025-05-14,XBI,77.62,78.46,75.9,76.37,13920500,0.332736,0.405033,0.372529,83.95
2025-05-15,XBI,76.36,77.66,75.71,77.58,11089500,0.32778,0.405861,0.369851,82.82
2025-05-16,XBI,77.87,79.18,77.33,79.02,10103000,0.328327,0.40632,0.373384,82.93
2025-05-19,XBI,78.16,79.87,78.15,79.72,7045500,0.318167,0.40564,0.373018,81.82
2025-05-20,XBI,79.67,81.7,79.33,81.4,13967400,0.318542,0.406197,0.367582,81.93
2025-05-21,XBI,80.49,81.36,78.8,79.33,13135900,0.306674,0.406936,0.375222,80.24
2025-05-22,XBI,78.98,79.77,78.46,79.25,7778900,0.302958,0.406243,0.365911,79.76
2025-05-23,XBI,78.05,79.28,78.0,79.04,6078200,0.304134,0.404897,0.365065,79.88
2025-05-27,XBI,79.96,80.25,79.04,79.3,15176400,0.304231,0.40532,0.361359,80.0
2025-05-28,XBI,79.55,79.98,78.7,78.77,8407900,0.301617,0.402528,0.360701,77.78
2025-05-29,XBI,79.3,80.58,78.28,80.46,8963700,0.303615,0.402387,0.366366,79.07
2025-05-30,XBI,79.63,79.79,78.06,79.19,15780500,0.301444,0.403028,0.36972,76.88
2025-06-02,XBI,80.2,81.73,79.49,81.24,13023100,0.306339,0.403512,0.379531,80.46
2025-06-03,XBI,81.47,82.83,80.5,82.34,12771400,0.310885,0.403726,0.381503,81.14
2025-06-04,XBI,82.4,83.42,82.22,82.48,8291000,0.298058,0.40262,0.283253,75.57
2025-06-05,XBI,82.34,83.33,81.42,82.56,8085900,0.299319,0.401241,0.283357,75.71
2025-06-06,XBI,83.22,84.45,83.22,84.26,10003500,0.282059,0.401038,0.289263,72.47
2025-06-09,XBI,85.04,85.37,83.41,84.27,11540800,0.272137,0.400721,0.274089,61.45
2025-06-10,XBI,84.69,85.96,84.34,85.28,12066900,0.259497,0.400813,0.244159,53.89
2025-06-11,XBI,85.79,85.94,84.31,84.37,12058300,0.256568,0.400264,0.227999,48.62
2025-06-12,XBI,83.91,84.76,83.49,84.36,8451100,0.248993,0.399734,0.216821,42.86
2025-06-13,XBI,82.92,84.2,82.78,83.6,11206500,0.254257,0.401003,0.218362,48.09
2025-06-16,XBI,83.71,83.92,82.39,83.37,9199000,0.254092,0.400365,0.212358,47.28
2025-06-17,XBI,82.83,83.55,82.01,82.1,11632800,0.254086,0.400503,0.220273,47.03
2025-06-18,XBI,82.31,83.42,81.52,82.66,9008100,0.253985,0.401025,0.209242,46.77
2025-06-20,XBI,83.11,83.29,81.69,82.38,8489200,0.245292,0.400607,0.185329,39.57
2025-06-23,XBI,82.5,82.84,80.9,82.27,11661300,0.249544,0.401295,0.185401,43.62
2025-06-24,XBI,82.98,84.17,82.36,83.82,9675700,0.246012,0.402257,0.193758,40.21
2025-06-25,XBI,83.79,83.85,82.48,83.27,7246400,0.245131,0.402412,0.196666,38.95
2025-06-26,XBI,83.46,83.92,82.81,83.68,9316800,0.244756,0.394148,0.193801,38.22
2025-06-27,XBI,83.6,84.13,82.53,83.01,11032700,0.238723,0.392915,0.184982,33.85
2025-06-30,XBI,83.26,83.75,82.69,82.93,8503400,0.229547,0.390789,0.173513,21.76
2025-07-01,XBI,82.46,84.87,82.04,83.08,11537600,0.235567,0.38808,0.150221,30.41
2025-07-02,XBI,83.0,85.27,82.71,84.79,10887400,0.233854,0.382664,0.159484,27.18
2025-07-03,XBI,85.01,85.46,84.42,85.24,4956000,0.23244,0.35578,0.160063,24.49
2025-07-07,XBI,84.87,85.13,83.02,83.58,8494300,0.232502,0.339243,0.177076,24.87
2025-07-08,XBI,83.7,85.36,83.45,84.71,9617300,0.234675,0.305688,0.168283,30.3
2025-07-09,XBI,85.64,87.91,85.54,87.87,14875400,0.232911,0.284759,0.212057,25.63
2025-07-10,XBI,87.87,88.61,87.04,88.38,9903200,0.232318,0.282234,0.209392,24.0
2025-07-11,XBI,87.58,87.91,86.7,87.02,7716800,0.23314,0.275502,0.213821,27.86
2025-07-14,XBI,86.83,88.55,86.74,88.27,6410900,0.23281,0.274109,0.21838,25.25
2025-07-15,XBI,88.7,88.73,85.69,85.91,12109600,0.228472,0.272412,0.239192,19.7
2025-07-16,XBI,86.47,87.89,86.44,87.82,13045500,0.225683,0.271872,0.249449,19.12
2025-07-17,XBI,87.92,88.74,87.7,88.12,8903900,0.221392,0.266491,0.240263,16.59
2025-07-18,XBI,88.27,89.06,86.08,86.27,14199700,0.22578,0.267609,0.255329,19.9
2025-07-21,XBI,86.48,87.54,85.66,85.87,9134900,0.22732,0.260864,0.255728,20.77
2025-07-22,XBI,85.68,86.84,85.5,86.73,8446500,0.220543,0.259022,0.256873,15.38
2025-07-23,XBI,87.62,88.71,86.84,88.22,12211700,0.22162,0.259258,0.255585,17.22
2025-07-24,XBI,88.27,88.56,87.26,87.49,10815700,0.219674,0.258076,0.256476,15.24
2025-07-25,XBI,87.57,87.87,86.73,87.61,9111500,0.219873,0.256871,0.256337,15.64
2025-07-28,XBI,87.69,88.18,86.07,86.57,12818500,0.221543,0.25592,0.258786,17.92
2025-07-29,XBI,86.65,86.82,85.44,85.84,11511500,0.222024,0.252691,0.261323,19.25
2025-07-30,XBI,86.89,87.81,85.71,86.24,11644000,0.213921,0.254106,0.26153,12.62
2025-07-31,XBI,86.1,87.47,85.33,85.66,11802100,0.215218,0.255686,0.253676,13.95
2025-08-01,XBI,84.83,86.04,84.39,85.93,9334100,0.220631,0.25154,0.253253,17.13
2025-08-04,XBI,85.91,86.96,84.97,86.82,7662100,0.220538,0.252108,0.243925,16.59
2025-08-05,XBI,86.53,87.42,85.66,86.85,8943700,0.220954,0.246171,0.240115,17.89
2025-08-06,XBI,86.18,86.38,84.98,86.13,11585000,0.220872,0.242007,0.202315,17.81
2025-08-07,XBI,85.73,85.89,84.52,85.32,9802700,0.22089,0.237214,0.202763,18.18
2025-08-08,XBI,85.42,85.96,85.04,85.43,6667100,0.217747,0.235641,0.196324,14.48
2025-08-11,XBI,85.01,85.97,84.81,85.16,6216000,0.217953,0.233067,0.188018,14.86
2025-08-12,XBI,85.48,87.04,85.37,86.92,9684500,0.213653,0.231837,0.178669,12.11
2025-08-13,XBI,87.48,89.8,87.27,89.52,14986100,0.217973,0.232135,0.192037,15.62
2025-08-14,XBI,88.49,89.9,88.47,89.57,11579800,0.222156,0.23212,0.191821,24.0
2025-08-15,XBI,89.77,90.74,89.5,90.68,10672400,0.212606,0.230503,0.177101,11.5
2025-08-18,XBI,90.6,91.34,90.12,90.21,6353200,0.208274,0.22653,0.177405,8.37
2025-08-19,XBI,89.67,89.76,88.6,88.8,8271800,0.209119,0.226125,0.186253,8.77
2025-08-20,XBI,88.55,89.37,88.18,89.22,7956400,0.201458,0.223805,0.177262,6.55
2025-08-21,XBI,88.61,90.03,88.23,89.92,8439100,0.203242,0.223424,0.175792,6.96
2025-08-22,XBI,90.29,91.98,89.96,90.92,9891300,0.207966,0.224633,0.179125,9.09
2025-08-25,XBI,90.88,91.18,88.6,88.79,8513200,0.207974,0.222967,0.195281,9.48
2025-08-26,XBI,89.07,89.95,88.71,89.9,6180600,0.207178,0.219977,0.19555,8.58
2025-08-27,XBI,89.79,90.48,89.64,90.29,5737100,0.193539,0.21606,0.195503,5.98
2025-08-28,XBI,90.38,91.13,90.03,90.29,4462900,0.185619,0.213531,0.192812,5.53
2025-08-29,XBI,90.24,90.68,89.33,89.85,5049800,0.183066,0.213218,0.194627,3.81
2025-09-02,XBI,91.29,93.51,91.1,92.88,14515200,0.192322,0.215402,0.222175,6.75
2025-09-03,XBI,93.07,94.86,92.61,93.65,9128600,0.194919,0.216952,0.22252,7.56
2025-09-04,XBI,93.59,93.97,92.49,93.47,7801200,0.191641,0.21518,0.219038,6.69
2025-09-05,XBI,93.72,95.65,93.7,95.47,13163100,0.18858,0.214362,0.220897,6.67
2025-09-08,XBI,94.98,95.08,93.8,94.43,10459300,0.190893,0.21428,0.228233,7.05
2025-09-09,XBI,94.4,94.99,93.66,94.98,6725100,0.189812,0.214079,0.226184,7.02
2025-09-10,XBI,95.17,95.29,93.5,93.9,10477300,0.191617,0.211037,0.226463,7.82
2025-09-11,XBI,93.99,95.74,93.81,95.7,7953900,0.186597,0.210016,0.213417,6.15
2025-09-12,XBI,95.42,95.65,94.09,94.12,9366000,0.182447,0.208804,0.224824,3.27
2025-09-15,XBI,94.08,94.45,92.64,93.43,9160400,0.186088,0.208151,0.22425,6.5
2025-09-16,XBI,93.53,94.13,93.26,93.74,6439800,0.183995,0.206626,0.222914,4.86
2025-09-17,XBI,94.06,95.81,93.49,93.77,15125300,0.193107,0.207215,0.213098,10.48
2025-09-18,XBI,94.79,96.73,94.71,96.68,9284900,0.196104,0.206595,0.234933,11.65
2025-09-19,XBI,96.99,97.04,95.37,95.6,7144100,0.192704,0.206031,0.240511,10.4
2025-09-22,XBI,95.99,97.66,95.34,97.3,11373600,0.191803,0.207241,0.244503,9.96
2025-09-23,XBI,97.09,97.75,96.62,96.77,7122400,0.187333,0.206484,0.225527,7.54
2025-09-24,XBI,97.26,98.07,96.98,97.44,9202600,0.187611,0.206486,0.223734,8.33
2025-09-25,XBI,96.75,96.98,95.74,95.86,9148300,0.19094,0.201209,0.235113,9.92
2025-09-26,XBI,96.28,98.0,95.86,97.95,12363300,0.192706,0.199901,0.243777,12.3
2025-09-29,XBI,98.33,99.49,98.01,99.4,9957300,0.191385,0.199875,0.244143,10.32
2025-09-30,XBI,99.42,100.53,98.87,100.2,12913900,0.180611,0.198343,0.220948,2.38
2025-10-01,XBI,100.11,102.15,100.11,101.39,9736200,0.176665,0.197983,0.222255,0.4
2025-10-02,XBI,101.64,102.6,101.01,102.59,8601200,0.175194,0.19658,0.222751,0.4
2025-10-03,XBI,102.99,104.1,102.79,103.6,12886500,0.174926,0.195784,0.215093,0.4
2025-10-06,XBI,104.12,104.51,103.45,103.64,7956100,0.172056,0.194599,0.208234,0.0
2025-10-07,XBI,103.86,104.05,102.55,103.68,6746400,0.173002,0.194811,0.208724,0.4
2025-10-08,XBI,104.3,106.53,103.74,105.44,11850000,0.178981,0.195111,0.204385,3.57
2025-10-09,XBI,105.86,107.26,105.77,106.52,12143500,0.179513,0.195349,0.199173,4.37
2025-10-10,XBI,107.01,107.08,104.13,104.99,16973100,0.185416,0.197667,0.196105,9.13
2025-10-13,XBI,105.12,105.86,104.45,105.27,10190500,0.182166,0.194385,0.190562,6.35
2025-10-14,XBI,104.13,106.01,103.43,105.12,7819800,0.194835,0.1958,0.192172,17.86
2025-10-15,XBI,105.51,108.62,105.37,108.37,11955900,0.188223,0.19708,0.209869,12.7
2025-10-16,XBI,109.69,110.96,106.99,107.91,17515100,0.203877,0.200972,0.194358,20.63
2025-10-17,XBI,107.5,108.84,106.5,107.8,9981100,0.208322,0.20244,0.185896,23.02
2025-10-20,XBI,108.83,110.54,108.34,110.17,8697800,0.20794,0.203541,0.189846,21.43
2025-10-21,XBI,110.13,110.54,109.08,109.56,6792800,0.207664,0.202077,0.18992,21.03
2025-10-22,XBI,108.87,109.56,106.56,107.32,10679200,0.216413,0.204556,0.212441,26.98
2025-10-23,XBI,107.38,107.89,106.5,107.56,6341400,0.214703,0.201417,0.197595,25.79
2025-10-24,XBI,108.75,108.94,108.06,108.39,5692700,0.214379,0.199441,0.188812,25.0
2025-10-27,XBI,110.01,111.84,109.89,111.59,13303700,0.219078,0.199791,0.204797,28.57
2025-10-28,XBI,111.45,112.43,110.82,112.0,9438100,0.218872,0.19828,0.20475,28.17
2025-10-29,XBI,111.92,112.61,110.22,110.96,8714900,0.219902,0.198186,0.209888,29.37
2025-10-30,XBI,110.59,113.21,110.23,111.91,9328800,0.226586,0.198774,0.208714,37.3
2025-10-31,XBI,111.86,113.01,110.84,112.71,11962400,0.229546,0.198665,0.208002,38.89
2025-11-03,XBI,110.98,111.93,107.89,109.86,15230300,0.252051,0.207257,0.233282,58.33
2025-11-04,XBI,108.33,110.19,108.0,108.04,13665400,0.261857,0.211144,0.243408,67.86
2025-11-05,XBI,107.59,109.85,107.32,109.21,9127700,0.258959,0.212244,0.239447,66.27
2025-11-06,XBI,109.27,110.08,108.67,109.29,11352600,0.258222,0.210839,0.237373,65.08
2025-11-07,XBI,108.34,108.97,106.3,108.96,15136300,0.262635,0.213573,0.230683,68.25
2025-11-10,XBI,110.28,111.04,109.28,110.09,11453400,0.267331,0.215419,0.23263,71.03
2025-11-11,XBI,109.88,114.15,109.53,114.01,13743200,0.266546,0.217615,0.259393,69.84
2025-11-12,XBI,113.71,114.96,113.38,114.11,12302600,0.264385,0.217549,0.240005,67.86
2025-11-13,XBI,113.23,114.36,111.87,111.91,14770400,0.254395,0.219695,0.251549,59.52
2025-11-14,XBI,111.18,115.36,111.11,114.01,14433900,0.261222,0.22298,0.258158,65.87
2025-11-17,XBI,113.51,116.18,113.06,114.83,12401800,0.262511,0.223849,0.248991,66.67
2025-11-18,XBI,113.93,115.9,113.25,115.18,9910700,0.265807,0.22416,0.247365,69.44
2025-11-19,XBI,114.81,115.52,113.47,114.5,10309600,0.261793,0.225053,0.234249,65.08
2025-11-20,XBI,116.15,117.9,113.74,113.83,13951600,0.279087,0.231559,0.236465,76.98
2025-11-21,XBI,113.82,117.63,113.57,116.65,11618700,0.282243,0.234038,0.248248,80.56
2025-11-24,XBI,117.21,119.79,117.11,119.58,9908800,0.276949,0.234064,0.242831,73.41
2025-11-25,XBI,119.84,121.41,119.56,121.37,10532400,0.276501,0.230562,0.246185,72.62
2025-11-26,XBI,121.55,123.47,120.96,122.85,8946600,0.27527,0.229464,0.242508,71.03
2025-11-28,XBI,123.03,123.28,122.49,123.16,4255500,0.269749,0.228486,0.242317,69.84
2025-12-01,XBI,121.85,121.97,119.74,119.85,10987500,0.270213,0.229793,0.267341,70.24
2025-12-02,XBI,119.8,120.26,117.72,118.46,22047200,0.255579,0.230283,0.251617,56.75
2025-12-03,XBI,118.76,121.96,118.74,121.83,10792000,0.246248,0.230341,0.253464,50.4
2025-12-04,XBI,121.22,123.61,120.78,123.25,10978100,0.245755,0.230698,0.253684,49.21
2025-12-05,XBI,123.77,124.18,122.69,123.41,7524500,0.246318,0.23083,0.253535,51.19
2025-12-08,XBI,125.15,125.87,123.41,123.66,9670300,0.243601,0.232968,0.251759,47.22
2025-12-09,XBI,123.08,124.0,121.13,121.19,9640500,0.242817,0.233597,0.268089,46.43
2025-12-10,XBI,121.23,122.64,120.66,122.05,9219200,0.237311,0.234131,0.243596,42.46
2025-12-11,XBI,122.01,123.75,121.8,123.02,7018100,0.237262,0.231605,0.243907,42.06
2025-12-12,XBI,123.01,123.61,121.9,123.13,7792700,0.232109,0.230936,0.228406,35.32
2025-12-15,XBI,123.41,124.53,122.22,122.84,7533000,0.222687,0.231518,0.223657,30.56
2025-12-16,XBI,122.2,122.82,120.98,122.01,7972000,0.217421,0.230928,0.226278,21.83
2025-12-17,XBI,122.19,122.99,120.81,120.94,7928000,0.2133,0.231436,0.230148,18.65
2025-12-18,XBI,121.11,122.03,119.59,120.01,7083800,0.213381,0.232242,0.231101,19.05
2025-12-19,XBI,120.74,124.03,120.74,123.43,13016100,0.197119,0.232965,0.24605,13.89
2025-12-22,XBI,123.32,126.5,122.92,125.91,10518300,0.192673,0.233703,0.241504,11.11
2025-12-23,XBI,125.46,126.36,124.68,124.89,6775100,0.192465,0.234036,0.23164,11.11
2025-12-24,XBI,125.44,126.43,125.08,126.3,3303100,0.192361,0.233607,0.22935,11.11
2025-12-26,XBI,125.89,126.0,124.18,124.98,5653900,0.190972,0.233313,0.230157,9.13
2025-12-29,XBI,124.03,124.42,123.09,123.39,7372200,0.193567,0.233457,0.235066,14.29
2025-12-30,XBI,123.14,123.37,121.34,121.67,7879400,0.190058,0.233631,0.218809,8.33
2025-12-31,XBI,121.51,122.8,120.95,121.93,7327700,0.187843,0.233875,0.213847,7.14
2026-01-02,XBI,122.27,122.55,120.24,121.52,8840800,0.189762,0.234375,0.189719,8.33
2026-01-05,XBI,121.33,121.74,118.28,120.15,11833100,0.196623,0.235224,0.18839,17.06
2026-01-06,XBI,119.99,122.19,119.76,122.09,8364800,0.197177,0.234995,0.198053,17.86
2026-01-07,XBI,122.95,129.12,122.75,126.43,19350100,0.219801,0.241789,0.234744,28.97
2026-01-08,XBI,124.87,125.48,122.36,123.71,14907800,0.225555,0.244734,0.236693,34.92
2026-01-09,XBI,125.2,126.01,124.15,124.5,9956800,0.229887,0.243944,0.236467,38.1
2026-01-12,XBI,123.98,124.17,121.56,123.93,10175000,0.2367,0.245297,0.235777,42.86
2026-01-13,XBI,123.36,124.29,121.87,123.85,8421700,0.239788,0.241328,0.235795,45.24
2026-01-14,XBI,123.78,126.89,123.46,126.82,10927700,0.239378,0.240692,0.249644,45.24
2026-01-15,XBI,126.5,127.22,124.18,124.35,10400500,0.241054,0.240428,0.259381,46.83
2026-01-16,XBI,124.6,125.68,123.64,124.18,9758200,0.241019,0.240923,0.257002,46.83
2026-01-20,XBI,122.42,125.41,121.27,125.29,10780000,0.250302,0.242761,0.256016,55.16
2026-01-21,XBI,125.22,128.29,124.89,128.18,8406000,0.248114,0.243189,0.249506,53.57
2026-01-22,XBI,128.28,132.09,128.19,131.57,9726200,0.247519,0.243265,0.25633,53.57
2026-01-23,XBI,130.93,131.67,127.86,128.04,11376600,0.251999,0.242899,0.274788,56.35
2026-01-26,XBI,126.81,128.49,125.91,127.86,6799300,0.255492,0.244124,0.27235,59.92
2026-01-27,XBI,127.87,129.93,127.53,128.53,6965800,0.257314,0.243956,0.269541,61.11
2026-01-28,XBI,128.61,128.71,125.8,125.94,8477500,0.258418,0.242571,0.276075,62.3
2026-01-29,XBI,125.93,127.35,125.41,126.74,6083400,0.258353,0.241951,0.270754,62.3
2026-01-30,XBI,126.17,127.14,123.79,124.75,10206300,0.263051,0.23745,0.278079,66.67
2026-02-02,XBI,124.05,127.55,124.03,127.35,5748400,0.261164,0.234541,0.285852,64.29
2026-02-03,XBI,127.29,129.7,125.98,127.65,8920200,0.260305,0.236347,0.281255,64.29
2026-02-04,XBI,127.87,128.32,123.41,125.29,12029000,0.273708,0.241141,0.286893,72.22
2026-02-05,XBI,124.23,126.62,120.28,120.72,14456700,0.272296,0.246461,0.288902,72.22
2026-02-06,XBI,122.85,125.87,122.79,125.51,9603100,0.275718,0.248001,0.313928,74.21
2026-02-09,XBI,125.2,126.34,123.83,126.11,5285300,0.27341,0.246908,0.313599,72.62
2026-02-10,XBI,125.8,127.05,125.18,125.34,5884200,0.268527,0.247243,0.313985,70.63
2026-02-11,XBI,125.28,125.57,121.69,124.65,7805400,0.278338,0.25024,0.314711,76.59
2026-02-12,XBI,125.16,125.61,122.23,123.18,6850000,0.28155,0.248464,0.304838,79.76
2026-02-13,XBI,123.6,126.1,122.5,122.86,8805000,0.288654,0.249959,0.297239,81.75
2026-02-17,XBI,122.7,125.46,122.1,124.63,7777600,0.291092,0.249908,0.301874,82.14
2026-02-18,XBI,124.11,126.37,123.91,125.6,6237900,0.28236,0.249861,0.301462,80.16
2026-02-19,XBI,124.75,126.79,123.43,126.74,9191400,0.286005,0.246088,0.29152,80.56
2026-02-20,XBI,124.82,125.6,122.94,124.78,13356300,0.290634,0.246791,0.278192,81.35
2026-02-23,XBI,125.44,128.29,125.14,126.97,10952000,0.291785,0.248101,0.270945,82.14
2026-02-24,XBI,127.36,129.64,127.11,129.16,9478000,0.289464,0.248612,0.277925,80.56
2026-02-25,XBI,129.25,131.18,128.09,128.28,9733900,0.292485,0.24997,0.278506,82.14
2026-02-26,XBI,127.5,127.83,125.0,127.67,9223800,0.298462,0.252974,0.268793,82.54
2026-02-27,XBI,126.07,127.5,125.76,127.37,5937500,0.300348,0.25306,0.268139,82.94
2026-03-02,XBI,124.63,127.31,124.15,126.55,9334600,0.306852,0.256795,0.262697,86.51
2026-03-03,XBI,123.56,125.3,121.98,123.5,13501200,0.319731,0.262384,0.26603,88.1
2026-03-04,XBI,124.45,127.09,123.29,126.42,8470000,0.321064,0.264458,0.280186,88.1
2026-03-05,XBI,124.77,125.58,122.72,123.9,10130700,0.314746,0.266446,0.281499,86.11
2026-03-06,XBI,121.77,124.15,120.85,124.0,11373300,0.301138,0.266832,0.246058,81.35
2026-03-09,XBI,124.2,127.52,123.6,127.12,12194300,0.293761,0.267284,0.221409,79.37
2026-03-10,XBI,126.69,129.11,126.69,127.43,10042000,0.294227,0.268154,0.220986,79.37
2026-03-11,XBI,126.67,127.66,125.42,126.38,7379400,0.294246,0.268574,0.221972,79.37
2026-03-12,XBI,124.75,124.85,121.81,122.62,11524800,0.285998,0.270243,0.246644,74.6
2026-03-13,XBI,123.43,124.91,120.97,121.83,10405300,0.290437,0.272717,0.24417,76.19
2026-03-16,XBI,123.3,124.53,123.1,123.91,7354200,0.286102,0.273908,0.251719,74.6
2026-03-17,XBI,123.82,125.19,123.67,124.19,5898900,0.282957,0.273436,0.246488,73.02
2026-03-18,XBI,123.2,123.35,121.06,121.11,9336100,0.282437,0.272911,0.259718,72.62
2026-03-19,XBI,120.29,123.36,119.69,122.33,11717300,0.283142,0.273502,0.260289,73.02
2026-03-20,XBI,121.7,123.52,119.53,120.31,12186700,0.286115,0.275389,0.261065,74.6
2026-03-23,XBI,121.85,123.28,120.95,121.7,8366700,0.289318,0.277851,0.256087,75.4
2026-03-24,XBI,120.26,120.63,118.19,119.54,10280000,0.291024,0.279377,0.251345,76.98
2026-03-25,XBI,121.24,125.0,121.1,123.92,11469100,0.298494,0.283108,0.287939,80.16
2026-03-26,XBI,122.52,125.64,122.52,123.9,11477100,0.298284,0.285448,0.287759,79.37
2026-03-27,XBI,123.24,123.69,119.51,119.59,10706300,0.301849,0.286897,0.311961,82.54
2026-03-30,XBI,119.73,120.61,118.28,118.78,9306200,0.294437,0.287423,0.31201,78.17
2026-03-31,XBI,122.88,127.95,122.74,127.73,18482500,0.312161,0.297639,0.401699,85.71
2026-04-01,XBI,128.79,131.45,128.03,128.55,20031500,0.314182,0.298474,0.393991,85.71
2026-04-02,XBI,125.66,129.95,125.57,128.96,9896100,0.322911,0.303145,0.386147,88.1
2026-04-06,XBI,129.15,130.54,128.66,128.8,6290400,0.315347,0.296433,0.386299,85.71
2026-04-07,XBI,127.97,129.22,126.37,128.85,9788800,0.315694,0.295569,0.376662,85.71
2026-04-08,XBI,132.42,133.27,129.79,130.65,7511800,0.331168,0.301518,0.379547,89.29
2026-04-09,XBI,129.7,132.15,129.55,131.82,5596600,0.330786,0.299951,0.378732,89.29
2026-04-10,XBI,132.09,132.27,128.76,129.44,10034300,0.326871,0.30022,0.367391,88.1
2026-04-13,XBI,130.3,133.6,130.19,132.05,7851900,0.324379,0.301686,0.370605,88.1
2026-04-14,XBI,133.2,136.4,133.03,135.72,11046900,0.325317,0.302242,0.377254,88.49
2026-04-15,XBI,136.37,137.5,134.45,136.45,8563800,0.328389,0.303207,0.377165,90.08
2026-04-16,XBI,136.14,136.63,134.71,135.46,6839900,0.326766,0.300275,0.36353,88.89
2026-04-17,XBI,137.77,139.19,137.21,138.67,10212700,0.32459,0.30215,0.368766,88.49
2026-04-20,XBI,137.99,138.63,137.0,137.79,6034000,0.316526,0.301311,0.362034,86.11
2026-04-21,XBI,137.98,138.25,135.79,136.39,6756500,0.31347,0.300284,0.366461,84.52
2026-04-22,XBI,137.94,138.68,136.48,137.31,4641000,0.307957,0.300484,0.355689,83.73
2026-04-23,XBI,136.82,138.12,133.59,134.49,7785000,0.308619,0.30219,0.351205,84.13
2026-04-24,XBI,134.53,134.89,131.97,133.28,6790700,0.301818,0.30286,0.354033,80.56
2026-04-27,XBI,133.44,135.86,132.63,133.04,6658700,0.301825,0.304652,0.323659,80.95
2026-04-28,XBI,132.23,134.44,131.07,131.16,7649700,0.308276,0.305405,0.328395,84.92
2026-04-29,XBI,130.05,130.61,127.76,128.9,9033100,0.286375,0.30612,0.219815,71.83
2026-04-30,XBI,129.79,131.84,129.32,131.33,7917900,0.279506,0.304772,0.228371,67.46
2026-05-01,XBI,130.62,131.46,128.99,130.42,8261100,0.261851,0.301844,0.229956,59.13
2026-05-04,XBI,129.99,133.77,129.8,133.5,8114200,0.264223,0.295533,0.243552,61.11
2026-05-05,XBI,135.15,136.37,131.96,133.79,8702600,0.269414,0.296682,0.243498,63.49
2026-05-06,XBI,134.91,137.95,134.25,137.68,8468600,0.253536,0.297277,0.258361,51.98
2026-05-07,XBI,136.8,137.17,131.96,133.66,10692800,0.263761,0.300457,0.281135,61.51
2026-05-08,XBI,133.87,135.88,133.27,134.71,11783800,0.262858,0.297222,0.272979,61.11
2026-05-11,XBI,135.24,138.1,134.15,134.75,9991800,0.266824,0.2987,0.264608,63.89
2026-05-12,XBI,134.42,135.49,133.26,134.91,5994100,0.264598,0.296061,0.245595,63.1
2026-05-13,XBI,134.62,136.37,133.69,135.85,7037200,0.262593,0.295403,0.246141,60.71
2026-05-14,XBI,136.26,136.91,133.54,134.85,5197100,0.266326,0.296321,0.246182,64.29
2026-05-15,XBI,133.21,133.67,130.3,130.69,9438200,0.265652,0.296367,0.253056,63.89
2026-05-18,XBI,130.9,131.5,126.7,127.67,8076600,0.273074,0.296293,0.263097,68.65
2026-05-19,XBI,127.28,128.13,125.07,126.79,12027000,0.277222,0.29623,0.262293,71.43
2026-05-20,XBI,127.81,132.07,127.81,131.71,10734400,0.278658,0.297326,0.299673,72.22
2026-05-21,XBI,130.64,133.43,129.67,132.78,6852700,0.277371,0.297477,0.293261,71.83
2026-05-22,XBI,132.49,134.29,131.47,131.66,6467700,0.278352,0.296474,0.293053,72.62
2026-05-26,XBI,132.47,133.68,131.39,133.35,5928300,0.274497,0.296303,0.296799,69.84
2026-05-27,XBI,133.62,136.03,133.3,134.45,7576700,0.269884,0.292959,0.293079,67.46
2026-05-28,XBI,134.23,136.56,133.13,135.99,6861000,0.268811,0.288149,0.286556,66.67
2026-05-29,XBI,136.48,137.35,135.61,136.69,6734800,0.266961,0.285945,0.280496,65.87
2026-06-01,XBI,135.62,135.66,132.24,133.62,7929300,0.270218,0.285418,0.292493,69.05
2026-06-02,XBI,131.54,131.97,127.57,127.76,14202400,0.277185,0.285182,0.32266,73.41
2026-06-03,XBI,127.57,129.99,127.12,129.83,8097300,0.265766,0.284183,0.32887,64.29
2026-06-04,XBI,130.44,134.48,130.44,133.42,7324200,0.266185,0.284675,0.327218,65.08
2026-06-05,XBI,132.77,133.32,128.18,128.67,8408400,0.262258,0.286426,0.335485,60.32
2026-06-08,XBI,130.21,131.06,127.85,128.43,6472300,0.267458,0.286104,0.333516,67.86
2026-06-09,XBI,131.13,132.39,127.56,131.38,11868500,0.284489,0.291375,0.345193,80.56
2026-06-10,XBI,130.44,133.62,128.79,128.85,8127300,0.299525,0.296148,0.350968,88.89
2026-06-11,XBI,129.14,133.42,128.45,132.74,10176700,0.305061,0.29842,0.367856,90.87
2026-06-12,XBI,132.98,135.54,132.96,133.79,7822900,0.304428,0.298886,0.368418,90.48
2026-06-15,XBI,135.75,136.77,134.55,136.4,5269900,0.303968,0.298354,0.355652,90.08
2026-06-16,XBI,136.43,137.36,134.17,135.34,6925500,0.299658,0.29639,0.344966,87.7
2026-06-17,XBI,136.52,141.82,136.36,139.39,17203400,0.307947,0.299218,0.35525,91.27
2026-06-18,XBI,142.0,143.46,138.7,140.72,9569900,0.31875,0.301838,0.333504,95.24
2026-06-22,XBI,143.53,146.77,143.25,145.86,16738700,0.320193,0.302119,0.352812,95.63
2026-06-23,XBI,144.11,148.76,144.11,147.03,10610000,0.326833,0.302647,0.349486,98.02
2026-06-24,XBI,147.32,151.78,147.32,149.71,13716000,0.331523,0.303075,0.351446,99.6
2026-06-25,XBI,149.89,154.7,149.89,151.59,12268600,0.338402,0.305896,0.352162,99.6
2026-06-26,XBI,151.23,155.93,151.2,155.38,11014400,0.337683,0.298006,0.357982,99.21
2026-06-29,XBI,155.5,158.33,154.37,158.31,12227900,0.33993,0.296151,0.360435,99.6
2026-06-30,XBI,158.81,160.01,157.52,158.25,9017700,0.334376,0.290308,0.344079,98.41
2026-07-01,XBI,157.93,159.0,156.19,156.55,7575200,0.324327,0.290401,0.291298,94.05
2026-07-02,XBI,157.51,160.82,156.48,160.46,9683200,0.325705,0.289911,0.295185,95.24
2026-07-06,XBI,160.23,161.56,158.67,160.81,7470600,0.324365,0.284324,0.289763,93.65
2026-07-07,XBI,162.04,164.35,159.35,163.87,9548200,0.322665,0.286653,0.235767,92.46
2026-07-08,XBI,162.23,164.14,159.46,162.97,10792500,0.328343,0.288995,0.238958,96.43
2026-07-09,XBI,162.8,165.71,162.8,164.28,7532000,0.309546,0.287832,0.235823,87.3
2026-07-10,XBI,163.89,164.23,156.27,159.03,12260000,0.311464,0.292993,0.261419,87.3
2026-07-13,XBI,157.23,157.29,153.87,155.34,11350500,0.312992,0.293841,0.277295,87.7
2026-07-14,XBI,155.72,156.32,153.75,155.45,8187600,0.311635,0.294184,0.278455,86.9
2026-07-15,XBI,154.25,156.33,152.9,156.22,5608900,0.311023,0.29368,0.275017,86.11
2026-07-16,XBI,155.02,155.65,150.93,152.0,9850600,0.314564,0.295721,0.296721,88.49
2026-07-17,XBI,149.57,155.47,149.15,154.26,11572800,0.314687,0.300223,0.285526,88.49
2026-07-20,XBI,154.64,156.54,150.89,150.94,7797500,0.307269,0.302033,0.300269,82.94
2026-07-21,XBI,151.02,154.72,150.77,154.5,7759200,0.295852,0.300002,0.285241,76.98
2026-07-22,XBI,153.64,154.75,151.98,152.11,6301200,0.289405,0.299725,0.29184,72.22
2026-07-23,XBI,149.99,153.39,149.33,152.23,6647000,0.289018,0.300414,0.285362,71.43
2026-07-24,XBI,152.78,153.28,149.91,150.48,7387100,0.280763,0.298742,0.285111,65.87
2026-07-27,XBI,151.76,154.21,150.54,150.59,9321300,0.286878,0.299678,0.26943,70.63
2026-07-28,XBI,150.5,150.89,147.15,149.78,8913700,0.290149,0.301132,0.258777,72.62
2026-07-29,XBI,149.23,151.11,146.67,147.91,9042200,0.295084,0.302457,0.26089,76.59
2026-07-30,XBI,148.0,151.84,146.72,151.46,6725300,0.300532,0.303635,0.27619,79.37
2026-07-31,XBI,151.2,151.77,146.0,147.01,8044000,0.302811,0.302558,0.275038,80.95
2026-08-03,XBI,146.98,148.15,143.78,147.31,6719000,0.310129,0.304149,0.274994,84.92
2026-08-04,XBI,148.77,152.21,147.94,151.88,7841300,0.306713,0.302293,0.290791,81.75
2026-08-05,XBI,153.13,155.12,151.49,153.01,8973800,0.304569,0.303348,0.293389,80.95
2026-08-06,XBI,153.95,156.89,153.14,154.5,8778700,0.308847,0.3022,0.294298,84.13
2026-08-07,XBI,156.87,157.85,154.96,157.37,8397100,0.299649,0.304063,0.282025,76.19
2026-08-10,XBI,155.98,158.55,155.0,158.03,7454700,0.297922,0.304802,0.268958,74.21
2026-08-11,XBI,158.5,159.18,156.79,158.07,6203700,0.297227,0.303775,0.268966,73.81
2026-08-12,XBI,158.14,160.09,157.19,159.39,6047300,0.294572,0.302136,0.269914,72.62
2026-08-13,XBI,160.25,160.67,156.55,156.86,7535100,0.290654,0.300451,0.256736,69.05
2026-08-14,XBI,156.54,157.77,154.15,157.41,6322600,0.280036,0.30055,0.252137,59.92
2026-08-17,XBI,156.83,159.86,155.86,159.53,6362100,0.274134,0.300326,0.24064,54.37
2026-08-18,XBI,158.34,160.6,157.88,160.11,6522000,0.274776,0.298953,0.228172,54.76
2026-08-19,XBI,165.7,169.68,164.5,169.55,14090500,0.301087,0.306826,0.292226,77.38
2026-08-20,XBI,166.66,167.53,162.53,163.38,15031000,0.304655,0.310135,0.328805,80.56
2026-08-21,XBI,164.6,167.91,163.74,165.73,10010500,0.307767,0.310969,0.325851,82.14
2024-08-22,SMH,252.52,253.32,241.54,242.42,8007400,,,,
2024-08-23,SMH,245.85,250.33,244.7,248.39,6933400,,,,
2024-08-26,SMH,247.49,248.55,241.13,242.57,6925200,,,,
2024-08-27,SMH,240.67,245.75,238.57,245.01,5534400,,,,
2024-08-28,SMH,244.5,245.68,237.82,240.89,8114000,,,,
2024-08-29,SMH,240.47,244.51,236.78,237.91,9256500,,,,
2024-08-30,SMH,242.45,244.6,239.38,243.46,8623800,,,,
2024-09-03,SMH,238.87,238.87,223.81,225.19,14466300,,,,
2024-09-04,SMH,221.83,228.58,221.46,224.65,8646300,,,,
2024-09-05,SMH,222.06,227.77,221.73,224.26,6535400,,,,
2024-09-06,SMH,223.35,223.67,213.57,215.0,12019300,,,,
2024-09-09,SMH,218.46,220.31,215.79,219.86,7933400,,,,
2024-09-10,SMH,220.62,222.14,216.46,221.94,7651600,,,,
2024-09-11,SMH,223.79,233.7,219.4,233.4,11148300,,,,
2024-09-12,SMH,232.92,235.96,229.96,233.9,8209500,,,,
2024-09-13,SMH,235.0,237.55,234.22,236.91,6405800,,,,
2024-09-16,SMH,233.39,235.0,230.87,233.8,5505200,,,,
2024-09-17,SMH,236.61,237.13,231.84,233.72,4722800,,,,
2024-09-18,SMH,234.89,237.84,230.79,231.06,7299800,,,,
2024-09-19,SMH,239.97,243.85,238.31,241.09,11254200,,,,
2024-09-20,SMH,238.8,239.65,234.96,237.9,8183300,0.379093,,0.455786,
2024-09-23,SMH,238.81,239.82,237.12,238.95,3781400,0.373885,,0.446528,
2024-09-24,SMH,241.08,244.38,238.28,243.4,5435900,0.374681,,0.444337,
2024-09-25,SMH,243.23,247.08,242.8,245.54,4978300,0.369915,,0.44399,
2024-09-26,SMH,255.5,255.99,247.37,252.62,10082100,0.396349,,0.450038,
2024-09-27,SMH,253.19,253.21,246.12,247.74,7128600,0.391868,,0.453804,
2024-09-30,SMH,244.15,247.01,241.87,245.45,6252500,0.392642,,0.448411,
2024-10-01,SMH,245.63,246.58,237.0,238.88,7751800,0.378173,,0.357575,
2024-10-02,SMH,239.17,244.45,237.59,242.32,5842600,0.368736,,0.359169,
2024-10-03,SMH,241.55,247.15,241.34,244.55,5926900,0.362914,,0.35903,
2024-10-04,SMH,249.21,249.21,244.33,247.82,5771300,0.359862,,0.315039,
2024-10-07,SMH,246.53,250.6,246.31,248.22,4958800,0.358593,,0.31029,
2024-10-08,SMH,249.16,253.17,247.88,252.52,4435300,0.353633,,0.312614,
2024-10-09,SMH,252.99,255.41,250.21,255.15,4063400,0.332426,,0.267054,
2024-10-10,SMH,252.51,255.87,251.0,254.65,4044600,0.333125,,0.267921,
2024-10-11,SMH,253.61,257.3,253.6,256.69,4202900,0.334066,,0.266429,
2024-10-14,SMH,258.52,262.26,258.42,261.28,4608600,0.325233,,0.262506,
2024-10-15,SMH,261.0,262.11,245.58,247.16,14128900,0.339703,,0.340531,
2024-10-16,SMH,249.83,249.83,245.5,247.32,5692300,0.336047,,0.336505,
2024-10-17,SMH,255.18,256.17,251.5,251.58,6745000,0.325337,,0.308252,
2024-10-18,SMH,253.5,253.52,250.86,251.51,3720700,0.318187,,0.303014,
2024-10-21,SMH,251.0,253.05,249.49,252.84,3923400,0.319658,,0.303092,
2024-10-22,SMH,251.33,252.49,249.67,251.69,3629100,0.317049,,0.298325,
2024-10-23,SMH,250.45,251.67,245.84,249.01,4971600,0.320742,,0.300191,
2024-10-24,SMH,250.87,251.2,248.2,250.06,2595500,0.279752,,0.282301,
2024-10-25,SMH,252.49,256.55,252.3,252.96,6835900,0.280575,,0.276027,
2024-10-28,SMH,252.77,253.05,251.0,251.21,3557300,0.269599,,0.274987,
2024-10-29,SMH,251.9,258.33,250.86,256.92,5392800,0.26496,,0.263431,
2024-10-30,SMH,251.74,253.0,249.45,250.68,5348400,0.272836,,0.278307,
2024-10-31,SMH,248.27,248.27,240.28,241.68,9464700,0.27575,,0.307803,
2024-11-01,SMH,244.19,247.29,243.35,244.75,5521000,0.26776,,0.307418,
2024-11-04,SMH,245.31,247.51,243.41,244.27,5199200,0.265978,,0.307335,
2024-11-05,SMH,245.25,249.04,245.08,248.31,4344200,0.264207,,0.306748,
2024-11-06,SMH,252.29,255.69,250.21,254.81,7284400,0.268452,,0.318924,
2024-11-07,SMH,258.39,261.15,258.14,261.02,5370200,0.264261,,0.330073,
2024-11-08,SMH,260.76,261.88,257.92,259.34,3915600,0.263895,,0.330138,
2024-11-11,SMH,257.92,258.05,250.99,253.53,7667300,0.270036,,0.333321,
2024-11-12,SMH,253.1,253.57,248.86,251.86,6574000,0.252186,,0.266666,
2024-11-13,SMH,250.65,251.18,247.22,247.63,5537900,0.250547,,0.274125,
2024-11-14,SMH,249.56,250.96,247.38,248.18,4607600,0.227296,,0.26687,
2024-11-15,SMH,244.17,244.57,238.8,239.95,9499700,0.237476,0.316163,0.291474,
2024-11-18,SMH,239.03,242.17,237.39,241.54,7696500,0.239547,0.315086,0.291974,
2024-11-19,SMH,241.1,244.27,240.6,244.18,4505200,0.238675,0.313588,0.295496,
2024-11-20,SMH,243.33,243.75,238.65,242.54,7585600,0.239011,0.312904,0.294193,
2024-11-21,SMH,245.52,248.19,239.6,246.1,8825400,0.255914,0.315033,0.299034,
2024-11-22,SMH,245.97,246.64,243.31,244.62,4746300,0.250484,0.312339,0.295912,
2024-11-25,SMH,246.35,246.35,242.28,243.66,4562700,0.253682,0.309678,0.295394,
2024-11-26,SMH,245.82,246.12,239.89,241.42,4996500,0.253111,0.302508,0.282381,
2024-11-27,SMH,239.66,239.8,234.17,238.25,6911600,0.249667,0.299993,0.273661,
2024-11-29,SMH,240.0,244.49,239.59,242.13,5607400,0.245573,0.297361,0.249668,
2024-12-02,SMH,243.35,249.15,243.35,247.87,8070300,0.244775,0.294595,0.25961,
2024-12-03,SMH,246.93,248.68,245.93,248.42,3227300,0.2436,0.292455,0.259479,
2024-12-04,SMH,252.23,253.07,249.32,252.63,5457400,0.249917,0.291542,0.259802,
2024-12-05,SMH,251.89,252.16,247.58,248.3,3872100,0.242231,0.282135,0.249717,
2024-12-06,SMH,247.88,249.42,247.21,248.61,3885300,0.237573,0.280203,0.23143,
2024-12-09,SMH,246.22,248.96,244.93,246.07,4532600,0.241395,0.281768,0.232701,
2024-12-10,SMH,246.43,247.15,238.37,239.88,6402400,0.242302,0.280876,0.23611,
2024-12-11,SMH,243.65,247.04,241.73,245.75,5588400,0.248267,0.281539,0.254071,
2024-12-12,SMH,244.01,244.64,241.93,243.37,3979300,0.249019,0.279975,0.249406,
2024-12-13,SMH,249.52,251.63,246.05,249.49,8628300,0.26582,0.274223,0.265519,43.33
2024-12-16,SMH,250.5,254.36,248.92,253.25,4893000,0.257295,0.272935,0.237639,36.07
2024-12-17,SMH,250.48,251.17,248.03,249.96,4027800,0.259282,0.274474,0.243543,37.1
2024-12-18,SMH,252.16,254.47,240.45,241.99,8125800,0.278669,0.278987,0.269068,57.14
2024-12-19,SMH,243.0,243.25,238.35,238.87,6893100,0.272998,0.278629,0.271898,54.69
2024-12-20,SMH,237.4,245.26,236.54,242.71,6909300,0.268977,0.266881,0.272969,49.23
2024-12-23,SMH,243.53,249.59,243.53,249.22,6650100,0.270067,0.266157,0.288477,53.03
2024-12-24,SMH,250.44,251.37,249.38,251.37,2097400,0.268282,0.262797,0.289101,46.27
2024-12-26,SMH,250.42,252.39,248.88,250.93,2169300,0.265491,0.260129,0.286605,41.18
2024-12-27,SMH,249.28,250.07,245.16,248.4,3812300,0.261711,0.259917,0.284645,34.78
2024-12-30,SMH,244.62,247.35,242.73,244.66,3532100,0.267413,0.261397,0.285827,45.71
2024-12-31,SMH,245.51,246.05,241.4,242.17,3071800,0.265691,0.257774,0.274803,42.25
2025-01-02,SMH,244.52,247.75,242.25,244.79,4464000,0.270809,0.258507,0.277854,56.94
2025-01-03,SMH,247.0,252.33,246.68,251.88,4994400,0.267165,0.258681,0.290529,45.21
2025-01-06,SMH,258.67,263.29,258.5,260.23,10533200,0.283568,0.263503,0.305115,66.22
2025-01-07,SMH,263.42,263.58,253.05,254.04,7661100,0.291513,0.264391,0.319237,66.67
2025-01-08,SMH,253.56,254.33,249.51,252.23,5189500,0.289054,0.265071,0.317956,65.79
2025-01-10,SMH,249.41,249.59,244.92,247.18,6901500,0.289815,0.267,0.312605,66.23
2025-01-13,SMH,241.07,244.93,240.62,244.64,6007500,0.300071,0.26607,0.303261,67.95
2025-01-14,SMH,247.73,248.38,242.39,245.44,3791500,0.305475,0.267516,0.301361,68.35
2025-01-15,SMH,249.25,252.07,247.7,251.21,5316800,0.295496,0.262267,0.299691,66.25
2025-01-16,SMH,257.11,257.2,252.15,252.29,5696100,0.302756,0.265945,0.295149,67.9
2025-01-17,SMH,257.98,258.68,255.61,258.25,5387300,0.30618,0.269069,0.30229,69.51
2025-01-21,SMH,260.8,264.32,258.45,262.39,4923000,0.292178,0.270119,0.277793,63.86
2025-01-22,SMH,266.0,269.66,265.14,267.17,6616500,0.294823,0.269711,0.274388,64.29
2025-01-23,SMH,263.02,266.86,261.9,266.85,4704900,0.294075,0.272426,0.272554,63.53
2025-01-24,SMH,267.4,267.43,260.62,261.53,5119900,0.29486,0.271586,0.273483,65.12
2025-01-27,SMH,242.48,245.08,232.24,235.81,21944900,0.423832,0.321695,0.463453,98.85
2025-01-28,SMH,237.89,241.03,232.26,240.45,11707300,0.434619,0.325241,0.470409,98.86
2025-01-29,SMH,242.41,242.45,236.64,239.53,8366000,0.435247,0.323616,0.469519,98.88
2025-01-30,SMH,243.42,245.85,240.67,245.17,7676300,0.434222,0.32384,0.474819,96.67
2025-01-31,SMH,246.17,251.46,242.92,243.62,8009900,0.441822,0.326574,0.473896,98.9
2025-02-03,SMH,235.97,241.64,235.12,238.78,7479600,0.459481,0.33509,0.47749,98.91
2025-02-04,SMH,238.81,242.62,238.58,241.47,4579000,0.458191,0.3352,0.466987,97.85
2025-02-05,SMH,242.12,247.5,240.4,247.14,4811100,0.449151,0.334346,0.458835,96.81
2025-02-06,SMH,247.18,248.43,245.61,248.35,4877200,0.442859,0.333496,0.452311,95.79
2025-02-07,SMH,249.56,250.65,243.48,245.0,7258900,0.444629,0.334621,0.454019,95.83
2025-02-10,SMH,247.0,250.29,247.0,249.62,4231300,0.442282,0.333241,0.453689,93.81
2025-02-11,SMH,247.7,251.04,247.41,249.87,3134900,0.43338,0.333018,0.451884,88.78
2025-02-12,SMH,245.7,248.74,244.54,248.51,4212800,0.432935,0.335057,0.45238,87.88
2025-02-13,SMH,248.0,252.09,247.79,251.92,4486100,0.427968,0.334678,0.447266,87.0
2025-02-14,SMH,252.0,253.22,250.63,252.58,4279500,0.417707,0.332073,0.447099,85.15
2025-02-18,SMH,254.72,257.2,253.34,256.22,6361400,0.409646,0.331885,0.441975,84.31
2025-02-19,SMH,255.98,258.38,253.88,257.34,3025400,0.405747,0.332343,0.438213,83.5
2025-02-20,SMH,258.07,259.63,254.92,257.8,4401700,0.401827,0.331432,0.432614,82.69
2025-02-21,SMH,258.35,258.7,249.19,249.99,7578500,0.403433,0.328443,0.444644,82.86
2025-02-24,SMH,251.3,252.06,243.28,243.42,7518000,0.405757,0.329619,0.448494,83.96
2025-02-25,SMH,242.71,243.78,237.34,238.25,7658600,0.284772,0.330198,0.261656,46.73
2025-02-26,SMH,241.6,246.12,240.9,243.82,6675900,0.274659,0.330881,0.26543,41.67
2025-02-27,SMH,246.07,246.38,228.7,228.79,10520600,0.288015,0.333911,0.350262,47.71
2025-02-28,SMH,228.37,233.78,225.63,232.77,8654700,0.288126,0.335561,0.345042,48.18
2025-03-03,SMH,235.37,235.37,220.95,223.01,10001200,0.296067,0.340535,0.373444,55.86
2025-03-04,SMH,222.46,230.8,218.05,225.23,12563100,0.294312,0.348431,0.371939,52.68
2025-03-05,SMH,227.82,230.21,223.47,229.4,6799400,0.304099,0.349921,0.376374,58.41
2025-03-06,SMH,221.98,226.16,219.07,219.78,9155200,0.332536,0.359315,0.38919,66.67
2025-03-07,SMH,220.6,225.75,217.07,225.09,9426800,0.343589,0.362814,0.401781,70.43
2025-03-10,SMH,219.57,221.29,211.51,214.53,9616500,0.363005,0.369403,0.429326,74.14
2025-03-11,SMH,215.21,219.02,210.46,214.22,7381300,0.372175,0.371323,0.419411,76.07
2025-03-12,SMH,220.32,222.95,218.18,220.52,8710800,0.386944,0.374377,0.438397,79.66
2025-03-13,SMH,220.78,223.88,217.81,219.55,5126800,0.384638,0.37552,0.438438,78.99
2025-03-14,SMH,223.35,226.96,223.28,226.57,5100700,0.38817,0.372845,0.453458,80.0
2025-03-17,SMH,226.23,231.04,226.02,228.96,5192200,0.391102,0.372976,0.456137,80.17
2025-03-18,SMH,226.63,227.77,223.88,225.42,5196700,0.393055,0.373104,0.451753,81.97
2025-03-19,SMH,225.42,231.02,223.78,227.41,4932500,0.398099,0.370349,0.453423,82.93
2025-03-20,SMH,225.14,229.01,224.89,227.05,3654700,0.40037,0.371285,0.452795,83.06
2025-03-21,SMH,222.77,225.61,221.41,224.77,6319300,0.40518,0.371415,0.44387,84.8
2025-03-24,SMH,229.2,232.42,229.1,230.63,6503200,0.409161,0.373356,0.449407,86.51
2025-03-25,SMH,230.45,230.66,228.85,229.65,3451800,0.40633,0.373208,0.443993,85.83
2025-03-26,SMH,228.4,228.8,220.05,222.01,9591100,0.407159,0.375227,0.447552,85.94
2025-03-27,SMH,219.05,220.7,216.57,217.75,9072500,0.397484,0.375675,0.394703,79.07
2025-03-28,SMH,216.8,218.04,211.05,212.17,8722100,0.395003,0.375226,0.395868,77.69
2025-03-31,SMH,207.33,211.69,204.51,211.47,9477200,0.392284,0.380431,0.369247,75.57
2025-04-01,SMH,210.96,212.54,207.26,212.49,6151300,0.376459,0.380889,0.367387,69.7
2025-04-02,SMH,208.96,216.61,208.47,214.09,7096200,0.375654,0.384058,0.361027,69.17
2025-04-03,SMH,202.69,204.49,195.34,195.57,14299000,0.405249,0.397323,0.456843,83.58
2025-04-04,SMH,188.7,190.29,178.23,180.8,22160100,0.427406,0.407289,0.510028,89.63
2025-04-07,SMH,173.49,194.83,170.11,184.9,25600300,0.525037,0.449238,0.50335,99.26
2025-04-08,SMH,192.99,195.72,176.05,179.95,19097600,0.58542,0.473374,0.507542,99.27
2025-04-09,SMH,181.76,212.81,180.27,210.83,22178500,0.630462,0.495845,0.773264,99.28
2025-04-10,SMH,201.38,202.5,189.04,196.21,18282500,0.662948,0.511223,0.811876,99.28
2025-04-11,SMH,195.7,201.94,193.7,201.31,10156300,0.660441,0.511563,0.808608,98.57
2025-04-14,SMH,206.62,206.78,198.77,201.61,9843300,0.676642,0.514291,0.806815,99.29
2025-04-15,SMH,202.67,205.14,201.94,202.92,5097800,0.678622,0.512051,0.807271,99.3
2025-04-16,SMH,193.16,196.76,188.53,194.35,13067200,0.696323,0.522335,0.816287,99.3
2025-04-17,SMH,195.82,196.0,191.0,192.53,7067400,0.700359,0.521939,0.815963,99.31
2025-04-21,SMH,188.9,189.39,184.4,187.83,9572700,0.70288,0.523489,0.81805,99.31
2025-04-22,SMH,190.35,193.3,188.96,191.9,7242700,0.700661,0.524847,0.815769,98.63
2025-04-23,SMH,201.58,203.08,198.08,198.91,11495800,0.733345,0.511377,0.831282,99.32
2025-04-24,SMH,203.22,209.28,202.18,208.97,9696200,0.739165,0.511326,0.848173,99.32
2025-04-25,SMH,207.18,213.29,206.5,211.97,7487400,0.739832,0.511183,0.847976,99.33
2025-04-28,SMH,210.89,212.21,206.4,210.65,5804900,0.740316,0.510605,0.84326,99.33
2025-04-29,SMH,209.33,212.25,208.52,210.29,4506200,0.735114,0.50846,0.843206,97.35
2025-04-30,SMH,205.02,211.74,203.89,211.28,5974400,0.737741,0.507237,0.843196,97.37
2025-05-01,SMH,214.93,216.53,212.11,212.3,6878200,0.739024,0.509125,0.842921,97.39
2025-05-02,SMH,217.99,220.92,217.24,219.03,6522200,0.718251,0.511931,0.778713,94.81
2025-05-05,SMH,217.03,219.6,216.9,217.61,4536000,0.695177,0.512236,0.714777,91.61
2025-05-06,SMH,213.65,217.44,212.84,215.59,5019400,0.614274,0.512725,0.715909,87.82
2025-05-07,SMH,215.72,220.92,214.19,220.02,9068800,0.557561,0.513331,0.70504,86.62
2025-05-08,SMH,222.85,224.84,220.1,221.95,5919200,0.497449,0.514677,0.436437,85.44
2025-05-09,SMH,224.53,225.36,221.99,223.4,3495500,0.438319,0.514565,0.336334,80.5
2025-05-12,SMH,236.72,238.67,234.05,237.41,9246900,0.475411,0.529445,0.382862,85.0
2025-05-13,SMH,239.05,246.69,238.6,245.56,8665600,0.464296,0.530581,0.392321,84.47
2025-05-14,SMH,247.65,249.44,245.6,247.99,7439600,0.464197,0.530648,0.392118,83.95
2025-05-15,SMH,245.75,249.0,244.08,247.13,6446300,0.412167,0.531038,0.342959,73.01
2025-05-16,SMH,247.54,247.61,244.12,246.42,3800100,0.410507,0.530854,0.3383,72.56
2025-05-19,SMH,241.4,246.5,241.29,246.01,4196100,0.4063,0.531496,0.313824,69.7
2025-05-20,SMH,243.87,245.61,242.88,245.54,3115200,0.40636,0.530647,0.316913,70.48
2025-05-21,SMH,243.33,248.58,240.02,241.47,6392500,0.380214,0.532419,0.32004,57.49
2025-05-22,SMH,241.03,243.61,240.32,240.81,5185500,0.371348,0.531124,0.286064,52.98
2025-05-23,SMH,235.23,238.86,234.59,237.44,6577200,0.377385,0.529188,0.29423,56.21
2025-05-27,SMH,242.49,245.69,240.66,244.97,8858900,0.379266,0.530228,0.303993,57.65
2025-05-28,SMH,245.29,246.21,241.91,242.36,10739500,0.377769,0.526092,0.309262,56.14
2025-05-29,SMH,249.0,249.21,242.7,244.08,9120100,0.371331,0.525048,0.309133,51.74
2025-05-30,SMH,243.23,243.23,235.37,239.75,11064700,0.376011,0.524721,0.32173,54.91
2025-06-02,SMH,239.18,244.03,238.96,243.3,4719900,0.366104,0.519056,0.309742,50.0
2025-06-03,SMH,243.48,249.17,242.35,248.79,7518700,0.365253,0.517272,0.312114,49.71
2025-06-04,SMH,250.57,252.61,248.36,251.75,7258700,0.356065,0.512665,0.306698,47.16
2025-06-05,SMH,253.74,256.06,249.76,251.3,8054100,0.355492,0.511172,0.304705,46.89
2025-06-06,SMH,253.54,255.59,252.64,252.73,5589700,0.352548,0.507539,0.30462,46.07
2025-06-09,SMH,255.0,259.87,255.0,256.96,10841400,0.353515,0.507314,0.306725,46.37
2025-06-10,SMH,258.36,262.68,257.46,262.07,9763000,0.289236,0.506317,0.238049,30.56
2025-06-11,SMH,263.6,264.91,259.69,261.88,12286000,0.287105,0.506479,0.212827,28.73
2025-06-12,SMH,260.06,264.0,260.06,263.15,6781900,0.286109,0.505958,0.211496,28.57
2025-06-13,SMH,257.55,260.6,256.05,256.99,11950200,0.294969,0.50654,0.230937,35.52
2025-06-16,SMH,259.96,265.05,259.78,263.38,7497700,0.297998,0.506866,0.243515,36.96
2025-06-17,SMH,262.44,265.53,261.36,261.59,7284700,0.289713,0.505676,0.245596,31.35
2025-06-18,SMH,262.78,264.91,260.99,262.59,7367400,0.288659,0.504034,0.244895,30.11
2025-06-20,SMH,264.85,265.02,257.22,260.27,11439900,0.280832,0.505826,0.237852,26.74
2025-06-23,SMH,259.85,262.66,257.12,261.92,10420100,0.282781,0.504584,0.236747,27.13
2025-06-24,SMH,265.93,271.62,265.74,271.54,9035500,0.267105,0.504579,0.251816,17.46
2025-06-25,SMH,273.22,275.27,272.45,275.2,8480000,0.257041,0.503332,0.236271,11.58
2025-06-26,SMH,277.08,277.95,274.95,277.2,6789000,0.256029,0.49967,0.228064,11.52
2025-06-27,SMH,278.18,280.5,275.64,278.42,8170900,0.239275,0.498645,0.228207,2.6
2025-06-30,SMH,279.7,279.96,277.1,278.88,6375800,0.224182,0.495696,0.210234,0.0
2025-07-01,SMH,276.8,278.06,272.16,275.84,8931300,0.230565,0.480805,0.218254,1.03
2025-07-02,SMH,274.82,281.92,274.66,281.25,8713800,0.230033,0.468935,0.215663,1.03
2025-07-03,SMH,282.82,285.19,282.31,283.62,4443000,0.227503,0.426782,0.214802,1.02
2025-07-07,SMH,281.76,282.64,278.55,279.76,8616400,0.224419,0.401197,0.224449,0.51
2025-07-08,SMH,281.61,284.73,280.7,283.48,8186500,0.223247,0.372037,0.226174,0.0
2025-07-09,SMH,284.73,287.84,283.57,285.42,6810700,0.219582,0.345426,0.222583,0.0
2025-07-10,SMH,287.89,288.19,284.56,287.52,5635200,0.220653,0.342974,0.216181,0.5
2025-07-11,SMH,286.47,288.94,285.55,287.49,5677000,0.217777,0.336429,0.215988,0.0
2025-07-14,SMH,286.3,286.52,281.74,285.32,7455800,0.220261,0.336985,0.220308,0.99
2025-07-15,SMH,291.67,293.2,290.08,290.8,9892500,0.210268,0.316632,0.200256,0.0
2025-07-16,SMH,288.5,289.57,283.13,289.28,10065900,0.218641,0.318058,0.191735,0.98
2025-07-17,SMH,290.05,292.56,287.98,291.71,6998300,0.215713,0.312589,0.187167,0.49
2025-07-18,SMH,292.91,293.33,289.33,290.31,5522100,0.214744,0.311091,0.190638,0.49
2025-07-21,SMH,290.67,293.53,290.4,290.51,5910900,0.205625,0.295053,0.184313,0.0
2025-07-22,SMH,289.74,289.84,282.12,285.37,11537500,0.209351,0.292936,0.202001,0.48
2025-07-23,SMH,285.3,286.67,282.99,286.61,8194600,0.204793,0.290701,0.16352,0.0
2025-07-24,SMH,287.19,288.27,284.92,287.8,5902600,0.205487,0.287789,0.158728,0.48
2025-07-25,SMH,286.23,288.04,285.06,287.49,4014900,0.205547,0.286971,0.157996,0.95
2025-07-28,SMH,289.78,291.57,289.29,291.41,5671900,0.203259,0.278789,0.163223,0.0
2025-07-29,SMH,293.56,296.73,291.48,292.9,6968700,0.20697,0.277283,0.163505,2.35
2025-07-30,SMH,294.76,297.38,293.59,296.26,7930300,0.199553,0.272524,0.158365,0.0
2025-07-31,SMH,294.7,294.92,286.05,288.78,9928100,0.205785,0.273748,0.177957,2.79
2025-08-01,SMH,282.91,286.94,279.19,283.95,14032200,0.228076,0.275574,0.187002,10.19
2025-08-04,SMH,286.29,290.31,285.21,290.19,5323200,0.228069,0.27416,0.194574,10.14
2025-08-05,SMH,290.74,291.33,284.21,287.1,6918300,0.231964,0.273816,0.194542,11.93
2025-08-06,SMH,284.83,287.23,282.77,286.62,6124300,0.234031,0.274025,0.193292,12.33
2025-08-07,SMH,292.83,294.71,288.62,291.12,8069400,0.24586,0.251678,0.199441,18.18
2025-08-08,SMH,291.93,293.92,290.65,293.53,5121600,0.244971,0.249639,0.201231,17.65
2025-08-11,SMH,294.51,297.09,292.73,293.4,5799700,0.242199,0.249284,0.198758,15.77
2025-08-12,SMH,295.29,300.24,293.15,300.1,7592800,0.235096,0.248724,0.203288,12.56
2025-08-13,SMH,301.84,302.98,298.57,301.28,8959700,0.226184,0.248746,0.201811,8.93
2025-08-14,SMH,298.0,302.8,297.28,301.92,5827000,0.230499,0.245853,0.200425,11.56
2025-08-15,SMH,299.36,299.36,293.94,295.65,9026300,0.234256,0.246448,0.215102,13.27
2025-08-18,SMH,294.92,297.19,294.78,296.86,5577500,0.232564,0.240391,0.215393,12.78
2025-08-19,SMH,296.86,297.12,290.63,290.87,8191900,0.226553,0.240189,0.218511,9.21
2025-08-20,SMH,290.0,290.0,281.15,288.96,10091000,0.244035,0.239942,0.219706,19.65
2025-08-21,SMH,287.78,289.87,285.88,287.46,6067700,0.244711,0.236422,0.220103,20.0
2025-08-22,SMH,287.63,296.36,286.54,293.64,5810400,0.252336,0.238868,0.232669,25.11
2025-08-25,SMH,293.75,295.79,292.12,293.92,4965000,0.252038,0.231842,0.227953,24.57
2025-08-26,SMH,294.82,297.24,294.67,296.75,4967100,0.247539,0.226686,0.22972,21.89
2025-08-27,SMH,295.85,298.1,294.38,297.66,5646200,0.246499,0.226369,0.226425,21.79
2025-08-28,SMH,298.1,300.78,295.98,298.88,7194000,0.240338,0.225576,0.205056,17.02
2025-08-29,SMH,295.56,295.56,289.1,290.29,13420900,0.226863,0.226815,0.223638,9.32
2025-09-02,SMH,283.09,286.67,281.74,286.48,11543700,0.241869,0.231344,0.215117,18.14
2025-09-03,SMH,287.36,287.93,283.78,286.43,7249600,0.238483,0.231054,0.211806,15.55
2025-09-04,SMH,285.24,290.21,284.3,289.86,8079300,0.237505,0.229842,0.215926,15.06
2025-09-05,SMH,295.07,295.15,289.25,293.28,9809600,0.234965,0.233595,0.212786,14.17
2025-09-08,SMH,295.14,297.82,294.8,296.52,7223200,0.235972,0.232526,0.214349,14.94
2025-09-09,SMH,297.22,297.99,295.11,297.81,6797000,0.234321,0.231996,0.21474,14.05
2025-09-10,SMH,300.59,302.38,298.77,300.83,10221400,0.232504,0.226966,0.202103,12.76
2025-09-11,SMH,303.54,305.56,303.17,303.93,7312400,0.232101,0.225607,0.20491,12.7
2025-09-12,SMH,305.06,305.59,303.1,304.32,5231900,0.227808,0.224256,0.204841,10.2
2025-09-15,SMH,303.82,307.23,303.01,307.17,5390200,0.223786,0.223776,0.19064,7.32
2025-09-16,SMH,308.43,308.67,305.57,307.21,4227600,0.225019,0.22044,0.190559,8.5
2025-09-17,SMH,306.5,307.15,301.37,305.25,9647700,0.228003,0.220494,0.17487,11.29
2025-09-18,SMH,313.55,318.62,312.6,316.97,16335600,0.229724,0.225316,0.21142,12.45
2025-09-19,SMH,316.4,316.51,313.43,315.71,8381600,0.228466,0.225466,0.21071,12.4
2025-09-22,SMH,316.27,323.14,316.0,322.17,11618100,0.221171,0.225661,0.209678,6.77
2025-09-23,SMH,323.16,325.36,320.02,321.7,9159000,0.222525,0.225481,0.210414,7.14
2025-09-24,SMH,321.4,321.96,317.47,321.11,8632200,0.225808,0.226043,0.210671,9.52
2025-09-25,SMH,316.29,322.03,313.6,321.06,9592900,0.238203,0.227968,0.211159,20.63
2025-09-26,SMH,321.64,322.42,318.14,321.82,6886100,0.238313,0.227569,0.211214,21.03
2025-09-29,SMH,324.65,326.83,322.47,322.66,5833600,0.233517,0.228278,0.172155,17.06
2025-09-30,SMH,322.75,326.72,322.43,326.36,7459900,0.208467,0.227317,0.158725,3.17
2025-10-01,SMH,324.28,334.11,324.11,333.69,9911800,0.212069,0.228303,0.165935,4.37
2025-10-02,SMH,339.66,340.0,336.56,338.24,8092600,0.215086,0.230284,0.166595,5.16
2025-10-03,SMH,339.41,340.78,335.18,336.68,7770000,0.204671,0.229792,0.171415,0.79
2025-10-06,SMH,345.46,348.53,343.38,343.38,10263200,0.22174,0.235575,0.176878,8.73
2025-10-07,SMH,346.29,346.67,336.56,337.05,9365700,0.225666,0.235645,0.199359,11.51
2025-10-08,SMH,336.73,346.46,336.42,346.07,7841500,0.228137,0.232821,0.211633,15.87
2025-10-09,SMH,346.04,347.1,342.4,345.21,5565500,0.229557,0.229663,0.213861,16.67
2025-10-10,SMH,345.97,346.49,324.83,325.34,18804500,0.248319,0.235314,0.316424,33.33
2025-10-13,SMH,337.48,341.09,335.0,339.75,11760200,0.275077,0.246589,0.346558,48.81
2025-10-14,SMH,333.06,339.06,330.25,333.5,7296700,0.295661,0.252664,0.35629,59.13
2025-10-15,SMH,342.1,343.08,335.51,341.78,8283800,0.306035,0.257209,0.361074,61.9
2025-10-16,SMH,346.17,347.09,339.81,343.3,9047500,0.29866,0.25892,0.340675,60.32
2025-10-17,SMH,341.22,344.93,338.14,342.83,8396300,0.302644,0.260257,0.339989,61.11
2025-10-20,SMH,346.0,350.05,345.66,347.22,6436900,0.301971,0.260466,0.33628,61.11
2025-10-21,SMH,347.06,347.1,343.16,345.3,4391800,0.301564,0.260684,0.337429,61.11
2025-10-22,SMH,342.86,344.86,332.4,338.6,8014200,0.313705,0.264841,0.346935,64.29
2025-10-23,SMH,337.05,345.91,336.73,344.8,6422600,0.30531,0.265859,0.351028,63.1
2025-10-24,SMH,350.58,352.94,349.82,351.14,5649300,0.306017,0.264837,0.3548,63.89
2025-10-27,SMH,357.67,360.6,356.21,359.94,6663400,0.308589,0.260319,0.361984,65.08
2025-10-28,SMH,359.61,364.67,358.46,363.11,5086000,0.310169,0.260327,0.361532,65.08
2025-10-29,SMH,369.08,372.78,365.82,368.61,8102600,0.307546,0.261006,0.357968,64.29
2025-10-30,SMH,367.43,369.86,363.55,363.73,6932700,0.30871,0.260433,0.362122,64.68
2025-10-31,SMH,366.88,368.43,360.5,363.02,4917900,0.31005,0.257883,0.361439,64.68
2025-11-03,SMH,367.69,369.47,364.69,366.1,4470500,0.301886,0.258826,0.357037,59.52
2025-11-04,SMH,357.98,361.79,351.8,352.76,8269000,0.321125,0.265633,0.377496,65.48
2025-11-05,SMH,353.1,364.28,352.72,359.5,8605400,0.325675,0.267329,0.372046,65.48
2025-11-06,SMH,359.59,360.15,348.71,351.09,9600500,0.329205,0.268816,0.382806,65.48
2025-11-07,SMH,346.54,348.18,336.68,348.12,14723200,0.338146,0.274957,0.31311,65.87
2025-11-10,SMH,357.55,360.0,353.95,358.79,9180700,0.327257,0.27858,0.293734,64.68
2025-11-11,SMH,355.25,356.04,349.74,351.05,7661200,0.315012,0.280239,0.297057,63.49
2025-11-12,SMH,356.2,357.48,352.94,355.53,5870700,0.302405,0.281043,0.28829,57.54
2025-11-13,SMH,351.63,352.88,341.25,344.82,10654800,0.308422,0.279768,0.310286,61.11
2025-11-14,SMH,335.24,348.91,333.75,344.98,12271200,0.334993,0.290673,0.31023,65.48
2025-11-17,SMH,341.94,348.34,337.05,340.3,6921300,0.342922,0.292438,0.310366,65.87
2025-11-18,SMH,335.75,337.79,329.12,333.29,12933100,0.35051,0.295846,0.317967,66.27
2025-11-19,SMH,334.81,343.06,333.46,339.44,9842300,0.344724,0.297928,0.318232,65.87
2025-11-20,SMH,348.86,349.78,323.69,325.1,14686700,0.373499,0.309569,0.345435,70.24
2025-11-21,SMH,325.0,331.62,315.05,326.13,17298700,0.389049,0.317011,0.337238,74.21
2025-11-24,SMH,329.0,340.57,328.83,339.12,10650900,0.388825,0.316964,0.356515,73.81
2025-11-25,SMH,334.73,340.72,327.35,340.01,12052700,0.402882,0.317946,0.35449,77.38
2025-11-26,SMH,344.25,350.3,343.43,347.71,5533300,0.401093,0.318763,0.360448,76.59
2025-11-28,SMH,349.17,352.57,347.71,352.28,3352700,0.400664,0.318064,0.362504,76.19
2025-12-01,SMH,348.85,355.01,348.06,352.96,3902000,0.400239,0.317121,0.362716,75.4
2025-12-02,SMH,355.85,360.79,354.15,359.43,6657900,0.399318,0.317731,0.367821,75.0
2025-12-03,SMH,359.7,364.58,356.23,364.37,4642700,0.38984,0.318827,0.34499,72.22
2025-12-04,SMH,363.26,364.37,359.6,361.6,3971800,0.384423,0.31888,0.340166,69.84
2025-12-05,SMH,364.46,368.58,363.54,364.42,3619200,0.382363,0.319335,0.328912,69.44
2025-12-08,SMH,368.1,370.72,365.74,368.55,4334300,0.36781,0.319984,0.328137,64.68
2025-12-09,SMH,367.04,369.56,365.35,369.0,3173300,0.354158,0.32019,0.311833,62.3
2025-12-10,SMH,368.91,375.59,366.93,374.1,5653300,0.353441,0.321099,0.302111,61.51
2025-12-11,SMH,369.78,371.22,361.68,370.89,7499900,0.358839,0.324144,0.302686,63.1
2025-12-12,SMH,366.99,367.56,352.88,354.12,12705900,0.358187,0.32284,0.329123,62.7
2025-12-15,SMH,358.13,359.2,352.19,352.9,5605800,0.336041,0.323551,0.329552,57.94
2025-12-16,SMH,351.57,354.39,348.31,351.94,5849200,0.327606,0.323846,0.3253,56.35
2025-12-17,SMH,352.89,352.89,338.06,339.24,10780400,0.324102,0.325338,0.344285,55.16
2025-12-18,SMH,350.84,352.09,345.83,347.25,8260200,0.338938,0.331402,0.348118,58.33
2025-12-19,SMH,350.31,358.53,350.31,356.23,8838700,0.308032,0.328957,0.316099,51.19
2025-12-22,SMH,362.41,362.48,357.77,359.7,4799500,0.288101,0.329882,0.316562,38.1
2025-12-23,SMH,358.6,363.3,358.06,363.16,3542100,0.283346,0.329787,0.290601,35.71
2025-12-24,SMH,362.7,364.54,362.15,364.17,1640500,0.259269,0.32968,0.290595,30.16
2025-12-26,SMH,366.07,367.35,364.49,365.86,2921300,0.254129,0.328105,0.281934,29.37
2025-12-29,SMH,362.66,365.82,360.82,364.21,4874400,0.2578,0.327908,0.280139,30.56
2025-12-30,SMH,365.16,366.24,363.07,363.31,2927000,0.250884,0.327457,0.28052,28.57
2025-12-31,SMH,364.83,365.57,360.07,360.13,2687300,0.248122,0.32358,0.275484,28.17
2026-01-02,SMH,368.95,376.34,368.84,373.3,8972400,0.257721,0.326444,0.30024,31.35
2026-01-05,SMH,381.72,383.99,376.94,377.59,9071300,0.265148,0.328385,0.300417,32.54
2026-01-06,SMH,382.4,389.37,382.14,387.62,10201200,0.266333,0.32901,0.3119,32.94
2026-01-07,SMH,385.2,387.81,383.59,385.02,6058900,0.268403,0.325498,0.31218,33.73
2026-01-08,SMH,384.56,384.74,375.86,378.98,5724000,0.270367,0.318559,0.318666,34.13
2026-01-09,SMH,382.28,390.88,380.08,389.22,6490800,0.271632,0.31475,0.328493,34.52
2026-01-12,SMH,385.67,391.98,385.67,390.66,5532000,0.26014,0.310644,0.326123,32.54
2026-01-13,SMH,392.27,396.1,390.38,391.53,5281600,0.247609,0.309354,0.270421,28.17
2026-01-14,SMH,388.96,389.34,383.81,388.35,6696500,0.251719,0.309207,0.27288,29.76
2026-01-15,SMH,401.07,403.62,396.12,396.41,9948100,0.266312,0.315131,0.276855,34.13
2026-01-16,SMH,402.85,405.31,398.42,400.39,5485900,0.261984,0.316549,0.226343,33.73
2026-01-20,SMH,393.16,397.16,389.43,390.39,7158500,0.26042,0.316077,0.248221,33.73
2026-01-21,SMH,394.75,405.88,393.37,401.93,8754600,0.265209,0.317289,0.252302,34.92
2026-01-22,SMH,408.18,408.73,401.57,402.82,5462600,0.264655,0.317385,0.25226,34.52
2026-01-23,SMH,400.5,403.09,397.53,400.09,5869500,0.266831,0.316472,0.255566,36.51
2026-01-26,SMH,398.4,400.74,396.22,398.82,4326900,0.268932,0.316392,0.257075,37.7
2026-01-27,SMH,403.9,409.39,402.21,407.25,6145600,0.272421,0.315574,0.263565,38.89
2026-01-28,SMH,415.34,418.49,413.13,416.63,7641900,0.271457,0.31695,0.267768,38.49
2026-01-29,SMH,417.44,420.6,403.17,417.52,9352500,0.295324,0.322773,0.266164,46.03
2026-01-30,SMH,411.28,416.64,400.58,403.46,9029000,0.315822,0.327426,0.299413,55.16
2026-02-02,SMH,398.86,412.04,398.43,407.97,5946300,0.317761,0.325121,0.278399,55.56
2026-02-03,SMH,411.03,412.58,390.52,397.68,12188600,0.329518,0.329396,0.296443,58.33
2026-02-04,SMH,394.67,396.71,374.24,382.02,16908500,0.35068,0.336093,0.319079,62.3
2026-02-05,SMH,379.14,388.08,375.56,381.07,12007800,0.358893,0.333025,0.318375,65.87
2026-02-06,SMH,389.2,403.08,387.19,401.65,13460300,0.368886,0.33328,0.364104,67.86
2026-02-09,SMH,398.91,409.69,397.0,406.65,5915200,0.371284,0.334292,0.355162,68.25
2026-02-10,SMH,408.18,408.8,401.83,404.76,5645300,0.36951,0.333673,0.355929,68.25
2026-02-11,SMH,413.84,418.08,406.36,414.78,6211200,0.380409,0.334838,0.364936,73.41
2026-02-12,SMH,418.33,420.04,405.28,406.11,7379100,0.381095,0.326408,0.372955,73.81
2026-02-13,SMH,408.15,412.07,402.49,407.72,6481600,0.36919,0.323747,0.366753,68.25
2026-02-17,SMH,402.71,410.87,397.77,407.51,7312700,0.375291,0.32434,0.365385,71.03
2026-02-18,SMH,411.44,417.04,408.72,412.55,5839900,0.368442,0.323683,0.35385,67.86
2026-02-19,SMH,408.71,411.0,405.56,410.2,4056400,0.365387,0.313979,0.340783,67.06
2026-02-20,SMH,407.66,416.83,407.18,415.03,5715800,0.364365,0.307318,0.342884,66.67
2026-02-23,SMH,413.57,417.7,409.28,412.88,5842800,0.365526,0.30679,0.342416,67.86
2026-02-24,SMH,417.22,421.67,411.67,419.16,7828900,0.369845,0.301631,0.345185,70.63
2026-02-25,SMH,424.35,427.94,423.68,426.16,7714500,0.368438,0.300852,0.342437,69.05
2026-02-26,SMH,423.72,423.72,405.56,412.01,14811300,0.374228,0.305849,0.356079,73.02
2026-02-27,SMH,403.26,409.24,401.88,406.37,9049100,0.366254,0.308878,0.358954,67.86
2026-03-02,SMH,397.25,407.36,396.92,406.39,11490200,0.363907,0.313358,0.337248,65.48
2026-03-03,SMH,391.36,394.54,385.93,391.06,13768900,0.382973,0.32405,0.361323,77.38
2026-03-04,SMH,396.25,401.23,393.1,399.1,8767200,0.370013,0.325321,0.358569,70.24
2026-03-05,SMH,396.06,401.11,386.75,395.35,11793700,0.358259,0.328881,0.327987,63.1
2026-03-06,SMH,384.97,392.67,378.53,380.56,12423200,0.371268,0.337024,0.357145,70.24
2026-03-09,SMH,375.76,395.36,374.16,394.37,16338100,0.365493,0.341761,0.327859,65.48
2026-03-10,SMH,394.0,403.88,394.0,397.33,13687700,0.366341,0.34287,0.325681,66.67
2026-03-11,SMH,400.01,404.39,398.69,401.03,6024900,0.366719,0.339614,0.327444,66.67
2026-03-12,SMH,395.46,396.06,386.74,388.13,9845200,0.35075,0.338927,0.332565,59.13
2026-03-13,SMH,392.32,396.33,386.07,387.33,7636100,0.351192,0.339874,0.325845,59.52
2026-03-16,SMH,395.14,399.48,392.64,393.92,10317600,0.359511,0.341906,0.33233,63.89
2026-03-17,SMH,397.16,397.61,393.22,396.88,6646300,0.355491,0.34044,0.333925,61.51
2026-03-18,SMH,396.96,399.69,393.47,393.67,8372400,0.351076,0.333961,0.330733,59.52
2026-03-19,SMH,384.0,397.53,381.44,394.92,12674800,0.365329,0.339978,0.331036,66.27
2026-03-20,SMH,394.11,395.73,380.87,384.74,12846800,0.371599,0.340868,0.33758,74.21
2026-03-23,SMH,393.36,399.28,389.44,391.36,12742300,0.385919,0.34522,0.345501,80.56
2026-03-24,SMH,388.03,396.88,387.62,394.59,6177200,0.380949,0.346671,0.34165,78.97
2026-03-25,SMH,398.36,402.5,395.74,399.02,7388700,0.380839,0.347606,0.338065,78.97
2026-03-26,SMH,391.92,392.68,380.3,380.84,14806200,0.375408,0.350003,0.356053,75.79
2026-03-27,SMH,377.79,381.31,373.01,374.25,11811400,0.371982,0.35146,0.357636,74.6
2026-03-30,SMH,377.62,379.24,359.86,362.53,12198200,0.377895,0.355711,0.370373,78.57
2026-03-31,SMH,368.74,383.5,368.1,383.4,13834900,0.362501,0.354759,0.409276,65.08
2026-04-01,SMH,388.26,396.63,386.38,391.97,10805400,0.364329,0.353759,0.410535,65.87
2026-04-02,SMH,378.07,393.5,378.0,392.32,8505800,0.380275,0.361737,0.409321,80.16
2026-04-06,SMH,393.75,397.1,391.9,395.98,4186100,0.359168,0.361687,0.385227,64.68
2026-04-07,SMH,394.71,400.09,389.64,399.9,6672500,0.350847,0.362377,0.365721,59.52
2026-04-08,SMH,423.16,424.99,414.99,422.92,10184300,0.403361,0.380802,0.414852,87.3
2026-04-09,SMH,423.17,430.65,422.63,430.31,6018200,0.402824,0.380273,0.417412,86.9
2026-04-10,SMH,434.45,441.54,434.45,436.88,11224200,0.398428,0.380872,0.39637,85.32
2026-04-13,SMH,434.75,443.64,433.6,443.34,6549800,0.395931,0.380601,0.396355,85.32
2026-04-14,SMH,448.0,452.1,444.24,452.0,6932400,0.391586,0.375511,0.397289,85.32
2026-04-15,SMH,450.7,453.33,435.15,453.0,9155700,0.409335,0.380226,0.397623,90.08
2026-04-16,SMH,450.73,457.09,447.77,454.8,6450700,0.410578,0.378324,0.393981,90.87
2026-04-17,SMH,462.8,464.58,459.5,464.16,7184600,0.394899,0.377822,0.396361,85.71
2026-04-20,SMH,464.64,465.74,458.65,463.96,3935100,0.388377,0.376768,0.376986,84.13
2026-04-21,SMH,466.29,468.43,462.24,464.66,5598600,0.378688,0.376643,0.376816,79.76
2026-04-22,SMH,471.05,477.42,467.17,476.83,7835200,0.378007,0.378157,0.381756,79.76
2026-04-23,SMH,480.4,488.08,475.19,481.85,10619700,0.380713,0.378679,0.381723,82.14
2026-04-24,SMH,499.51,509.59,495.46,506.44,12614300,0.387059,0.384794,0.345612,85.32
2026-04-27,SMH,509.19,510.1,497.75,506.26,9040200,0.385379,0.380849,0.329772,84.92
2026-04-28,SMH,488.19,496.66,483.29,491.21,12664800,0.407691,0.38557,0.326718,92.86
2026-04-29,SMH,496.35,499.58,492.34,499.58,6007900,0.404342,0.383887,0.289327,92.06
2026-04-30,SMH,504.71,507.79,495.02,506.72,8401600,0.405803,0.380267,0.287466,92.46
2026-05-01,SMH,504.21,511.99,502.25,509.82,5308300,0.375946,0.373483,0.285182,78.17
2026-05-04,SMH,512.47,513.15,501.15,506.79,6867500,0.379346,0.371896,0.292916,81.35
2026-05-05,SMH,515.38,526.2,514.12,522.69,8624600,0.376846,0.369803,0.299985,78.97
2026-05-06,SMH,537.77,549.88,532.35,549.76,15262900,0.339411,0.373767,0.290145,57.54
2026-05-07,SMH,545.77,549.7,535.92,540.1,10905200,0.346363,0.374904,0.309437,58.73
2026-05-08,SMH,551.58,566.79,549.0,566.54,8553700,0.35132,0.373661,0.335347,61.51
2026-05-11,SMH,570.26,578.06,566.8,576.31,12680900,0.349476,0.372341,0.335618,59.13
2026-05-12,SMH,565.01,570.4,542.67,561.25,17720800,0.381971,0.380734,0.362664,86.51
2026-05-13,SMH,571.8,576.2,560.12,572.46,9586700,0.370256,0.381491,0.36249,75.79
2026-05-14,SMH,570.84,581.17,567.75,578.34,8458700,0.369767,0.381192,0.361398,75.0
2026-05-15,SMH,560.31,565.88,552.91,556.34,13009600,0.393908,0.387387,0.401978,92.06
2026-05-18,SMH,565.48,567.21,536.87,546.16,12317500,0.410805,0.393419,0.412583,99.6
2026-05-19,SMH,534.94,553.34,527.87,543.96,11905800,0.432414,0.399521,0.414234,99.6
2026-05-20,SMH,552.75,564.72,551.65,564.66,8892200,0.431982,0.399327,0.42277,99.21
2026-05-21,SMH,561.02,570.6,557.62,567.88,8293800,0.431266,0.399664,0.422809,98.81
2026-05-22,SMH,574.27,582.5,572.86,576.32,7535000,0.412853,0.396809,0.394479,98.41
2026-05-26,SMH,591.58,603.97,589.1,602.14,10008500,0.418639,0.397394,0.414992,98.41
2026-05-27,SMH,611.94,612.3,584.93,595.5,11209000,0.403035,0.398943,0.396405,94.84
2026-05-28,SMH,595.81,604.74,587.31,599.83,7625000,0.407055,0.390816,0.395537,96.03
2026-05-29,SMH,606.03,611.79,597.12,598.93,7596100,0.404678,0.390994,0.396801,95.24
2026-06-01,SMH,596.1,613.43,593.09,607.81,8649000,0.408577,0.389394,0.397329,96.43
2026-06-02,SMH,619.6,632.57,614.47,632.21,8083500,0.41144,0.383545,0.407451,97.62
2026-06-03,SMH,640.8,642.77,623.91,637.9,10179900,0.416154,0.38216,0.400671,98.02
2026-06-04,SMH,613.0,634.78,604.61,627.53,10462900,0.443625,0.395265,0.380773,99.6
2026-06-05,SMH,605.09,607.0,569.69,569.69,22038000,0.470228,0.407141,0.523988,99.6
2026-06-08,SMH,597.21,606.2,588.54,598.16,13823900,0.495662,0.416476,0.525109,99.6
2026-06-09,SMH,609.48,613.69,554.66,591.01,20329700,0.56277,0.442893,0.524705,99.6
2026-06-10,SMH,580.76,598.73,568.29,570.91,12711400,0.562333,0.449645,0.531152,99.21
2026-06-11,SMH,582.61,611.62,581.61,609.45,12196800,0.564037,0.452675,0.575437,99.6
2026-06-12,SMH,607.95,624.62,602.21,619.96,8963300,0.567109,0.454342,0.577076,99.6
2026-06-15,SMH,643.5,649.24,639.25,647.1,9613900,0.562922,0.453682,0.570503,98.81
2026-06-16,SMH,643.52,648.31,616.0,616.0,10949600,0.558201,0.454622,0.598889,97.62
2026-06-17,SMH,633.46,643.5,623.13,623.97,10658800,0.550298,0.456524,0.59813,97.22
2026-06-18,SMH,648.55,663.8,648.15,659.88,11229700,0.561361,0.460849,0.614142,97.62
2026-06-22,SMH,670.35,671.83,660.02,668.91,8043000,0.558883,0.461552,0.614423,97.22
2026-06-23,SMH,625.93,636.88,617.27,622.05,19126000,0.623833,0.483339,0.67713,99.6
2026-06-24,SMH,622.28,625.23,606.23,618.92,11902000,0.622646,0.484021,0.660857,99.21
2026-06-25,SMH,649.37,650.03,613.93,636.88,14877600,0.650582,0.496612,0.66593,99.6
2026-06-26,SMH,616.79,621.71,609.0,611.61,12728300,0.662444,0.501671,0.683556,99.6
2026-06-29,SMH,615.03,633.26,596.17,631.98,10473900,0.676444,0.507288,0.692671,99.6
2026-06-30,SMH,636.07,659.74,634.6,655.89,9406900,0.675637,0.500439,0.702339,99.21
2026-07-01,SMH,634.35,639.89,618.62,620.46,13424700,0.687219,0.508064,0.719197,99.6
2026-07-02,SMH,622.58,627.7,582.6,592.29,21288600,0.696227,0.513667,0.735798,99.6
2026-07-06,SMH,607.05,618.21,604.05,604.3,9820700,0.677421,0.50417,0.738841,98.81
2026-07-07,SMH,580.02,585.97,566.83,581.45,14619200,0.681031,0.514722,0.66501,98.81
2026-07-08,SMH,575.33,595.0,575.04,593.0,9521300,0.663,0.515735,0.645024,97.22
2026-07-09,SMH,615.48,618.17,604.7,607.73,9045100,0.620351,0.520275,0.649351,95.24
2026-07-10,SMH,600.87,615.05,595.84,611.03,6608400,0.607613,0.521912,0.635314,94.84
2026-07-13,SMH,598.01,599.36,583.09,585.62,8736500,0.606586,0.520273,0.610701,94.44
2026-07-14,SMH,608.9,608.9,590.38,600.31,7581100,0.62074,0.526272,0.614481,95.24
2026-07-15,SMH,606.88,606.88,573.72,590.77,11020800,0.622462,0.531502,0.593153,95.24
2026-07-16,SMH,575.75,581.84,564.45,568.92,12353300,0.627756,0.535842,0.582924,96.03
2026-07-17,SMH,547.94,567.41,536.81,556.53,22083900,0.641334,0.54697,0.582713,96.03
2026-07-20,SMH,568.78,572.77,557.24,558.83,6962600,0.629981,0.548136,0.537223,95.63
2026-07-21,SMH,580.96,586.0,572.05,584.08,7129800,0.645676,0.552962,0.56408,96.03
2026-07-22,SMH,571.35,592.01,571.35,586.91,5249700,0.604611,0.551525,0.508416,91.67
2026-07-23,SMH,577.2,586.89,574.0,580.17,7963200,0.604567,0.552416,0.509302,91.27
2026-07-24,SMH,574.43,578.52,556.49,561.19,19156400,0.561857,0.547867,0.505337,88.89
2026-07-27,SMH,565.94,567.62,535.31,548.55,38682200,0.56669,0.552638,0.493226,90.48
2026-07-28,SMH,531.65,535.94,518.25,529.6,18429000,0.562136,0.557318,0.482252,88.49
2026-07-29,SMH,525.99,532.17,503.63,504.22,19440900,0.564432,0.560041,0.470228,90.08
2026-07-30,SMH,529.86,544.64,524.56,538.9,14175000,0.586725,0.569564,0.521142,90.87
2026-07-31,SMH,557.5,561.44,535.24,540.53,14673900,0.588746,0.574297,0.5007,90.87
2026-08-03,SMH,530.43,548.49,524.77,545.46,7283800,0.589733,0.574521,0.49501,90.87
2026-08-04,SMH,564.29,578.63,562.28,575.71,9566200,0.578336,0.577876,0.520444,89.68
2026-08-05,SMH,574.41,585.0,568.38,569.7,6209400,0.578146,0.577382,0.515937,89.29
2026-08-06,SMH,565.48,580.43,559.56,571.48,6231700,0.569899,0.579177,0.506846,88.89
2026-08-07,SMH,583.58,586.09,572.32,582.7,6505000,0.571333,0.575027,0.512378,88.89
2026-08-10,SMH,585.99,586.24,569.2,569.41,6476700,0.5632,0.572989,0.496624,86.51
2026-08-11,SMH,578.57,578.6,569.17,572.93,5029000,0.546003,0.57315,0.48793,82.54
2026-08-12,SMH,590.55,590.57,583.79,584.83,7414100,0.537048,0.570501,0.491584,82.14
2026-08-13,SMH,586.38,597.95,585.01,589.12,6786000,0.524638,0.567202,0.472002,81.75
2026-08-14,SMH,587.51,590.33,581.87,587.82,5524300,0.485824,0.562128,0.463943,80.95
2026-08-17,SMH,593.72,600.37,591.5,594.07,7700500,0.48152,0.561674,0.464764,80.56
2026-08-18,SMH,574.36,577.76,562.63,569.77,11364400,0.48577,0.566964,0.464014,80.56
2026-08-19,SMH,575.06,576.84,556.32,560.92,8713300,0.476308,0.56769,0.466151,79.76
2026-08-20,SMH,559.38,566.0,557.26,562.65,6240600,0.468969,0.565499,0.465178,78.97
2026-08-21,SMH,569.44,569.44,556.1,560.42,9590800,0.462129,0.562891,0.450054,78.57
2024-08-22,ARKK,45.68,45.77,44.17,44.25,5996500,,,,
2024-08-23,ARKK,44.84,46.31,44.75,46.24,11504500,,,,
2024-08-26,ARKK,46.19,46.405,45.49,45.73,4373400,,,,
2024-08-27,ARKK,45.36,45.648,44.93,45.42,4287700,,,,
2024-08-28,ARKK,45.21,45.3,43.765,44.27,9604400,,,,
2024-08-29,ARKK,44.77,45.635,44.63,44.68,6658000,,,,
2024-08-30,ARKK,44.89,45.038,44.09,44.82,6622000,,,,
2024-09-03,ARKK,44.54,44.78,42.82,42.98,9582700,,,,
2024-09-04,ARKK,42.63,43.71,42.425,42.87,7890400,,,,
2024-09-05,ARKK,43.04,44.055,42.98,43.6,6052800,,,,
2024-09-06,ARKK,44.04,44.17,41.355,41.59,10392500,,,,
2024-09-09,ARKK,42.17,43.063,42.08,42.64,5809500,,,,
2024-09-10,ARKK,42.94,43.295,42.17,43.29,5733600,,,,
2024-09-11,ARKK,43.13,44.27,42.49,44.23,7164500,,,,
2024-09-12,ARKK,44.43,45.195,43.97,44.98,4902000,,,,
2024-09-13,ARKK,45.14,45.85,45.07,45.76,5711500,,,,
2024-09-16,ARKK,45.53,45.935,44.97,45.69,4271900,,,,
2024-09-17,ARKK,46.18,46.74,45.875,46.06,4820700,,,,
2024-09-18,ARKK,46.13,47.65,45.91,46.18,9655700,,,,
2024-09-19,ARKK,47.69,48.11,47.16,47.42,7075400,,,,
2024-09-20,ARKK,47.1,47.22,46.31,46.9,5751600,0.336208,,0.359648,
2024-09-23,ARKK,47.095,47.36,46.86,46.94,3530600,0.330499,,0.325246,
2024-09-24,ARKK,47.24,47.54,46.53,47.45,3826000,0.332845,,0.323956,
2024-09-25,ARKK,47.35,47.57,46.79,46.86,4347600,0.330111,,0.326601,
2024-09-26,ARKK,47.55,47.65,46.47,47.27,6838400,0.329491,,0.311042,
2024-09-27,ARKK,47.62,48.07,47.41,47.88,4036200,0.323463,,0.312215,
2024-09-30,ARKK,47.6,48.06,47.02,47.53,5108500,0.324388,,0.314563,
2024-10-01,ARKK,47.66,47.76,45.665,46.18,7446200,0.324444,,0.29244,
2024-10-02,ARKK,45.75,46.15,45.46,45.87,4557300,0.317812,,0.293975,
2024-10-03,ARKK,45.4,46.01,45.115,45.39,4789900,0.320819,,0.293374,
2024-10-04,ARKK,46.26,46.55,45.645,46.55,6955400,0.310725,,0.240052,
2024-10-07,ARKK,46.32,46.51,45.68,45.91,4028300,0.308175,,0.238158,
2024-10-08,ARKK,45.64,46.67,45.61,46.64,3855600,0.302754,,0.238581,
2024-10-09,ARKK,46.62,46.95,46.36,46.65,3133500,0.290213,,0.229354,
2024-10-10,ARKK,45.97,46.48,45.45,46.17,3867700,0.295012,,0.227381,
2024-10-11,ARKK,45.54,46.79,45.51,46.64,4359700,0.302094,,0.222157,
2024-10-14,ARKK,46.91,47.445,46.35,47.37,4885400,0.302562,,0.227811,
2024-10-15,ARKK,47.29,47.78,46.48,47.29,4208000,0.304362,,0.226885,
2024-10-16,ARKK,47.56,47.85,47.09,47.69,3493200,0.288434,,0.228259,
2024-10-17,ARKK,47.7,47.77,46.91,47.04,3629200,0.262176,,0.214316,
2024-10-18,ARKK,47.38,48.04,47.305,48.03,4640200,0.258699,,0.223023,
2024-10-21,ARKK,47.74,47.775,46.96,47.38,6911700,0.261326,,0.229151,
2024-10-22,ARKK,47.06,47.28,46.82,47.15,5187100,0.255539,,0.226509,
2024-10-23,ARKK,46.86,47.08,45.345,45.76,8290000,0.265012,,0.246493,
2024-10-24,ARKK,46.93,47.42,46.69,47.38,7985700,0.26956,,0.276,
2024-10-25,ARKK,47.5,48.205,47.42,47.67,6306100,0.27001,,0.27291,
2024-10-28,ARKK,48.15,48.876,48.09,48.4,5083800,0.270355,,0.27681,
2024-10-29,ARKK,48.4,48.52,47.89,48.41,3293900,0.257436,,0.253685,
2024-10-30,ARKK,48.03,48.915,47.96,48.23,4180200,0.260068,,0.252476,
2024-10-31,ARKK,47.57,47.705,45.71,45.89,9058900,0.268058,,0.310921,
2024-11-01,ARKK,46.06,46.759,46.02,46.64,5466400,0.254668,,0.302966,
2024-11-04,ARKK,46.27,47.15,45.97,46.68,3726600,0.258777,,0.298455,
2024-11-05,ARKK,46.89,48.385,46.81,48.19,6987900,0.262878,,0.314152,
2024-11-06,ARKK,50.78,52.18,50.12,52.14,16002300,0.332526,,0.416542,
2024-11-07,ARKK,52.22,53.02,52.21,52.69,7232800,0.324192,,0.412537,
2024-11-08,ARKK,52.25,54.15,52.13,54.07,8869400,0.323174,,0.418058,
2024-11-11,ARKK,55.98,58.38,55.78,57.85,23746900,0.347927,,0.469187,
2024-11-12,ARKK,57.19,58.22,56.37,56.81,14567900,0.354459,,0.478168,
2024-11-13,ARKK,57.35,58.35,55.485,55.84,13525000,0.369765,,0.487278,
2024-11-14,ARKK,55.95,56.0,53.8,53.85,12937800,0.373137,,0.506746,
2024-11-15,ARKK,53.85,53.85,52.77,53.46,10842800,0.37655,0.326167,0.506215,
2024-11-18,ARKK,54.52,55.28,53.69,55.11,10452000,0.382706,0.328365,0.508436,
2024-11-19,ARKK,54.51,55.93,54.33,55.92,6920500,0.386646,0.32968,0.506819,
2024-11-20,ARKK,55.86,56.185,54.49,55.28,8058100,0.384049,0.330867,0.492297,
2024-11-21,ARKK,55.77,55.77,54.04,54.77,8010900,0.38293,0.330669,0.487031,
2024-11-22,ARKK,54.8,56.52,54.52,56.21,9841100,0.386439,0.330339,0.491489,
2024-11-25,ARKK,57.45,58.086,56.62,57.03,9602400,0.393391,0.332678,0.491361,
2024-11-26,ARKK,56.53,56.96,55.98,56.2,7239800,0.396516,0.330576,0.497368,
2024-11-27,ARKK,56.85,57.42,56.25,57.15,5295200,0.393811,0.328461,0.496573,
2024-11-29,ARKK,57.6,58.35,57.55,57.98,3234000,0.380907,0.327546,0.446506,
2024-12-02,ARKK,58.64,59.63,58.56,59.47,8301300,0.381416,0.321905,0.448914,
2024-12-03,ARKK,58.76,59.27,58.46,58.99,6683500,0.380881,0.321765,0.453012,
2024-12-04,ARKK,59.72,60.86,59.28,60.83,10463000,0.380856,0.320906,0.452369,
2024-12-05,ARKK,61.23,61.49,60.295,60.38,7874400,0.333612,0.317477,0.380468,
2024-12-06,ARKK,61.3,62.92,61.09,62.9,9466900,0.336864,0.317667,0.398675,
2024-12-09,ARKK,63.43,63.44,60.78,61.31,12024600,0.337432,0.320746,0.411222,
2024-12-10,ARKK,61.49,62.37,60.39,60.59,7730700,0.3168,0.321778,0.345606,
2024-12-11,ARKK,61.57,61.975,60.84,61.81,6383600,0.307246,0.322482,0.342127,
2024-12-12,ARKK,61.401,61.975,60.72,60.92,5840400,0.294472,0.31847,0.339997,
2024-12-13,ARKK,61.11,61.36,60.2,61.33,7101800,0.293613,0.313308,0.304201,26.67
2024-12-16,ARKK,61.71,63.14,61.48,62.94,6722700,0.291783,0.312588,0.307066,26.23
2024-12-17,ARKK,62.79,63.32,61.82,62.98,6749800,0.285941,0.314355,0.296473,22.58
2024-12-18,ARKK,62.63,63.03,57.9,58.56,18189600,0.317228,0.325143,0.407067,46.03
2024-12-19,ARKK,59.75,60.03,57.465,58.17,19168000,0.325259,0.330369,0.40525,57.81
2024-12-20,ARKK,57.07,60.02,56.86,59.4,17548100,0.344967,0.335512,0.407737,72.31
2024-12-23,ARKK,59.52,59.68,58.165,59.24,7760600,0.344745,0.337316,0.399941,71.21
2024-12-24,ARKK,59.63,60.99,59.44,60.96,4801700,0.336715,0.336544,0.408556,67.16
2024-12-26,ARKK,60.72,61.135,60.04,60.96,6885500,0.335522,0.333909,0.403273,64.71
2024-12-27,ARKK,60.54,60.6,58.44,59.27,9592600,0.342363,0.336248,0.4158,71.01
2024-12-30,ARKK,58.01,58.23,56.9,57.61,8456900,0.355476,0.339262,0.426248,77.14
2024-12-31,ARKK,58.04,58.17,56.475,56.77,8702100,0.356557,0.337817,0.417858,77.46
2025-01-02,ARKK,57.1,57.63,55.94,56.89,10225100,0.358835,0.339285,0.417557,77.78
2025-01-03,ARKK,57.33,59.83,57.33,59.82,10720500,0.358805,0.340023,0.442693,76.71
2025-01-06,ARKK,60.72,61.835,60.62,61.15,8696300,0.363066,0.341604,0.449154,78.38
2025-01-07,ARKK,61.5,61.99,58.385,58.9,12926400,0.373178,0.344575,0.442096,81.33
2025-01-08,ARKK,58.7,59.46,57.69,58.95,7457800,0.372478,0.344555,0.434287,78.95
2025-01-10,ARKK,57.73,58.03,56.29,57.47,9802200,0.381897,0.349612,0.441019,88.31
2025-01-13,ARKK,56.03,56.71,55.25,56.7,9757600,0.390079,0.354264,0.434229,94.87
2025-01-14,ARKK,57.84,58.26,56.11,56.41,8423600,0.400815,0.357753,0.432584,98.73
2025-01-15,ARKK,58.47,59.49,58.08,58.67,10730500,0.4214,0.365011,0.45784,98.75
2025-01-16,ARKK,58.77,59.22,58.01,58.74,5559400,0.420627,0.365771,0.44595,97.53
2025-01-17,ARKK,59.86,60.325,59.42,59.61,5942400,0.422228,0.36635,0.450433,98.78
2025-01-21,ARKK,60.7,61.76,59.64,61.5,7730000,0.406594,0.369706,0.382101,95.18
2025-01-22,ARKK,61.73,62.41,61.51,62.06,6657000,0.392835,0.366942,0.381197,89.29
2025-01-23,ARKK,61.5,62.765,61.02,62.69,5138700,0.377844,0.366348,0.376442,75.29
2025-01-24,ARKK,62.9,63.61,62.215,62.33,6593000,0.375193,0.36678,0.37718,73.26
2025-01-27,ARKK,59.92,61.59,59.5,60.7,12078500,0.408967,0.379065,0.377381,95.4
2025-01-28,ARKK,60.86,62.24,59.89,61.93,5581400,0.41538,0.381741,0.384188,95.45
2025-01-29,ARKK,61.86,62.32,60.87,61.86,8005500,0.410702,0.381385,0.368899,94.38
2025-01-30,ARKK,62.62,64.025,62.54,63.51,9201200,0.402429,0.378836,0.359837,91.11
2025-01-31,ARKK,63.8,64.725,62.45,62.87,10200600,0.406332,0.381377,0.356901,91.21
2025-02-03,ARKK,60.24,62.199,60.16,61.78,11525100,0.435223,0.392645,0.365752,98.91
2025-02-04,ARKK,62.73,63.6,62.335,63.12,7305400,0.436625,0.392951,0.330193,98.92
2025-02-05,ARKK,63.1,64.09,63.0,63.81,4742800,0.431906,0.376887,0.32387,96.81
2025-02-06,ARKK,63.1,63.32,62.1,62.72,6497200,0.420123,0.378353,0.297947,92.63
2025-02-07,ARKK,62.98,64.06,62.35,62.76,9841400,0.419568,0.378131,0.29797,91.67
2025-02-10,ARKK,63.16,63.488,62.65,62.72,4182200,0.406535,0.369196,0.278837,86.6
2025-02-11,ARKK,62.0,62.71,60.94,61.35,6618900,0.397791,0.368358,0.287669,82.65
2025-02-12,ARKK,60.63,62.955,60.48,62.68,10280300,0.392425,0.365911,0.291992,77.78
2025-02-13,ARKK,63.005,64.78,62.9,64.78,8663500,0.367035,0.365198,0.28294,59.0
2025-02-14,ARKK,66.01,67.16,65.85,67.02,10530400,0.371915,0.36605,0.300565,60.4
2025-02-18,ARKK,67.9,68.43,65.715,66.48,7402900,0.377128,0.366086,0.303286,65.69
2025-02-19,ARKK,66.51,66.82,65.4,65.71,7748100,0.364338,0.36505,0.29299,57.28
2025-02-20,ARKK,65.31,65.31,62.55,63.98,11545200,0.378464,0.368222,0.310623,67.31
2025-02-21,ARKK,64.4,64.42,60.08,60.2,13002400,0.388543,0.37029,0.379272,77.14
2025-02-24,ARKK,60.15,60.46,57.78,59.08,14937200,0.399192,0.37333,0.383761,83.96
2025-02-25,ARKK,58.075,58.27,55.09,56.0,22121000,0.387395,0.377275,0.416622,75.7
2025-02-26,ARKK,56.56,57.67,55.96,56.46,13453000,0.386025,0.378831,0.409586,73.15
2025-02-27,ARKK,57.33,57.7,54.53,54.59,16878000,0.395635,0.381999,0.422013,81.65
2025-02-28,ARKK,53.67,55.72,53.1,55.64,13203900,0.405681,0.386922,0.415305,86.36
2025-03-03,ARKK,56.95,57.14,52.6,53.09,13322200,0.428396,0.396562,0.439268,96.4
2025-03-04,ARKK,51.48,54.56,50.23,53.17,23656800,0.448847,0.414421,0.439261,99.11
2025-03-05,ARKK,53.52,54.765,52.53,54.7,10013900,0.454734,0.416565,0.445939,99.12
2025-03-06,ARKK,53.2,54.34,51.8,52.14,14784700,0.476089,0.424717,0.462931,99.12
2025-03-07,ARKK,51.745,52.83,49.695,52.45,17135700,0.499955,0.43285,0.465491,99.13
2025-03-10,ARKK,50.86,50.88,47.2,47.86,28432500,0.521873,0.4415,0.54809,99.14
2025-03-11,ARKK,47.67,49.29,47.01,48.19,17101400,0.532112,0.444093,0.551077,99.15
2025-03-12,ARKK,49.97,50.365,48.38,49.61,16828700,0.55467,0.45213,0.569683,99.15
2025-03-13,ARKK,49.24,49.31,46.92,47.25,16232900,0.553308,0.453934,0.571757,98.32
2025-03-14,ARKK,48.45,49.4,48.34,49.19,12722900,0.559825,0.456462,0.580233,99.17
2025-03-17,ARKK,49.145,50.517,48.7,49.98,8847900,0.560086,0.457653,0.563825,99.17
2025-03-18,ARKK,49.15,49.16,47.68,48.24,13058600,0.557948,0.459104,0.567934,97.54
2025-03-19,ARKK,48.91,51.025,48.71,50.05,17147200,0.57029,0.455931,0.59817,99.19
2025-03-20,ARKK,49.36,50.91,49.272,50.02,9837700,0.568776,0.454378,0.597776,98.39
2025-03-21,ARKK,49.3,51.545,48.98,51.5,15387600,0.569956,0.452628,0.586045,98.4
2025-03-24,ARKK,52.895,54.235,52.7,54.18,13607400,0.572213,0.455242,0.61975,99.21
2025-03-25,ARKK,54.265,54.51,53.39,54.14,9522200,0.560256,0.455324,0.591854,96.06
2025-03-26,ARKK,53.82,54.05,51.25,51.66,15564900,0.562332,0.457941,0.611626,96.09
2025-03-27,ARKK,51.25,52.36,50.718,50.78,10394000,0.558152,0.458393,0.60392,93.02
2025-03-28,ARKK,50.44,50.5,48.41,48.7,11971200,0.552466,0.457201,0.612214,90.0
2025-03-31,ARKK,46.82,47.77,45.55,47.58,13088200,0.55489,0.468095,0.597162,91.6
2025-04-01,ARKK,47.68,48.67,46.71,47.8,11548400,0.524338,0.469403,0.597746,87.88
2025-04-02,ARKK,46.65,49.78,46.49,49.15,17988000,0.534291,0.475949,0.597361,88.72
2025-04-03,ARKK,45.54,46.35,44.76,45.12,18655500,0.582155,0.500143,0.645884,99.25
2025-04-04,ARKK,43.11,43.7,40.25,41.94,18839800,0.607847,0.515586,0.684288,99.26
2025-04-07,ARKK,39.22,44.83,38.569,42.28,24463300,0.706712,0.564044,0.617129,99.26
2025-04-08,ARKK,44.6,44.68,39.785,40.51,19285100,0.763008,0.585343,0.628239,99.27
2025-04-09,ARKK,40.44,47.83,40.44,47.25,26371700,0.780879,0.601284,0.846206,99.28
2025-04-10,ARKK,45.62,45.735,42.63,44.53,16547900,0.802008,0.610587,0.854649,99.28
2025-04-11,ARKK,44.61,45.985,43.78,45.89,15079100,0.798064,0.607305,0.84858,98.57
2025-04-14,ARKK,47.29,47.56,45.28,46.26,8831800,0.816335,0.614133,0.846645,99.29
2025-04-15,ARKK,46.1,47.16,45.94,46.55,7413700,0.815599,0.612942,0.838926,98.59
2025-04-16,ARKK,45.5,45.87,44.055,45.08,8670400,0.811188,0.612955,0.832495,97.9
2025-04-17,ARKK,45.2,45.54,44.555,45.12,9289800,0.810813,0.61334,0.832621,97.22
2025-04-21,ARKK,44.3,44.76,43.68,44.44,6956100,0.80913,0.613936,0.823208,96.55
2025-04-22,ARKK,44.98,46.73,44.98,46.12,7961600,0.804082,0.615741,0.811797,95.89
2025-04-23,ARKK,48.47,49.5,47.83,47.95,12613800,0.836018,0.622155,0.828563,99.32
2025-04-24,ARKK,48.03,49.99,48.03,49.99,7139900,0.831996,0.620869,0.830325,98.65
2025-04-25,ARKK,49.96,51.26,49.68,51.0,8982000,0.829854,0.620972,0.831586,97.99
2025-04-28,ARKK,51.36,52.02,50.04,51.24,8273200,0.833158,0.622173,0.816655,98.67
2025-04-29,ARKK,51.2,51.75,50.765,51.53,5049200,0.818245,0.620737,0.810965,96.69
2025-04-30,ARKK,49.64,50.975,49.03,50.84,11531300,0.822475,0.620146,0.81332,96.71
2025-05-01,ARKK,52.04,52.055,50.67,50.77,7927600,0.820912,0.621367,0.808115,96.08
2025-05-02,ARKK,50.79,52.577,50.77,51.9,11373400,0.777036,0.622617,0.74169,88.96
2025-05-05,ARKK,51.22,51.285,50.6,50.69,7208600,0.736146,0.62232,0.689801,87.74
2025-05-06,ARKK,49.28,49.61,48.53,48.78,9223600,0.620984,0.623488,0.710476,86.54
2025-05-07,ARKK,49.15,49.675,48.61,49.59,7454900,0.553515,0.624072,0.68597,77.07
2025-05-08,ARKK,50.2,52.11,50.135,51.47,11135800,0.502211,0.6254,0.443884,72.78
2025-05-09,ARKK,52.03,52.825,51.19,51.35,11124500,0.456251,0.626126,0.376654,71.07
2025-05-12,ARKK,54.29,54.82,53.29,54.48,17282800,0.488531,0.638407,0.412601,71.88
2025-05-13,ARKK,55.33,57.61,55.3,57.41,15410300,0.470923,0.638737,0.440888,70.81
2025-05-14,ARKK,57.93,58.56,57.03,57.56,15923500,0.470687,0.637398,0.441575,70.37
2025-05-15,ARKK,56.86,57.11,55.76,56.73,9149500,0.457625,0.638165,0.42306,69.94
2025-05-16,ARKK,57.28,58.38,57.22,58.37,10278200,0.455279,0.635904,0.425227,68.9
2025-05-19,ARKK,56.55,57.485,56.55,57.4,8759000,0.463372,0.635717,0.426637,70.3
2025-05-20,ARKK,57.53,57.945,56.865,57.46,8236100,0.458338,0.633245,0.418508,69.88
2025-05-21,ARKK,57.05,57.65,55.37,55.68,10896300,0.425775,0.630926,0.430623,64.07
2025-05-22,ARKK,55.7,57.077,55.58,56.38,9305500,0.42752,0.629902,0.411948,64.29
2025-05-23,ARKK,55.06,56.325,55.02,56.07,7594000,0.434364,0.627935,0.410411,65.68
2025-05-27,ARKK,57.22,58.17,56.975,58.05,9861700,0.431138,0.627595,0.423968,64.71
2025-05-28,ARKK,58.03,58.115,56.94,56.98,7691100,0.430625,0.619969,0.433059,64.33
2025-05-29,ARKK,57.58,57.735,56.35,56.62,9802900,0.402558,0.609862,0.42974,55.23
2025-05-30,ARKK,56.22,56.78,55.22,56.37,8677800,0.400095,0.608414,0.430512,53.76
2025-06-02,ARKK,56.1,57.31,55.77,57.13,7643600,0.397092,0.603582,0.427129,52.3
2025-06-03,ARKK,57.55,58.395,56.91,57.94,7531100,0.397199,0.597787,0.414668,52.57
2025-06-04,ARKK,58.0,58.34,57.19,57.98,5598600,0.380692,0.590213,0.380058,40.34
2025-06-05,ARKK,58.05,58.78,55.64,56.36,17327800,0.394764,0.590752,0.400543,50.85
2025-06-06,ARKK,58.19,61.62,58.14,61.13,39219500,0.410367,0.589238,0.469951,59.55
2025-06-09,ARKK,62.25,62.49,61.225,62.41,13189700,0.409936,0.589205,0.469962,59.22
2025-06-10,ARKK,62.71,63.32,61.98,62.94,9603900,0.359818,0.587043,0.432196,32.22
2025-06-11,ARKK,63.5,64.31,63.05,63.53,11385700,0.355317,0.586435,0.398203,29.83
2025-06-12,ARKK,62.87,63.14,61.84,62.02,8966300,0.354208,0.58506,0.411413,29.12
2025-06-13,ARKK,60.62,62.7,60.54,62.19,11399300,0.361695,0.583859,0.405778,33.33
2025-06-16,ARKK,63.93,65.29,63.715,64.93,12002100,0.375242,0.585371,0.420257,38.59
2025-06-17,ARKK,65.0,65.47,63.455,63.91,7707400,0.360057,0.584229,0.419626,32.97
2025-06-18,ARKK,64.05,66.95,63.65,66.77,9785100,0.367227,0.582743,0.44067,35.48
2025-06-20,ARKK,68.27,68.44,66.58,67.73,16620200,0.368457,0.585464,0.416247,35.83
2025-06-23,ARKK,67.36,69.745,66.64,68.85,21371300,0.377248,0.585112,0.416814,40.96
2025-06-24,ARKK,69.6,70.735,69.15,70.3,12719600,0.364119,0.583949,0.414302,33.86
2025-06-25,ARKK,71.0,71.27,68.97,69.5,10956600,0.365,0.583856,0.412118,34.74
2025-06-26,ARKK,69.72,71.19,69.63,71.03,8507400,0.364118,0.574635,0.40102,33.51
2025-06-27,ARKK,71.26,71.294,68.925,69.84,13657100,0.368463,0.573793,0.408757,36.98
2025-06-30,ARKK,70.37,70.96,70.13,70.29,7991600,0.360457,0.56772,0.405306,32.12
2025-07-01,ARKK,69.4,69.96,68.192,68.94,13909400,0.36599,0.544549,0.419244,35.57
2025-07-02,ARKK,69.05,70.76,68.92,70.58,7115100,0.363859,0.52405,0.421969,33.33
2025-07-03,ARKK,70.95,71.24,70.62,71.09,6255600,0.360641,0.466184,0.420722,32.14
2025-07-07,ARKK,70.315,70.71,69.58,70.44,8562300,0.347928,0.439686,0.402559,26.9
2025-07-08,ARKK,70.75,71.48,70.54,70.9,7003000,0.320689,0.415328,0.305734,15.66
2025-07-09,ARKK,71.52,72.41,70.9,72.37,8574300,0.314451,0.394747,0.305618,14.07
2025-07-10,ARKK,73.13,73.56,72.15,73.56,11780600,0.315926,0.39145,0.307244,14.5
2025-07-11,ARKK,73.09,73.61,71.99,72.29,8974600,0.317305,0.383371,0.319881,15.92
2025-07-14,ARKK,72.52,73.71,72.452,73.65,7310800,0.3113,0.381755,0.301219,13.86
2025-07-15,ARKK,74.11,74.27,72.24,72.59,7999100,0.293843,0.375027,0.311693,9.36
2025-07-16,ARKK,73.29,75.57,73.2,75.25,15681500,0.282799,0.375172,0.301834,6.86
2025-07-17,ARKK,75.505,76.625,75.27,76.24,10069600,0.276749,0.371457,0.289543,6.83
2025-07-18,ARKK,77.46,78.89,76.96,77.63,13578400,0.273902,0.370848,0.261387,6.8
2025-07-21,ARKK,78.47,79.19,76.8,76.81,11524400,0.265082,0.356924,0.267732,4.83
2025-07-22,ARKK,76.83,76.925,74.53,76.39,13307600,0.261043,0.359764,0.26804,2.88
2025-07-23,ARKK,76.91,77.36,75.96,77.34,10971200,0.260243,0.359251,0.26312,2.87
2025-07-24,ARKK,76.8,76.87,75.49,75.8,14029000,0.256105,0.356333,0.271859,0.95
2025-07-25,ARKK,76.02,76.98,75.65,76.79,8092100,0.255948,0.355924,0.266107,0.95
2025-07-28,ARKK,77.53,77.71,76.64,76.84,8607100,0.247239,0.34333,0.254978,0.0
2025-07-29,ARKK,77.11,77.16,74.38,74.74,11033400,0.252822,0.342002,0.279646,0.47
2025-07-30,ARKK,75.3,76.41,74.75,75.65,11987700,0.244168,0.340539,0.268206,0.0
2025-07-31,ARKK,76.72,77.28,75.01,75.33,17266900,0.249432,0.340887,0.260287,0.93
2025-08-01,ARKK,72.35,72.46,70.385,71.16,26246900,0.302496,0.347564,0.335987,16.2
2025-08-04,ARKK,71.955,73.625,71.5,73.59,9731700,0.302062,0.347881,0.354195,15.67
2025-08-05,ARKK,73.26,73.59,72.3,72.63,9371900,0.303902,0.345576,0.357858,17.89
2025-08-06,ARKK,72.88,74.16,72.54,74.16,8205500,0.30232,0.343279,0.358093,16.44
2025-08-07,ARKK,75.02,75.305,73.265,74.35,8720000,0.305057,0.325871,0.353709,19.09
2025-08-08,ARKK,74.87,75.09,74.18,74.76,6488300,0.301097,0.32337,0.347585,15.38
2025-08-11,ARKK,75.46,76.895,75.135,75.23,11199400,0.307684,0.323837,0.342314,20.27
2025-08-12,ARKK,76.5,76.88,75.33,76.78,15415700,0.312249,0.32319,0.343683,21.97
2025-08-13,ARKK,77.5,78.76,77.17,77.91,25060900,0.31083,0.323964,0.324128,21.43
2025-08-14,ARKK,76.94,77.88,76.215,77.05,19294400,0.318327,0.318483,0.324274,25.33
2025-08-15,ARKK,76.95,77.19,76.125,77.01,12790100,0.311659,0.31834,0.317583,22.12
2025-08-18,ARKK,76.57,77.365,75.85,77.11,9543100,0.309265,0.315589,0.315306,20.7
2025-08-19,ARKK,76.98,76.98,73.94,74.03,17098200,0.300863,0.315585,0.347007,14.91
2025-08-20,ARKK,73.52,73.95,71.28,73.78,18239600,0.316777,0.316507,0.343104,24.45
2025-08-21,ARKK,73.05,74.02,72.77,73.51,12046000,0.318737,0.315747,0.336722,26.96
2025-08-22,ARKK,73.74,77.335,73.2,76.52,16664300,0.334697,0.320985,0.364862,33.33
2025-08-25,ARKK,76.24,76.63,75.285,75.66,9615200,0.334683,0.320537,0.366964,33.19
2025-08-26,ARKK,75.69,76.33,75.4,76.27,5633800,0.329662,0.317718,0.353865,30.9
2025-08-27,ARKK,76.05,76.34,75.19,75.52,6004400,0.326475,0.316674,0.353332,30.34
2025-08-28,ARKK,75.96,76.6,75.65,76.07,6108100,0.31859,0.315247,0.353895,26.38
2025-08-29,ARKK,75.92,76.08,74.5,74.96,10811700,0.278152,0.315115,0.288727,10.59
2025-09-02,ARKK,73.21,74.85,72.43,74.41,10668400,0.292561,0.315421,0.266162,13.08
2025-09-03,ARKK,74.97,75.63,74.29,74.79,5972200,0.293911,0.305411,0.261555,14.29
2025-09-04,ARKK,74.7,75.055,73.73,75.02,6565600,0.295193,0.303138,0.251502,15.48
2025-09-05,ARKK,75.855,76.17,73.645,75.37,14692300,0.300869,0.306598,0.251831,16.25
2025-09-08,ARKK,76.07,76.63,75.725,76.13,7668000,0.301436,0.305834,0.25349,17.01
2025-09-09,ARKK,76.24,76.84,75.385,76.59,9769700,0.295612,0.304988,0.253424,15.7
2025-09-10,ARKK,77.35,77.487,75.3,75.56,9739800,0.290072,0.299754,0.247349,11.93
2025-09-11,ARKK,75.96,78.31,75.86,78.3,13324900,0.288141,0.295204,0.274468,11.48
2025-09-12,ARKK,78.5,78.675,77.834,78.57,8478100,0.282143,0.293258,0.271328,10.61
2025-09-15,ARKK,79.65,79.98,79.01,79.72,9863800,0.285407,0.29034,0.275455,11.38
2025-09-16,ARKK,80.195,81.095,79.27,81.03,9058400,0.286536,0.286393,0.280249,12.15
2025-09-17,ARKK,80.91,81.61,78.87,80.67,12960500,0.292916,0.284776,0.231305,14.92
2025-09-18,ARKK,81.77,83.345,81.605,83.16,11336000,0.275962,0.284566,0.246986,9.64
2025-09-19,ARKK,84.66,85.55,84.18,84.96,23133700,0.277223,0.284198,0.250015,10.4
2025-09-22,ARKK,84.49,85.41,84.071,84.69,9436000,0.261024,0.284694,0.219895,5.18
2025-09-23,ARKK,85.17,85.33,83.18,83.58,10010400,0.261561,0.282827,0.221856,6.35
2025-09-24,ARKK,84.355,84.68,82.95,83.46,10469200,0.264513,0.283559,0.222672,7.54
2025-09-25,ARKK,81.46,82.485,80.01,81.63,12221200,0.289669,0.288254,0.237013,15.08
2025-09-26,ARKK,82.55,83.16,81.11,83.1,6447900,0.297556,0.290381,0.241939,20.24
2025-09-29,ARKK,84.21,86.17,83.8,86.17,12272100,0.299373,0.292297,0.255781,20.63
2025-09-30,ARKK,85.3,86.98,84.88,86.3,13662100,0.282534,0.292785,0.251083,12.7
2025-10-01,ARKK,85.64,87.67,85.485,86.92,8567400,0.287399,0.294543,0.250938,14.68
2025-10-02,ARKK,88.55,89.33,87.26,89.22,7894000,0.293272,0.296965,0.258737,18.25
2025-10-03,ARKK,89.49,89.623,87.19,88.32,7981800,0.286051,0.297273,0.266977,14.29
2025-10-06,ARKK,91.09,91.76,89.7,91.59,7081700,0.305363,0.303003,0.285442,27.78
2025-10-07,ARKK,91.56,91.76,88.49,89.11,6551300,0.310144,0.305242,0.313776,29.76
2025-10-08,ARKK,89.84,92.65,88.82,92.53,7329100,0.316207,0.307704,0.320649,32.54
2025-10-09,ARKK,92.44,92.44,90.78,91.66,7276400,0.31761,0.307001,0.312944,34.13
2025-10-10,ARKK,92.23,92.45,86.21,86.52,12329600,0.334701,0.312635,0.390189,39.29
2025-10-13,ARKK,88.46,88.72,86.63,87.77,6629100,0.34247,0.313781,0.390128,41.27
2025-10-14,ARKK,85.68,88.51,83.861,86.86,7726700,0.375003,0.324111,0.39122,53.97
2025-10-15,ARKK,88.71,90.1,86.94,89.3,9640600,0.379092,0.325873,0.39915,56.75
2025-10-16,ARKK,89.46,90.015,86.31,86.68,10490500,0.383764,0.327531,0.40563,59.92
2025-10-17,ARKK,85.76,87.07,84.78,86.24,10413000,0.387361,0.329392,0.399735,61.51
2025-10-20,ARKK,88.02,90.46,87.86,90.01,9364300,0.392475,0.332178,0.426171,63.1
2025-10-21,ARKK,89.69,89.96,88.5,88.65,7320600,0.391884,0.332265,0.427257,62.3
2025-10-22,ARKK,88.26,88.285,83.57,85.35,16202900,0.40826,0.337906,0.451194,70.24
2025-10-23,ARKK,85.78,88.05,85.34,87.93,6513400,0.39231,0.338102,0.453307,61.9
2025-10-24,ARKK,89.46,89.905,88.94,89.33,5732100,0.388817,0.337131,0.452516,60.71
2025-10-27,ARKK,89.92,90.78,89.1,90.25,6803800,0.386813,0.323924,0.436755,59.13
2025-10-28,ARKK,90.25,90.326,89.28,89.28,5161700,0.379618,0.322225,0.439236,53.57
2025-10-29,ARKK,89.95,90.35,88.07,89.23,8304400,0.377031,0.323104,0.438818,51.19
2025-10-30,ARKK,87.46,88.1,85.68,85.68,8368700,0.383318,0.327311,0.452486,56.75
2025-10-31,ARKK,87.21,89.95,87.21,88.98,7772600,0.387316,0.328224,0.472624,59.13
2025-11-03,ARKK,89.41,89.43,86.85,88.19,8160200,0.376649,0.330298,0.453857,50.0
2025-11-04,ARKK,85.19,86.695,83.5,83.5,11265300,0.404655,0.340552,0.483471,68.25
2025-11-05,ARKK,84.09,85.555,83.04,84.99,7780600,0.400858,0.340045,0.465934,67.06
2025-11-06,ARKK,84.69,84.7,80.54,80.92,11144200,0.405479,0.341807,0.492282,68.25
2025-11-07,ARKK,79.06,80.87,77.39,80.75,15209500,0.415876,0.348566,0.453175,72.22
2025-11-10,ARKK,83.51,83.55,82.2,82.84,7639300,0.423423,0.354519,0.460697,74.21
2025-11-11,ARKK,82.05,82.54,81.35,82.05,5368400,0.397637,0.354517,0.460525,63.89
2025-11-12,ARKK,82.75,82.869,80.76,81.36,7513700,0.385378,0.354407,0.446376,54.76
2025-11-13,ARKK,80.41,80.492,76.62,77.09,17942600,0.3889,0.352749,0.47188,58.33
2025-11-14,ARKK,74.52,78.215,74.22,76.92,13455200,0.416887,0.364663,0.472053,71.83
2025-11-17,ARKK,76.09,77.04,74.45,75.49,11295900,0.413665,0.363026,0.437464,70.63
2025-11-18,ARKK,74.44,75.93,73.54,74.97,11766600,0.421461,0.366119,0.436839,73.41
2025-11-19,ARKK,74.975,75.735,73.275,74.39,9426100,0.411499,0.368412,0.422663,69.84
2025-11-20,ARKK,76.33,77.14,71.53,71.75,19138400,0.437347,0.378609,0.411462,77.78
2025-11-21,ARKK,72.09,74.34,70.44,73.35,22930900,0.449553,0.38486,0.417259,78.17
2025-11-24,ARKK,74.025,76.937,73.85,76.79,8086500,0.45386,0.386238,0.457204,78.17
2025-11-25,ARKK,75.96,77.425,74.74,77.3,7242800,0.462494,0.384228,0.459999,80.16
2025-11-26,ARKK,78.0,78.75,77.45,78.47,5543900,0.460743,0.384222,0.466267,79.76
2025-11-28,ARKK,79.04,79.805,78.63,79.68,3347000,0.455434,0.383629,0.453988,78.17
2025-12-01,ARKK,77.9,78.585,77.12,77.53,8169400,0.452639,0.384065,0.433588,76.59
2025-12-02,ARKK,78.52,79.48,78.02,78.22,5917700,0.452299,0.385048,0.437062,76.19
2025-12-03,ARKK,78.35,80.94,77.903,80.75,8219400,0.433373,0.386175,0.416721,73.41
2025-12-04,ARKK,80.7,82.8,80.07,82.65,9320400,0.431928,0.3867,0.420604,73.02
2025-12-05,ARKK,82.21,82.81,81.67,81.91,8044500,0.425659,0.386416,0.382701,70.24
2025-12-08,ARKK,82.42,82.84,81.27,81.96,5772700,0.407653,0.386948,0.382567,63.1
2025-12-09,ARKK,81.43,83.07,81.095,82.53,6394700,0.389323,0.387239,0.372118,53.17
2025-12-10,ARKK,82.45,84.02,81.55,83.16,8807000,0.392566,0.387807,0.371364,55.16
2025-12-11,ARKK,82.01,82.54,80.94,82.06,9000600,0.392232,0.386918,0.373347,53.57
2025-12-12,ARKK,82.03,82.585,79.415,80.39,11378800,0.390525,0.388407,0.324548,52.78
2025-12-15,ARKK,81.01,81.457,79.12,79.21,9294800,0.361367,0.38765,0.32979,36.11
2025-12-16,ARKK,79.15,80.285,78.8,80.14,8665000,0.352248,0.387457,0.322644,31.75
2025-12-17,ARKK,80.36,81.423,77.66,77.7,11100500,0.353587,0.390141,0.343025,31.75
2025-12-18,ARKK,79.5,80.56,78.44,78.69,11323100,0.359279,0.393281,0.343142,34.13
2025-12-19,ARKK,79.48,80.655,79.33,80.3,6755600,0.324784,0.38835,0.31553,25.4
2025-12-22,ARKK,81.34,82.34,81.14,81.49,5662900,0.30579,0.387127,0.311511,18.25
2025-12-23,ARKK,80.71,80.99,79.65,80.51,5602100,0.30366,0.386662,0.277454,17.06
2025-12-24,ARKK,80.54,80.66,79.85,80.65,2773700,0.290544,0.385089,0.277002,10.71
2025-12-26,ARKK,80.51,80.545,79.098,79.7,4059000,0.289871,0.384039,0.276825,10.32
2025-12-29,ARKK,78.78,79.67,78.43,78.61,4641400,0.293478,0.382395,0.275828,12.7
2025-12-30,ARKK,78.85,78.875,77.85,77.87,3015200,0.278165,0.380737,0.259716,6.75
2025-12-31,ARKK,78.02,78.09,76.92,76.92,4978200,0.271614,0.374139,0.26122,4.76
2026-01-02,ARKK,78.14,78.61,77.26,78.31,7912200,0.271079,0.37437,0.242099,4.76
2026-01-05,ARKK,79.54,81.66,79.54,81.34,9684700,0.271313,0.373016,0.266472,5.16
2026-01-06,ARKK,81.43,82.1,80.76,81.86,6880000,0.270804,0.372838,0.265786,4.76
2026-01-07,ARKK,81.74,81.99,81.045,81.14,6150100,0.268273,0.36787,0.267593,4.76
2026-01-08,ARKK,81.11,81.16,79.96,80.55,6794100,0.26364,0.364218,0.267116,3.97
2026-01-09,ARKK,81.19,81.338,79.65,80.29,6782800,0.258665,0.35475,0.265134,2.38
2026-01-12,ARKK,80.9,82.835,80.85,82.54,8225600,0.250529,0.349953,0.280839,1.19
2026-01-13,ARKK,82.94,83.62,81.87,83.21,6284000,0.241857,0.348594,0.270859,0.0
2026-01-14,ARKK,83.03,83.33,82.12,83.2,7366400,0.240411,0.346799,0.263916,0.0
2026-01-15,ARKK,83.59,83.75,81.74,81.93,6391700,0.240006,0.343841,0.268813,0.0
2026-01-16,ARKK,82.36,82.64,81.35,81.68,5630700,0.223522,0.343916,0.241605,0.0
2026-01-20,ARKK,79.2,80.6,79.07,79.23,7478100,0.243332,0.344558,0.2649,1.59
2026-01-21,ARKK,79.635,80.91,78.345,80.29,9370700,0.251134,0.345762,0.259046,3.57
2026-01-22,ARKK,81.27,82.46,80.63,82.23,6305300,0.252541,0.345745,0.267845,3.97
2026-01-23,ARKK,82.05,82.2,80.46,80.7,3975100,0.24894,0.345278,0.272999,2.78
2026-01-26,ARKK,80.3,80.77,79.67,79.92,3632500,0.250055,0.34578,0.275115,3.57
2026-01-27,ARKK,80.62,80.69,79.445,79.77,3576900,0.249565,0.34457,0.271896,3.57
2026-01-28,ARKK,80.38,80.418,78.67,78.94,4392100,0.244145,0.341587,0.269911,1.98
2026-01-29,ARKK,78.99,79.05,76.25,77.64,7515500,0.258595,0.34115,0.274461,7.14
2026-01-30,ARKK,76.94,77.49,74.47,74.87,9953700,0.271854,0.341839,0.300595,12.7
2026-02-02,ARKK,74.14,75.27,73.79,74.36,8299400,0.271135,0.332178,0.292284,11.9
2026-02-03,ARKK,75.07,75.34,71.76,73.44,9925100,0.28639,0.336519,0.251447,17.86
2026-02-04,ARKK,72.55,72.6,68.545,69.99,14438500,0.311526,0.341909,0.289898,31.75
2026-02-05,ARKK,68.42,69.57,65.98,66.33,16041100,0.338766,0.342141,0.332577,39.29
2026-02-06,ARKK,68.12,70.525,67.95,70.41,11263600,0.357653,0.340812,0.414839,42.06
2026-02-09,ARKK,70.23,72.81,69.85,72.44,11828600,0.363159,0.342693,0.433188,45.24
2026-02-10,ARKK,72.53,73.37,72.13,72.26,7047500,0.361719,0.341988,0.415801,45.24
2026-02-11,ARKK,72.73,72.75,69.355,70.87,11831700,0.374276,0.344005,0.414334,50.4
2026-02-12,ARKK,71.4,71.4,67.59,68.45,14553700,0.38543,0.335609,0.423694,55.95
2026-02-13,ARKK,69.56,71.34,68.94,70.25,14793100,0.396311,0.336132,0.441453,63.1
2026-02-17,ARKK,69.47,71.085,68.47,70.3,10606800,0.406333,0.33653,0.442179,67.06
2026-02-18,ARKK,70.28,72.49,70.09,71.39,8146300,0.39403,0.336799,0.440556,61.51
2026-02-19,ARKK,71.1,72.28,70.62,72.24,7354800,0.389901,0.325838,0.439776,58.73
2026-02-20,ARKK,71.57,72.78,70.85,71.49,9482100,0.391113,0.320819,0.426261,59.13
2026-02-23,ARKK,70.51,70.67,69.08,70.0,9703300,0.39658,0.321117,0.427173,62.7
2026-02-24,ARKK,70.045,72.24,69.945,72.07,9540300,0.399368,0.318147,0.445892,64.29
2026-02-25,ARKK,73.36,74.06,73.04,73.54,10697000,0.403769,0.319389,0.454844,65.48
2026-02-26,ARKK,73.34,74.63,72.31,74.61,11555600,0.408148,0.321508,0.458775,67.46
2026-02-27,ARKK,72.75,73.32,71.99,72.91,10045100,0.410664,0.322418,0.461902,68.65
2026-03-02,ARKK,70.9,74.25,70.85,74.22,12076900,0.418454,0.32795,0.450138,70.24
2026-03-03,ARKK,71.45,73.27,69.905,72.26,18576500,0.446973,0.340578,0.459359,75.0
2026-03-04,ARKK,73.42,75.26,73.11,74.93,11833600,0.438077,0.341663,0.476123,74.6
2026-03-05,ARKK,74.11,75.68,72.89,73.99,11802600,0.428104,0.345476,0.443079,72.22
2026-03-06,ARKK,72.15,73.3,71.88,72.4,9656700,0.416655,0.349161,0.401597,69.44
2026-03-09,ARKK,71.34,74.55,71.28,74.29,12405600,0.403543,0.351387,0.354972,64.29
2026-03-10,ARKK,74.04,74.47,72.685,72.89,9201800,0.400668,0.350338,0.349247,63.49
2026-03-11,ARKK,73.13,74.055,72.365,73.07,7049600,0.402256,0.349677,0.349163,64.29
2026-03-12,ARKK,72.26,72.53,70.48,70.64,8955600,0.387301,0.348237,0.363535,54.76
2026-03-13,ARKK,71.57,72.15,69.92,70.25,13284600,0.381137,0.349596,0.340755,52.78
2026-03-16,ARKK,71.61,72.59,71.31,72.05,12119900,0.377837,0.35211,0.340133,51.59
2026-03-17,ARKK,72.0,73.505,72.0,73.06,8731400,0.370571,0.348709,0.343067,49.21
2026-03-18,ARKK,72.45,73.05,71.37,71.41,10279800,0.366211,0.344856,0.349942,48.02
2026-03-19,ARKK,69.9,71.91,69.36,71.07,15597100,0.375213,0.348936,0.347457,50.79
2026-03-20,ARKK,70.795,70.91,68.325,69.15,14990100,0.378376,0.349805,0.358709,53.17
2026-03-23,ARKK,70.095,71.77,69.83,70.92,16663400,0.384523,0.351888,0.363156,55.95
2026-03-24,ARKK,70.21,70.575,68.255,69.0,12983700,0.388337,0.354253,0.359813,58.73
2026-03-25,ARKK,70.48,71.61,69.625,69.9,10227000,0.396302,0.358802,0.354729,64.29
2026-03-26,ARKK,68.72,69.98,67.35,67.39,9789700,0.402036,0.362599,0.368296,68.25
2026-03-27,ARKK,66.68,66.68,64.4,64.63,13982500,0.397974,0.364187,0.386034,66.67
2026-03-30,ARKK,65.35,65.36,62.945,63.52,10269500,0.393654,0.367148,0.377308,63.49
2026-03-31,ARKK,64.51,67.78,64.5,67.59,15238600,0.369733,0.368853,0.443994,49.6
2026-04-01,ARKK,68.705,69.458,68.06,68.4,11886800,0.368703,0.369099,0.423082,49.6
2026-04-02,ARKK,66.13,68.98,65.71,68.56,11729600,0.386003,0.377899,0.422632,57.94
2026-04-06,ARKK,68.75,69.73,68.31,68.8,6687500,0.376859,0.378916,0.417909,52.78
2026-04-07,ARKK,67.99,68.85,66.78,68.76,9088700,0.376622,0.38156,0.404477,52.38
2026-04-08,ARKK,72.62,73.36,69.72,70.36,12225100,0.433793,0.401892,0.411047,82.94
2026-04-09,ARKK,69.99,70.15,68.43,68.92,9491400,0.433923,0.401812,0.416065,83.33
2026-04-10,ARKK,69.44,69.818,68.74,69.29,6316900,0.430517,0.401439,0.400424,81.35
2026-04-13,ARKK,68.88,72.055,68.88,71.96,9765900,0.430212,0.402659,0.422797,81.35
2026-04-14,ARKK,73.2,75.225,73.2,74.83,12846600,0.430094,0.4046,0.435874,81.35
2026-04-15,ARKK,75.52,77.6,75.37,77.47,8933200,0.431424,0.405433,0.44948,83.33
2026-04-16,ARKK,78.355,78.47,75.85,77.34,9072400,0.436427,0.403229,0.439553,85.71
2026-04-17,ARKK,79.185,80.525,78.945,79.23,12982400,0.428682,0.405009,0.443872,81.35
2026-04-20,ARKK,78.58,79.49,77.67,79.32,7042900,0.426552,0.404771,0.42713,80.56
2026-04-21,ARKK,79.55,80.14,77.2,77.38,10555100,0.426763,0.406244,0.435369,80.95
2026-04-22,ARKK,78.97,79.625,78.58,79.3,6575200,0.421567,0.408348,0.42394,79.37
2026-04-23,ARKK,78.37,78.58,75.18,76.5,12443200,0.427868,0.412134,0.449528,82.14
2026-04-24,ARKK,77.5,77.56,76.16,76.5,7712800,0.412755,0.412643,0.423173,76.98
2026-04-27,ARKK,76.26,77.2,76.06,76.55,5877600,0.40722,0.410139,0.384121,74.21
2026-04-28,ARKK,75.11,76.2,74.7,75.45,9649800,0.412255,0.409991,0.381709,77.38
2026-04-29,ARKK,74.45,74.45,72.75,73.53,9710000,0.412441,0.41063,0.343944,77.78
2026-04-30,ARKK,74.13,76.21,73.78,75.84,7443000,0.411615,0.40663,0.356007,77.38
2026-05-01,ARKK,75.85,77.275,75.44,76.92,5584400,0.381295,0.400425,0.357227,56.75
2026-05-04,ARKK,77.24,78.94,77.22,78.23,6110500,0.381035,0.393487,0.359262,56.35
2026-05-05,ARKK,78.4,78.53,76.325,76.58,7304600,0.371446,0.389287,0.37194,50.79
2026-05-06,ARKK,77.33,79.6,76.975,79.58,5010600,0.311717,0.388701,0.385415,32.54
2026-05-07,ARKK,79.4,79.69,77.13,77.93,5664900,0.314325,0.389915,0.385669,33.33
2026-05-08,ARKK,78.36,79.12,77.055,79.12,6382800,0.319602,0.386552,0.386969,37.3
2026-05-11,ARKK,78.58,80.685,78.25,80.03,7520300,0.320076,0.383229,0.369728,37.7
2026-05-12,ARKK,79.1,79.78,76.48,78.21,9938700,0.331962,0.384136,0.360041,39.68
2026-05-13,ARKK,78.17,78.71,76.6,78.05,7476800,0.334539,0.382571,0.339114,40.08
2026-05-14,ARKK,77.8,79.175,76.72,78.0,8559600,0.329629,0.38232,0.339051,39.29
2026-05-15,ARKK,76.18,76.5,74.9,74.9,12627000,0.325867,0.384884,0.356358,38.89
2026-05-18,ARKK,74.88,75.925,73.47,74.51,10422000,0.329035,0.385192,0.356139,39.68
2026-05-19,ARKK,73.83,74.565,72.96,73.84,8226400,0.326203,0.384341,0.347744,39.29
2026-05-20,ARKK,74.37,75.95,73.67,75.84,8316600,0.322297,0.385264,0.350094,38.49
2026-05-21,ARKK,75.28,76.905,74.91,76.62,5463100,0.309458,0.384142,0.328837,30.56
2026-05-22,ARKK,76.95,77.778,76.29,76.4,4588300,0.306785,0.383037,0.329004,29.76
2026-05-26,ARKK,77.27,77.79,76.53,77.23,4792100,0.311241,0.380373,0.331264,32.14
2026-05-27,ARKK,77.23,78.35,77.02,77.95,5788000,0.303416,0.374782,0.32779,27.78
2026-05-28,ARKK,77.65,81.22,77.39,81.01,8473700,0.304258,0.363849,0.335826,28.97
2026-05-29,ARKK,81.3,82.45,79.985,81.95,9355700,0.305854,0.363543,0.32264,30.56
2026-06-01,ARKK,80.765,82.145,79.92,81.26,6998600,0.312206,0.362295,0.323074,35.32
2026-06-02,ARKK,80.64,80.655,79.31,79.91,5817700,0.311054,0.358433,0.3256,33.33
2026-06-03,ARKK,79.2,79.33,77.62,78.16,5171200,0.310635,0.356264,0.326365,32.94
2026-06-04,ARKK,78.02,81.14,77.7,80.07,6508300,0.315125,0.358878,0.308077,37.7
2026-06-05,ARKK,78.59,78.75,73.61,74.49,13983100,0.335734,0.366515,0.396196,47.62
2026-06-08,ARKK,76.24,76.37,75.03,75.88,5794500,0.344244,0.368488,0.39831,48.81
2026-06-09,ARKK,76.27,77.495,72.1,75.0,10623700,0.381487,0.379286,0.396341,66.67
2026-06-10,ARKK,73.94,76.045,72.99,73.01,7613100,0.385605,0.383336,0.399142,69.05
2026-06-11,ARKK,73.4,75.46,72.55,75.46,11578100,0.388709,0.385472,0.419633,71.43
2026-06-12,ARKK,75.46,76.18,74.41,75.65,11558000,0.386081,0.385361,0.419886,69.05
2026-06-15,ARKK,78.19,80.12,78.11,79.63,9746400,0.398105,0.386794,0.433004,78.57
2026-06-16,ARKK,79.5,80.48,78.71,79.08,6320600,0.394533,0.385299,0.433481,76.19
2026-06-17,ARKK,79.08,81.225,78.22,78.49,10768700,0.402938,0.387277,0.432948,80.56
2026-06-18,ARKK,79.51,80.36,78.69,80.19,8036800,0.402902,0.386151,0.4295,80.16
2026-06-22,ARKK,79.78,81.15,78.24,78.43,6037600,0.408301,0.385259,0.437396,84.13
2026-06-23,ARKK,76.205,78.48,76.11,76.68,9452000,0.427736,0.388006,0.445322,90.87
2026-06-24,ARKK,76.55,78.1,76.38,76.72,5003700,0.428377,0.387596,0.443562,91.67
2026-06-25,ARKK,77.36,77.79,75.709,76.54,5466100,0.432538,0.386629,0.442138,94.05
2026-06-26,ARKK,75.6,78.88,75.6,78.13,6090900,0.434566,0.386747,0.425183,95.24
2026-06-29,ARKK,79.08,80.8,77.92,80.63,6506600,0.438385,0.387857,0.439166,96.43
2026-06-30,ARKK,80.06,80.975,79.49,80.82,6596800,0.433452,0.378921,0.438346,93.65
2026-07-01,ARKK,80.4,82.75,80.4,81.85,5121500,0.435753,0.379673,0.436108,94.84
2026-07-02,ARKK,82.34,83.89,80.32,81.25,8437300,0.443909,0.380655,0.428707,96.43
2026-07-06,ARKK,81.32,84.34,80.84,83.61,5079100,0.442462,0.362063,0.432074,96.03
2026-07-07,ARKK,82.93,83.77,80.57,81.19,6069200,0.428026,0.364161,0.353896,88.1
2026-07-08,ARKK,79.935,80.44,78.55,80.16,4000000,0.425823,0.366439,0.354674,86.11
2026-07-09,ARKK,79.99,82.04,79.91,81.53,4140100,0.390676,0.365668,0.353798,67.06
2026-07-10,ARKK,82.585,82.72,79.37,80.245,5394300,0.383187,0.36704,0.342972,59.13
2026-07-13,ARKK,79.475,79.62,77.89,78.24,5889900,0.378894,0.366829,0.341651,56.35
2026-07-14,ARKK,78.77,79.695,78.29,79.52,3133200,0.377367,0.363573,0.345473,55.16
2026-07-15,ARKK,80.11,80.7,78.5,79.6,3888100,0.360618,0.360995,0.293508,48.81
2026-07-16,ARKK,78.82,78.94,76.195,76.67,6139100,0.363706,0.361697,0.32176,50.0
2026-07-17,ARKK,74.66,76.29,73.84,75.2,5798100,0.367391,0.365608,0.327377,50.4
2026-07-20,ARKK,75.71,76.17,74.645,74.95,3017000,0.363639,0.363661,0.315311,49.21
2026-07-21,ARKK,75.68,77.935,75.56,77.695,3744400,0.359959,0.3605,0.336182,47.22
2026-07-22,ARKK,76.84,77.65,75.91,76.03,4064200,0.341589,0.360471,0.33541,44.44
2026-07-23,ARKK,74.25,75.28,73.13,73.83,5818200,0.351029,0.364731,0.350716,45.24
2026-07-24,ARKK,73.78,73.905,71.36,71.89,5929200,0.349665,0.364139,0.361532,44.84
2026-07-27,ARKK,73.05,73.7,71.22,72.53,3979000,0.354792,0.366811,0.353663,46.03
2026-07-28,ARKK,71.335,72.74,70.155,72.45,4738000,0.354829,0.369072,0.328657,46.03
2026-07-29,ARKK,72.03,72.98,70.34,70.58,6382200,0.360865,0.370958,0.335303,47.62
2026-07-30,ARKK,71.365,73.02,71.13,72.9,4888500,0.361871,0.371545,0.357006,48.41
2026-07-31,ARKK,72.97,72.97,69.89,71.24,6193100,0.360699,0.374864,0.362218,46.83
2026-08-03,ARKK,70.8,73.695,70.19,73.54,5083900,0.362061,0.37626,0.366417,48.41
2026-08-04,ARKK,74.56,77.11,74.53,76.76,6618300,0.362401,0.376938,0.394983,48.41
2026-08-05,ARKK,76.77,77.49,76.14,76.18,5131500,0.355789,0.375324,0.393676,44.05
2026-08-06,ARKK,75.11,76.61,74.932,75.73,3630500,0.358988,0.375566,0.38697,44.44
2026-08-07,ARKK,76.96,79.51,76.96,79.43,7041200,0.35461,0.373154,0.424406,42.46
2026-08-10,ARKK,79.49,80.615,79.385,80.44,4028500,0.351776,0.371362,0.416299,41.27
2026-08-11,ARKK,80.65,81.15,79.71,80.6,2943200,0.351514,0.369886,0.412618,40.87
2026-08-12,ARKK,81.77,82.02,80.585,81.37,3337600,0.351328,0.368458,0.413811,40.48
2026-08-13,ARKK,81.375,82.925,81.25,82.59,3048600,0.345241,0.366459,0.390095,39.29
2026-08-14,ARKK,82.62,82.62,80.785,81.1,4052900,0.325695,0.365661,0.38921,32.54
2026-08-17,ARKK,80.97,82.27,80.56,81.75,3860400,0.3249,0.36446,0.388542,32.14
2026-08-18,ARKK,80.0,80.71,79.055,79.15,6734200,0.331742,0.366631,0.390427,34.92
2026-08-19,ARKK,80.83,83.35,80.53,83.31,8922300,0.338505,0.369542,0.419158,37.3
2026-08-20,ARKK,83.32,84.0,82.54,83.27,6327000,0.32187,0.368783,0.400256,30.16
2026-08-21,ARKK,84.24,86.45,84.115,86.21,7150100,0.318555,0.369995,0.393049,28.17
2024-08-22,GDX,39.22,39.22,38.54,38.78,19744100,,,,
2024-08-23,GDX,39.25,39.56,38.81,39.34,15858600,,,,
2024-08-26,GDX,39.58,39.67,39.07,39.23,9216600,,,,
2024-08-27,GDX,38.92,39.26,38.66,39.22,8482900,,,,
2024-08-28,GDX,38.73,38.73,38.04,38.36,16988600,,,,
2024-08-29,GDX,38.54,39.14,38.51,38.88,13328500,,,,
2024-08-30,GDX,38.79,38.98,38.34,38.62,13171500,,,,
2024-09-03,GDX,38.01,38.11,36.9,37.27,25260000,,,,
2024-09-04,GDX,36.89,37.36,36.72,36.91,15685100,,,,
2024-09-05,GDX,37.66,37.83,37.28,37.33,16260000,,,,
2024-09-06,GDX,37.17,37.43,36.22,36.32,19939200,,,,
2024-09-09,GDX,36.61,36.88,36.51,36.76,15264700,,,,
2024-09-10,GDX,36.76,37.23,36.45,37.22,13942800,,,,
2024-09-11,GDX,36.9,37.41,36.49,37.39,10854700,,,,
2024-09-12,GDX,38.06,39.43,38.02,39.21,35275900,,,,
2024-09-13,GDX,39.8,40.22,39.77,40.09,27456000,,,,
2024-09-16,GDX,40.0,40.23,39.58,39.89,12162500,,,,
2024-09-17,GDX,39.7,40.08,39.31,39.49,17906900,,,,
2024-09-18,GDX,39.76,40.99,39.02,39.06,41241400,,,,
2024-09-19,GDX,40.1,40.25,39.26,39.72,22284500,,,,
2024-09-20,GDX,40.4,40.68,40.06,40.51,28604400,0.303903,,0.306086,
2024-09-23,GDX,40.54,41.19,40.3,40.33,19153300,0.30477,,0.303445,
2024-09-24,GDX,40.74,41.59,40.34,41.41,27422400,0.311123,,0.315765,
2024-09-25,GDX,41.3,41.69,41.18,41.31,18581100,0.308884,,0.316127,
2024-09-26,GDX,41.62,41.95,41.22,41.64,21027600,0.303357,,0.302621,
2024-09-27,GDX,41.39,41.58,40.31,40.36,25323400,0.30801,,0.325027,
2024-09-30,GDX,40.1,40.18,39.35,39.82,24523200,0.31143,,0.328263,
2024-10-01,GDX,40.31,40.76,39.96,40.45,22975900,0.300331,,0.300679,
2024-10-02,GDX,40.5,40.79,40.05,40.37,13265800,0.295171,,0.297206,
2024-10-03,GDX,39.85,39.87,39.35,39.56,17147200,0.296504,,0.308503,
2024-10-04,GDX,39.65,40.19,39.35,39.55,15816800,0.292971,,0.287429,
2024-10-07,GDX,39.29,39.3,38.83,39.03,15133300,0.295388,,0.292315,
2024-10-08,GDX,38.68,39.0,38.38,38.99,16180400,0.297141,,0.290449,
2024-10-09,GDX,38.44,38.79,38.17,38.79,16477900,0.29733,,0.291498,
2024-10-10,GDX,38.99,39.89,38.77,39.87,22975000,0.289719,,0.256367,
2024-10-11,GDX,40.03,40.46,39.99,40.05,12060100,0.286905,,0.24422,
2024-10-14,GDX,39.93,40.31,39.68,40.16,7455300,0.286814,,0.243684,
2024-10-15,GDX,40.13,40.68,39.97,40.68,19942200,0.284394,,0.244286,
2024-10-16,GDX,41.15,41.72,40.89,41.0,20379100,0.260514,,0.240679,
2024-10-17,GDX,41.36,41.89,41.18,41.49,22965700,0.242154,,0.237429,
2024-10-18,GDX,42.0,43.31,41.82,43.15,31223500,0.243762,,0.265061,
2024-10-21,GDX,43.75,44.01,43.08,43.22,21060600,0.24472,,0.263621,
2024-10-22,GDX,43.52,44.22,43.52,44.09,21161600,0.236338,,0.25704,
2024-10-23,GDX,43.5,43.8,42.91,43.26,22959800,0.24418,,0.26829,
2024-10-24,GDX,43.47,43.51,41.4,42.13,31946100,0.262713,,0.285923,
2024-10-25,GDX,41.91,42.16,41.41,41.56,21541200,0.259574,,0.266093,
2024-10-28,GDX,41.33,41.63,41.23,41.36,14784900,0.255078,,0.261385,
2024-10-29,GDX,41.8,42.13,41.48,42.02,20281300,0.252665,,0.261479,
2024-10-30,GDX,41.95,41.96,41.03,41.51,18161400,0.255283,,0.265978,
2024-10-31,GDX,40.83,40.89,39.87,40.34,27998400,0.263137,,0.276404,
2024-11-01,GDX,40.49,40.82,39.85,39.85,14358100,0.262999,,0.280346,
2024-11-04,GDX,40.27,40.37,39.7,39.9,13299700,0.265001,,0.275694,
2024-11-05,GDX,40.37,40.53,39.87,40.11,16833300,0.264399,,0.275951,
2024-11-06,GDX,38.21,38.99,37.56,38.64,44258400,0.325205,,0.307913,
2024-11-07,GDX,39.0,39.8,38.73,39.57,26922000,0.327087,,0.30378,
2024-11-08,GDX,39.23,39.34,38.63,39.02,22864200,0.329593,,0.306919,
2024-11-11,GDX,37.42,37.73,36.19,36.73,45733600,0.371159,,0.371186,
2024-11-12,GDX,36.27,36.46,35.67,36.11,37430800,0.375044,,0.367827,
2024-11-13,GDX,36.41,36.64,35.56,35.56,24799000,0.373591,,0.365494,
2024-11-14,GDX,35.31,35.97,35.19,35.72,34765200,0.372239,,0.361316,
2024-11-15,GDX,35.93,36.18,35.4,35.51,20360400,0.365837,0.310034,0.31668,
2024-11-18,GDX,36.55,37.28,36.48,37.02,33546000,0.379919,0.314705,0.364053,
2024-11-19,GDX,37.49,37.93,37.22,37.88,22829200,0.383569,0.315936,0.367258,
2024-11-20,GDX,37.73,37.85,37.51,37.72,16236500,0.379392,0.315166,0.364905,
2024-11-21,GDX,38.12,38.2,37.59,38.14,21175800,0.369772,0.314882,0.362462,
2024-11-22,GDX,38.47,38.57,38.02,38.28,19691300,0.370936,0.315046,0.362186,
2024-11-25,GDX,36.99,37.24,36.78,37.14,31492500,0.389238,0.322869,0.373891,
2024-11-26,GDX,37.11,37.41,36.83,37.29,9924400,0.386143,0.319459,0.367299,
2024-11-27,GDX,37.75,37.97,37.32,37.45,15286800,0.388028,0.319228,0.368247,
2024-11-29,GDX,37.72,37.85,37.5,37.66,7275300,0.382017,0.316782,0.359264,
2024-12-02,GDX,37.17,37.37,36.71,36.83,16539100,0.382249,0.316562,0.364269,
2024-12-03,GDX,37.1,38.12,37.1,37.7,18593800,0.384382,0.318203,0.376678,
2024-12-04,GDX,37.78,38.01,37.55,37.6,8149100,0.38056,0.317471,0.375471,
2024-12-05,GDX,37.64,37.99,37.14,37.53,9910000,0.333195,0.316538,0.353186,
2024-12-06,GDX,37.41,37.41,36.74,36.82,13455700,0.327386,0.312852,0.345252,
2024-12-09,GDX,38.02,38.87,37.91,37.91,30314300,0.352017,0.320963,0.361631,
2024-12-10,GDX,38.4,38.52,37.91,37.98,13338500,0.303367,0.321563,0.28656,
2024-12-11,GDX,38.24,39.17,38.08,39.09,21116900,0.297186,0.321907,0.293005,
2024-12-12,GDX,38.31,38.42,37.62,37.66,22705200,0.306793,0.316709,0.321147,
2024-12-13,GDX,37.24,37.38,36.49,36.65,19521400,0.308883,0.312507,0.338253,55.0
2024-12-16,GDX,36.86,36.9,36.29,36.42,11421200,0.307017,0.310548,0.338369,52.46
2024-12-17,GDX,35.99,36.31,35.79,36.19,14782900,0.293557,0.310092,0.303493,32.26
2024-12-18,GDX,35.98,36.09,34.36,34.53,32773200,0.299071,0.310799,0.330166,42.86
2024-12-19,GDX,34.72,34.95,34.19,34.39,22161700,0.302,0.311627,0.330169,45.31
2024-12-20,GDX,34.5,35.12,34.44,34.73,27872000,0.300349,0.311696,0.329419,44.62
2024-12-23,GDX,34.23,34.48,33.88,34.41,14593200,0.304594,0.312405,0.328268,51.52
2024-12-24,GDX,34.52,34.58,34.14,34.41,5322000,0.278285,0.311385,0.315126,22.39
2024-12-26,GDX,34.53,34.76,34.36,34.47,8720800,0.277117,0.30966,0.314474,22.06
2024-12-27,GDX,34.08,34.38,33.83,34.26,10587100,0.277613,0.310253,0.313034,23.19
2024-12-30,GDX,33.9,34.01,33.42,33.77,18268000,0.281115,0.310446,0.312573,25.71
2024-12-31,GDX,33.65,34.05,33.6,33.91,8034600,0.27693,0.309403,0.307732,21.13
2025-01-02,GDX,34.46,35.4,34.44,35.34,24527000,0.278715,0.311745,0.334443,26.39
2025-01-03,GDX,35.23,35.3,34.97,35.0,13694400,0.277845,0.310639,0.335208,24.66
2025-01-06,GDX,35.0,35.22,34.52,34.58,13039000,0.275819,0.309433,0.33647,20.27
2025-01-07,GDX,35.25,35.86,34.87,35.05,16976300,0.291277,0.312812,0.337084,36.0
2025-01-08,GDX,35.42,35.97,35.26,35.9,25009000,0.261745,0.313676,0.33105,13.16
2025-01-10,GDX,36.66,36.9,35.74,35.97,19827300,0.274529,0.317895,0.331069,20.78
2025-01-13,GDX,35.63,35.66,35.1,35.38,15738500,0.272543,0.318641,0.312401,20.51
2025-01-14,GDX,35.51,36.41,35.51,36.32,16157700,0.2643,0.317397,0.306621,17.72
2025-01-15,GDX,36.79,36.92,36.19,36.72,17436900,0.265232,0.318527,0.294404,21.25
2025-01-16,GDX,36.97,37.17,36.58,36.62,13483600,0.265765,0.316164,0.293648,22.22
2025-01-17,GDX,36.33,37.02,36.12,36.75,16420400,0.266859,0.315926,0.292792,23.17
2025-01-21,GDX,37.11,37.95,37.11,37.61,26496400,0.257852,0.317134,0.242688,9.64
2025-01-22,GDX,38.0,38.05,37.31,37.53,12555800,0.257882,0.316238,0.241903,10.71
2025-01-23,GDX,37.12,37.52,36.84,37.5,12871700,0.261241,0.312055,0.241661,14.12
2025-01-24,GDX,37.99,38.16,37.84,37.95,13728000,0.253039,0.31237,0.238111,6.98
2025-01-27,GDX,37.59,37.59,36.85,37.35,15489400,0.261069,0.31404,0.248931,14.94
2025-01-28,GDX,37.48,37.79,37.21,37.7,10986700,0.261998,0.313369,0.249434,18.18
2025-01-29,GDX,37.66,38.25,37.45,37.9,11319800,0.258844,0.313058,0.246277,12.36
2025-01-30,GDX,38.66,39.73,38.57,39.42,28590100,0.262296,0.313718,0.263246,20.0
2025-01-31,GDX,39.52,39.68,38.8,38.96,19903100,0.263183,0.313376,0.272009,24.18
2025-02-03,GDX,39.22,39.92,38.98,39.56,20541800,0.262294,0.313863,0.242488,19.57
2025-02-04,GDX,39.87,40.18,39.67,40.03,12813100,0.261634,0.313139,0.236414,17.2
2025-02-05,GDX,40.37,41.53,40.35,41.04,25371500,0.265311,0.294339,0.233877,30.85
2025-02-06,GDX,41.07,41.16,40.67,41.13,12224900,0.253705,0.29273,0.234156,7.37
2025-02-07,GDX,41.51,41.75,40.85,40.86,19136200,0.254469,0.292263,0.231627,8.33
2025-02-10,GDX,41.95,42.21,41.8,41.96,25509400,0.252135,0.277294,0.241523,5.15
2025-02-11,GDX,41.72,41.9,41.39,41.44,15264200,0.248067,0.274731,0.236487,5.1
2025-02-12,GDX,41.36,42.48,41.1,42.13,21179300,0.255582,0.275742,0.228903,13.13
2025-02-13,GDX,42.26,42.59,41.72,42.51,17219600,0.253876,0.275339,0.228606,10.0
2025-02-14,GDX,42.6,42.66,41.0,41.08,26322400,0.259448,0.276262,0.270461,17.82
2025-02-18,GDX,41.64,41.72,41.14,41.54,21365800,0.254453,0.271416,0.270983,10.78
2025-02-19,GDX,41.35,41.7,41.11,41.54,12767300,0.253421,0.270606,0.264081,8.74
2025-02-20,GDX,41.71,42.57,41.64,42.24,16326300,0.253609,0.271418,0.265827,9.62
2025-02-21,GDX,42.02,42.03,40.75,40.8,31767300,0.250698,0.271214,0.301934,5.71
2025-02-24,GDX,41.17,41.17,40.33,40.97,12704000,0.255606,0.272742,0.300558,17.92
2025-02-25,GDX,40.66,40.79,39.53,40.38,20002900,0.26196,0.266521,0.299351,28.04
2025-02-26,GDX,39.81,41.11,39.73,40.86,12880600,0.275247,0.270396,0.300079,43.52
2025-02-27,GDX,40.2,40.46,39.42,39.46,21976300,0.284279,0.273053,0.330174,51.38
2025-02-28,GDX,38.86,39.73,38.58,39.72,15602200,0.283273,0.276875,0.3002,50.91
2025-03-03,GDX,40.39,40.86,39.51,39.71,16743500,0.294319,0.27909,0.296801,58.56
2025-03-04,GDX,40.45,40.76,39.49,40.28,18770600,0.305199,0.282272,0.296162,72.32
2025-03-05,GDX,40.2,41.72,40.19,41.7,18539800,0.308182,0.283632,0.317632,75.22
2025-03-06,GDX,41.37,41.94,41.06,41.36,16373000,0.306489,0.284357,0.307591,71.93
2025-03-07,GDX,41.42,42.31,40.92,41.64,17132100,0.31426,0.287141,0.308369,79.13
2025-03-10,GDX,41.38,41.6,40.2,40.51,20333800,0.318406,0.280086,0.32343,79.31
2025-03-11,GDX,40.9,42.04,40.85,41.84,22449300,0.309127,0.280655,0.330351,76.07
2025-03-12,GDX,41.46,42.11,41.22,41.9,17152200,0.312263,0.280971,0.32714,77.97
2025-03-13,GDX,42.18,43.54,42.07,43.21,30784900,0.312799,0.279385,0.340045,78.15
2025-03-14,GDX,43.78,43.87,43.21,43.64,23488100,0.314204,0.278569,0.340338,78.33
2025-03-17,GDX,43.86,44.63,43.77,44.57,18558800,0.309575,0.278541,0.319759,74.38
2025-03-18,GDX,45.44,45.65,44.69,44.85,21782900,0.314448,0.279677,0.318798,79.51
2025-03-19,GDX,44.87,45.28,44.54,45.23,17130700,0.314414,0.275673,0.31886,78.86
2025-03-20,GDX,44.65,45.34,44.38,45.16,10082900,0.317625,0.27724,0.315974,79.84
2025-03-21,GDX,44.54,44.63,43.84,44.5,18163600,0.321214,0.279414,0.291073,80.8
2025-03-24,GDX,44.56,44.76,44.19,44.25,14465100,0.315064,0.276593,0.293221,78.57
2025-03-25,GDX,44.87,45.62,44.86,45.02,16156900,0.310529,0.278365,0.288483,71.65
2025-03-26,GDX,45.22,45.29,44.56,44.67,10123300,0.301766,0.278496,0.291125,58.59
2025-03-27,GDX,45.22,45.9,44.92,45.76,16699400,0.295011,0.278007,0.258963,51.16
2025-03-28,GDX,46.1,46.94,45.44,45.57,21557400,0.293888,0.279459,0.262204,50.0
2025-03-31,GDX,46.0,46.1,44.5,45.97,22217500,0.301304,0.285818,0.260904,58.78
2025-04-01,GDX,45.93,46.26,45.34,45.8,17174800,0.289571,0.285052,0.262357,46.21
2025-04-02,GDX,45.77,46.01,45.12,45.76,15903800,0.289547,0.286102,0.241111,45.86
2025-04-03,GDX,43.86,46.71,43.53,45.72,30543000,0.356619,0.311712,0.237317,86.57
2025-04-04,GDX,44.48,44.57,41.46,41.68,59893500,0.381053,0.32032,0.419398,94.07
2025-04-07,GDX,40.71,43.7,40.26,41.45,33751700,0.437433,0.345376,0.407324,99.26
2025-04-08,GDX,43.27,43.53,41.18,41.5,22508400,0.472364,0.356534,0.39038,99.27
2025-04-09,GDX,43.27,45.33,42.77,44.99,47895600,0.503958,0.370181,0.485316,99.28
2025-04-10,GDX,45.27,47.66,45.16,47.17,36181600,0.509353,0.373956,0.500915,99.28
2025-04-11,GDX,48.87,50.15,48.86,49.7,40991500,0.522683,0.37949,0.528873,99.29
2025-04-14,GDX,48.95,50.2,48.42,50.02,20729500,0.531272,0.383048,0.526063,99.29
2025-04-15,GDX,50.47,50.74,49.9,50.53,14842000,0.528069,0.382228,0.526292,98.59
2025-04-16,GDX,52.31,52.81,51.29,51.91,36630500,0.543136,0.388415,0.53152,99.3
2025-04-17,GDX,51.51,51.6,50.37,50.92,25661200,0.542474,0.389402,0.538913,98.61
2025-04-21,GDX,52.66,53.25,50.95,51.66,36299300,0.553628,0.396561,0.533955,99.31
2025-04-22,GDX,51.9,51.95,50.02,50.23,38019600,0.55625,0.39767,0.547033,99.32
2025-04-23,GDX,47.93,49.18,47.77,48.73,38934600,0.588237,0.410369,0.560344,99.32
2025-04-24,GDX,49.61,49.82,48.8,49.76,22803300,0.592571,0.412425,0.561619,99.32
2025-04-25,GDX,48.22,48.9,48.08,48.81,19299600,0.604287,0.417874,0.563557,99.33
2025-04-28,GDX,48.54,49.43,48.31,49.43,15128300,0.60054,0.415945,0.563788,98.67
2025-04-29,GDX,48.78,49.21,48.4,48.48,13110200,0.59363,0.416987,0.569517,98.01
2025-04-30,GDX,48.0,49.03,47.99,49.01,15832300,0.59353,0.416786,0.569707,97.37
2025-05-01,GDX,47.55,47.64,46.89,47.2,27130000,0.60231,0.421878,0.588,98.69
2025-05-02,GDX,47.85,48.11,46.73,47.08,14244100,0.568799,0.422249,0.588121,94.81
2025-05-05,GDX,48.87,48.9,48.05,48.72,20923200,0.561835,0.429236,0.482012,94.19
2025-05-06,GDX,49.91,50.83,49.37,50.79,31155000,0.51763,0.432215,0.49362,89.1
2025-05-07,GDX,49.54,50.28,49.29,49.82,22412000,0.502211,0.433253,0.503803,87.26
2025-05-08,GDX,49.85,50.05,48.72,48.88,20400400,0.471585,0.433754,0.435584,86.08
2025-05-09,GDX,49.62,50.47,49.11,50.37,20695300,0.46714,0.4342,0.416773,85.53
2025-05-12,GDX,48.06,48.08,46.35,46.62,42761600,0.481482,0.44594,0.465859,86.88
2025-05-13,GDX,46.72,46.75,46.16,46.54,22356300,0.474194,0.44489,0.464525,86.34
2025-05-14,GDX,45.51,45.66,45.1,45.55,26797000,0.477546,0.446434,0.465682,86.42
2025-05-15,GDX,46.05,46.6,45.61,46.49,23456700,0.457985,0.447382,0.46026,83.44
2025-05-16,GDX,45.41,46.35,45.25,46.33,17272000,0.461689,0.449756,0.457412,83.54
2025-05-19,GDX,47.1,47.4,46.65,47.34,19577600,0.437885,0.450651,0.462054,82.42
2025-05-20,GDX,47.43,48.82,47.26,48.81,26942300,0.435088,0.449915,0.468996,81.33
2025-05-21,GDX,49.08,49.7,48.97,49.44,23175400,0.405123,0.447516,0.458644,80.84
2025-05-22,GDX,49.28,49.57,48.7,49.18,16934800,0.395289,0.445834,0.452734,80.36
2025-05-23,GDX,50.35,50.79,49.75,50.53,24171600,0.395202,0.446763,0.457233,79.88
2025-05-27,GDX,49.41,50.31,49.34,49.77,20431100,0.402839,0.447847,0.459085,80.59
2025-05-28,GDX,49.92,50.36,49.78,50.35,13211000,0.399485,0.444789,0.454561,80.12
2025-05-29,GDX,50.59,50.84,49.94,50.28,11852300,0.39993,0.441658,0.453431,80.23
2025-05-30,GDX,49.85,50.72,49.72,50.65,16795500,0.385539,0.441546,0.429726,76.3
2025-06-02,GDX,51.72,53.83,51.66,53.77,39386800,0.388623,0.443388,0.472826,77.59
2025-06-03,GDX,52.86,53.09,52.37,53.09,24482500,0.366267,0.443212,0.465807,67.43
2025-06-04,GDX,53.26,53.5,52.87,53.21,18924400,0.349667,0.441404,0.44445,65.34
2025-06-05,GDX,53.75,54.62,52.81,53.15,28630300,0.349005,0.442929,0.437358,64.97
2025-06-06,GDX,53.09,53.09,51.47,51.62,31562000,0.348951,0.442743,0.445633,64.61
2025-06-09,GDX,51.67,52.32,51.41,52.13,15247300,0.340595,0.441491,0.434859,64.25
2025-06-10,GDX,52.43,52.6,51.12,51.43,17301700,0.295182,0.441523,0.326386,39.44
2025-06-11,GDX,51.51,51.94,51.29,51.94,13531000,0.29408,0.4413,0.325857,37.57
2025-06-12,GDX,52.8,53.76,52.72,53.53,25699500,0.286383,0.440587,0.320655,32.42
2025-06-13,GDX,54.34,54.7,53.85,54.46,22541400,0.286817,0.441572,0.319216,33.33
2025-06-16,GDX,53.7,54.15,53.5,53.55,18475000,0.276668,0.441402,0.328939,26.63
2025-06-17,GDX,53.79,54.01,53.06,53.51,13406500,0.272589,0.440051,0.32557,24.86
2025-06-18,GDX,53.35,53.7,52.9,53.0,14897000,0.270901,0.44029,0.316647,24.19
2025-06-20,GDX,52.69,53.43,52.26,52.29,18722300,0.276586,0.440113,0.320798,27.27
2025-06-23,GDX,52.52,53.74,52.27,53.11,21458300,0.279972,0.441214,0.322362,31.38
2025-06-24,GDX,51.54,52.13,50.7,51.86,22159900,0.293713,0.446021,0.324325,39.15
2025-06-25,GDX,51.59,52.16,51.45,51.92,12728900,0.280336,0.443747,0.318465,31.58
2025-06-26,GDX,51.76,52.62,51.76,52.62,14874300,0.280277,0.439055,0.319241,31.41
2025-06-27,GDX,50.92,51.12,50.32,50.73,32657400,0.302255,0.443788,0.347667,48.96
2025-06-30,GDX,50.93,52.07,50.75,52.06,19782700,0.302853,0.443595,0.358601,49.22
2025-07-01,GDX,53.01,53.05,51.96,52.04,19063300,0.296248,0.428878,0.284597,43.3
2025-07-02,GDX,52.33,52.76,51.84,52.66,13096100,0.291978,0.420325,0.285259,37.95
2025-07-03,GDX,52.19,52.92,52.15,52.91,11610900,0.292736,0.399838,0.285702,38.27
2025-07-07,GDX,51.93,53.21,51.32,53.17,22030200,0.295136,0.389743,0.286266,42.13
2025-07-08,GDX,52.94,52.95,50.35,50.79,37415300,0.304613,0.378238,0.313486,52.53
2025-07-09,GDX,50.85,51.66,50.56,51.5,19712100,0.305544,0.374546,0.315632,53.77
2025-07-10,GDX,51.68,51.9,50.98,51.9,13666200,0.303747,0.366848,0.313108,51.0
2025-07-11,GDX,52.32,52.59,51.91,52.42,19044800,0.306415,0.364147,0.313149,54.23
2025-07-14,GDX,52.42,53.3,52.38,52.45,13297300,0.30123,0.364079,0.292897,47.03
2025-07-15,GDX,52.46,52.6,50.78,51.62,20154900,0.303119,0.357516,0.289139,49.75
2025-07-16,GDX,51.71,52.37,50.97,51.82,16545300,0.306115,0.357745,0.284993,54.41
2025-07-17,GDX,51.06,51.42,50.45,51.24,17442300,0.30836,0.34772,0.286989,57.56
2025-07-18,GDX,51.69,51.79,51.12,51.13,12887800,0.310632,0.346416,0.285654,60.19
2025-07-21,GDX,51.94,53.35,51.93,53.02,22674100,0.31611,0.334998,0.312071,64.73
2025-07-22,GDX,53.64,54.78,53.22,54.48,23906900,0.318634,0.333719,0.321965,65.87
2025-07-23,GDX,54.17,54.57,53.62,53.84,22084600,0.296459,0.328308,0.312232,42.11
2025-07-24,GDX,53.05,53.8,52.53,53.33,12142200,0.303793,0.330076,0.314845,50.48
2025-07-25,GDX,52.92,53.98,52.85,53.96,25492200,0.305506,0.328998,0.314062,53.08
2025-07-28,GDX,53.15,53.34,52.14,52.59,20458100,0.289417,0.330721,0.298697,33.02
2025-07-29,GDX,52.76,53.36,52.52,53.25,13473500,0.288029,0.325005,0.28796,32.86
2025-07-30,GDX,52.55,52.95,51.52,51.78,21662100,0.286273,0.324476,0.305998,30.84
2025-07-31,GDX,52.02,52.32,51.37,51.64,16429400,0.285726,0.314293,0.302712,30.7
2025-08-01,GDX,52.74,53.06,51.94,52.45,20409400,0.299407,0.312528,0.30782,45.37
2025-08-04,GDX,53.17,55.05,53.16,54.94,27343200,0.290564,0.310436,0.349723,35.48
2025-08-05,GDX,54.61,56.66,54.57,56.46,32074400,0.282337,0.31091,0.312494,28.9
2025-08-06,GDX,56.49,57.39,56.48,57.39,16684000,0.279607,0.307439,0.313509,26.94
2025-08-07,GDX,57.91,58.48,57.61,57.94,22573200,0.278669,0.291139,0.313751,26.36
2025-08-08,GDX,58.43,58.81,57.84,58.06,18210700,0.279693,0.291822,0.313513,27.6
2025-08-11,GDX,56.59,58.0,56.34,57.69,17523500,0.2954,0.294036,0.315817,43.24
2025-08-12,GDX,57.83,58.23,57.37,58.21,11586200,0.28536,0.292572,0.306388,31.39
2025-08-13,GDX,58.66,58.77,57.87,58.07,10707200,0.281648,0.288819,0.307776,29.46
2025-08-14,GDX,57.65,58.53,57.42,57.7,11226900,0.278121,0.287706,0.304692,25.33
2025-08-15,GDX,57.8,58.56,57.34,58.28,13540600,0.278817,0.28749,0.303466,26.99
2025-08-18,GDX,58.2,58.42,57.7,58.1,8505900,0.270397,0.287205,0.283819,19.82
2025-08-19,GDX,57.84,58.04,56.59,56.6,15274300,0.264359,0.287437,0.290561,17.11
2025-08-20,GDX,57.25,58.33,57.19,58.32,15489900,0.265665,0.283129,0.301976,19.21
2025-08-21,GDX,58.17,59.69,58.11,59.29,17900200,0.259585,0.279686,0.30065,10.87
2025-08-22,GDX,58.79,60.68,58.38,60.18,19540500,0.26934,0.283312,0.301754,20.78
2025-08-25,GDX,60.39,60.79,60.17,60.26,8388400,0.259663,0.282654,0.279121,11.21
2025-08-26,GDX,60.56,61.6,60.44,61.6,17598200,0.259317,0.282178,0.283693,9.87
2025-08-27,GDX,61.05,61.48,60.47,61.48,10691600,0.252589,0.278274,0.254277,3.42
2025-08-28,GDX,61.4,61.62,60.7,61.33,15854800,0.251744,0.276275,0.254123,2.98
2025-08-29,GDX,61.21,63.23,61.21,63.17,19954400,0.237269,0.276782,0.263881,0.42
2025-09-02,GDX,64.39,65.07,63.2,64.8,41939600,0.249743,0.278386,0.233614,2.95
2025-09-03,GDX,65.48,65.83,64.71,65.2,25768700,0.248947,0.27855,0.222555,2.94
2025-09-04,GDX,64.36,64.94,63.89,64.57,24753700,0.256112,0.279807,0.227516,10.46
2025-09-05,GDX,66.01,66.87,65.16,66.34,31720200,0.270318,0.283439,0.239409,23.75
2025-09-08,GDX,67.23,67.41,66.49,67.24,24932700,0.272472,0.28527,0.239862,24.9
2025-09-09,GDX,67.65,67.94,66.67,66.85,24430000,0.251486,0.283732,0.239433,4.13
2025-09-10,GDX,67.47,68.59,67.46,68.5,18297300,0.250893,0.282098,0.246933,4.12
2025-09-11,GDX,68.24,69.76,68.08,69.76,18762100,0.25111,0.280779,0.246105,4.51
2025-09-12,GDX,69.96,70.11,69.24,69.75,13891100,0.245438,0.280217,0.241827,2.45
2025-09-15,GDX,69.3,70.76,69.15,70.48,16298200,0.24656,0.280618,0.241843,2.85
2025-09-16,GDX,70.57,70.64,68.63,69.02,22742300,0.251177,0.280217,0.261647,5.67
2025-09-17,GDX,68.24,69.93,67.77,68.66,28270300,0.261481,0.282178,0.23383,17.34
2025-09-18,GDX,68.15,68.8,67.26,68.79,21638900,0.266533,0.274921,0.222488,24.9
2025-09-19,GDX,68.92,72.53,68.89,72.36,36429000,0.270406,0.277268,0.267592,26.8
2025-09-22,GDX,73.77,74.37,72.84,74.33,30822600,0.269574,0.281488,0.273816,25.9
2025-09-23,GDX,74.88,75.28,73.88,74.23,23168400,0.272099,0.273292,0.275173,27.78
2025-09-24,GDX,73.96,74.45,72.27,72.32,27972000,0.278767,0.274648,0.300127,34.52
2025-09-25,GDX,72.31,73.2,72.01,73.13,23268600,0.274071,0.271997,0.297947,29.37
2025-09-26,GDX,73.68,74.93,73.24,74.68,21411900,0.274711,0.272315,0.297951,30.16
2025-09-29,GDX,76.58,76.87,75.36,75.72,24062700,0.284641,0.277026,0.289253,40.48
2025-09-30,GDX,74.97,77.18,74.74,76.4,21221700,0.282044,0.274237,0.282687,38.89
2025-10-01,GDX,77.11,77.96,76.59,77.13,22633000,0.281956,0.270182,0.28261,38.89
2025-10-02,GDX,78.29,78.32,74.1,77.1,41791200,0.316553,0.285076,0.27656,70.63
2025-10-03,GDX,77.32,77.76,76.53,77.08,15113300,0.306398,0.284368,0.269656,62.7
2025-10-06,GDX,78.06,79.49,77.79,78.61,26286300,0.308017,0.285853,0.272351,64.29
2025-10-07,GDX,78.66,78.69,76.69,76.97,21615600,0.309175,0.285503,0.287455,65.87
2025-10-08,GDX,78.68,79.15,77.59,79.15,25676100,0.319441,0.28601,0.29055,71.83
2025-10-09,GDX,79.19,79.33,74.58,75.61,40970500,0.337573,0.292069,0.342535,74.21
2025-10-10,GDX,75.86,76.62,75.08,75.78,24817200,0.339437,0.289872,0.342254,74.21
2025-10-13,GDX,78.08,79.46,77.96,79.37,26089500,0.347077,0.295015,0.373251,74.6
2025-10-14,GDX,78.03,79.4,77.61,78.45,20129200,0.356608,0.296935,0.365772,76.19
2025-10-15,GDX,79.51,81.74,79.24,81.47,31551700,0.347852,0.296793,0.379237,74.21
2025-10-16,GDX,82.46,85.09,81.72,84.44,39781800,0.349089,0.299581,0.390282,75.0
2025-10-17,GDX,82.17,82.42,77.18,78.73,70598800,0.386763,0.312463,0.454459,83.73
2025-10-20,GDX,80.18,81.02,79.01,80.36,29436000,0.387155,0.314814,0.450798,83.73
2025-10-21,GDX,74.58,74.99,72.13,72.79,71270200,0.48602,0.352802,0.580348,91.67
2025-10-22,GDX,70.48,73.32,70.28,72.95,47998500,0.503433,0.361585,0.572765,92.06
2025-10-23,GDX,74.52,74.68,73.59,73.79,25689000,0.508486,0.361351,0.572843,92.46
2025-10-24,GDX,72.5,74.01,72.15,72.8,24477100,0.514328,0.364625,0.569524,92.86
2025-10-27,GDX,70.15,71.38,68.13,69.91,50661700,0.531902,0.375103,0.582913,94.44
2025-10-28,GDX,68.64,71.24,68.42,71.02,28611800,0.534372,0.376927,0.585414,94.44
2025-10-29,GDX,72.9,73.0,70.7,71.07,33614500,0.544176,0.380594,0.58362,95.24
2025-10-30,GDX,70.92,73.06,70.51,72.9,25166200,0.521657,0.382188,0.59291,92.06
2025-10-31,GDX,72.91,72.92,71.15,72.06,20882300,0.523521,0.382864,0.59363,92.46
2025-11-03,GDX,71.72,72.44,70.73,71.3,15630000,0.520412,0.383337,0.587753,91.27
2025-11-04,GDX,69.34,69.63,68.2,68.28,28765500,0.526325,0.383424,0.601,92.46
2025-11-05,GDX,69.91,70.89,69.48,70.67,24340100,0.526292,0.386564,0.606264,92.06
2025-11-06,GDX,71.27,72.71,70.7,70.76,22007600,0.520775,0.388808,0.587717,90.48
2025-11-07,GDX,71.48,72.55,70.48,72.55,20421900,0.525152,0.389847,0.596052,91.67
2025-11-10,GDX,75.24,76.47,74.62,75.98,30851200,0.533182,0.396881,0.595953,93.65
2025-11-11,GDX,76.54,76.82,74.95,76.71,17170100,0.534844,0.398864,0.596238,94.05
2025-11-12,GDX,76.75,79.97,76.3,79.25,33319500,0.536308,0.401079,0.592011,94.05
2025-11-13,GDX,79.49,79.74,76.42,77.05,30345900,0.533547,0.403146,0.582175,92.86
2025-11-14,GDX,73.54,76.91,73.25,76.16,28841200,0.539435,0.417285,0.52965,94.05
2025-11-17,GDX,75.65,76.97,74.2,74.95,25837000,0.535739,0.417723,0.525234,93.25
2025-11-18,GDX,75.61,76.47,74.38,75.63,24323800,0.471,0.419432,0.386488,81.75
2025-11-19,GDX,76.95,78.18,75.52,76.39,21959400,0.463599,0.422944,0.387555,80.95
2025-11-20,GDX,76.74,77.74,72.94,72.97,34685000,0.471377,0.427317,0.421439,81.75
2025-11-21,GDX,73.02,74.66,72.45,73.65,25694900,0.467797,0.428558,0.419911,80.95
2025-11-24,GDX,74.15,78.0,74.07,77.96,24487400,0.439055,0.429884,0.435515,78.97
2025-11-25,GDX,77.31,78.54,76.86,77.8,14938400,0.431936,0.427553,0.434513,77.38
2025-11-26,GDX,78.65,81.83,78.55,81.55,27375300,0.424778,0.428565,0.459514,76.98
2025-11-28,GDX,82.26,83.28,81.77,83.23,15906800,0.422171,0.427819,0.457162,76.59
2025-12-01,GDX,83.95,84.03,82.12,82.82,20533900,0.421277,0.425551,0.454247,76.19
2025-12-02,GDX,82.47,82.96,79.3,81.61,25468400,0.433489,0.429652,0.456586,77.38
2025-12-03,GDX,82.13,82.92,80.94,81.06,17556100,0.419402,0.430237,0.420486,75.4
2025-12-04,GDX,80.34,81.49,80.03,81.39,12264600,0.415175,0.430559,0.409417,75.0
2025-12-05,GDX,82.0,83.76,80.72,81.03,17559200,0.418079,0.433476,0.410985,75.0
2025-12-08,GDX,81.02,81.25,79.07,79.16,18977000,0.414556,0.433937,0.41833,74.21
2025-12-09,GDX,79.3,82.07,79.29,81.94,19287000,0.394229,0.43393,0.404671,71.43
2025-12-10,GDX,81.55,83.94,80.53,83.32,22917900,0.396766,0.435852,0.406813,72.22
2025-12-11,GDX,83.2,87.45,83.12,86.26,29997000,0.399062,0.436664,0.408826,72.22
2025-12-12,GDX,88.5,88.5,84.24,85.66,26735900,0.414557,0.442171,0.393186,74.21
2025-12-15,GDX,86.51,86.75,83.72,84.85,21774900,0.371743,0.442731,0.392048,67.86
2025-12-16,GDX,85.16,86.3,83.75,84.83,14848800,0.366195,0.44195,0.384544,67.06
2025-12-17,GDX,86.11,86.62,84.62,85.83,17984700,0.366408,0.443276,0.384925,67.46
2025-12-18,GDX,85.33,87.2,84.84,85.67,18771500,0.362972,0.443973,0.385727,66.27
2025-12-19,GDX,85.58,88.69,85.56,87.79,24699800,0.349826,0.445513,0.339014,65.08
2025-12-22,GDX,89.66,91.05,89.07,90.18,24707400,0.351959,0.447306,0.344733,65.08
2025-12-23,GDX,90.35,90.48,88.69,90.27,18969200,0.350394,0.445324,0.298146,64.68
2025-12-24,GDX,89.8,90.27,88.27,89.7,14136200,0.350445,0.444497,0.300312,64.68
2025-12-26,GDX,90.93,91.67,89.61,91.29,24708900,0.350038,0.445489,0.264353,63.89
2025-12-29,GDX,86.93,87.47,84.89,85.85,39910100,0.401397,0.449103,0.349626,72.62
2025-12-30,GDX,88.05,88.4,86.56,86.84,19494800,0.408511,0.452126,0.350436,73.41
2025-12-31,GDX,86.45,87.73,85.66,85.77,13174500,0.396624,0.45202,0.34903,70.24
2026-01-02,GDX,87.12,87.21,83.23,85.73,24032300,0.414432,0.457943,0.34753,73.41
2026-01-05,GDX,87.78,90.66,87.28,88.45,25195000,0.427983,0.460626,0.361924,76.59
2026-01-06,GDX,89.27,92.21,89.07,92.14,23581700,0.421463,0.456849,0.382786,75.4
2026-01-07,GDX,89.46,91.13,88.09,91.06,18414900,0.442797,0.462439,0.372935,78.97
2026-01-08,GDX,89.11,91.56,88.79,91.54,17535800,0.451609,0.460968,0.358487,78.97
2026-01-09,GDX,91.81,93.17,91.23,92.56,18108500,0.44474,0.459428,0.356717,78.57
2026-01-12,GDX,95.19,96.98,95.07,95.72,27296500,0.445535,0.462192,0.355525,78.57
2026-01-13,GDX,97.03,97.97,96.24,96.47,19578600,0.429167,0.460678,0.352668,75.0
2026-01-14,GDX,98.41,98.42,95.37,96.86,22672600,0.432196,0.454177,0.348049,75.4
2026-01-15,GDX,96.09,97.83,95.32,97.11,13979500,0.432237,0.452911,0.347457,75.4
2026-01-16,GDX,96.28,97.34,94.44,97.24,19587300,0.435242,0.425487,0.347445,76.19
2026-01-20,GDX,101.53,103.02,100.9,102.78,33061000,0.454277,0.426656,0.386956,78.97
2026-01-21,GDX,104.9,105.33,100.56,101.29,34861200,0.460196,0.429109,0.391225,79.37
2026-01-22,GDX,101.14,105.84,101.05,105.17,30396700,0.460889,0.427788,0.400147,79.37
2026-01-23,GDX,105.53,107.62,104.85,107.02,19623000,0.45994,0.415818,0.400755,78.57
2026-01-26,GDX,110.69,112.54,107.45,107.48,38883300,0.476968,0.420043,0.397295,82.94
2026-01-27,GDX,107.92,109.38,103.88,109.29,30779100,0.494813,0.424627,0.397059,84.13
2026-01-28,GDX,110.38,112.24,109.01,112.16,31375500,0.449796,0.424722,0.300979,76.19
2026-01-29,GDX,113.29,113.5,104.65,107.98,66962400,0.479138,0.435913,0.351976,82.94
2026-01-30,GDX,98.91,101.88,93.12,94.2,102904800,0.615146,0.486809,0.628265,99.6
2026-02-02,GDX,93.97,96.87,92.0,94.19,35455600,0.613372,0.487099,0.628227,99.21
2026-02-03,GDX,99.79,99.99,95.66,98.22,43633800,0.642589,0.501728,0.635298,99.6
2026-02-04,GDX,101.01,101.12,94.94,98.7,30256800,0.666185,0.511017,0.621213,99.6
2026-02-05,GDX,94.54,97.2,92.28,92.44,39586600,0.68448,0.523818,0.666329,99.6
2026-02-06,GDX,95.13,97.93,94.98,97.39,24807700,0.682099,0.522066,0.690886,99.21
2026-02-09,GDX,98.55,103.09,98.51,102.89,27057100,0.684123,0.521992,0.714734,99.21
2026-02-10,GDX,102.27,103.8,101.85,103.01,15407600,0.680932,0.52029,0.706942,98.41
2026-02-11,GDX,105.49,106.47,102.49,105.97,22624300,0.690001,0.523324,0.712268,99.6
2026-02-12,GDX,104.82,105.79,98.13,98.28,43435500,0.697961,0.516107,0.766873,99.6
2026-02-13,GDX,100.92,104.14,99.53,103.94,31928300,0.704103,0.51801,0.791623,99.6
2026-02-17,GDX,99.86,101.19,97.41,100.25,26743000,0.723803,0.527592,0.804002,99.6
2026-02-18,GDX,101.82,103.69,101.29,102.56,18924100,0.711957,0.52632,0.783069,99.21
2026-02-19,GDX,102.01,104.3,101.11,104.24,18466500,0.708028,0.523449,0.783151,98.81
2026-02-20,GDX,104.33,106.39,102.03,106.26,23441000,0.710868,0.525284,0.774562,98.81
2026-02-23,GDX,107.78,110.54,107.62,110.29,26609300,0.711348,0.524622,0.783429,98.81
2026-02-24,GDX,107.0,111.5,106.47,110.7,15635700,0.709822,0.530254,0.783405,98.02
2026-02-25,GDX,112.18,113.16,110.87,111.16,14632600,0.697596,0.529807,0.781434,96.43
2026-02-26,GDX,110.4,114.1,109.13,113.89,18622900,0.699578,0.532091,0.78075,96.83
2026-02-27,GDX,115.19,115.99,114.32,115.84,18646800,0.67704,0.531793,0.768858,93.65
2026-03-02,GDX,116.46,117.18,111.36,115.34,27137300,0.575832,0.533056,0.565919,88.89
2026-03-03,GDX,107.49,107.99,102.54,105.24,66618000,0.635468,0.558025,0.671321,92.46
2026-03-04,GDX,108.16,108.26,104.31,105.88,20502900,0.603266,0.561575,0.657495,90.87
2026-03-05,GDX,104.2,104.2,99.53,101.82,34024100,0.583249,0.563963,0.674803,88.1
2026-03-06,GDX,99.25,102.5,98.28,101.38,25723000,0.56202,0.568549,0.627417,86.9
2026-03-09,GDX,98.64,102.57,95.96,102.44,24687000,0.574063,0.577571,0.602457,87.3
2026-03-10,GDX,104.06,105.74,103.1,103.37,21592200,0.576339,0.577141,0.570691,87.7
2026-03-11,GDX,102.05,102.16,99.14,101.36,19278300,0.581879,0.577083,0.575001,87.7
2026-03-12,GDX,101.04,101.11,98.41,99.3,20604300,0.565697,0.572815,0.568281,85.71
2026-03-13,GDX,98.41,98.41,92.89,93.26,35725200,0.558035,0.573449,0.548526,84.52
2026-03-16,GDX,93.35,95.86,92.35,94.38,21719600,0.544382,0.574114,0.506791,83.33
2026-03-17,GDX,94.77,96.13,93.31,93.96,14897800,0.527421,0.573869,0.493113,77.78
2026-03-18,GDX,89.99,90.35,87.73,88.11,41331300,0.538506,0.580321,0.527802,81.35
2026-03-19,GDX,80.86,83.39,79.96,82.9,63111300,0.608198,0.607201,0.552128,91.27
2026-03-20,GDX,83.32,83.39,78.74,80.12,40023300,0.611942,0.60866,0.545264,91.27
2026-03-23,GDX,81.36,84.97,81.12,83.38,62217700,0.619829,0.611588,0.548655,92.06
2026-03-24,GDX,81.91,84.12,80.78,83.5,23529700,0.616584,0.613687,0.547742,91.67
2026-03-25,GDX,87.52,88.07,85.5,86.32,33509100,0.646639,0.621167,0.569856,92.86
2026-03-26,GDX,83.47,86.53,82.27,82.39,41416000,0.660734,0.620957,0.564471,92.86
2026-03-27,GDX,82.79,86.92,82.39,85.79,35300800,0.666311,0.621291,0.588391,93.25
2026-03-30,GDX,87.39,88.41,84.73,85.79,24114400,0.664818,0.623779,0.589632,92.46
2026-03-31,GDX,88.05,91.78,87.88,91.77,36516300,0.628184,0.622249,0.584944,90.48
2026-04-01,GDX,94.71,97.71,93.48,96.01,42051300,0.633767,0.623882,0.612224,90.48
2026-04-02,GDX,90.16,95.85,89.99,94.59,22726700,0.666235,0.639433,0.600199,92.86
2026-04-06,GDX,94.26,95.28,93.41,93.82,11572800,0.658863,0.635763,0.600409,91.27
2026-04-07,GDX,93.69,95.23,91.44,94.97,13596700,0.64537,0.636473,0.601004,90.48
2026-04-08,GDX,100.88,101.37,96.63,98.18,26188600,0.687514,0.650786,0.613857,95.24
2026-04-09,GDX,98.35,99.93,97.0,98.35,14310500,0.684996,0.648749,0.610658,94.84
2026-04-10,GDX,98.98,100.22,98.79,99.39,17803500,0.68414,0.648103,0.607767,94.05
2026-04-13,GDX,98.01,99.23,97.35,98.78,12446100,0.680095,0.646276,0.561658,92.46
2026-04-14,GDX,100.05,101.57,99.42,100.75,15841100,0.678509,0.646459,0.564009,92.06
2026-04-15,GDX,99.92,100.43,97.68,97.77,16644600,0.677087,0.645483,0.575829,91.67
2026-04-16,GDX,98.21,99.1,97.35,97.66,13842000,0.658415,0.639126,0.520398,88.49
2026-04-17,GDX,99.75,102.39,99.39,100.34,21381400,0.576259,0.638915,0.46272,78.97
2026-04-20,GDX,99.46,99.55,98.1,99.13,11898000,0.567342,0.637911,0.441299,77.38
2026-04-21,GDX,97.89,98.48,92.69,92.99,31531500,0.569839,0.64019,0.500041,77.78
2026-04-22,GDX,95.04,95.76,94.04,94.48,14371300,0.562148,0.635715,0.501134,76.19
2026-04-23,GDX,93.33,94.0,90.2,92.19,27735600,0.548495,0.632921,0.501736,74.6
2026-04-24,GDX,93.15,94.51,92.22,94.34,16967400,0.515973,0.632586,0.469782,66.67
2026-04-27,GDX,93.42,93.47,92.12,92.59,12010100,0.508587,0.62406,0.460394,66.27
2026-04-28,GDX,90.14,90.63,88.11,88.54,25303500,0.511661,0.591039,0.491623,66.67
2026-04-29,GDX,87.11,87.65,85.93,86.22,20765700,0.504568,0.588218,0.43463,65.87
2026-04-30,GDX,88.9,89.44,87.42,88.29,23142400,0.496227,0.576159,0.40894,65.08
2026-05-01,GDX,87.71,89.07,87.0,87.11,12337300,0.426166,0.565979,0.40847,51.59
2026-05-04,GDX,86.14,87.35,85.46,85.65,15612800,0.429546,0.556016,0.410787,52.78
2026-05-05,GDX,87.28,87.7,85.72,85.81,11557600,0.421939,0.553684,0.406825,50.79
2026-05-06,GDX,90.51,93.08,90.44,92.44,35115100,0.402274,0.564158,0.478258,46.43
2026-05-07,GDX,94.8,96.11,91.63,91.72,26825800,0.414539,0.568876,0.478203,48.41
2026-05-08,GDX,93.13,95.3,92.75,94.59,19426900,0.41907,0.56529,0.491332,50.4
2026-05-11,GDX,95.34,98.74,95.29,97.6,24402800,0.418504,0.562114,0.505419,50.4
2026-05-12,GDX,95.6,97.56,92.85,97.14,22283200,0.443126,0.562702,0.499786,58.73
2026-05-13,GDX,96.09,97.2,94.64,96.23,12254800,0.446235,0.555814,0.489612,59.92
2026-05-14,GDX,95.9,95.91,93.54,93.95,14371600,0.44684,0.554459,0.496489,60.32
2026-05-15,GDX,89.5,89.55,86.83,87.35,38654700,0.473414,0.562528,0.543505,65.48
2026-05-18,GDX,88.65,89.53,86.39,87.14,16998000,0.47921,0.562098,0.543368,66.27
2026-05-19,GDX,85.55,85.6,83.35,83.78,21922200,0.474119,0.562115,0.51511,65.08
2026-05-20,GDX,84.58,86.94,83.67,86.36,20430700,0.474467,0.559298,0.525402,65.08
2026-05-21,GDX,84.46,87.66,84.11,85.99,17092600,0.479112,0.562135,0.520046,65.48
2026-05-22,GDX,85.61,86.14,83.95,85.02,14638800,0.47792,0.560757,0.511023,65.08
2026-05-26,GDX,87.04,88.57,86.93,88.5,21638800,0.484783,0.5625,0.532598,66.27
2026-05-27,GDX,85.84,87.35,85.34,85.44,19392200,0.488991,0.56115,0.523509,66.67
2026-05-28,GDX,84.53,88.0,83.32,87.18,20959900,0.498339,0.542761,0.520445,67.46
2026-05-29,GDX,87.38,90.36,86.65,89.49,22277000,0.490462,0.539669,0.521947,66.27
2026-06-01,GDX,86.45,87.55,84.38,86.68,26022900,0.509065,0.54187,0.532571,69.05
2026-06-02,GDX,87.93,88.29,85.99,88.05,19269000,0.513679,0.54011,0.531615,69.44
2026-06-03,GDX,86.51,86.93,84.94,85.0,18139600,0.511351,0.531991,0.547265,68.65
2026-06-04,GDX,86.36,87.47,85.63,86.4,13420200,0.47219,0.531481,0.476031,60.32
2026-06-05,GDX,83.8,83.85,78.78,78.84,44792000,0.465234,0.534397,0.569951,58.73
2026-06-08,GDX,79.36,80.3,78.46,78.67,18567600,0.460437,0.53464,0.552247,57.54
2026-06-09,GDX,79.5,80.23,75.03,77.59,24897100,0.482328,0.540513,0.531139,63.49
2026-06-10,GDX,74.79,76.8,73.63,73.81,26414500,0.487191,0.546747,0.547521,64.29
2026-06-11,GDX,73.99,78.18,73.77,77.72,34820800,0.495119,0.548242,0.594732,65.48
2026-06-12,GDX,78.54,80.65,77.76,80.03,25560200,0.503489,0.542981,0.608826,66.67
2026-06-15,GDX,85.42,86.88,84.71,85.27,34324500,0.540959,0.529378,0.608536,76.98
2026-06-16,GDX,86.15,87.59,85.66,87.24,21635600,0.535823,0.52599,0.614445,75.4
2026-06-17,GDX,87.2,89.99,84.29,84.36,49821500,0.552539,0.529415,0.609877,78.17
2026-06-18,GDX,84.91,86.57,81.47,82.51,37180400,0.561573,0.530942,0.604088,78.57
2026-06-22,GDX,80.42,81.67,80.14,81.44,17354800,0.556263,0.524388,0.605275,77.78
2026-06-23,GDX,77.78,79.22,77.25,77.66,26808400,0.579229,0.523597,0.625405,82.14
2026-06-24,GDX,74.19,76.4,73.7,74.59,30515800,0.595276,0.530909,0.614337,82.94
2026-06-25,GDX,76.49,76.93,74.53,75.67,30958700,0.599513,0.531171,0.611016,82.94
2026-06-26,GDX,76.66,78.49,76.19,77.0,22781600,0.595547,0.529456,0.609533,82.54
2026-06-29,GDX,76.13,76.2,74.59,75.68,18075700,0.592103,0.523367,0.598347,81.75
2026-06-30,GDX,75.39,75.93,73.89,75.45,16874800,0.577633,0.504454,0.592035,80.16
2026-07-01,GDX,75.43,78.16,74.98,75.07,22382800,0.582904,0.508805,0.586073,80.95
2026-07-02,GDX,77.71,79.2,76.78,78.43,29963500,0.597346,0.511933,0.604154,82.54
2026-07-06,GDX,79.52,80.18,77.5,78.74,13977300,0.599622,0.495852,0.600204,82.94
2026-07-07,GDX,78.35,78.79,75.13,75.76,20562000,0.589926,0.496916,0.522918,80.56
2026-07-08,GDX,74.09,74.81,71.89,73.53,25642300,0.600491,0.501226,0.532208,82.94
2026-07-09,GDX,75.15,76.05,74.32,75.78,16240900,0.5858,0.503088,0.543525,79.76
2026-07-10,GDX,75.09,76.04,74.51,75.53,8140100,0.561843,0.502519,0.512345,73.81
2026-07-13,GDX,74.1,74.64,72.84,73.37,20251200,0.56023,0.503828,0.486288,73.02
2026-07-14,GDX,76.1,76.86,74.48,74.88,18329100,0.572044,0.510473,0.479446,75.79
2026-07-15,GDX,74.44,75.29,72.64,74.0,14705400,0.524001,0.508788,0.409856,63.89
2026-07-16,GDX,72.88,72.9,71.04,71.4,23823100,0.523494,0.509491,0.405873,63.1
2026-07-17,GDX,70.4,71.93,69.74,71.32,18182100,0.50665,0.507997,0.39715,58.33
2026-07-20,GDX,71.14,71.61,70.52,70.74,12353800,0.489478,0.505565,0.393803,54.76
2026-07-21,GDX,72.44,74.23,72.11,74.19,18735200,0.493368,0.505474,0.439135,55.16
2026-07-22,GDX,75.92,77.99,75.92,76.68,20428100,0.472295,0.508034,0.427777,48.81
2026-07-23,GDX,74.44,75.36,73.85,75.02,16371400,0.44675,0.511548,0.4097,42.86
2026-07-24,GDX,75.5,76.48,74.62,75.23,10693600,0.436728,0.509065,0.406468,40.08
2026-07-27,GDX,76.21,76.56,74.25,75.73,11401200,0.437232,0.510194,0.402009,40.08
2026-07-28,GDX,74.5,75.15,73.33,74.21,14266200,0.439499,0.50735,0.403765,40.48
2026-07-29,GDX,73.94,76.03,72.18,73.57,25718800,0.450563,0.510855,0.404637,43.65
2026-07-30,GDX,75.35,76.81,74.3,76.78,20321300,0.446645,0.51375,0.433208,42.06
2026-07-31,GDX,74.88,75.32,72.92,74.1,17782700,0.441171,0.515933,0.420929,39.68
2026-08-03,GDX,74.31,76.12,73.62,76.05,13804000,0.436503,0.503907,0.432737,37.7
2026-08-04,GDX,77.61,78.86,77.01,77.92,20255600,0.436624,0.500867,0.419074,37.7
2026-08-05,GDX,82.2,84.31,81.81,83.68,40684600,0.460099,0.512671,0.469764,44.84
2026-08-06,GDX,82.44,84.48,82.18,83.92,25510600,0.460002,0.512239,0.461435,44.44
2026-08-07,GDX,89.31,90.8,88.44,89.89,44624100,0.505462,0.523255,0.512084,57.94
2026-08-10,GDX,88.9,90.75,87.43,90.49,22709800,0.505146,0.524378,0.492517,57.54
2026-08-11,GDX,90.0,90.94,89.25,90.12,15322200,0.490735,0.524433,0.493661,53.97
2026-08-12,GDX,92.59,92.66,90.38,90.96,18593300,0.491045,0.517355,0.48735,53.97
2026-08-13,GDX,89.21,89.25,87.52,88.27,36716300,0.493261,0.51696,0.48052,53.97
2026-08-14,GDX,89.64,91.02,89.36,89.97,15204300,0.486354,0.516293,0.47933,51.19
2026-08-17,GDX,90.94,92.6,90.32,91.89,17103700,0.486643,0.515256,0.474548,51.19
2026-08-18,GDX,90.54,91.21,88.78,88.95,22466000,0.490202,0.511988,0.48238,52.38
2026-08-19,GDX,94.03,97.47,93.81,97.33,44388800,0.516337,0.52388,0.556658,61.51
2026-08-20,GDX,96.32,100.33,96.3,99.85,33388100,0.504282,0.523722,0.543766,56.35
2026-08-21,GDX,102.65,103.25,101.77,102.83,33575300,0.506526,0.52113,0.544506,57.54
2024-08-22,QQQ,484.84,485.54,473.81,474.85,37739600,,,,
2024-08-23,QQQ,479.24,482.74,475.28,480.0,36061500,,,,
2024-08-26,QQQ,479.45,480.38,473.24,475.34,27452600,,,,
2024-08-27,QQQ,473.69,477.84,471.71,476.76,27510000,,,,
2024-08-28,QQQ,476.29,477.02,467.89,471.35,37372400,,,,
2024-08-29,QQQ,473.28,477.93,469.37,470.66,41081500,,,,
2024-08-30,QQQ,475.04,476.9,470.51,476.27,33466500,,,,
2024-09-03,QQQ,473.2,473.33,459.41,461.81,44985200,,,,
2024-09-04,QQQ,458.67,464.45,457.73,460.61,32505100,,,,
2024-09-05,QQQ,458.97,465.36,457.94,461.04,34452400,,,,
2024-09-06,QQQ,460.33,461.22,448.19,448.69,50624400,,,,
2024-09-09,QQQ,453.06,455.46,449.82,454.46,32981200,,,,
2024-09-10,QQQ,456.24,459.17,452.23,458.66,29680300,,,,
2024-09-11,QQQ,459.91,469.37,451.28,468.62,57843000,,,,
2024-09-12,QQQ,468.65,474.04,466.85,473.22,40067800,,,,
2024-09-13,QQQ,472.48,476.53,472.25,475.34,29111800,,,,
2024-09-16,QQQ,473.19,473.86,469.89,473.24,22585600,,,,
2024-09-17,QQQ,476.29,477.6,470.97,473.49,30084400,,,,
2024-09-18,QQQ,474.7,478.83,470.83,471.44,39909200,,,,
2024-09-19,QQQ,482.61,486.23,480.49,483.36,52782500,,,,
2024-09-20,QQQ,482.49,483.69,478.3,482.44,34577700,0.214741,,0.220529,
2024-09-23,QQQ,482.95,484.14,481.6,483.04,24843000,0.210212,,0.217372,
2024-09-24,QQQ,484.46,486.33,480.17,485.37,25952600,0.210446,,0.214552,
2024-09-25,QQQ,484.74,487.79,484.56,485.82,26549900,0.208689,,0.214429,
2024-09-26,QQQ,493.37,493.7,485.8,489.47,32020200,0.212896,,0.210445,
2024-09-27,QQQ,490.5,490.64,485.56,486.75,22851100,0.209205,,0.211813,
2024-09-30,QQQ,485.78,488.41,482.92,488.07,30281100,0.206901,,0.208451,
2024-10-01,QQQ,487.7,488.0,477.4,481.27,42735400,0.203471,,0.180894,
2024-10-02,QQQ,480.36,483.88,477.72,481.95,23744000,0.200183,,0.180081,
2024-10-03,QQQ,479.74,484.55,478.99,481.59,25337200,0.198583,,0.180344,
2024-10-04,QQQ,487.45,487.88,482.39,487.32,30686600,0.19833,,0.146078,
2024-10-07,QQQ,485.39,486.57,480.87,482.1,24975100,0.197491,,0.151404,
2024-10-08,QQQ,484.66,489.99,483.85,489.3,28272000,0.19526,,0.155737,
2024-10-09,QQQ,489.0,493.73,487.95,493.15,24995000,0.173265,,0.141401,
2024-10-10,QQQ,490.85,494.47,489.53,492.59,25750400,0.173648,,0.139302,
2024-10-11,QQQ,490.74,494.39,490.17,493.36,20644500,0.174359,,0.139002,
2024-10-14,QQQ,495.77,498.83,495.26,497.5,26060100,0.171934,,0.138738,
2024-10-15,QQQ,497.83,498.5,488.68,490.85,34784500,0.172892,,0.149813,
2024-10-16,QQQ,491.18,491.69,487.57,490.91,22996800,0.16979,,0.148217,
2024-10-17,QQQ,496.44,496.49,491.19,491.25,27210700,0.152517,,0.120903,
2024-10-18,QQQ,494.06,495.57,493.3,494.47,25335000,0.15012,,0.122094,
2024-10-21,QQQ,493.25,496.23,491.31,495.42,30336500,0.152085,,0.122119,
2024-10-22,QQQ,492.73,497.45,491.97,495.96,26685800,0.15216,,0.121397,
2024-10-23,QQQ,493.59,494.25,485.05,488.36,39346600,0.157791,,0.134832,
2024-10-24,QQQ,492.11,493.0,489.44,492.32,22024900,0.147212,,0.135268,
2024-10-25,QQQ,495.14,500.28,494.43,495.32,38762100,0.150712,,0.13489,
2024-10-28,QQQ,498.46,498.52,495.1,495.4,20477800,0.14928,,0.134733,
2024-10-29,QQQ,495.72,501.35,493.85,500.16,28014100,0.144591,,0.126172,
2024-10-30,QQQ,499.39,500.35,495.89,496.38,29756000,0.142588,,0.130622,
2024-10-31,QQQ,492.38,492.43,483.75,483.85,41245200,0.14438,,0.162132,
2024-11-01,QQQ,485.5,490.75,485.2,487.43,33655800,0.137866,,0.15864,
2024-11-04,QQQ,486.82,489.38,484.25,486.01,23291600,0.137061,,0.153942,
2024-11-05,QQQ,487.61,492.88,487.52,492.21,24353600,0.135678,,0.151442,
2024-11-06,QQQ,500.56,506.41,499.6,505.58,43082200,0.147276,,0.176802,
2024-11-07,QQQ,508.4,514.33,508.34,513.54,32853100,0.145463,,0.183682,
2024-11-08,QQQ,513.04,514.92,512.41,514.14,22924500,0.143599,,0.183702,
2024-11-11,QQQ,515.37,515.58,510.92,513.84,24167500,0.144361,,0.182376,
2024-11-12,QQQ,513.77,514.66,509.83,512.91,25835300,0.141369,,0.174108,
2024-11-13,QQQ,512.4,514.98,509.95,512.25,24567400,0.141592,,0.174402,
2024-11-14,QQQ,511.91,512.79,507.77,508.69,28679500,0.138294,,0.177338,
2024-11-15,QQQ,502.94,503.33,494.49,496.57,51461100,0.148264,0.172797,0.19847,
2024-11-18,QQQ,498.13,502.14,496.73,500.02,27080800,0.148333,0.171377,0.199831,
2024-11-19,QQQ,497.42,503.95,497.08,503.46,24523000,0.14815,0.171416,0.201115,
2024-11-20,QQQ,503.16,503.48,496.56,503.17,29565500,0.14749,0.172244,0.191954,
2024-11-21,QQQ,506.24,506.96,497.56,504.98,34526700,0.1549,0.173431,0.190569,
2024-11-22,QQQ,504.42,506.53,502.78,505.79,23826600,0.151311,0.171866,0.189733,
2024-11-25,QQQ,509.9,511.45,504.26,506.59,26375200,0.154989,0.171273,0.189712,
2024-11-26,QQQ,508.08,510.14,507.23,509.31,26557100,0.152559,0.167891,0.187806,
2024-11-27,QQQ,508.17,508.24,501.93,505.3,24957400,0.154866,0.166839,0.188,
2024-11-29,QQQ,505.93,510.34,505.31,509.74,15334000,0.149995,0.165217,0.161549,
2024-12-02,QQQ,511.01,516.26,510.62,515.29,25147200,0.148325,0.163339,0.163358,
2024-12-03,QQQ,513.95,517.15,513.37,516.87,18597900,0.147129,0.161961,0.161965,
2024-12-04,QQQ,520.32,523.52,519.6,523.26,26086200,0.147805,0.160906,0.161665,
2024-12-05,QQQ,523.31,524.04,521.42,521.81,18169600,0.13451,0.151786,0.136127,
2024-12-06,QQQ,522.48,526.72,522.35,526.48,23762600,0.13247,0.150894,0.128834,
2024-12-09,QQQ,525.55,526.35,521.22,522.38,20674400,0.133726,0.150981,0.132792,
2024-12-10,QQQ,523.62,525.38,519.16,520.6,24350000,0.134049,0.15054,0.133559,
2024-12-11,QQQ,525.0,530.61,524.59,529.92,32168600,0.136289,0.150227,0.146212,
2024-12-12,QQQ,527.68,528.96,526.02,526.5,23577500,0.136041,0.149055,0.148723,
2024-12-13,QQQ,530.46,533.17,527.3,530.53,28780400,0.139025,0.142441,0.146874,16.67
2024-12-16,QQQ,533.08,539.15,533.0,538.17,31979900,0.127991,0.141882,0.115977,0.0
2024-12-17,QQQ,536.36,537.48,534.13,535.8,28579100,0.127867,0.142305,0.119154,0.0
2024-12-18,QQQ,535.15,536.88,515.01,516.47,54703200,0.142563,0.146656,0.184978,23.81
2024-12-19,QQQ,521.19,521.76,513.83,514.17,46441800,0.139941,0.147728,0.186006,20.31
2024-12-20,QQQ,510.44,524.82,509.29,518.66,60530000,0.148792,0.149371,0.187793,49.23
2024-12-23,QQQ,519.55,523.25,516.13,522.87,29672800,0.151034,0.150095,0.189318,56.06
2024-12-24,QQQ,524.83,530.05,524.19,529.96,17558200,0.147236,0.149573,0.193899,37.31
2024-12-26,QQQ,528.32,531.24,526.31,529.6,19090500,0.149,0.147722,0.193802,50.0
2024-12-27,QQQ,526.01,526.45,517.86,522.56,33839600,0.153598,0.14942,0.198418,65.22
2024-12-30,QQQ,515.51,519.36,511.83,515.61,34584000,0.164585,0.152412,0.203454,71.43
2024-12-31,QQQ,516.9,517.66,510.26,511.23,29117000,0.165402,0.150161,0.202111,71.83
2025-01-02,QQQ,514.3,516.64,505.71,510.23,36389800,0.17256,0.152136,0.201757,75.0
2025-01-03,QQQ,513.35,519.65,512.53,518.58,29059500,0.173725,0.152381,0.205562,79.45
2025-01-06,QQQ,524.02,527.92,522.03,524.54,36109700,0.178905,0.153793,0.209574,81.08
2025-01-07,QQQ,525.59,525.99,513.28,515.18,36690300,0.183162,0.154739,0.216504,81.33
2025-01-08,QQQ,515.08,516.92,510.57,515.27,30777800,0.184697,0.15515,0.215061,81.58
2025-01-10,QQQ,511.48,511.58,503.92,507.19,40532500,0.188528,0.156955,0.221547,81.82
2025-01-13,QQQ,501.2,506.02,499.7,505.56,31694200,0.191885,0.158349,0.209827,82.05
2025-01-14,QQQ,508.74,510.16,501.59,505.08,33737200,0.195862,0.159649,0.209304,83.54
2025-01-15,QQQ,513.03,517.85,511.46,516.7,34957600,0.201977,0.161569,0.2249,88.75
2025-01-16,QQQ,518.98,519.06,512.95,513.08,28229000,0.201113,0.161599,0.217889,87.65
2025-01-17,QQQ,522.85,524.07,513.11,521.74,51837900,0.218173,0.168461,0.227981,98.78
2025-01-21,QQQ,524.48,525.97,520.06,524.8,23628000,0.209632,0.168381,0.186605,92.77
2025-01-22,QQQ,529.57,533.82,529.26,531.51,33593000,0.209292,0.167324,0.190101,91.67
2025-01-23,QQQ,529.04,532.76,528.45,532.64,23096600,0.197329,0.167234,0.188297,78.82
2025-01-24,QQQ,533.02,533.79,528.15,529.63,19878300,0.195765,0.166352,0.188082,76.74
2025-01-27,QQQ,511.0,517.99,510.15,514.21,60771700,0.239409,0.183861,0.209889,98.85
2025-01-28,QQQ,515.22,523.0,511.78,521.81,33194200,0.242648,0.184885,0.217624,98.86
2025-01-29,QQQ,522.46,522.59,516.9,520.83,26649000,0.239563,0.185354,0.212533,97.75
2025-01-30,QQQ,523.71,526.1,518.21,523.05,27431300,0.234244,0.185282,0.207132,95.56
2025-01-31,QQQ,526.92,531.52,521.19,522.29,38755200,0.237958,0.186732,0.204448,95.6
2025-02-03,QQQ,513.47,520.85,511.05,518.11,40580800,0.245433,0.191307,0.206767,98.91
2025-02-04,QQQ,518.63,525.11,518.23,524.47,26046800,0.244318,0.191379,0.203231,97.85
2025-02-05,QQQ,521.82,527.01,520.62,526.85,21134100,0.241801,0.188723,0.199787,95.74
2025-02-06,QQQ,527.36,529.81,525.74,529.6,19434500,0.238274,0.188354,0.188366,92.63
2025-02-07,QQQ,530.14,532.1,522.19,522.92,29605500,0.23902,0.189346,0.194884,92.71
2025-02-10,QQQ,527.22,530.36,526.75,529.25,20852800,0.236961,0.189655,0.188491,89.69
2025-02-11,QQQ,525.96,529.92,525.83,527.99,19325500,0.233289,0.189961,0.1882,87.76
2025-02-12,QQQ,522.3,529.19,521.95,528.3,25009400,0.233827,0.191391,0.18794,87.88
2025-02-13,QQQ,529.98,536.22,529.19,535.9,28714800,0.226521,0.191557,0.177827,86.0
2025-02-14,QQQ,536.01,538.84,535.67,538.15,17862600,0.225095,0.189031,0.174852,85.15
2025-02-18,QQQ,539.73,540.0,536.04,539.37,20565000,0.206161,0.188918,0.166441,74.51
2025-02-19,QQQ,538.57,540.81,536.46,539.52,19666900,0.203225,0.188475,0.165756,72.82
2025-02-20,QQQ,538.73,539.1,532.46,537.23,26550800,0.201152,0.187873,0.161262,71.15
2025-02-21,QQQ,538.38,538.4,525.71,526.08,47093800,0.2046,0.186092,0.178196,74.29
2025-02-24,QQQ,527.88,529.07,519.53,519.87,39268400,0.206616,0.186754,0.181853,75.47
2025-02-25,QQQ,519.24,519.32,509.44,513.32,48940000,0.165108,0.186921,0.154438,47.66
2025-02-26,QQQ,515.53,519.66,511.37,514.56,34457600,0.163643,0.188119,0.144726,46.3
2025-02-27,QQQ,518.13,519.07,500.05,500.27,52448000,0.171689,0.190353,0.174566,50.46
2025-02-28,QQQ,500.13,508.78,496.93,508.17,47654000,0.173463,0.192044,0.184426,54.55
2025-03-03,QQQ,511.52,513.04,493.58,497.05,44587200,0.181685,0.196406,0.198502,58.56
2025-03-04,QQQ,494.18,503.74,487.74,495.55,67875400,0.183085,0.201318,0.197435,58.93
2025-03-05,QQQ,496.2,503.63,491.26,502.01,46323700,0.190141,0.203356,0.198179,61.95
2025-03-06,QQQ,493.69,498.58,486.2,488.2,57574300,0.204899,0.208821,0.216204,75.44
2025-03-07,QQQ,487.16,493.28,480.53,491.79,54714700,0.214014,0.21191,0.217504,84.35
2025-03-10,QQQ,483.45,483.97,468.66,472.73,76668000,0.228108,0.217623,0.250559,87.93
2025-03-11,QQQ,472.35,478.81,467.01,471.6,68760800,0.232315,0.21971,0.242625,88.03
2025-03-12,QQQ,479.16,481.06,471.79,476.92,46971100,0.243341,0.222781,0.249837,97.46
2025-03-13,QQQ,476.25,476.28,466.43,468.34,46563300,0.241043,0.223506,0.253029,94.96
2025-03-14,QQQ,473.73,480.56,473.12,479.66,43563000,0.24488,0.224348,0.265246,98.33
2025-03-17,QQQ,479.61,485.84,477.8,482.77,41744400,0.247551,0.224853,0.266472,99.17
2025-03-18,QQQ,479.41,479.61,472.41,474.54,39072300,0.249225,0.22571,0.267968,99.18
2025-03-19,QQQ,476.81,485.33,474.87,480.89,40430300,0.254246,0.224332,0.27613,99.19
2025-03-20,QQQ,476.88,484.55,476.18,479.26,36780500,0.258022,0.225316,0.276208,99.19
2025-03-21,QQQ,474.08,481.61,472.91,480.84,42234900,0.261607,0.223413,0.271818,99.2
2025-03-24,QQQ,487.74,491.51,484.4,490.66,34567200,0.26755,0.225427,0.283866,99.21
2025-03-25,QQQ,491.39,493.62,490.42,493.46,26035200,0.26474,0.225182,0.282953,98.43
2025-03-26,QQQ,492.3,493.16,482.82,484.38,34627100,0.264273,0.225853,0.288391,97.66
2025-03-27,QQQ,482.41,486.58,480.25,481.62,33469800,0.259498,0.225168,0.273034,96.12
2025-03-28,QQQ,479.81,480.52,468.05,468.94,46363800,0.258422,0.223965,0.278226,95.38
2025-03-31,QQQ,461.92,469.86,457.33,468.92,53000300,0.258312,0.228225,0.270086,94.66
2025-04-01,QQQ,467.3,473.63,464.42,472.7,41156200,0.250249,0.227556,0.272861,92.42
2025-04-02,QQQ,466.12,479.56,465.86,476.15,49894500,0.253384,0.230705,0.269356,92.48
2025-04-03,QQQ,456.44,460.07,450.14,450.66,70456300,0.284335,0.245773,0.316215,99.25
2025-04-04,QQQ,438.14,440.37,422.67,422.67,117088400,0.297332,0.253425,0.377948,99.26
2025-04-07,QQQ,408.66,443.14,402.39,423.69,161557000,0.378776,0.291348,0.359802,99.26
2025-04-08,QQQ,438.16,443.14,409.79,416.06,101248100,0.428534,0.312501,0.362359,99.27
2025-04-09,QQQ,415.57,467.83,415.43,466.0,142876900,0.452563,0.326994,0.556882,99.28
2025-04-10,QQQ,453.56,455.59,432.63,446.18,108384100,0.475566,0.338495,0.574107,99.28
2025-04-11,QQQ,444.65,455.79,441.33,454.4,52483800,0.474224,0.338106,0.571026,98.57
2025-04-14,QQQ,464.46,465.05,452.63,457.48,43941200,0.487763,0.343154,0.571089,99.29
2025-04-15,QQQ,458.54,462.38,456.15,457.99,35404200,0.488745,0.339276,0.568615,99.3
2025-04-16,QQQ,449.03,452.62,437.76,444.18,48980600,0.493078,0.343094,0.574514,99.3
2025-04-17,QQQ,447.17,447.75,441.36,444.1,44837000,0.494656,0.343095,0.57467,99.31
2025-04-21,QQQ,438.23,439.08,427.93,433.11,44149300,0.497789,0.345385,0.57882,99.31
2025-04-22,QQQ,438.82,447.58,437.62,444.48,52304400,0.498222,0.347762,0.582483,99.32
2025-04-23,QQQ,458.17,463.38,452.88,454.56,55801100,0.517437,0.348278,0.58952,99.32
2025-04-24,QQQ,456.48,467.66,455.83,467.35,45956100,0.518218,0.348179,0.597322,99.32
2025-04-25,QQQ,466.97,473.09,465.39,472.56,38697100,0.518134,0.34816,0.598833,98.66
2025-04-28,QQQ,473.03,474.81,466.03,472.41,33550800,0.518711,0.348377,0.59107,99.33
2025-04-29,QQQ,470.17,476.42,469.59,475.53,30613100,0.514522,0.347211,0.591477,96.69
2025-04-30,QQQ,467.13,477.2,462.43,475.47,46810600,0.519416,0.348684,0.590845,99.34
2025-05-01,QQQ,483.41,487.18,480.74,481.68,43316500,0.521832,0.351036,0.592084,99.35
2025-05-02,QQQ,486.54,490.91,484.83,488.83,39218100,0.500718,0.351945,0.555876,94.81
2025-05-05,QQQ,484.6,489.03,484.1,485.93,28309500,0.486267,0.352379,0.496406,90.32
2025-05-06,QQQ,479.56,485.05,478.19,481.41,32786300,0.417747,0.353032,0.499583,87.18
2025-05-07,QQQ,482.08,485.8,476.78,483.3,38006300,0.370519,0.353343,0.491265,85.99
2025-05-08,QQQ,488.53,492.7,484.17,488.29,39577600,0.3358,0.35484,0.292829,85.44
2025-05-09,QQQ,490.21,491.54,486.2,487.97,27767400,0.29223,0.354551,0.238395,84.28
2025-05-12,QQQ,506.99,507.89,501.48,507.85,45090600,0.314377,0.364195,0.265848,85.0
2025-05-13,QQQ,509.16,517.39,508.42,515.59,53269600,0.302795,0.364706,0.267999,84.47
2025-05-14,QQQ,516.77,519.23,515.75,518.68,47014500,0.30123,0.364555,0.267384,83.95
2025-05-15,QQQ,516.52,521.93,515.17,519.25,50153300,0.281292,0.364838,0.230597,81.6
2025-05-16,QQQ,520.66,521.7,517.1,521.51,48394600,0.280118,0.364674,0.229073,81.1
2025-05-19,QQQ,514.24,522.53,514.24,522.01,52536200,0.274322,0.365271,0.19536,80.61
2025-05-20,QQQ,519.47,520.93,516.66,520.27,42517600,0.270657,0.364943,0.189955,80.12
2025-05-21,QQQ,516.27,523.0,511.24,513.04,71292800,0.252719,0.365758,0.196815,73.65
2025-05-22,QQQ,513.66,517.71,512.3,514.0,55607200,0.251457,0.365281,0.179666,73.21
2025-05-23,QQQ,506.18,511.84,505.58,509.24,58368100,0.257599,0.36471,0.184649,75.15
2025-05-27,QQQ,516.15,521.71,514.59,521.22,47226300,0.258422,0.365384,0.196366,76.47
2025-05-28,QQQ,522.18,523.68,518.39,518.91,46637200,0.257685,0.362775,0.199007,74.85
2025-05-29,QQQ,526.33,526.48,517.32,519.93,58513300,0.245868,0.362177,0.198519,69.77
2025-05-30,QQQ,519.44,520.68,511.93,519.11,67662800,0.242837,0.361793,0.196964,67.05
2025-06-02,QQQ,517.24,523.45,515.97,523.21,44762800,0.241131,0.359198,0.193356,65.52
2025-06-03,QQQ,523.56,528.74,522.69,527.3,44070300,0.238034,0.357616,0.190676,62.29
2025-06-04,QQQ,528.01,529.84,525.97,528.77,41359300,0.229841,0.354222,0.184092,58.52
2025-06-05,QQQ,530.18,533.05,522.66,524.79,61031200,0.229323,0.353537,0.189167,58.19
2025-06-06,QQQ,530.0,531.8,528.21,529.92,42467000,0.225815,0.351578,0.188942,56.74
2025-06-09,QQQ,530.14,532.35,529.01,530.7,33688700,0.224914,0.350915,0.188383,55.87
2025-06-10,QQQ,531.17,534.9,528.89,534.21,40664800,0.177172,0.34996,0.133754,35.56
2025-06-11,QQQ,535.62,536.78,530.11,532.41,53701000,0.176493,0.349792,0.126576,35.36
2025-06-12,QQQ,531.09,534.64,530.84,533.66,34104900,0.176536,0.349155,0.125566,35.71
2025-06-13,QQQ,527.68,531.87,525.73,526.96,55814400,0.180669,0.348883,0.135135,37.16
2025-06-16,QQQ,530.5,535.37,530.45,534.29,37622100,0.181113,0.34809,0.14247,37.5
2025-06-17,QQQ,531.71,533.33,527.91,529.08,42180900,0.174524,0.347377,0.147742,34.59
2025-06-18,QQQ,530.1,532.55,527.4,528.99,43983500,0.173724,0.345719,0.147027,33.33
2025-06-20,QQQ,532.26,533.56,524.88,526.83,61643500,0.165824,0.346493,0.137689,28.88
2025-06-23,QQQ,526.81,532.17,523.65,531.65,50666100,0.167492,0.346262,0.140437,29.26
2025-06-24,QQQ,536.89,540.7,536.27,539.78,45442000,0.156448,0.346467,0.1419,25.93
2025-06-25,QQQ,542.06,543.31,539.38,541.16,44804200,0.149782,0.345688,0.119857,18.95
2025-06-26,QQQ,543.35,546.67,541.52,546.22,43811400,0.14988,0.343053,0.120179,19.37
2025-06-27,QQQ,547.26,549.99,544.54,548.09,57577100,0.140263,0.342499,0.120193,7.29
2025-06-30,QQQ,551.26,552.8,549.01,551.64,45548700,0.133406,0.340172,0.119839,1.55
2025-07-01,QQQ,549.73,550.71,544.66,546.99,56166700,0.133257,0.327745,0.125022,1.55
2025-07-02,QQQ,546.16,551.0,546.12,550.8,36538300,0.132342,0.319644,0.124558,1.03
2025-07-03,QQQ,553.18,557.2,553.18,556.22,26443500,0.132202,0.283412,0.127459,1.02
2025-07-07,QQQ,553.52,554.34,549.58,552.03,45349300,0.129231,0.261163,0.127466,1.02
2025-07-08,QQQ,553.38,554.01,551.1,552.34,36153300,0.125092,0.242405,0.124724,0.0
2025-07-09,QQQ,554.48,557.63,553.1,556.25,43045500,0.125829,0.222745,0.125936,0.5
2025-07-10,QQQ,556.89,557.3,552.75,555.45,34710900,0.125158,0.219877,0.125575,0.5
2025-07-11,QQQ,553.3,555.79,552.05,554.2,39618600,0.124277,0.213465,0.125005,0.0
2025-07-14,QQQ,553.99,556.95,551.63,556.21,36453300,0.124884,0.212992,0.125133,0.5
2025-07-15,QQQ,560.25,560.8,556.66,556.72,43277700,0.114543,0.204079,0.112636,0.0
2025-07-16,QQQ,557.28,560.21,551.56,557.29,52314700,0.118282,0.204095,0.104848,0.49
2025-07-17,QQQ,558.02,562.31,557.21,561.8,40423800,0.114769,0.198769,0.096806,0.49
2025-07-18,QQQ,563.12,564.73,559.98,561.26,50484700,0.114088,0.195923,0.09719,0.0
2025-07-21,QQQ,562.09,566.06,562.06,564.17,39595200,0.10914,0.184229,0.093777,0.0
2025-07-22,QQQ,564.3,564.35,558.61,561.25,43270600,0.106262,0.183433,0.09599,0.0
2025-07-23,QQQ,562.34,563.85,559.58,563.81,40215300,0.102809,0.182928,0.084396,0.0
2025-07-24,QQQ,565.13,566.24,563.29,565.01,42275500,0.101714,0.180877,0.084385,0.0
2025-07-25,QQQ,564.93,567.7,564.27,566.37,30630800,0.10019,0.180057,0.080074,0.0
2025-07-28,QQQ,567.74,569.04,566.87,568.14,31498700,0.097922,0.171429,0.080002,0.0
2025-07-29,QQQ,570.76,572.11,566.53,567.26,45463300,0.097931,0.168061,0.078857,0.47
2025-07-30,QQQ,568.18,570.62,565.05,568.02,43433800,0.095974,0.16691,0.069749,0.0
2025-07-31,QQQ,574.54,574.63,563.87,565.01,64613600,0.105338,0.167136,0.071511,2.79
2025-08-01,QQQ,558.83,559.02,551.68,553.88,69400800,0.116632,0.165958,0.097522,5.56
2025-08-04,QQQ,559.05,564.32,558.95,564.1,47669800,0.116882,0.164787,0.113523,5.99
2025-08-05,QQQ,565.39,566.56,559.73,560.27,48666600,0.118301,0.16261,0.116937,6.88
2025-08-06,QQQ,561.11,567.76,560.63,567.32,41823700,0.118676,0.162363,0.122333,7.31
2025-08-07,QQQ,571.67,573.32,565.11,569.24,44463000,0.123392,0.143686,0.122262,7.73
2025-08-08,QQQ,570.45,574.77,570.15,574.55,35255500,0.121095,0.142587,0.124742,7.69
2025-08-11,QQQ,574.69,576.8,571.57,572.85,33112900,0.12056,0.142858,0.125656,7.66
2025-08-12,QQQ,575.16,580.35,572.49,580.05,42143300,0.1224,0.142513,0.131553,8.52
2025-08-13,QQQ,582.76,583.32,578.94,580.34,41209300,0.117555,0.142212,0.13162,6.25
2025-08-14,QQQ,578.28,581.88,577.91,579.89,45425000,0.11935,0.13859,0.129974,8.0
2025-08-15,QQQ,579.8,579.84,575.57,577.34,49480200,0.11936,0.137793,0.131437,8.41
2025-08-18,QQQ,576.44,577.77,575.24,577.11,29831000,0.119295,0.132834,0.13081,7.93
2025-08-19,QQQ,576.39,576.56,568.25,569.28,53752600,0.119699,0.132847,0.139414,9.21
2025-08-20,QQQ,568.33,568.45,558.84,565.9,76781100,0.127968,0.130258,0.140558,13.97
2025-08-21,QQQ,564.35,566.49,560.98,563.28,46436900,0.13024,0.12805,0.141369,15.22
2025-08-22,QQQ,564.67,573.99,563.27,571.97,51502100,0.134713,0.129244,0.151523,19.05
2025-08-25,QQQ,570.4,573.29,569.16,570.32,34044700,0.136477,0.12563,0.151642,20.69
2025-08-26,QQQ,569.83,572.92,568.8,572.61,34103000,0.135584,0.12285,0.152078,19.31
2025-08-27,QQQ,571.59,574.41,570.37,573.49,36927100,0.134883,0.122002,0.152094,19.23
2025-08-28,QQQ,574.11,578.0,572.46,577.08,46787900,0.126941,0.121824,0.151787,13.19
2025-08-29,QQQ,574.66,575.03,568.54,570.4,56030400,0.120165,0.122681,0.138964,9.32
2025-09-02,QQQ,561.31,565.97,559.54,565.62,65876800,0.130839,0.126106,0.128002,16.03
2025-09-03,QQQ,569.23,571.7,566.73,570.07,54230200,0.132314,0.125472,0.128019,16.81
2025-09-04,QQQ,570.74,575.6,569.03,575.23,47526300,0.132658,0.125865,0.124355,17.99
2025-09-05,QQQ,580.49,581.12,571.53,576.06,68342500,0.135358,0.128185,0.123989,21.25
2025-09-08,QQQ,578.37,580.84,577.77,578.87,46371400,0.136059,0.127547,0.120834,22.82
2025-09-09,QQQ,579.67,580.94,577.04,580.51,44007600,0.135729,0.127484,0.12046,22.31
2025-09-10,QQQ,583.74,583.77,578.55,580.7,49308000,0.134941,0.124483,0.112068,20.99
2025-09-11,QQQ,583.24,584.88,581.62,584.08,44745800,0.134475,0.123987,0.113912,19.67
2025-09-12,QQQ,585.04,587.86,584.1,586.66,50745900,0.133677,0.122914,0.114733,18.78
2025-09-15,QQQ,588.44,591.79,588.29,591.68,44360300,0.133219,0.122362,0.116444,17.89
2025-09-16,QQQ,592.61,592.86,590.49,591.18,36942100,0.132989,0.120566,0.116537,17.81
2025-09-17,QQQ,591.1,591.75,584.37,590.0,69384800,0.135059,0.120567,0.103422,22.58
2025-09-18,QQQ,594.91,598.14,592.96,595.32,61069300,0.130212,0.120375,0.10217,14.86
2025-09-19,QQQ,597.33,600.05,595.85,599.35,58196100,0.128478,0.120236,0.099525,14.4
2025-09-22,QQQ,597.74,602.87,597.72,602.2,57154800,0.124857,0.120099,0.088831,11.16
2025-09-23,QQQ,602.37,602.57,596.98,598.2,64635500,0.124127,0.119806,0.092832,10.71
2025-09-24,QQQ,599.58,599.9,593.36,596.1,49850300,0.125706,0.119942,0.094908,13.1
2025-09-25,QQQ,592.2,595.12,588.5,593.53,70920200,0.130377,0.12079,0.097536,17.06
2025-09-26,QQQ,594.35,596.3,591.06,595.97,54337400,0.130833,0.121156,0.096511,17.46
2025-09-29,QQQ,599.11,602.05,597.41,598.73,48332900,0.129218,0.121507,0.083243,15.87
2025-09-30,QQQ,598.43,600.71,596.1,600.37,46533800,0.110656,0.120788,0.072733,3.57
2025-10-01,QQQ,597.17,603.79,596.34,603.25,46899600,0.11308,0.121957,0.070812,3.97
2025-10-02,QQQ,607.06,607.16,602.93,605.73,43765400,0.113489,0.122337,0.067179,4.37
2025-10-03,QQQ,606.51,607.33,601.39,603.18,46482100,0.10529,0.122335,0.071331,2.38
2025-10-06,QQQ,608.45,609.36,605.97,607.71,41962100,0.107907,0.122727,0.07316,3.57
2025-10-07,QQQ,609.02,609.71,603.03,604.51,58209500,0.108626,0.122654,0.078072,3.97
2025-10-08,QQQ,605.41,611.75,605.26,611.44,50629800,0.107041,0.122202,0.084504,3.57
2025-10-09,QQQ,611.48,611.61,607.48,610.7,45551000,0.107778,0.120768,0.084622,3.97
2025-10-10,QQQ,611.4,613.18,589.05,589.5,97614800,0.123999,0.125729,0.157357,13.89
2025-10-13,QQQ,599.68,602.95,597.23,602.01,65872600,0.137137,0.129985,0.171651,32.94
2025-10-14,QQQ,595.31,602.69,590.13,598.0,69203200,0.15296,0.135148,0.173661,48.41
2025-10-15,QQQ,604.01,606.7,595.93,602.22,62805500,0.157751,0.137883,0.174842,50.79
2025-10-16,QQQ,605.11,608.31,595.5,599.99,70982000,0.161955,0.140176,0.172979,51.59
2025-10-17,QQQ,597.95,605.51,596.37,603.93,72024900,0.165088,0.141438,0.172882,52.78
2025-10-20,QQQ,607.14,612.8,607.07,611.54,45761700,0.165067,0.141766,0.177626,52.78
2025-10-21,QQQ,611.64,612.72,609.32,611.38,44538200,0.164761,0.141905,0.175513,52.38
2025-10-22,QQQ,610.82,611.41,599.74,605.49,61478800,0.169587,0.143873,0.178988,54.76
2025-10-23,QQQ,604.91,611.37,604.52,610.58,42844300,0.166058,0.1438,0.179857,53.97
2025-10-24,QQQ,615.99,618.42,615.13,617.1,47632500,0.166536,0.14219,0.182616,53.97
2025-10-27,QQQ,624.52,628.55,624.03,628.09,54098600,0.169129,0.140755,0.191007,54.37
2025-10-28,QQQ,630.36,634.68,629.25,632.92,61195700,0.168689,0.140108,0.191922,53.97
2025-10-29,QQQ,635.59,637.01,630.25,635.77,67422800,0.166821,0.140585,0.191881,53.17
2025-10-30,QQQ,632.17,633.5,625.94,626.05,61628600,0.169807,0.141452,0.202113,54.76
2025-10-31,QQQ,634.17,634.2,626.69,629.07,66305100,0.173762,0.142168,0.201175,56.75
2025-11-03,QQQ,635.11,635.82,629.85,632.08,37154300,0.174813,0.143384,0.200442,57.14
2025-11-04,QQQ,623.28,626.95,618.46,619.25,63830800,0.186988,0.147588,0.214535,61.11
2025-11-05,QQQ,618.49,626.6,617.21,623.28,48688500,0.189605,0.147868,0.212135,61.51
2025-11-06,QQQ,621.79,622.04,610.3,611.67,72115100,0.191624,0.14876,0.223413,61.9
2025-11-07,QQQ,608.31,609.95,598.67,609.74,81835400,0.192123,0.152308,0.180929,62.3
2025-11-10,QQQ,618.92,624.31,616.89,623.23,55919900,0.190402,0.155186,0.182203,61.11
2025-11-11,QQQ,620.57,622.72,617.52,621.57,44868800,0.180303,0.15586,0.18029,56.75
2025-11-12,QQQ,624.84,624.86,617.81,621.08,47444400,0.175038,0.156062,0.179492,54.76
2025-11-13,QQQ,617.54,618.12,606.08,608.4,71333600,0.174352,0.155584,0.195398,53.57
2025-11-14,QQQ,599.55,613.35,597.17,608.86,80087300,0.188941,0.161557,0.194176,59.92
2025-11-17,QQQ,606.3,612.48,599.87,603.66,63850400,0.194363,0.162965,0.191135,62.3
2025-11-18,QQQ,599.62,602.31,591.34,596.31,83327300,0.200123,0.16506,0.195501,63.49
2025-11-19,QQQ,597.07,606.16,594.59,599.87,73111500,0.200275,0.166946,0.19443,63.49
2025-11-20,QQQ,611.62,614.03,584.75,585.67,117743200,0.223777,0.176526,0.208309,68.25
2025-11-21,QQQ,587.47,596.98,580.74,590.07,103344200,0.230868,0.179933,0.206057,71.03
2025-11-24,QQQ,595.28,606.68,595.16,605.16,60168100,0.231349,0.180669,0.217248,71.03
2025-11-25,QQQ,603.51,610.26,597.32,608.89,57560900,0.236305,0.178956,0.216432,72.62
2025-11-26,QQQ,612.51,616.19,610.39,614.27,42393600,0.235957,0.178952,0.218656,72.22
2025-11-28,QQQ,616.11,619.32,615.42,619.25,23034400,0.234382,0.178579,0.215018,71.83
2025-12-01,QQQ,613.63,619.44,612.52,617.17,40957600,0.23284,0.178558,0.214273,70.24
2025-12-02,QQQ,619.46,623.75,617.59,622.0,54541800,0.230726,0.178823,0.215609,68.65
2025-12-03,QQQ,619.62,624.22,618.03,623.52,47841600,0.224213,0.179282,0.202802,65.48
2025-12-04,QQQ,624.93,624.94,619.54,622.94,47067800,0.223012,0.17922,0.201527,64.68
2025-12-05,QQQ,624.38,628.92,623.71,625.48,53614200,0.221602,0.17941,0.189243,64.29
2025-12-08,QQQ,627.21,628.84,621.69,624.28,43462400,0.214646,0.179827,0.188923,63.49
2025-12-09,QQQ,623.01,625.87,621.0,625.05,37156000,0.207736,0.180161,0.172404,61.9
2025-12-10,QQQ,623.85,629.21,620.99,627.61,55031400,0.208208,0.181014,0.17261,61.9
2025-12-11,QQQ,623.82,625.78,617.72,625.58,58272800,0.210079,0.181777,0.173068,62.7
2025-12-12,QQQ,622.08,623.54,611.36,613.62,75158700,0.210278,0.182658,0.17099,62.7
2025-12-15,QQQ,618.37,618.42,609.32,610.54,49538200,0.198729,0.183418,0.172073,56.35
2025-12-16,QQQ,608.26,613.51,606.91,611.75,55152800,0.193936,0.183803,0.169035,54.37
2025-12-17,QQQ,613.06,613.65,600.28,600.41,70654300,0.18985,0.184444,0.176953,51.98
2025-12-18,QQQ,609.8,612.93,606.92,609.11,78875800,0.19216,0.186693,0.182931,53.97
2025-12-19,QQQ,611.95,617.62,611.87,617.05,60369800,0.163937,0.18563,0.162557,35.32
2025-12-22,QQQ,621.35,621.65,617.77,619.21,43703100,0.15299,0.185623,0.161584,32.94
2025-12-23,QQQ,618.2,622.41,617.78,622.11,41120400,0.147984,0.18544,0.137755,30.16
2025-12-24,QQQ,621.99,624.28,621.72,623.93,18468700,0.138666,0.185168,0.136748,29.37
2025-12-26,QQQ,624.66,625.52,623.14,623.89,28959800,0.13611,0.184209,0.133823,28.57
2025-12-29,QQQ,620.1,622.78,618.73,620.87,32458300,0.138416,0.184539,0.132332,29.76
2025-12-30,QQQ,619.84,622.18,619.22,619.43,31226800,0.132504,0.18445,0.132018,22.62
2025-12-31,QQQ,619.65,619.96,614.05,614.31,40746500,0.130967,0.183866,0.132071,21.43
2026-01-02,QQQ,620.06,622.85,610.15,613.12,61859200,0.138188,0.185811,0.131638,30.56
2026-01-05,QQQ,619.32,620.81,616.72,617.99,46828400,0.140553,0.186559,0.13525,32.14
2026-01-06,QQQ,619.23,624.02,618.54,623.42,43137500,0.139919,0.186459,0.138286,31.75
2026-01-07,QQQ,623.04,627.94,622.56,624.02,44880300,0.139912,0.183541,0.138179,31.75
2026-01-08,QQQ,623.03,623.42,617.8,620.47,50435900,0.140121,0.180725,0.139532,32.54
2026-01-09,QQQ,621.41,627.89,619.06,626.65,49688700,0.139662,0.177478,0.143474,31.75
2026-01-12,QQQ,622.31,628.85,622.26,627.17,37388700,0.137034,0.176031,0.143011,30.16
2026-01-13,QQQ,627.27,629.47,623.7,626.24,44481400,0.130927,0.174214,0.123566,21.43
2026-01-14,QQQ,622.24,623.45,614.56,619.55,72598700,0.134706,0.174966,0.128822,26.59
2026-01-15,QQQ,626.6,630.0,620.75,621.78,53934900,0.139632,0.176672,0.129156,32.94
2026-01-16,QQQ,625.5,626.08,618.88,621.26,61058100,0.138802,0.177307,0.107004,32.94
2026-01-20,QQQ,610.53,615.06,607.05,608.06,81988900,0.147663,0.180374,0.124872,36.11
2026-01-21,QQQ,609.47,620.42,607.86,616.28,79837900,0.152673,0.181761,0.125541,37.7
2026-01-22,QQQ,622.35,622.46,617.78,620.76,42254800,0.155308,0.182171,0.127638,38.89
2026-01-23,QQQ,619.73,625.4,618.65,622.72,43645800,0.156686,0.181213,0.127032,39.68
2026-01-26,QQQ,623.21,627.61,622.12,625.46,35983000,0.157716,0.181156,0.127579,40.08
2026-01-27,QQQ,628.91,632.04,627.34,631.13,38997200,0.159282,0.180757,0.131423,40.87
2026-01-28,QQQ,635.46,636.6,631.81,633.22,50691700,0.158527,0.180495,0.130138,40.87
2026-01-29,QQQ,632.65,633.67,618.27,629.43,79944000,0.171774,0.182521,0.132021,48.41
2026-01-30,QQQ,625.71,628.26,619.3,621.87,65650700,0.175949,0.182601,0.1361,51.59
2026-02-02,QQQ,618.7,628.49,618.66,626.14,49020300,0.171868,0.180452,0.13748,48.81
2026-02-03,QQQ,628.3,629.98,610.96,616.52,81234000,0.179537,0.183127,0.146763,53.57
2026-02-04,QQQ,615.02,615.1,600.47,605.75,81850700,0.18617,0.184665,0.155239,55.95
2026-02-05,QQQ,600.21,604.81,594.76,597.03,89354500,0.191351,0.183804,0.161639,58.73
2026-02-06,QQQ,600.19,611.41,598.77,609.65,78019300,0.195281,0.182486,0.180527,61.11
2026-02-09,QQQ,607.54,616.46,605.07,614.32,56797600,0.197047,0.183357,0.178893,61.51
2026-02-10,QQQ,615.31,617.02,611.01,611.47,53938900,0.195436,0.182824,0.17921,61.51
2026-02-11,QQQ,616.38,617.52,607.69,613.11,58575100,0.200225,0.183213,0.179751,63.1
2026-02-12,QQQ,614.71,615.81,599.57,600.64,81378900,0.200114,0.179257,0.189846,62.7
2026-02-13,QQQ,600.43,606.48,596.42,601.92,69237500,0.197632,0.17818,0.18939,62.3
2026-02-17,QQQ,598.38,603.95,593.34,601.3,69013800,0.200539,0.177982,0.189381,64.68
2026-02-18,QQQ,602.11,609.77,600.72,605.79,64250700,0.190527,0.177079,0.176578,58.73
2026-02-19,QQQ,602.81,605.82,600.75,603.47,60960800,0.187251,0.167689,0.169412,56.75
2026-02-20,QQQ,600.12,610.35,599.23,608.81,74127300,0.18683,0.165157,0.170517,56.35
2026-02-23,QQQ,606.61,608.01,599.05,601.41,63859100,0.187957,0.164335,0.174282,57.54
2026-02-24,QQQ,602.4,608.99,599.73,607.87,55023700,0.189786,0.162664,0.178597,58.73
2026-02-25,QQQ,611.07,616.83,611.0,616.68,55710700,0.189528,0.162309,0.183703,58.33
2026-02-26,QQQ,615.59,615.59,603.98,609.24,96178900,0.19201,0.16414,0.186878,61.51
2026-02-27,QQQ,602.98,608.32,602.19,607.29,68125200,0.183683,0.164248,0.186332,55.16
2026-03-02,QQQ,598.86,609.92,597.99,608.09,75264600,0.189207,0.167488,0.182547,57.54
2026-03-03,QQQ,596.33,603.96,591.87,601.58,97015500,0.201907,0.173588,0.183058,67.06
2026-03-04,QQQ,604.16,612.88,603.43,610.75,70943900,0.194015,0.174138,0.185389,62.3
2026-03-05,QQQ,607.4,612.76,602.26,608.91,89602400,0.191023,0.175482,0.174388,59.52
2026-03-06,QQQ,600.31,606.0,598.33,599.75,86302300,0.193059,0.1781,0.17514,61.51
2026-03-09,QQQ,594.23,609.27,591.33,607.76,93068200,0.195553,0.181472,0.164963,63.89
2026-03-10,QQQ,607.78,613.29,605.42,607.77,64078900,0.19532,0.181667,0.16239,63.49
2026-03-11,QQQ,608.95,612.43,605.03,607.69,60114800,0.196322,0.180878,0.161662,64.68
2026-03-12,QQQ,602.76,604.14,597.05,597.26,71836600,0.189371,0.180357,0.172004,56.75
2026-03-13,QQQ,599.73,603.6,592.57,593.72,63145500,0.1888,0.180678,0.157542,55.95
2026-03-16,QQQ,600.04,603.86,599.11,600.38,49077200,0.192969,0.181956,0.162772,62.3
2026-03-17,QQQ,603.14,605.9,601.87,603.31,47106600,0.191365,0.181411,0.163682,60.71
2026-03-18,QQQ,601.49,603.16,594.56,594.9,56128000,0.189883,0.178584,0.168703,59.13
2026-03-19,QQQ,589.51,595.8,587.08,593.02,75597600,0.192551,0.1798,0.168565,63.1
2026-03-20,QQQ,591.06,591.17,578.54,582.06,91964700,0.194963,0.180664,0.175681,65.48
2026-03-23,QQQ,590.52,595.08,585.96,588.0,89936100,0.205915,0.184501,0.176774,71.43
2026-03-24,QQQ,584.81,587.93,581.93,583.98,57750900,0.204576,0.185201,0.172135,71.43
2026-03-25,QQQ,589.14,591.37,585.69,587.82,60475500,0.20761,0.186599,0.164306,72.22
2026-03-26,QQQ,582.6,584.63,573.43,573.79,81492100,0.206928,0.187909,0.178669,72.22
2026-03-27,QQQ,570.81,571.02,561.57,562.58,82702200,0.206211,0.1886,0.188294,72.22
2026-03-30,QQQ,567.38,568.05,555.6,558.28,70602600,0.206278,0.190923,0.187742,72.62
2026-03-31,QQQ,564.29,578.64,564.21,577.18,95878000,0.198872,0.191154,0.228295,69.05
2026-04-01,QQQ,581.48,587.74,580.42,584.31,79435100,0.199858,0.191146,0.225656,69.44
2026-04-02,QQQ,573.97,586.05,571.92,584.98,50941700,0.209976,0.195646,0.225943,75.4
2026-04-06,QQQ,586.23,590.61,584.69,588.5,35108500,0.202373,0.195713,0.222055,72.22
2026-04-07,QQQ,585.64,588.98,578.4,588.59,49948200,0.198465,0.197532,0.21571,68.65
2026-04-08,QQQ,608.71,609.9,602.12,606.09,63086000,0.230559,0.210026,0.242058,80.95
2026-04-09,QQQ,605.93,610.5,603.03,610.19,37837500,0.230741,0.209868,0.243287,81.75
2026-04-10,QQQ,611.84,613.67,609.58,611.07,34038500,0.227222,0.209799,0.23432,80.16
2026-04-13,QQQ,609.48,626.74,608.11,617.39,32972100,0.235818,0.212596,0.234892,84.13
2026-04-14,QQQ,620.22,628.6,620.1,628.6,49921100,0.23375,0.210881,0.239651,83.73
2026-04-15,QQQ,629.08,637.83,628.2,637.4,50102400,0.234268,0.210444,0.243058,84.13
2026-04-16,QQQ,639.21,642.18,635.26,640.47,42320600,0.233452,0.207298,0.234863,83.73
2026-04-17,QQQ,645.59,650.0,644.07,648.85,53488900,0.229099,0.2067,0.235613,80.56
2026-04-20,QQQ,648.04,648.76,642.52,646.79,37138500,0.225586,0.205865,0.221419,79.76
2026-04-21,QQQ,648.41,650.2,642.21,644.33,39580500,0.220033,0.206039,0.22288,77.78
2026-04-22,QQQ,650.15,655.33,648.52,655.11,37368400,0.21868,0.206914,0.222468,77.78
2026-04-23,QQQ,653.55,656.92,645.52,651.42,40099800,0.22117,0.207799,0.226069,78.57
2026-04-24,QQQ,658.51,664.51,656.53,663.88,45563100,0.216611,0.20876,0.202541,77.78
2026-04-27,QQQ,663.4,664.43,660.69,664.23,32717000,0.213016,0.205226,0.177969,77.38
2026-04-28,QQQ,657.41,659.64,653.81,657.55,34147900,0.213975,0.205498,0.181052,77.78
2026-04-29,QQQ,658.63,661.72,656.59,661.57,31724900,0.209468,0.204821,0.154868,76.19
2026-04-30,QQQ,665.35,668.9,657.56,667.74,40622200,0.21197,0.203373,0.153831,77.78
2026-05-01,QQQ,669.16,675.97,668.8,674.15,39172600,0.194939,0.201389,0.152715,65.48
2026-05-04,QQQ,674.66,676.73,668.9,672.88,34542000,0.195975,0.199858,0.155994,67.86
2026-05-05,QQQ,677.96,682.77,677.51,681.61,37101100,0.188387,0.199164,0.155456,55.95
2026-05-06,QQQ,687.78,695.93,686.48,695.77,38778500,0.151664,0.199091,0.141557,37.7
2026-05-07,QQQ,696.58,701.24,691.77,694.94,43779100,0.152728,0.199563,0.144447,38.49
2026-05-08,QQQ,699.92,711.23,699.5,711.23,44320400,0.153798,0.198483,0.154585,39.68
2026-05-11,QQQ,710.36,714.59,708.91,713.29,36019100,0.136683,0.19685,0.155101,30.95
2026-05-12,QQQ,708.22,710.18,696.64,707.24,45873000,0.150226,0.198575,0.15917,38.1
2026-05-13,QQQ,709.96,716.65,704.83,714.71,40012500,0.153157,0.198081,0.15735,40.48
2026-05-14,QQQ,714.62,722.03,714.22,719.79,33327500,0.15255,0.197487,0.157381,38.89
2026-05-15,QQQ,710.14,715.13,705.55,708.93,51792700,0.163007,0.199767,0.17156,44.84
2026-05-18,QQQ,711.54,712.07,698.85,705.88,49834500,0.167646,0.20056,0.172271,48.81
2026-05-19,QQQ,699.81,706.49,695.25,701.53,46827500,0.173063,0.20152,0.173962,51.59
2026-05-20,QQQ,705.29,713.15,703.79,713.15,36779200,0.171505,0.20136,0.173809,50.79
2026-05-21,QQQ,708.99,717.12,706.77,714.51,36415400,0.170064,0.202095,0.170136,50.79
2026-05-22,QQQ,718.07,722.12,715.95,717.54,33118600,0.166634,0.200973,0.161502,48.02
2026-05-26,QQQ,725.96,731.17,724.16,730.28,34254700,0.171614,0.20112,0.16803,51.98
2026-05-27,QQQ,732.96,733.32,725.44,729.45,35148700,0.167503,0.198544,0.160359,49.21
2026-05-28,QQQ,729.73,736.6,726.41,735.6,32840000,0.169124,0.192981,0.160739,50.4
2026-05-29,QQQ,737.84,741.63,735.25,738.31,37541700,0.163585,0.192543,0.160129,45.24
2026-06-01,QQQ,737.04,745.65,735.99,742.74,33890600,0.164824,0.191343,0.159288,46.43
2026-06-02,QQQ,742.4,746.44,739.23,746.16,30085200,0.163826,0.188041,0.157305,45.63
2026-06-03,QQQ,747.31,748.65,741.01,744.21,40270200,0.163482,0.184631,0.156839,45.24
2026-06-04,QQQ,735.48,743.5,732.62,740.61,40782600,0.167884,0.186577,0.14777,51.59
2026-06-05,QQQ,730.06,731.69,704.32,705.06,99606600,0.183014,0.191917,0.237401,61.9
2026-06-08,QQQ,717.81,723.03,713.07,716.07,47401500,0.194564,0.194412,0.229197,74.6
2026-06-09,QQQ,722.98,725.66,686.37,707.83,91932200,0.240865,0.209504,0.232784,99.6
2026-06-10,QQQ,701.66,711.28,692.93,693.69,65334300,0.244117,0.212661,0.241697,99.6
2026-06-11,QQQ,699.29,718.37,695.0,717.12,71798900,0.250186,0.215624,0.268009,99.6
2026-06-12,QQQ,717.61,724.01,711.28,721.34,51168400,0.2527,0.216161,0.267628,99.6
2026-06-15,QQQ,738.1,744.76,737.38,744.0,46710200,0.258064,0.218834,0.282321,99.6
2026-06-16,QQQ,742.25,744.22,729.64,729.86,45348700,0.25652,0.218191,0.291801,99.21
2026-06-17,QQQ,735.19,735.68,720.85,722.51,51669300,0.253673,0.216897,0.293537,98.81
2026-06-18,QQQ,737.2,741.82,732.51,740.62,50154600,0.261788,0.219719,0.300569,99.6
2026-06-22,QQQ,742.02,745.45,734.39,737.95,43518600,0.259784,0.219791,0.301203,99.21
2026-06-23,QQQ,715.74,723.61,712.11,713.65,53354200,0.288987,0.229112,0.325618,99.6
2026-06-24,QQQ,715.37,719.93,704.45,710.62,52480400,0.290061,0.229805,0.31888,99.6
2026-06-25,QQQ,725.9,726.83,705.3,716.38,49668000,0.306061,0.235346,0.320638,99.6
2026-06-26,QQQ,707.13,715.56,702.81,706.52,47081800,0.312447,0.237038,0.321806,99.6
2026-06-29,QQQ,713.99,724.58,705.17,724.08,44939100,0.319993,0.239612,0.334965,99.6
2026-06-30,QQQ,724.18,737.62,723.91,736.4,42121800,0.320185,0.235372,0.340154,99.6
2026-07-01,QQQ,729.19,731.92,724.6,725.17,40803800,0.322723,0.236685,0.343607,99.6
2026-07-02,QQQ,725.58,730.83,707.56,712.6,50959800,0.32857,0.237799,0.348312,99.6
2026-07-06,QQQ,719.93,726.08,718.45,722.82,30220400,0.325197,0.22894,0.352925,99.21
2026-07-07,QQQ,714.17,716.35,704.9,709.43,42483100,0.320746,0.23108,0.312195,98.41
2026-07-08,QQQ,704.95,712.26,700.91,711.44,35603200,0.317544,0.232286,0.307222,97.22
2026-07-09,QQQ,718.33,724.23,715.13,723.28,33654700,0.287304,0.229559,0.309742,95.24
2026-07-10,QQQ,720.7,726.39,717.0,725.51,26415900,0.27967,0.230074,0.299401,94.84
2026-07-13,QQQ,717.72,718.74,710.08,711.74,36552400,0.276296,0.231409,0.284907,94.44
2026-07-14,QQQ,720.22,722.29,714.34,719.69,29448100,0.277156,0.232479,0.28703,94.44
2026-07-15,QQQ,723.85,724.36,710.23,717.74,32627600,0.269613,0.233698,0.262569,93.65
2026-07-16,QQQ,712.01,713.6,702.61,705.94,39402000,0.271211,0.234729,0.260429,93.65
2026-07-17,QQQ,691.65,702.3,686.76,695.33,54109300,0.282435,0.240224,0.263188,94.84
2026-07-20,QQQ,702.16,705.8,695.51,696.06,29687600,0.274488,0.240762,0.24408,93.25
2026-07-21,QQQ,706.57,710.05,702.8,708.97,33728300,0.279719,0.241636,0.255677,94.44
2026-07-22,QQQ,703.62,709.65,703.62,705.35,23692200,0.256152,0.241427,0.227644,90.08
2026-07-23,QQQ,694.67,698.66,687.79,691.96,44028600,0.259616,0.244358,0.236802,90.87
2026-07-24,QQQ,690.41,692.63,682.48,684.23,42876700,0.237134,0.243676,0.23655,87.3
2026-07-27,QQQ,691.68,692.3,675.95,682.12,42681500,0.238832,0.246207,0.232624,87.3
2026-07-28,QQQ,676.23,679.4,667.88,675.49,51398700,0.231776,0.246583,0.212143,83.33
2026-07-29,QQQ,675.51,680.05,661.14,661.73,57233300,0.235334,0.248216,0.206073,85.32
2026-07-30,QQQ,674.76,685.12,673.3,683.55,66753700,0.246101,0.251441,0.241986,88.1
2026-07-31,QQQ,692.11,695.77,680.05,687.99,50540500,0.247132,0.253942,0.237814,88.1
2026-08-03,QQQ,688.3,701.59,685.82,700.07,44965100,0.247089,0.254209,0.240885,87.7
2026-08-04,QQQ,708.16,725.66,707.53,723.85,59778600,0.247095,0.255668,0.261911,87.7
2026-08-05,QQQ,726.25,728.54,716.92,717.3,33540200,0.244786,0.255557,0.264217,86.51
2026-08-06,QQQ,710.82,719.32,708.5,714.65,33035900,0.246616,0.256942,0.257543,86.9
2026-08-07,QQQ,720.15,723.63,716.51,723.03,31070400,0.246655,0.255321,0.260946,86.9
2026-08-10,QQQ,722.39,724.67,720.33,720.87,26243200,0.242048,0.254461,0.251479,84.92
2026-08-11,QQQ,723.29,723.35,715.5,718.45,29286100,0.238745,0.254516,0.248718,83.73
2026-08-12,QQQ,727.08,727.25,722.92,723.7,29066000,0.236576,0.253056,0.249846,82.94
2026-08-13,QQQ,725.15,733.96,724.03,732.07,31599700,0.233071,0.252105,0.244338,79.37
2026-08-14,QQQ,733.41,734.39,728.32,731.07,23790600,0.211879,0.25055,0.23642,70.24
2026-08-17,QQQ,732.95,734.58,729.27,729.87,26452600,0.208688,0.2502,0.236833,68.25
2026-08-18,QQQ,720.21,722.13,715.92,717.51,48997200,0.210534,0.251196,0.238487,69.84
2026-08-19,QQQ,720.39,721.5,712.61,716.08,35801700,0.20827,0.251329,0.237751,67.46
2026-08-20,QQQ,712.09,714.94,708.52,710.93,33396400,0.198162,0.25082,0.228058,59.52
2026-08-21,QQQ,715.23,715.67,709.2,713.44,33297600,0.196932,0.250906,0.223221,58.33
2024-08-22,IWM,215.57,216.37,213.13,213.56,18084300,,,,
2024-08-23,IWM,215.18,221.08,214.79,220.38,40003100,,,,
2024-08-26,IWM,221.93,222.45,220.08,220.45,24865500,,,,
2024-08-27,IWM,218.91,219.37,217.71,218.74,19577900,,,,
2024-08-28,IWM,217.87,219.12,216.27,217.26,19685000,,,,
2024-08-29,IWM,218.78,220.98,217.15,218.81,24599500,,,,
2024-08-30,IWM,219.71,220.5,217.4,220.08,23010500,,,,
2024-09-03,IWM,218.13,219.37,212.91,213.35,31338500,,,,
2024-09-04,IWM,212.76,215.37,211.7,212.99,23706300,,,,
2024-09-05,IWM,213.54,214.03,210.92,211.93,23910500,,,,
2024-09-06,IWM,211.93,213.19,207.14,207.9,34561300,,,,
2024-09-09,IWM,208.15,210.26,207.52,208.48,23584100,,,,
2024-09-10,IWM,208.72,208.86,205.79,208.31,23025700,,,,
2024-09-11,IWM,207.47,209.25,204.21,208.92,27175600,,,,
2024-09-12,IWM,209.91,212.78,208.41,211.61,27611700,,,,
2024-09-13,IWM,214.03,217.25,213.94,216.83,37388100,,,,
2024-09-16,IWM,217.63,218.29,216.14,217.61,23289000,,,,
2024-09-17,IWM,219.58,221.8,218.47,219.41,35563500,,,,
2024-09-18,IWM,219.23,224.94,218.25,219.45,54085200,,,,
2024-09-19,IWM,224.66,224.68,221.5,223.97,35369500,,,,
2024-09-20,IWM,223.45,223.46,221.29,221.57,34587500,0.22595,,0.22624,
2024-09-23,IWM,222.69,223.11,220.02,220.76,20157700,0.221175,,0.197871,
2024-09-24,IWM,221.63,221.93,219.5,221.13,20939800,0.221546,,0.197951,
2024-09-25,IWM,220.32,220.61,217.54,217.69,23242300,0.220209,,0.204038,
2024-09-26,IWM,220.49,221.13,218.38,218.85,24974700,0.220969,,0.203408,
2024-09-27,IWM,220.86,222.6,219.53,220.33,23959600,0.220222,,0.20325,
2024-09-30,IWM,219.42,221.59,218.58,220.89,21938200,0.22056,,0.202422,
2024-10-01,IWM,220.17,220.34,216.3,217.89,30016000,0.214274,,0.17429,
2024-10-02,IWM,216.99,218.75,216.21,217.59,14455400,0.21237,,0.174228,
2024-10-03,IWM,216.23,217.23,215.08,216.13,21353000,0.214131,,0.175139,
2024-10-04,IWM,219.29,219.98,217.29,219.15,27901500,0.212794,,0.163562,
2024-10-07,IWM,218.64,218.66,215.87,217.43,14891800,0.213547,,0.167759,
2024-10-08,IWM,217.63,218.37,216.7,217.58,18118600,0.20989,,0.167497,
2024-10-09,IWM,217.53,219.61,216.92,218.06,18230700,0.200532,,0.167474,
2024-10-10,IWM,215.9,216.88,214.6,216.85,24571400,0.202647,,0.16464,
2024-10-11,IWM,216.77,221.61,216.71,221.26,19950900,0.201777,,0.157263,
2024-10-14,IWM,221.45,223.11,220.43,222.89,19263300,0.202086,,0.158636,
2024-10-15,IWM,222.57,225.5,221.98,223.07,25998800,0.20144,,0.15644,
2024-10-16,IWM,224.89,227.17,224.39,226.74,27656700,0.185615,,0.165765,
2024-10-17,IWM,226.91,226.96,224.91,226.12,18003600,0.163897,,0.150706,
2024-10-18,IWM,226.66,227.03,225.39,225.65,20047400,0.163371,,0.145155,
2024-10-21,IWM,225.63,225.69,221.53,222.1,24243800,0.1634,,0.156281,
2024-10-22,IWM,221.47,221.83,220.3,221.26,15813900,0.161835,,0.156847,
2024-10-23,IWM,220.03,220.8,217.37,219.24,23263500,0.165317,,0.149744,
2024-10-24,IWM,220.43,221.04,218.53,219.72,18381900,0.160181,,0.148778,
2024-10-25,IWM,221.31,221.97,218.52,218.89,23807800,0.158186,,0.147324,
2024-10-28,IWM,220.79,222.97,220.48,222.46,19877700,0.159105,,0.158384,
2024-10-29,IWM,220.74,221.9,219.97,221.74,20282200,0.157182,,0.150248,
2024-10-30,IWM,221.07,224.48,220.9,221.44,19754800,0.161713,,0.150244,
2024-10-31,IWM,221.22,221.77,217.63,217.76,24078400,0.161505,,0.160821,
2024-11-01,IWM,219.5,220.97,218.34,218.98,21222200,0.155175,,0.154144,
2024-11-04,IWM,218.5,221.74,217.84,220.09,20463700,0.156981,,0.152245,
2024-11-05,IWM,219.34,224.29,219.06,224.23,26404600,0.160368,,0.165152,
2024-11-06,IWM,236.59,237.58,232.75,237.22,75554600,0.253544,,0.255288,
2024-11-07,IWM,236.89,238.49,235.4,236.38,34970300,0.250081,,0.254362,
2024-11-08,IWM,235.93,238.47,235.65,238.12,26597800,0.248991,,0.247776,
2024-11-11,IWM,240.52,242.39,239.85,241.7,29207700,0.249574,,0.25071,
2024-11-12,IWM,239.96,241.79,236.56,237.46,35314300,0.253158,,0.262226,
2024-11-13,IWM,238.95,239.88,234.83,235.11,25947700,0.254543,,0.261271,
2024-11-14,IWM,235.95,236.43,231.21,231.94,29272100,0.256364,,0.266553,
2024-11-15,IWM,232.22,232.29,227.81,228.48,37930000,0.258074,0.217968,0.272607,
2024-11-18,IWM,229.22,230.6,228.13,228.93,29368500,0.257303,0.216206,0.265566,
2024-11-19,IWM,226.59,230.82,226.4,230.63,26009400,0.262449,0.217941,0.265572,
2024-11-20,IWM,230.23,230.93,228.04,230.93,24222700,0.260955,0.21803,0.262272,
2024-11-21,IWM,232.16,235.57,231.11,234.44,28679400,0.262764,0.218347,0.265974,
2024-11-22,IWM,235.64,239.24,235.33,238.77,22693100,0.262272,0.217604,0.269762,
2024-11-25,IWM,241.49,244.98,241.39,242.4,33534000,0.265486,0.218534,0.269155,
2024-11-26,IWM,241.18,241.61,239.43,240.62,22581400,0.264366,0.215811,0.27108,
2024-11-27,IWM,242.01,243.69,240.44,240.95,19472800,0.260939,0.215045,0.270527,
2024-11-29,IWM,242.37,243.48,241.54,241.87,16782700,0.259002,0.214694,0.258976,
2024-12-02,IWM,242.24,242.66,240.01,241.75,25274800,0.258743,0.212787,0.25977,
2024-12-03,IWM,241.54,242.14,239.37,240.03,21376700,0.256388,0.212488,0.263285,
2024-12-04,IWM,240.28,241.67,239.21,240.89,19903000,0.253687,0.211446,0.257807,
2024-12-05,IWM,240.52,240.86,237.74,238.08,20227000,0.165777,0.208306,0.172117,
2024-12-06,IWM,239.79,239.89,238.38,238.93,20760900,0.164269,0.206909,0.171925,
2024-12-09,IWM,240.55,241.38,237.65,237.73,16684300,0.16524,0.206381,0.171043,
2024-12-10,IWM,237.58,238.82,235.92,236.7,19946500,0.163556,0.206601,0.162063,
2024-12-11,IWM,238.71,239.29,236.83,237.77,23156900,0.156206,0.205809,0.15056,
2024-12-12,IWM,237.16,237.65,234.35,234.68,21454500,0.153929,0.200619,0.153704,
2024-12-13,IWM,234.37,234.86,231.88,233.07,23972900,0.151874,0.195159,0.147634,0.0
2024-12-16,IWM,232.91,235.63,232.35,234.44,32293500,0.151796,0.19567,0.137227,0.0
2024-12-17,IWM,232.67,233.44,230.55,231.07,33064300,0.155312,0.196478,0.148131,6.45
2024-12-18,IWM,232.24,233.08,218.92,220.84,52267500,0.18223,0.20583,0.217307,36.51
2024-12-19,IWM,223.25,224.43,219.33,219.86,51871700,0.18538,0.207495,0.217048,37.5
2024-12-20,IWM,218.6,224.66,218.07,221.92,53882200,0.195239,0.210117,0.211773,40.0
2024-12-23,IWM,221.74,222.4,219.38,221.41,29606800,0.195385,0.209713,0.19671,40.91
2024-12-24,IWM,222.02,223.63,220.48,223.39,13399600,0.19091,0.209594,0.189952,38.81
2024-12-26,IWM,222.42,226.14,221.47,225.68,20024800,0.194423,0.209765,0.19606,39.71
2024-12-27,IWM,224.29,225.44,220.2,222.39,26956000,0.19998,0.21169,0.199346,43.48
2024-12-30,IWM,220.67,221.81,217.85,220.68,25706100,0.205566,0.213166,0.197541,51.43
2024-12-31,IWM,222.12,223.28,220.15,220.96,26208300,0.207082,0.211737,0.198124,52.11
2025-01-02,IWM,222.93,224.37,219.6,221.14,29363000,0.213091,0.213032,0.198727,56.94
2025-01-03,IWM,222.07,224.82,221.38,224.43,24525300,0.214554,0.213574,0.208204,61.64
2025-01-06,IWM,225.76,227.17,224.14,224.52,23541900,0.216161,0.21372,0.206316,62.16
2025-01-07,IWM,225.58,226.52,221.38,222.72,28835200,0.219952,0.213485,0.205584,62.67
2025-01-08,IWM,220.9,222.31,219.01,221.71,26795900,0.223112,0.214503,0.205543,71.05
2025-01-10,IWM,218.31,218.71,215.31,216.83,37379400,0.231315,0.217854,0.216096,72.73
2025-01-13,IWM,214.5,217.52,213.97,217.25,28603800,0.233169,0.21875,0.21488,73.08
2025-01-14,IWM,219.18,220.23,217.22,219.72,25447500,0.237275,0.219315,0.219371,73.42
2025-01-15,IWM,225.44,225.58,223.0,224.04,30124700,0.25454,0.224848,0.233163,81.25
2025-01-16,IWM,224.15,225.23,222.71,224.49,21029800,0.253949,0.225286,0.231843,80.25
2025-01-17,IWM,226.93,226.97,224.67,225.46,26754900,0.253847,0.225607,0.228175,79.27
2025-01-21,IWM,227.52,229.89,226.99,229.79,26086300,0.231278,0.226027,0.170357,67.47
2025-01-22,IWM,229.35,229.85,227.83,228.29,21307300,0.225384,0.224801,0.171569,65.48
2025-01-23,IWM,226.93,229.35,226.55,229.33,20850700,0.216251,0.225236,0.169646,55.29
2025-01-24,IWM,228.82,230.23,228.04,228.69,19074500,0.214954,0.224964,0.169807,53.49
2025-01-27,IWM,226.71,229.62,225.21,226.5,27461700,0.220379,0.226923,0.171984,59.77
2025-01-28,IWM,226.74,227.56,225.18,226.75,16847400,0.217311,0.226233,0.168306,55.68
2025-01-29,IWM,226.68,228.22,224.58,226.23,20280500,0.212336,0.225368,0.159239,43.82
2025-01-30,IWM,228.52,230.05,226.92,228.53,25575100,0.209203,0.225914,0.159085,42.22
2025-01-31,IWM,228.75,230.32,225.54,226.48,35330700,0.211127,0.226484,0.163616,43.96
2025-02-03,IWM,221.51,225.55,220.67,223.83,34023300,0.225775,0.232229,0.170016,68.48
2025-02-04,IWM,223.6,227.13,223.21,226.93,17985500,0.225252,0.231725,0.168931,66.67
2025-02-05,IWM,228.06,229.5,226.89,229.4,15197300,0.224268,0.20292,0.172814,65.96
2025-02-06,IWM,230.51,230.7,227.3,228.65,18809400,0.221581,0.203111,0.170283,64.21
2025-02-07,IWM,228.85,229.25,225.58,226.0,28914400,0.21843,0.203213,0.175326,55.21
2025-02-10,IWM,227.37,227.52,225.86,227.02,14574700,0.208633,0.202489,0.152588,39.18
2025-02-11,IWM,225.05,226.42,224.81,225.7,18215700,0.205653,0.201204,0.155298,37.76
2025-02-12,IWM,222.26,224.48,221.79,223.62,25572800,0.210868,0.203066,0.155947,42.42
2025-02-13,IWM,225.04,226.34,223.75,226.14,21419400,0.190448,0.202668,0.145274,26.0
2025-02-14,IWM,227.27,227.98,225.61,225.97,13574500,0.190853,0.202344,0.145216,26.73
2025-02-18,IWM,226.15,227.67,225.51,227.21,15166500,0.186119,0.202101,0.145696,25.49
2025-02-19,IWM,225.41,227.15,225.08,226.43,16194800,0.183566,0.201154,0.128376,23.3
2025-02-20,IWM,226.01,226.19,223.01,224.26,18507700,0.185353,0.200852,0.130671,24.04
2025-02-21,IWM,226.0,226.36,217.46,217.8,45036900,0.196181,0.202714,0.163026,33.33
2025-02-24,IWM,218.79,218.79,215.15,216.23,30246200,0.198434,0.202753,0.163864,33.96
2025-02-25,IWM,216.37,217.27,213.49,215.41,33665100,0.194606,0.20153,0.161941,30.84
2025-02-26,IWM,216.06,218.41,214.84,215.68,25464200,0.197559,0.20226,0.161986,34.26
2025-02-27,IWM,215.64,216.49,212.22,212.39,29378500,0.197194,0.202197,0.168292,33.94
2025-02-28,IWM,211.64,214.66,210.96,214.65,32015400,0.19406,0.202699,0.16879,29.09
2025-03-03,IWM,215.4,215.96,207.42,208.78,36330000,0.202445,0.206289,0.189268,41.44
2025-03-04,IWM,205.93,209.77,203.19,206.42,56427100,0.200467,0.212322,0.189057,37.5
2025-03-05,IWM,206.45,208.84,204.82,208.47,35778500,0.202865,0.213437,0.184669,43.36
2025-03-06,IWM,205.78,208.12,203.9,205.28,39206300,0.210497,0.216601,0.179699,49.12
2025-03-07,IWM,204.97,207.11,201.73,205.95,43514000,0.217205,0.219284,0.182276,60.87
2025-03-10,IWM,203.44,204.74,198.75,200.77,39442800,0.227917,0.222746,0.1949,75.86
2025-03-11,IWM,201.12,203.22,198.53,200.75,51509700,0.231974,0.224406,0.192303,77.78
2025-03-12,IWM,203.05,203.75,199.55,201.1,36881700,0.238964,0.226101,0.194337,79.66
2025-03-13,IWM,201.27,202.03,197.0,198.1,31336900,0.236259,0.227409,0.196776,78.15
2025-03-14,IWM,200.24,203.07,199.34,202.89,34089400,0.239947,0.228975,0.215774,80.0
2025-03-17,IWM,202.71,206.02,202.6,205.45,26947600,0.240732,0.228984,0.224569,80.17
2025-03-18,IWM,203.85,203.92,202.35,203.21,22888000,0.241695,0.228818,0.222202,80.33
2025-03-19,IWM,203.35,207.68,202.9,206.37,31595600,0.244477,0.221403,0.234377,80.49
2025-03-20,IWM,204.32,207.3,204.2,205.06,25665900,0.248635,0.220943,0.233741,80.65
2025-03-21,IWM,202.72,204.42,201.76,203.79,39470200,0.243873,0.219058,0.214934,79.2
2025-03-24,IWM,206.96,209.23,206.69,208.86,25774700,0.249473,0.220974,0.235894,81.75
2025-03-25,IWM,208.69,209.27,207.09,207.7,17836900,0.246934,0.22039,0.236183,79.53
2025-03-26,IWM,207.96,208.82,204.68,205.59,19344600,0.246514,0.220223,0.237704,78.91
2025-03-27,IWM,205.33,206.35,203.76,204.61,23960000,0.245395,0.218357,0.232961,78.29
2025-03-28,IWM,204.54,204.58,199.38,200.45,26656200,0.247638,0.217841,0.237061,80.0
2025-03-31,IWM,197.48,200.64,195.49,199.49,32250800,0.247709,0.221406,0.219179,80.15
2025-04-01,IWM,198.99,201.23,196.66,199.51,26054100,0.238538,0.22111,0.216635,71.97
2025-04-02,IWM,196.78,203.33,196.54,202.66,36603000,0.244696,0.224271,0.221651,76.69
2025-04-03,IWM,193.11,195.06,189.2,189.65,60551500,0.295485,0.246074,0.317386,99.25
2025-04-04,IWM,182.61,184.05,176.67,181.19,92612800,0.32803,0.261797,0.348557,99.26
2025-04-07,IWM,174.32,190.25,171.73,179.55,96706200,0.424471,0.307653,0.341449,99.26
2025-04-08,IWM,185.69,185.92,172.34,174.82,61090600,0.465686,0.3246,0.348755,99.27
2025-04-09,IWM,172.72,192.11,171.74,189.68,123015100,0.497493,0.342814,0.469342,99.28
2025-04-10,IWM,184.52,185.48,176.98,181.71,67503000,0.512635,0.351762,0.488923,99.28
2025-04-11,IWM,181.14,184.85,178.58,184.36,44954400,0.512729,0.349306,0.482823,99.29
2025-04-14,IWM,187.81,187.97,183.05,186.53,35214600,0.525942,0.354272,0.482434,99.29
2025-04-15,IWM,186.34,189.05,185.84,186.76,30715500,0.528075,0.353884,0.48232,99.3
2025-04-16,IWM,185.7,186.73,182.56,184.97,35063300,0.52814,0.354156,0.476951,99.3
2025-04-17,IWM,184.99,187.43,184.46,186.48,42359200,0.528271,0.35461,0.479361,99.31
2025-04-21,IWM,185.0,185.29,180.77,182.74,26019000,0.530468,0.355994,0.482512,99.31
2025-04-22,IWM,185.15,188.1,184.55,187.47,34477100,0.530031,0.357997,0.483333,98.63
2025-04-23,IWM,192.92,195.51,189.84,190.25,44866100,0.54891,0.364736,0.488578,99.32
2025-04-24,IWM,190.76,194.37,189.89,194.06,29820100,0.549178,0.365409,0.495417,99.32
2025-04-25,IWM,192.72,194.26,191.55,194.12,25029000,0.548986,0.365333,0.495488,98.66
2025-04-28,IWM,194.5,196.15,192.53,194.94,22482300,0.54876,0.364932,0.491396,97.33
2025-04-29,IWM,194.47,196.86,193.01,196.09,20118200,0.546574,0.364786,0.491876,96.69
2025-04-30,IWM,193.14,195.48,190.72,194.86,29046100,0.547963,0.364024,0.492234,96.71
2025-05-01,IWM,195.71,197.67,193.74,196.07,33169700,0.547868,0.364906,0.489072,96.08
2025-05-02,IWM,198.33,201.21,198.18,200.48,30201800,0.522569,0.365798,0.43133,90.91
2025-05-05,IWM,198.57,200.5,198.08,198.94,20834200,0.49667,0.365682,0.394293,88.39
2025-05-06,IWM,196.59,198.59,195.64,196.77,24642100,0.408513,0.366281,0.395216,86.54
2025-05-07,IWM,198.1,198.56,196.04,197.42,23623300,0.364858,0.366616,0.377687,85.99
2025-05-08,IWM,199.77,202.74,198.26,201.18,32646300,0.316535,0.36866,0.258068,84.81
2025-05-09,IWM,201.54,202.28,199.96,200.81,17203000,0.276203,0.367806,0.194622,83.65
2025-05-12,IWM,208.84,209.73,205.82,207.87,38207200,0.299013,0.377709,0.219099,84.38
2025-05-13,IWM,208.93,209.61,207.96,208.63,28295800,0.285277,0.377646,0.218183,83.23
2025-05-14,IWM,208.04,208.54,206.53,206.78,26316100,0.282876,0.377606,0.223771,82.72
2025-05-15,IWM,206.58,208.19,205.39,208.13,21563700,0.277537,0.377636,0.216916,82.21
2025-05-16,IWM,208.42,210.13,207.78,209.85,28906400,0.276223,0.377477,0.21693,81.71
2025-05-19,IWM,206.8,209.09,206.26,208.97,25859600,0.275778,0.376414,0.197898,80.61
2025-05-20,IWM,208.66,209.76,207.96,209.08,22053100,0.27203,0.375795,0.185858,80.12
2025-05-21,IWM,206.63,207.61,202.84,203.21,36704400,0.252661,0.37641,0.217802,67.66
2025-05-22,IWM,202.29,204.37,201.53,203.2,31831300,0.251497,0.375945,0.209042,67.26
2025-05-23,IWM,199.78,203.26,199.65,202.56,29114600,0.257669,0.376886,0.20984,73.96
2025-05-27,IWM,205.64,207.75,204.16,207.7,31655900,0.262535,0.378907,0.22508,78.24
2025-05-28,IWM,207.71,208.03,205.2,205.51,26046700,0.260137,0.376562,0.229996,75.44
2025-05-29,IWM,206.95,207.06,204.47,206.12,32749500,0.249848,0.374374,0.227721,65.12
2025-05-30,IWM,205.14,206.25,203.54,205.07,37768900,0.24811,0.373998,0.229023,62.43
2025-06-02,IWM,205.32,205.84,202.67,205.71,30334300,0.247626,0.373257,0.216597,60.92
2025-06-03,IWM,206.46,209.61,205.55,209.03,37702200,0.246065,0.372201,0.219868,59.43
2025-06-04,IWM,209.18,210.01,208.14,208.44,27225300,0.239412,0.369865,0.215115,55.11
2025-06-05,IWM,208.7,209.83,207.0,208.53,35728700,0.238793,0.368977,0.215282,54.24
2025-06-06,IWM,211.5,212.13,210.6,211.9,32144500,0.235664,0.368583,0.212684,52.25
2025-06-09,IWM,213.87,214.28,212.55,213.36,33984400,0.236528,0.368174,0.212521,53.07
2025-06-10,IWM,214.46,215.43,213.81,214.51,30182200,0.187683,0.367163,0.177466,16.11
2025-06-11,IWM,215.58,215.93,213.3,213.63,31113400,0.188226,0.367321,0.178397,16.57
2025-06-12,IWM,212.17,213.27,211.63,212.78,25367000,0.189315,0.367199,0.175537,17.03
2025-06-13,IWM,209.84,211.44,208.22,208.89,60580000,0.196752,0.367691,0.187885,22.4
2025-06-16,IWM,210.48,211.95,209.64,210.77,28974000,0.199121,0.367276,0.188317,24.46
2025-06-17,IWM,209.06,210.45,208.37,208.55,32843200,0.194324,0.366904,0.19164,19.46
2025-06-18,IWM,208.44,211.39,207.78,209.65,42850500,0.197425,0.365755,0.19258,23.66
2025-06-20,IWM,211.11,211.25,208.46,209.21,36978100,0.190276,0.366275,0.160728,17.11
2025-06-23,IWM,208.48,211.78,206.81,211.77,35516400,0.193786,0.366541,0.165,19.15
2025-06-24,IWM,213.29,214.93,212.36,214.47,31772500,0.181481,0.36689,0.167896,12.17
2025-06-25,IWM,214.66,214.73,211.89,211.97,27725600,0.171753,0.366031,0.153538,12.11
2025-06-26,IWM,212.83,215.55,212.7,215.41,26261200,0.171366,0.363747,0.155974,12.04
2025-06-27,IWM,216.05,217.41,214.13,215.48,47717300,0.170696,0.36309,0.156118,11.98
2025-06-30,IWM,216.68,216.71,215.39,215.79,25558000,0.167112,0.361076,0.153754,11.92
2025-07-01,IWM,214.62,220.53,214.15,218.01,43864800,0.175352,0.347289,0.156161,13.92
2025-07-02,IWM,218.37,221.1,217.36,221.03,35735200,0.174112,0.333505,0.153841,13.85
2025-07-03,IWM,222.01,223.33,221.77,223.08,23515700,0.173528,0.289013,0.153955,13.78
2025-07-07,IWM,221.57,222.82,218.41,219.73,41551200,0.178882,0.270921,0.167263,15.23
2025-07-08,IWM,220.58,222.29,220.33,221.25,36339300,0.173224,0.246689,0.160552,13.64
2025-07-09,IWM,222.57,223.69,221.12,223.65,32425200,0.172872,0.230535,0.162667,13.57
2025-07-10,IWM,223.39,226.05,222.86,224.8,33865900,0.174104,0.226777,0.162609,15.0
2025-07-11,IWM,223.17,223.54,221.57,221.7,31579600,0.174591,0.22088,0.171228,15.92
2025-07-14,IWM,221.37,223.34,221.06,223.19,24632200,0.172874,0.219571,0.170594,13.86
2025-07-15,IWM,224.07,224.23,218.79,218.82,44215400,0.165302,0.21793,0.172788,10.34
2025-07-16,IWM,220.22,221.37,216.91,221.02,48199800,0.172226,0.219707,0.173358,13.73
2025-07-17,IWM,221.08,224.2,220.71,223.92,43548000,0.168753,0.216848,0.170182,12.2
2025-07-18,IWM,225.29,225.36,221.98,222.33,49009900,0.166743,0.215235,0.174169,11.65
2025-07-21,IWM,223.54,224.41,221.25,221.43,28191400,0.166529,0.204702,0.175055,11.59
2025-07-22,IWM,221.62,223.81,220.66,223.27,30873300,0.160598,0.203877,0.172839,5.77
2025-07-23,IWM,224.82,226.71,224.07,226.68,37478100,0.160017,0.203149,0.174966,4.78
2025-07-24,IWM,225.52,225.85,223.48,223.55,29446700,0.161693,0.202284,0.177512,7.14
2025-07-25,IWM,224.42,224.6,222.54,224.38,24555500,0.162754,0.201281,0.170376,8.53
2025-07-28,IWM,225.32,225.44,223.43,224.12,24934900,0.160304,0.195841,0.170655,5.66
2025-07-29,IWM,225.61,225.69,222.06,222.69,28685900,0.162858,0.194924,0.173226,9.39
2025-07-30,IWM,223.66,224.93,220.12,221.56,48924400,0.154198,0.195096,0.171595,1.4
2025-07-31,IWM,220.46,222.02,218.88,219.39,42913900,0.155849,0.194379,0.168392,2.79
2025-08-01,IWM,216.22,216.56,212.34,214.92,63854100,0.172631,0.196305,0.178777,18.52
2025-08-04,IWM,216.55,219.74,216.08,219.73,34989600,0.168929,0.196257,0.190639,16.59
2025-08-05,IWM,220.56,221.26,218.24,220.85,31337100,0.171729,0.194207,0.189878,17.89
2025-08-06,IWM,220.95,220.99,219.38,220.56,23142100,0.169573,0.193999,0.18549,16.89
2025-08-07,IWM,222.76,222.84,218.51,219.84,37088000,0.173299,0.177899,0.184385,21.36
2025-08-08,IWM,221.07,221.57,219.74,220.32,28318100,0.170561,0.177953,0.178347,17.19
2025-08-11,IWM,220.77,221.68,219.81,220.27,25212800,0.169749,0.177805,0.17642,17.12
2025-08-12,IWM,221.85,226.98,221.15,226.81,43815500,0.173536,0.179119,0.191192,22.87
2025-08-13,IWM,228.26,231.46,227.83,231.22,41705800,0.166462,0.179648,0.199119,14.29
2025-08-14,IWM,228.44,228.8,226.17,228.24,55945500,0.175244,0.179139,0.201827,24.89
2025-08-15,IWM,228.64,228.78,226.04,227.13,33571400,0.175023,0.179369,0.200787,24.78
2025-08-18,IWM,227.21,228.46,226.94,227.96,20144100,0.172956,0.175622,0.20004,21.59
2025-08-19,IWM,228.02,228.98,225.69,226.21,25000700,0.172942,0.175129,0.200854,21.49
2025-08-20,IWM,225.93,226.38,223.69,225.41,29229700,0.173044,0.170772,0.193789,22.27
2025-08-21,IWM,224.41,226.32,223.78,225.97,24539400,0.173481,0.167962,0.187125,23.48
2025-08-22,IWM,227.37,235.42,227.18,234.83,58205500,0.180901,0.170668,0.230552,27.71
2025-08-25,IWM,234.14,234.3,232.36,232.36,28453700,0.180714,0.169637,0.234796,27.59
2025-08-26,IWM,232.83,234.87,232.59,234.28,25121500,0.178059,0.16856,0.233754,27.04
2025-08-27,IWM,233.74,236.12,233.56,235.94,25395400,0.172083,0.166955,0.232473,19.23
2025-08-28,IWM,236.96,236.97,235.35,236.22,25011200,0.168756,0.165789,0.227546,15.74
2025-08-29,IWM,236.74,237.02,234.37,235.17,29254800,0.151957,0.165924,0.211344,0.85
2025-09-02,IWM,231.99,234.4,231.47,233.9,33108600,0.159415,0.16839,0.203333,5.49
2025-09-03,IWM,233.27,235.26,232.46,233.67,33252400,0.157544,0.16692,0.203698,4.62
2025-09-04,IWM,234.23,236.67,233.58,236.59,30323800,0.157913,0.166281,0.205822,5.02
2025-09-05,IWM,237.72,239.68,234.95,237.77,47542500,0.156255,0.168139,0.204296,3.75
2025-09-08,IWM,238.51,238.56,236.39,238.25,31487700,0.156675,0.168204,0.204315,4.15
2025-09-09,IWM,237.9,237.96,235.42,236.85,35395800,0.157805,0.167973,0.206813,5.79
2025-09-10,IWM,237.31,238.27,235.46,236.43,33910200,0.152647,0.164503,0.183868,1.23
2025-09-11,IWM,236.85,240.93,236.24,240.8,43629800,0.151989,0.164401,0.182727,1.23
2025-09-12,IWM,240.2,240.32,238.2,238.34,46097600,0.143334,0.162976,0.180016,0.0
2025-09-15,IWM,239.23,240.04,238.55,239.35,33014000,0.141801,0.161585,0.178185,0.0
2025-09-16,IWM,238.45,238.93,236.76,238.28,37059300,0.143787,0.161276,0.179891,0.81
2025-09-17,IWM,238.82,244.28,237.02,238.89,79955600,0.160798,0.164717,0.176032,11.69
2025-09-18,IWM,240.8,245.15,240.13,244.84,49167700,0.163746,0.165456,0.190491,15.66
2025-09-19,IWM,245.57,245.57,242.51,242.98,56092000,0.163392,0.165566,0.19498,14.8
2025-09-22,IWM,242.24,244.79,241.11,244.39,53572900,0.156512,0.166276,0.145878,5.98
2025-09-23,IWM,245.01,247.18,243.44,243.84,41854500,0.160206,0.166494,0.139207,10.71
2025-09-24,IWM,243.9,244.61,241.56,241.6,36002200,0.160946,0.166676,0.143264,12.7
2025-09-25,IWM,238.98,239.99,237.55,239.29,37209500,0.166701,0.164346,0.146913,20.63
2025-09-26,IWM,239.62,241.68,239.33,241.34,28942800,0.166075,0.163523,0.149522,19.84
2025-09-29,IWM,242.84,242.93,240.81,241.62,26391500,0.166831,0.163934,0.148091,21.83
2025-09-30,IWM,241.11,242.13,239.4,241.96,33447700,0.159915,0.162184,0.145919,9.92
2025-10-01,IWM,240.57,243.04,240.55,242.49,28520000,0.159667,0.162567,0.145581,9.92
2025-10-02,IWM,243.0,244.09,241.47,244.02,28687400,0.160192,0.162152,0.141242,11.51
2025-10-03,IWM,245.35,248.09,245.03,245.83,34579600,0.157039,0.162532,0.142276,7.14
2025-10-06,IWM,247.73,248.48,246.07,246.81,31507400,0.157933,0.162392,0.14251,9.13
2025-10-07,IWM,247.36,247.64,243.19,244.16,31766600,0.159358,0.163248,0.146996,10.32
2025-10-08,IWM,245.28,246.96,243.8,246.72,25825000,0.160386,0.162892,0.149726,14.29
2025-10-09,IWM,246.31,247.25,244.01,245.13,26243100,0.159925,0.160269,0.139702,11.9
2025-10-10,IWM,245.75,246.89,237.56,237.79,70569400,0.171452,0.163894,0.17488,28.97
2025-10-13,IWM,241.83,244.63,241.4,244.41,36298600,0.181175,0.166671,0.200149,39.29
2025-10-14,IWM,241.23,249.6,240.36,247.9,45320800,0.199728,0.173118,0.204233,50.79
2025-10-15,IWM,250.36,252.77,247.06,250.33,45369000,0.193848,0.175971,0.206093,45.63
2025-10-16,IWM,250.97,251.26,244.0,245.06,52740400,0.195785,0.177639,0.204699,48.41
2025-10-17,IWM,243.32,245.16,241.47,243.41,55379500,0.200141,0.178824,0.204289,52.38
2025-10-20,IWM,246.62,248.33,246.14,248.16,32545000,0.20216,0.179999,0.214687,52.78
2025-10-21,IWM,247.43,248.37,245.51,246.99,26337900,0.201099,0.180429,0.215327,52.38
2025-10-22,IWM,246.03,246.86,240.77,243.34,46578400,0.208468,0.182517,0.219661,54.76
2025-10-23,IWM,244.29,247.12,243.68,246.42,28591000,0.203997,0.181142,0.220426,53.17
2025-10-24,IWM,249.8,251.11,248.97,249.43,26627000,0.208237,0.18193,0.222325,54.37
2025-10-27,IWM,251.78,252.21,249.5,250.3,31798100,0.20959,0.17776,0.22241,55.56
2025-10-28,IWM,249.55,250.9,248.11,248.96,28075900,0.209359,0.17751,0.22385,55.16
2025-10-29,IWM,248.84,251.14,244.69,246.84,56235300,0.214336,0.179372,0.226594,57.54
2025-10-30,IWM,245.27,248.14,244.63,244.85,44538700,0.21901,0.181252,0.227797,60.32
2025-10-31,IWM,244.99,246.79,243.69,246.23,37214700,0.21818,0.179563,0.227138,59.52
2025-11-03,IWM,246.17,246.26,242.49,245.44,28887900,0.220975,0.180879,0.226936,61.11
2025-11-04,IWM,241.79,244.06,241.0,241.2,34468700,0.22926,0.184564,0.232172,63.89
2025-11-05,IWM,241.96,245.73,241.64,244.68,38229200,0.229564,0.183432,0.235022,63.89
2025-11-06,IWM,244.26,244.79,240.0,240.35,40601200,0.230116,0.183523,0.242277,63.89
2025-11-07,IWM,238.41,241.66,236.27,241.61,54978900,0.228974,0.18389,0.216544,62.7
2025-11-10,IWM,245.01,245.24,242.25,244.03,31238000,0.227387,0.186137,0.195895,62.3
2025-11-11,IWM,243.37,244.74,242.52,244.24,27357900,0.211079,0.186458,0.188609,53.57
2025-11-12,IWM,244.84,246.38,243.33,243.64,34543200,0.203581,0.186451,0.184531,48.81
2025-11-13,IWM,241.84,242.68,235.84,236.79,65710000,0.205776,0.188868,0.196314,50.4
2025-11-14,IWM,233.34,238.73,233.27,237.48,58344400,0.212761,0.192407,0.196021,55.56
2025-11-17,IWM,236.46,237.84,231.76,232.76,55765900,0.21268,0.191921,0.191043,55.56
2025-11-18,IWM,231.31,235.08,230.96,233.47,63092500,0.215393,0.19348,0.192209,57.94
2025-11-19,IWM,233.8,236.37,232.43,233.43,57280500,0.212038,0.194627,0.186976,55.16
2025-11-20,IWM,237.24,239.1,228.9,229.11,95483000,0.231461,0.20205,0.187399,68.25
2025-11-21,IWM,229.96,237.11,229.58,235.6,99504100,0.233583,0.204827,0.211831,69.44
2025-11-24,IWM,235.96,240.39,235.48,239.9,36135300,0.232592,0.205464,0.223637,69.05
2025-11-25,IWM,240.74,245.55,240.04,245.13,46160800,0.235203,0.204236,0.238402,70.24
2025-11-26,IWM,245.05,248.83,244.77,247.3,34636600,0.230532,0.204508,0.238857,67.46
2025-11-28,IWM,248.01,248.81,247.07,248.75,18911800,0.226887,0.204278,0.237642,65.08
2025-12-01,IWM,245.57,247.69,245.34,245.62,36920000,0.230947,0.204877,0.241543,68.25
2025-12-02,IWM,247.37,247.37,245.12,245.17,31918500,0.228897,0.204764,0.241358,66.27
2025-12-03,IWM,245.97,249.84,245.48,249.63,32846300,0.222154,0.204922,0.240323,63.1
2025-12-04,IWM,248.97,252.66,248.54,251.82,40245800,0.221775,0.205255,0.237233,63.1
2025-12-05,IWM,251.49,252.66,250.28,250.77,36956600,0.219951,0.204773,0.227237,61.51
2025-12-08,IWM,252.7,252.77,250.18,250.87,29100000,0.21502,0.205344,0.227008,58.33
2025-12-09,IWM,250.25,252.95,250.1,251.39,30170100,0.208692,0.205825,0.225,51.98
2025-12-10,IWM,250.9,256.57,250.54,254.81,51105200,0.213019,0.207139,0.22898,56.35
2025-12-11,IWM,254.64,258.01,254.32,257.8,41345200,0.211643,0.202634,0.230718,54.37
2025-12-12,IWM,257.95,258.2,253.44,253.85,57657700,0.20534,0.201781,0.21098,48.02
2025-12-15,IWM,255.55,255.69,251.74,251.93,43120100,0.19636,0.202209,0.214618,41.27
2025-12-16,IWM,250.34,252.16,248.47,249.9,43115300,0.192885,0.202705,0.201369,36.9
2025-12-17,IWM,250.37,252.16,246.7,247.24,38132400,0.193038,0.203254,0.207642,36.9
2025-12-18,IWM,250.18,251.36,248.21,248.71,39068000,0.194093,0.204734,0.207588,38.1
2025-12-19,IWM,249.28,251.4,249.06,250.79,43610400,0.16923,0.203109,0.191389,17.86
2025-12-22,IWM,252.28,255.12,252.2,253.58,40497300,0.161804,0.203744,0.172449,11.9
2025-12-23,IWM,252.42,253.22,251.46,252.08,24973500,0.160238,0.203681,0.166814,9.52
2025-12-24,IWM,251.97,252.86,251.12,252.71,12103000,0.155918,0.203111,0.150838,3.17
2025-12-26,IWM,252.58,252.75,250.4,251.42,17429900,0.15326,0.202724,0.150011,2.38
2025-12-29,IWM,250.26,251.5,249.35,249.88,25218800,0.15465,0.202752,0.150725,3.17
2025-12-30,IWM,249.97,250.15,247.95,248.03,22123600,0.144406,0.201734,0.145857,1.19
2025-12-31,IWM,248.18,248.28,246.01,246.16,35352000,0.142843,0.201002,0.148464,0.4
2026-01-02,IWM,247.63,249.09,245.86,248.78,40007700,0.144127,0.201151,0.138639,1.59
2026-01-05,IWM,249.79,253.55,249.57,252.73,37428100,0.143487,0.201101,0.146626,1.19
2026-01-06,IWM,252.24,256.25,251.52,256.08,40677800,0.145854,0.20131,0.152594,2.78
2026-01-07,IWM,256.4,256.8,253.97,255.48,33052000,0.144909,0.198332,0.153059,2.78
2026-01-08,IWM,254.7,258.93,254.36,258.27,37957000,0.145907,0.195969,0.157071,3.57
2026-01-09,IWM,259.58,261.56,258.09,260.23,36301500,0.141304,0.190618,0.152307,0.0
2026-01-12,IWM,259.28,261.66,258.24,261.5,28423400,0.142775,0.187931,0.147871,0.79
2026-01-13,IWM,262.41,262.89,260.46,261.35,33882400,0.141127,0.185947,0.135206,0.0
2026-01-14,IWM,261.13,263.46,260.19,263.19,37164300,0.139817,0.184758,0.132148,0.0
2026-01-15,IWM,264.06,267.05,263.73,265.51,33465200,0.136085,0.1835,0.128257,0.0
2026-01-16,IWM,265.87,267.22,264.71,265.76,33844900,0.129415,0.183147,0.117971,0.0
2026-01-20,IWM,261.14,265.08,261.06,262.58,47911500,0.141893,0.18513,0.129924,2.38
2026-01-21,IWM,264.64,268.59,262.92,267.79,59952800,0.149981,0.186729,0.142058,6.75
2026-01-22,IWM,269.83,271.6,269.42,269.79,35110800,0.150134,0.185326,0.139992,7.14
2026-01-23,IWM,269.04,269.05,264.46,264.81,42636700,0.151479,0.184632,0.157072,7.54
2026-01-26,IWM,265.07,266.69,263.49,263.98,32119300,0.153473,0.184676,0.158325,9.52
2026-01-27,IWM,264.05,264.86,262.66,264.73,26975500,0.153325,0.181957,0.155961,9.52
2026-01-28,IWM,265.98,266.68,262.56,263.3,37139100,0.154737,0.181029,0.155442,11.11
2026-01-29,IWM,264.07,265.06,259.41,263.37,43922900,0.164161,0.183295,0.151187,23.41
2026-01-30,IWM,261.07,262.98,257.94,259.65,59164200,0.172732,0.184166,0.159004,32.94
2026-02-02,IWM,258.48,263.77,258.35,262.18,42896200,0.174252,0.182174,0.158446,38.1
2026-02-03,IWM,263.06,265.06,258.55,262.78,54588000,0.182379,0.184605,0.150665,42.46
2026-02-04,IWM,264.16,264.65,257.14,260.52,48826500,0.19257,0.187758,0.149004,46.43
2026-02-05,IWM,258.5,261.62,255.05,255.83,48279600,0.201813,0.188644,0.163404,55.16
2026-02-06,IWM,259.74,265.72,259.58,265.02,43354900,0.209761,0.189458,0.203017,61.11
2026-02-09,IWM,264.84,267.67,263.34,266.88,29064800,0.209936,0.190094,0.202795,61.51
2026-02-10,IWM,267.23,268.52,265.88,266.16,24661700,0.208968,0.189757,0.202789,60.32
2026-02-11,IWM,268.47,268.96,262.1,264.95,41829400,0.217695,0.190252,0.20366,66.67
2026-02-12,IWM,267.02,267.46,258.39,259.54,47628200,0.225156,0.189622,0.215555,69.05
2026-02-13,IWM,260.6,265.17,258.51,262.96,45360300,0.230509,0.189733,0.218593,72.22
2026-02-17,IWM,262.38,264.36,259.06,263.04,33734800,0.235289,0.190107,0.21855,75.0
2026-02-18,IWM,263.03,266.91,261.85,263.99,36034700,0.225892,0.190469,0.214629,68.25
2026-02-19,IWM,262.57,264.64,261.08,264.6,31006000,0.223886,0.183533,0.202337,67.46
2026-02-20,IWM,262.85,267.33,262.14,264.61,47126600,0.228381,0.182868,0.20013,69.44
2026-02-23,IWM,263.4,264.37,258.1,260.49,44001100,0.233519,0.184646,0.196936,73.81
2026-02-24,IWM,260.4,264.14,259.86,263.33,34884200,0.234061,0.184012,0.200968,74.21
2026-02-25,IWM,265.25,265.28,262.43,264.58,26012100,0.236224,0.184215,0.201451,75.4
2026-02-26,IWM,265.01,266.24,262.12,265.99,41206500,0.237734,0.185527,0.201246,76.19
2026-02-27,IWM,262.1,262.76,259.77,261.41,40631500,0.238799,0.186124,0.211025,76.98
2026-03-02,IWM,257.81,264.28,257.79,263.81,53495700,0.240904,0.189066,0.206942,78.57
2026-03-03,IWM,256.8,261.12,253.31,259.24,59537000,0.264586,0.200372,0.213802,86.51
2026-03-04,IWM,261.2,262.96,258.82,261.76,37979700,0.261635,0.201312,0.216697,85.71
2026-03-05,IWM,258.99,260.76,254.16,256.76,60414600,0.260298,0.204815,0.225324,85.32
2026-03-06,IWM,251.49,253.3,249.94,250.89,64192000,0.263169,0.208876,0.231033,86.11
2026-03-09,IWM,247.59,254.65,244.39,253.62,65369500,0.268249,0.215644,0.193339,86.51
2026-03-10,IWM,252.96,257.65,252.4,253.36,55879100,0.272101,0.216517,0.190355,86.9
2026-03-11,IWM,252.34,254.38,250.58,252.85,50418100,0.272491,0.217122,0.190365,86.9
2026-03-12,IWM,248.94,249.81,246.58,247.41,61802900,0.265564,0.21902,0.202168,85.32
2026-03-13,IWM,249.26,250.61,245.54,246.59,53933300,0.26169,0.220097,0.191695,83.73
2026-03-16,IWM,249.76,251.47,248.31,248.92,48755700,0.263678,0.221467,0.188116,84.52
2026-03-17,IWM,249.87,251.71,248.96,250.05,40642800,0.262026,0.220472,0.189616,83.33
2026-03-18,IWM,248.41,249.23,245.88,246.02,43192600,0.2588,0.219148,0.194135,81.35
2026-03-19,IWM,243.03,250.09,242.52,247.63,59219500,0.26599,0.223042,0.196378,85.32
2026-03-20,IWM,246.97,247.5,240.33,242.22,76749900,0.268851,0.224614,0.206799,85.71
2026-03-23,IWM,247.17,251.36,246.11,247.45,78746600,0.284241,0.230922,0.22133,88.89
2026-03-24,IWM,245.51,250.16,244.6,248.78,45210800,0.286105,0.232645,0.21775,89.29
2026-03-25,IWM,251.74,253.07,249.52,251.82,45671700,0.289368,0.234656,0.222702,89.29
2026-03-26,IWM,248.89,251.86,247.16,247.44,46830200,0.290753,0.23698,0.226847,89.29
2026-03-27,IWM,246.01,246.74,242.41,243.1,48114400,0.289316,0.237852,0.227113,88.49
2026-03-30,IWM,245.35,245.37,238.69,239.61,51290500,0.292219,0.240188,0.224952,89.29
2026-03-31,IWM,243.04,248.92,242.24,248.0,58660800,0.280571,0.242818,0.259036,86.11
2026-04-01,IWM,249.92,252.44,249.11,249.56,51295900,0.280362,0.243565,0.257239,85.71
2026-04-02,IWM,244.94,252.37,244.87,251.29,30369200,0.284171,0.24733,0.251147,86.51
2026-04-06,IWM,250.99,253.05,250.25,252.36,22151400,0.274302,0.247153,0.237708,83.33
2026-04-07,IWM,251.21,253.48,249.52,252.91,34881900,0.259057,0.24741,0.234589,76.98
2026-04-08,IWM,261.52,262.27,258.41,260.47,46680200,0.281345,0.257373,0.256946,86.51
2026-04-09,IWM,258.78,262.9,258.78,261.96,26758400,0.28153,0.257666,0.257053,86.9
2026-04-10,IWM,262.4,262.75,260.34,261.3,22365900,0.273667,0.257568,0.242361,83.73
2026-04-13,IWM,260.24,265.36,260.02,265.07,23820000,0.272049,0.25787,0.244601,82.94
2026-04-14,IWM,267.09,269.42,266.28,268.72,24270400,0.269124,0.258161,0.246405,82.54
2026-04-15,IWM,268.78,269.59,267.59,269.39,21670600,0.268331,0.25804,0.246435,82.14
2026-04-16,IWM,269.45,270.35,268.05,269.95,30847900,0.266119,0.254939,0.235058,81.75
2026-04-17,IWM,273.74,277.63,273.12,275.78,46462700,0.259166,0.255675,0.242424,77.38
2026-04-20,IWM,274.65,277.67,274.53,277.35,22993900,0.252789,0.255122,0.219657,76.19
2026-04-21,IWM,278.18,279.79,273.76,274.51,32235200,0.242372,0.256009,0.220507,73.81
2026-04-22,IWM,277.59,278.01,274.9,276.48,20274300,0.239026,0.257045,0.220617,73.02
2026-04-23,IWM,276.73,277.87,271.95,275.52,32886600,0.240413,0.258617,0.221137,73.81
2026-04-24,IWM,276.67,278.13,274.23,276.65,21568600,0.231808,0.258677,0.2053,68.25
2026-04-27,IWM,276.82,278.24,276.25,277.14,23399400,0.227381,0.256715,0.186828,63.89
2026-04-28,IWM,276.05,276.97,272.92,273.91,24139400,0.224552,0.255612,0.182958,62.7
2026-04-29,IWM,273.92,274.38,270.36,272.08,29428900,0.218092,0.255094,0.156636,59.92
2026-04-30,IWM,273.13,278.22,272.44,277.97,29220700,0.216674,0.25348,0.167581,59.52
2026-05-01,IWM,278.66,279.81,276.57,279.28,28936700,0.198755,0.250872,0.167499,48.81
2026-05-04,IWM,278.7,280.79,276.1,277.88,28632300,0.201555,0.24903,0.171445,50.79
2026-05-05,IWM,280.13,282.95,280.0,282.56,24863200,0.197887,0.246817,0.176166,48.81
2026-05-06,IWM,285.36,287.05,283.36,286.8,23330300,0.164632,0.247531,0.156431,23.81
2026-05-07,IWM,287.53,287.58,281.15,282.26,28350400,0.164123,0.248337,0.172833,23.41
2026-05-08,IWM,284.04,284.97,282.61,284.17,22474300,0.164384,0.245952,0.17151,24.21
2026-05-11,IWM,284.92,287.05,284.59,285.33,20150400,0.160818,0.24326,0.167288,20.63
2026-05-12,IWM,284.04,284.06,278.28,282.57,27404600,0.170875,0.243471,0.169353,31.75
2026-05-13,IWM,282.92,283.56,279.93,282.67,20742300,0.173158,0.24257,0.169526,37.3
2026-05-14,IWM,283.84,285.66,281.96,284.45,17428700,0.174313,0.241903,0.170073,40.87
2026-05-15,IWM,280.3,280.33,277.24,277.6,35408000,0.17703,0.243138,0.180381,42.86
2026-05-18,IWM,278.74,279.08,273.94,275.97,27243300,0.1794,0.242652,0.180505,44.05
2026-05-19,IWM,273.81,275.08,270.63,273.0,30276900,0.181559,0.242055,0.180904,46.03
2026-05-20,IWM,274.91,280.09,273.41,279.87,31562000,0.183332,0.243262,0.200405,46.83
2026-05-21,IWM,278.66,283.68,277.15,282.49,31680500,0.182806,0.243762,0.202084,46.83
2026-05-22,IWM,284.1,286.61,283.67,285.12,23849300,0.181732,0.24322,0.203876,46.43
2026-05-26,IWM,288.39,290.55,287.74,290.51,24506500,0.185484,0.242154,0.212854,48.02
2026-05-27,IWM,291.16,291.72,289.31,290.37,24519900,0.182659,0.239734,0.206642,47.22
2026-05-28,IWM,289.64,292.74,287.98,292.03,23710600,0.183398,0.230359,0.203651,48.41
2026-05-29,IWM,291.38,291.41,288.33,290.43,26952800,0.18279,0.229591,0.194514,47.62
2026-06-01,IWM,288.37,290.61,286.27,288.98,23826100,0.186154,0.22738,0.1959,49.6
2026-06-02,IWM,288.46,291.87,288.4,291.66,18378800,0.182769,0.222465,0.195938,47.62
2026-06-03,IWM,289.99,290.01,286.78,287.67,29167300,0.182887,0.215694,0.196339,48.81
2026-06-04,IWM,287.56,292.88,286.66,292.01,24307800,0.18104,0.214155,0.196415,45.24
2026-06-05,IWM,289.1,289.4,280.15,281.65,35812800,0.188769,0.216866,0.229609,51.98
2026-06-08,IWM,285.51,286.84,283.58,284.11,27277400,0.194849,0.215419,0.230485,55.95
2026-06-09,IWM,287.18,290.87,277.62,285.02,41761300,0.226997,0.223987,0.2303,75.4
2026-06-10,IWM,284.59,289.0,281.76,282.05,39285000,0.228362,0.225388,0.230735,76.59
2026-06-11,IWM,284.44,291.06,284.07,290.41,41468800,0.231206,0.22646,0.253123,80.16
2026-06-12,IWM,291.63,295.72,290.31,292.95,34415200,0.233286,0.226735,0.253897,81.35
2026-06-15,IWM,296.56,297.91,293.92,294.64,23889000,0.230749,0.22348,0.235038,78.97
2026-06-16,IWM,295.5,296.8,291.58,292.08,23807700,0.229643,0.221568,0.236668,77.38
2026-06-17,IWM,292.47,295.82,288.93,289.88,39920100,0.230353,0.218355,0.234446,77.78
2026-06-18,IWM,294.55,295.97,291.42,295.59,32463200,0.234198,0.219004,0.228529,82.54
2026-06-22,IWM,297.13,299.49,296.16,298.18,22796200,0.229297,0.217782,0.228311,75.79
2026-06-23,IWM,293.26,297.75,292.4,295.32,26821700,0.241872,0.218817,0.230949,85.71
2026-06-24,IWM,295.88,299.69,294.69,296.69,28664900,0.242134,0.218551,0.222475,85.71
2026-06-25,IWM,299.52,301.5,296.73,298.91,27599900,0.245828,0.217876,0.22353,86.11
2026-06-26,IWM,296.6,300.03,295.73,299.83,39832500,0.246696,0.216001,0.223061,86.11
2026-06-29,IWM,298.11,299.16,294.68,298.97,24834100,0.249767,0.216594,0.222192,86.11
2026-06-30,IWM,298.56,300.98,297.44,300.45,23230300,0.24678,0.211005,0.221162,85.71
2026-07-01,IWM,299.93,302.72,298.92,299.32,20607900,0.248469,0.211554,0.220295,85.71
2026-07-02,IWM,300.54,302.23,294.98,297.58,21178900,0.251787,0.212468,0.214823,86.11
2026-07-06,IWM,297.75,300.41,297.62,298.9,18581300,0.249368,0.201491,0.209368,85.32
2026-07-07,IWM,299.17,299.97,295.18,296.19,18057100,0.240478,0.200982,0.162201,81.75
2026-07-08,IWM,294.03,295.1,290.68,293.48,24078400,0.241089,0.20262,0.165555,82.14
2026-07-09,IWM,295.27,297.88,294.9,297.24,16466800,0.212354,0.201997,0.170153,59.92
2026-07-10,IWM,297.69,298.21,293.62,295.99,15888500,0.205032,0.202268,0.165401,54.37
2026-07-13,IWM,295.06,295.78,292.6,293.48,19375500,0.20133,0.202623,0.135917,51.98
2026-07-14,IWM,295.49,296.07,293.75,294.51,18326900,0.198002,0.202768,0.132985,50.0
2026-07-15,IWM,295.25,297.14,294.15,295.77,18832700,0.19307,0.200462,0.132276,47.22
2026-07-16,IWM,294.65,297.81,294.35,295.59,24081300,0.192728,0.200891,0.128089,46.03
2026-07-17,IWM,292.03,296.13,291.64,294.04,28738500,0.193042,0.202178,0.126393,46.83
2026-07-20,IWM,295.01,295.99,292.18,292.31,20539900,0.18106,0.201093,0.10697,39.29
2026-07-21,IWM,293.43,296.75,292.68,296.54,18190200,0.180522,0.199332,0.115036,37.7
2026-07-22,IWM,295.7,296.44,293.41,293.79,19116000,0.167113,0.198785,0.114695,26.98
2026-07-23,IWM,290.87,293.01,290.17,292.09,27795100,0.166677,0.200176,0.114776,25.79
2026-07-24,IWM,293.41,293.97,290.48,291.17,19771000,0.161009,0.199748,0.110788,20.63
2026-07-27,IWM,293.98,295.52,291.11,292.91,19445500,0.164508,0.200568,0.112758,24.21
2026-07-28,IWM,293.16,293.77,290.38,293.37,20531100,0.160846,0.200312,0.112969,20.24
2026-07-29,IWM,292.49,293.67,288.26,288.57,33297400,0.162752,0.200759,0.123312,21.43
2026-07-30,IWM,291.15,292.84,288.96,292.59,22198800,0.165511,0.201001,0.13525,24.6
2026-07-31,IWM,293.56,293.95,287.83,291.2,28350700,0.164878,0.202499,0.134811,24.21
2026-08-03,IWM,292.9,296.66,292.4,296.22,23175700,0.166505,0.201642,0.14848,25.4
2026-08-04,IWM,297.59,302.39,297.22,301.71,20751800,0.166905,0.201208,0.158892,26.98
2026-08-05,IWM,302.43,303.06,299.75,299.77,17791000,0.160889,0.200926,0.156863,19.44
2026-08-06,IWM,299.6,301.38,297.95,298.25,16314100,0.161163,0.201119,0.151953,20.63
2026-08-07,IWM,300.46,302.03,299.8,301.56,18416800,0.159194,0.198578,0.155715,14.68
2026-08-10,IWM,300.51,301.39,299.08,299.98,16226900,0.158645,0.198053,0.153504,14.68
2026-08-11,IWM,300.93,301.99,300.6,300.99,14942800,0.157025,0.19733,0.153475,12.7
2026-08-12,IWM,303.02,303.41,301.0,302.71,15480600,0.15786,0.195019,0.153951,14.29
2026-08-13,IWM,304.04,305.05,302.72,303.5,14719300,0.154925,0.193828,0.153884,11.11
2026-08-14,IWM,303.28,305.18,302.74,305.09,13163400,0.142745,0.191829,0.152433,2.78
2026-08-17,IWM,303.96,304.33,303.23,304.06,14546800,0.142379,0.189999,0.15099,2.78
2026-08-18,IWM,302.45,303.15,300.11,300.23,18263700,0.143461,0.188457,0.152053,4.76
2026-08-19,IWM,302.88,303.41,301.23,301.72,14995700,0.143957,0.188537,0.14807,5.95
2026-08-20,IWM,299.27,300.04,297.04,297.67,21638700,0.141867,0.188399,0.155349,2.38
2026-08-21,IWM,299.85,300.33,298.17,299.96,22933800,0.142284,0.188852,0.156305,3.17
2024-08-22,SPY,562.56,563.18,554.98,556.22,56121500,,,,
2024-08-23,SPY,559.53,563.09,557.29,562.13,50639400,,,,
2024-08-26,SPY,563.18,563.91,559.05,560.79,35788600,,,,
2024-08-27,SPY,559.49,562.06,558.32,561.56,32693900,,,,
2024-08-28,SPY,561.21,561.65,555.04,558.3,41066000,,,,
2024-08-29,SPY,560.31,563.68,557.18,558.35,38715200,,,,
2024-08-30,SPY,560.77,564.2,557.14,563.68,62700100,,,,
2024-09-03,SPY,560.47,560.81,549.51,552.08,60600100,,,,
2024-09-04,SPY,550.2,554.43,549.46,550.95,47224900,,,,
2024-09-05,SPY,550.89,553.8,547.1,549.61,44264300,,,,
2024-09-06,SPY,549.94,551.6,539.44,540.36,68493800,,,,
2024-09-09,SPY,544.65,547.71,542.68,546.41,40445800,,,,
2024-09-10,SPY,548.36,549.15,543.38,548.79,36394600,,,,
2024-09-11,SPY,548.7,555.36,539.96,554.42,75248600,,,,
2024-09-12,SPY,555.01,559.4,552.74,559.09,51819600,,,,
2024-09-13,SPY,559.71,563.03,559.45,562.01,39310500,,,,
2024-09-16,SPY,561.74,563.11,559.9,562.84,36656100,,,,
2024-09-17,SPY,565.1,566.58,560.79,563.07,49321000,,,,
2024-09-18,SPY,563.74,568.69,560.83,561.4,59044900,,,,
2024-09-19,SPY,571.01,572.88,568.08,570.98,75315500,,,,
2024-09-20,SPY,567.84,569.31,565.17,568.25,77503100,0.156368,,0.146407,
2024-09-23,SPY,569.34,570.33,568.1,569.67,44116900,0.154096,,0.142204,
2024-09-24,SPY,570.48,571.36,567.6,571.3,46805700,0.154145,,0.141929,
2024-09-25,SPY,571.14,571.89,568.91,570.04,38428600,0.153396,,0.142348,
2024-09-26,SPY,574.38,574.71,569.9,572.3,48336000,0.153333,,0.140582,
2024-09-27,SPY,573.39,574.22,570.42,571.47,42100900,0.151349,,0.140855,
2024-09-30,SPY,570.42,574.38,568.08,573.76,63557400,0.150481,,0.137857,
2024-10-01,SPY,573.4,574.06,566.0,568.62,72668800,0.146205,,0.118213,
2024-10-02,SPY,567.71,569.9,565.27,568.86,38097800,0.144843,,0.11756,
2024-10-03,SPY,567.36,569.8,565.49,567.82,40846500,0.143958,,0.117303,
2024-10-04,SPY,572.35,573.36,568.1,572.98,42939100,0.142325,,0.097214,
2024-10-07,SPY,571.3,571.96,566.63,567.8,49964700,0.141485,,0.100999,
2024-10-08,SPY,570.42,573.78,569.53,573.17,37398700,0.138945,,0.104165,
2024-10-09,SPY,573.16,577.71,572.55,577.14,37912200,0.120607,,0.10141,
2024-10-10,SPY,575.77,577.58,574.49,576.13,44138100,0.119402,,0.099314,
2024-10-11,SPY,576.05,580.33,575.91,579.58,42268000,0.11962,,0.099727,
2024-10-14,SPY,581.22,585.27,580.73,584.32,36217200,0.119581,,0.102444,
2024-10-15,SPY,584.59,584.9,578.54,579.78,54203600,0.118814,,0.107993,
2024-10-16,SPY,579.78,582.83,578.96,582.3,30725400,0.114007,,0.107127,
2024-10-17,SPY,585.91,586.12,582.16,582.35,34393700,0.098604,,0.091144,
2024-10-18,SPY,584.07,585.39,582.58,584.59,37416800,0.094853,,0.089011,
2024-10-21,SPY,583.85,584.85,580.6,583.63,36439000,0.096628,,0.089557,
2024-10-22,SPY,581.05,584.5,580.38,583.32,34183800,0.097862,,0.089538,
2024-10-23,SPY,581.26,581.71,574.42,577.99,49314600,0.10285,,0.096074,
2024-10-24,SPY,579.98,580.06,576.57,579.24,34979900,0.099622,,0.095474,
2024-10-25,SPY,581.51,584.46,578.08,579.04,47268200,0.102494,,0.095239,
2024-10-28,SPY,582.58,582.71,580.52,580.83,30174700,0.101244,,0.094869,
2024-10-29,SPY,579.85,582.91,578.43,581.77,42899700,0.098472,,0.087827,
2024-10-30,SPY,581.29,583.32,579.29,580.01,41435800,0.097705,,0.089049,
2024-10-31,SPY,575.56,575.63,568.44,568.64,60182500,0.101773,,0.115466,
2024-11-01,SPY,571.32,575.55,570.62,571.04,45667500,0.098965,,0.111696,
2024-11-04,SPY,571.18,572.5,567.89,569.81,38217000,0.098153,,0.106972,
2024-11-05,SPY,570.74,576.74,570.52,576.7,39478300,0.097346,,0.110305,
2024-11-06,SPY,589.2,591.93,585.39,591.04,68182000,0.124385,,0.138513,
2024-11-07,SPY,593.08,596.65,593.0,595.61,47233200,0.123644,,0.139908,
2024-11-08,SPY,596.17,599.64,596.17,598.19,46444900,0.123392,,0.139357,
2024-11-11,SPY,599.81,600.17,597.0,598.76,37586800,0.123081,,0.137184,
2024-11-12,SPY,598.68,599.29,594.37,596.9,43006100,0.12314,,0.134069,
2024-11-13,SPY,597.37,599.23,594.96,597.19,47388600,0.123394,,0.133668,
2024-11-14,SPY,597.32,597.81,592.65,593.35,38904100,0.123026,,0.136417,
2024-11-15,SPY,589.72,590.2,583.86,585.75,75988800,0.127306,0.127747,0.144388,
2024-11-18,SPY,586.22,589.49,585.34,588.15,37001700,0.126572,0.127006,0.144903,
2024-11-19,SPY,584.71,591.04,584.03,590.3,49412000,0.128481,0.127987,0.145311,
2024-11-20,SPY,590.38,590.79,584.63,590.5,50032600,0.127985,0.128911,0.140674,
2024-11-21,SPY,593.4,595.12,587.45,593.67,46750300,0.131968,0.129626,0.141456,
2024-11-22,SPY,593.66,596.15,593.15,595.51,38226400,0.129656,0.128718,0.141475,
2024-11-25,SPY,599.52,600.86,595.2,597.53,42441400,0.13157,0.128438,0.141526,
2024-11-26,SPY,598.8,601.33,598.07,600.65,45621300,0.130504,0.125804,0.142166,
2024-11-27,SPY,600.46,600.85,597.28,598.83,34000200,0.130074,0.124953,0.142168,
2024-11-29,SPY,599.66,603.35,599.38,602.55,30177400,0.124612,0.124073,0.118208,
2024-12-02,SPY,602.97,604.32,602.47,603.63,31746000,0.121834,0.121959,0.118163,
2024-12-03,SPY,603.39,604.16,602.34,603.91,26906600,0.12074,0.120766,0.117074,
2024-12-04,SPY,605.63,607.91,604.95,607.66,42787600,0.120242,0.119471,0.112807,
2024-12-05,SPY,607.66,608.48,606.3,606.66,28762200,0.091607,0.112383,0.078246,
2024-12-06,SPY,607.44,609.07,607.02,607.81,31241500,0.09066,0.111521,0.074577,
2024-12-09,SPY,607.69,607.86,604.08,604.68,34742700,0.090463,0.111497,0.076569,
2024-12-10,SPY,605.37,605.8,602.13,602.8,37234500,0.089948,0.111325,0.077631,
2024-12-11,SPY,605.78,608.43,605.5,607.46,28677700,0.089677,0.110797,0.08069,
2024-12-12,SPY,606.58,607.16,604.33,604.33,31543800,0.088871,0.10908,0.083498,
2024-12-13,SPY,606.4,607.13,602.81,604.21,35904700,0.089322,0.103935,0.079348,1.67
2024-12-16,SPY,606.0,607.78,605.21,606.79,43695200,0.08324,0.102695,0.061033,0.0
2024-12-17,SPY,604.19,605.17,602.89,604.29,55773500,0.084656,0.103293,0.06379,1.61
2024-12-18,SPY,603.98,606.41,585.89,586.28,108248700,0.09662,0.107918,0.128412,15.87
2024-12-19,SPY,591.36,593.0,585.85,586.1,85919500,0.096979,0.109556,0.128387,18.75
2024-12-20,SPY,581.77,595.75,580.91,591.15,125716700,0.109016,0.1137,0.130784,38.46
2024-12-23,SPY,590.89,595.3,587.66,594.69,57635800,0.112586,0.114708,0.132139,39.39
2024-12-24,SPY,596.06,601.34,595.47,601.3,33160100,0.109939,0.114108,0.137493,38.81
2024-12-26,SPY,599.5,602.48,598.08,601.34,41219100,0.111241,0.113436,0.136272,39.71
2024-12-27,SPY,597.54,597.78,590.76,595.01,64969300,0.117157,0.115119,0.141092,43.48
2024-12-30,SPY,587.89,591.74,584.41,588.22,56578800,0.127571,0.118678,0.144181,70.0
2024-12-31,SPY,589.91,590.64,584.42,586.08,57052700,0.129582,0.117475,0.143975,73.24
2025-01-02,SPY,589.39,591.13,580.5,584.64,50204000,0.137018,0.11948,0.143827,80.56
2025-01-03,SPY,587.53,592.6,586.43,591.95,37888500,0.138973,0.119777,0.149894,82.19
2025-01-06,SPY,596.27,599.7,593.6,595.36,47679400,0.143158,0.120934,0.151955,85.14
2025-01-07,SPY,597.42,597.75,586.78,588.63,60393100,0.146754,0.122104,0.155915,89.33
2025-01-08,SPY,588.7,590.58,585.2,589.49,47304700,0.1483,0.122552,0.155682,89.47
2025-01-10,SPY,585.88,585.95,578.55,580.49,73105000,0.151697,0.123838,0.163505,92.21
2025-01-13,SPY,575.77,581.75,575.35,581.39,47910100,0.154321,0.125173,0.160144,97.44
2025-01-14,SPY,584.36,585.0,578.35,582.19,48420600,0.157877,0.126304,0.160217,98.73
2025-01-15,SPY,590.33,593.94,589.2,592.78,56900200,0.165449,0.128918,0.175102,98.75
2025-01-16,SPY,594.17,594.35,590.93,591.64,43319700,0.165329,0.128853,0.174032,97.53
2025-01-17,SPY,596.96,599.36,595.61,597.58,58070600,0.167421,0.129624,0.178118,98.78
2025-01-21,SPY,600.67,603.06,598.67,603.05,42532900,0.158954,0.129452,0.142269,95.18
2025-01-22,SPY,605.92,607.82,605.36,606.44,48196000,0.155727,0.128222,0.142869,91.67
2025-01-23,SPY,605.8,609.75,605.52,609.75,41152100,0.143835,0.128029,0.141293,75.29
2025-01-24,SPY,609.81,610.78,606.8,607.97,34604700,0.141397,0.127357,0.141128,70.93
2025-01-27,SPY,594.81,599.69,594.64,599.37,70361100,0.16364,0.135671,0.145963,95.4
2025-01-28,SPY,600.62,605.37,597.25,604.52,44433300,0.16535,0.136391,0.149213,96.59
2025-01-29,SPY,603.72,604.13,599.22,601.81,37177400,0.161858,0.136574,0.144844,93.26
2025-01-30,SPY,603.96,606.6,600.72,605.04,39281300,0.153807,0.13577,0.13846,84.44
2025-01-31,SPY,607.5,609.96,601.05,601.82,66566900,0.155378,0.136016,0.139406,87.91
2025-02-03,SPY,592.67,600.29,590.49,597.77,65857200,0.164355,0.141116,0.141764,94.57
2025-02-04,SPY,597.83,602.3,597.28,601.78,33457800,0.163036,0.141079,0.137074,92.47
2025-02-05,SPY,600.64,604.37,598.58,604.22,30653100,0.16053,0.134,0.136396,90.43
2025-02-06,SPY,605.99,606.45,602.63,606.32,35771500,0.157839,0.134221,0.128891,87.37
2025-02-07,SPY,606.89,608.13,600.05,600.77,50788500,0.158273,0.134744,0.134347,88.54
2025-02-10,SPY,604.03,605.5,602.74,604.85,26048700,0.155925,0.134991,0.120975,84.54
2025-02-11,SPY,602.55,605.86,602.43,605.31,30056700,0.152828,0.134913,0.121051,75.51
2025-02-12,SPY,599.2,604.55,598.51,603.36,45076100,0.154919,0.136734,0.122468,81.82
2025-02-13,SPY,604.48,609.94,603.2,609.73,40921300,0.146539,0.136974,0.111671,69.0
2025-02-14,SPY,609.94,610.99,609.07,609.7,26910400,0.145842,0.135786,0.111125,67.33
2025-02-18,SPY,610.88,611.49,608.38,611.49,26749000,0.141771,0.135819,0.106712,61.76
2025-02-19,SPY,610.08,613.23,609.56,612.93,31011100,0.139209,0.134923,0.102644,59.22
2025-02-20,SPY,611.54,611.68,607.02,610.38,36554000,0.138643,0.134285,0.102454,56.73
2025-02-21,SPY,610.16,610.3,599.47,599.94,76519800,0.141366,0.133328,0.117918,60.0
2025-02-24,SPY,602.02,603.03,596.49,597.21,50737200,0.143277,0.133867,0.118449,65.09
2025-02-25,SPY,597.15,597.89,589.56,594.24,58266500,0.125972,0.134145,0.108768,43.93
2025-02-26,SPY,595.93,599.58,591.86,594.54,43321600,0.126074,0.135148,0.103577,44.44
2025-02-27,SPY,596.85,598.02,584.65,585.05,74196700,0.130514,0.136735,0.116401,53.21
2025-02-28,SPY,585.56,594.72,582.44,594.18,88744100,0.134352,0.138609,0.129077,55.45
2025-03-03,SPY,596.18,597.34,579.9,583.77,74249200,0.142611,0.14252,0.141526,64.86
2025-03-04,SPY,579.71,585.39,572.25,576.86,109648200,0.139143,0.14633,0.145188,58.93
2025-03-05,SPY,576.69,584.88,573.08,583.06,71230500,0.14505,0.148267,0.148933,69.91
2025-03-06,SPY,575.48,580.17,570.12,572.71,80094900,0.155927,0.152446,0.158046,86.84
2025-03-07,SPY,570.9,577.39,565.63,575.92,81158800,0.16177,0.154947,0.159313,92.17
2025-03-10,SPY,567.59,569.54,555.59,560.58,99326600,0.175434,0.16066,0.18028,99.14
2025-03-11,SPY,559.4,564.02,552.02,555.92,88102100,0.179688,0.162956,0.176856,99.15
2025-03-12,SPY,562.17,563.11,553.69,558.87,69588200,0.189609,0.165938,0.179263,99.15
2025-03-13,SPY,558.49,559.11,549.68,551.42,74079400,0.187764,0.16682,0.182312,98.32
2025-03-14,SPY,556.11,563.83,551.49,562.81,62660300,0.195636,0.169785,0.196063,99.17
2025-03-17,SPY,562.79,569.71,562.35,567.15,49008700,0.197711,0.170346,0.200012,99.17
2025-03-18,SPY,564.8,565.02,559.06,561.02,66041400,0.198347,0.17072,0.200017,99.18
2025-03-19,SPY,562.83,570.95,561.63,567.13,66556000,0.201992,0.169058,0.205939,99.19
2025-03-20,SPY,563.33,570.57,562.6,565.49,62958200,0.205441,0.169345,0.205965,99.19
2025-03-21,SPY,559.28,564.89,558.03,563.98,83763000,0.208814,0.16799,0.199762,99.2
2025-03-24,SPY,570.8,575.15,570.2,574.08,58766800,0.213432,0.169387,0.212854,99.21
2025-03-25,SPY,575.3,576.41,573.69,575.46,38355700,0.211148,0.169244,0.213083,98.43
2025-03-26,SPY,575.19,576.33,567.19,568.59,51848300,0.210655,0.169763,0.216049,97.66
2025-03-27,SPY,567.18,570.9,564.94,567.08,42164200,0.208379,0.169072,0.209791,96.12
2025-03-28,SPY,565.53,566.27,555.07,555.66,71662700,0.206402,0.167525,0.209732,95.38
2025-03-31,SPY,549.83,560.71,546.87,559.39,95328200,0.206144,0.170692,0.20545,94.66
2025-04-01,SPY,557.45,562.94,553.68,560.97,54609600,0.202164,0.17015,0.202791,93.18
2025-04-02,SPY,555.05,567.42,554.81,564.52,76014500,0.204226,0.172426,0.199903,93.23
2025-04-03,SPY,545.11,547.97,536.7,536.7,125986000,0.232252,0.18625,0.259761,99.25
2025-04-04,SPY,523.67,525.87,505.06,505.28,217965100,0.247886,0.194641,0.326759,99.26
2025-04-07,SPY,489.19,523.17,481.8,504.38,256611400,0.32134,0.231342,0.317964,99.26
2025-04-08,SPY,521.86,524.98,489.16,496.48,165816600,0.372971,0.254898,0.320005,99.27
2025-04-09,SPY,493.44,548.62,493.05,548.62,241867300,0.39448,0.268246,0.492496,99.28
2025-04-10,SPY,532.17,533.5,509.32,524.58,162331200,0.421447,0.28261,0.51514,99.28
2025-04-11,SPY,523.01,536.43,520.07,533.94,97866300,0.419574,0.282562,0.513601,98.57
2025-04-14,SPY,544.05,544.28,533.86,539.12,68034000,0.430608,0.286987,0.514174,99.29
2025-04-15,SPY,539.67,543.23,536.81,537.61,56892900,0.431611,0.286495,0.513236,99.3
2025-04-16,SPY,531.68,537.89,520.29,525.66,83484800,0.435843,0.289633,0.515692,99.3
2025-04-17,SPY,527.64,531.17,523.91,526.41,79868100,0.436943,0.290067,0.51602,99.31
2025-04-21,SPY,521.16,521.7,508.46,513.88,69368100,0.440135,0.292291,0.521096,99.31
2025-04-22,SPY,520.14,529.3,519.19,527.25,75948100,0.441381,0.294506,0.526355,99.32
2025-04-23,SPY,540.43,545.43,533.88,535.42,90590700,0.456214,0.298231,0.53053,99.32
2025-04-24,SPY,536.72,547.43,535.45,546.69,64150400,0.457061,0.298533,0.536404,99.32
2025-04-25,SPY,546.65,551.05,543.69,550.64,61119600,0.457489,0.298833,0.537376,99.33
2025-04-28,SPY,551.39,553.55,545.02,550.85,47613800,0.458222,0.299255,0.532737,99.33
2025-04-29,SPY,548.91,555.45,548.55,554.32,47775100,0.455622,0.298777,0.532666,96.69
2025-04-30,SPY,547.57,556.52,541.52,554.54,93101500,0.459163,0.299684,0.532538,99.34
2025-05-01,SPY,560.37,564.07,557.86,558.47,63186100,0.460358,0.301066,0.532674,99.35
2025-05-02,SPY,564.73,568.38,562.38,566.76,60717300,0.445345,0.302317,0.500855,94.81
2025-05-05,SPY,562.57,566.65,561.7,563.51,38659200,0.432108,0.302466,0.443966,91.61
2025-05-06,SPY,557.93,563.35,556.96,558.8,48264700,0.373063,0.303027,0.44601,87.82
2025-05-07,SPY,560.15,563.82,556.04,561.15,55588000,0.325204,0.303302,0.439173,86.62
2025-05-08,SPY,565.24,570.31,561.7,565.06,65130800,0.295087,0.30453,0.265724,85.44
2025-05-09,SPY,566.48,567.5,562.76,564.34,37603400,0.243322,0.304146,0.202583,84.28
2025-05-12,SPY,581.47,583.0,577.04,582.99,78993600,0.256364,0.31111,0.222102,85.0
2025-05-13,SPY,583.41,589.08,582.84,586.84,67947200,0.246723,0.311368,0.221403,83.85
2025-05-14,SPY,587.81,588.98,585.54,587.59,66283500,0.245299,0.311342,0.220151,83.33
2025-05-15,SPY,585.56,590.97,585.1,590.46,71268100,0.229523,0.311458,0.195854,81.6
2025-05-16,SPY,591.25,594.5,589.28,594.2,76052100,0.228016,0.311441,0.195169,81.1
2025-05-19,SPY,588.1,595.54,588.1,594.85,68168500,0.220861,0.311788,0.161067,80.61
2025-05-20,SPY,593.09,594.05,589.6,592.85,60614500,0.217323,0.311618,0.149738,80.12
2025-05-21,SPY,588.44,592.58,581.82,582.86,95197700,0.201026,0.31209,0.165698,73.05
2025-05-22,SPY,582.66,586.62,581.41,583.09,70860400,0.199115,0.311753,0.154036,72.62
2025-05-23,SPY,575.98,581.81,575.6,579.11,76029000,0.203557,0.311839,0.157264,74.56
2025-05-27,SPY,586.07,591.31,578.43,591.15,72588500,0.211793,0.313912,0.169485,79.41
2025-05-28,SPY,591.56,592.77,586.99,587.73,68445500,0.211311,0.312181,0.172289,78.95
2025-05-29,SPY,593.06,593.2,586.07,590.05,69973300,0.200805,0.311791,0.172058,71.51
2025-05-30,SPY,588.93,591.13,583.24,589.39,90601200,0.199514,0.311472,0.172012,71.1
2025-06-02,SPY,587.76,592.79,585.06,592.71,61630500,0.196809,0.31004,0.166504,68.97
2025-06-03,SPY,592.34,597.08,591.85,596.09,63606200,0.194046,0.308961,0.164158,68.0
2025-06-04,SPY,596.96,597.95,595.49,595.93,57314200,0.187728,0.306161,0.159264,66.48
2025-06-05,SPY,597.63,599.0,591.05,593.05,92278700,0.187093,0.305381,0.16174,66.1
2025-06-06,SPY,598.66,600.83,596.86,599.14,66588700,0.185275,0.304261,0.163272,65.73
2025-06-09,SPY,599.72,601.25,598.49,599.68,53016400,0.184591,0.303742,0.16271,65.36
2025-06-10,SPY,600.22,603.47,599.09,603.08,66247000,0.148582,0.301991,0.120679,47.22
2025-06-11,SPY,604.19,605.06,599.27,601.36,73658200,0.148604,0.30191,0.120258,47.51
2025-06-12,SPY,600.01,603.75,599.52,603.75,64129000,0.148342,0.301593,0.120653,46.7
2025-06-13,SPY,598.5,601.85,595.48,597.0,89506000,0.152358,0.301523,0.127775,49.73
2025-06-16,SPY,600.4,604.45,600.22,602.68,79984100,0.153424,0.301016,0.130132,51.63
2025-06-17,SPY,600.21,601.75,596.76,597.53,82209400,0.149372,0.300268,0.13422,47.57
2025-06-18,SPY,598.44,601.22,596.47,597.44,76605000,0.148991,0.299196,0.133562,47.31
2025-06-20,SPY,598.38,599.46,592.86,594.28,94051400,0.142193,0.299401,0.119042,38.5
2025-06-23,SPY,595.04,600.54,591.89,600.15,87426000,0.143802,0.299414,0.123079,40.96
2025-06-24,SPY,604.33,607.85,603.41,606.78,67735300,0.135229,0.299593,0.123427,32.8
2025-06-25,SPY,607.91,608.61,605.54,607.12,62114800,0.117241,0.299041,0.102936,16.32
2025-06-26,SPY,608.99,612.31,608.37,611.87,78548400,0.11636,0.297248,0.101742,15.71
2025-06-27,SPY,612.88,616.39,610.83,614.91,86258400,0.110392,0.29667,0.102061,14.06
2025-06-30,SPY,617.38,619.22,615.04,617.85,92502500,0.105841,0.295216,0.101766,12.95
2025-07-01,SPY,616.36,618.83,615.52,617.65,70030100,0.102648,0.285292,0.101427,12.37
2025-07-02,SPY,617.24,620.49,616.61,620.45,66510400,0.101895,0.277816,0.100958,11.79
2025-07-03,SPY,622.45,626.28,622.43,625.34,51065800,0.102288,0.246243,0.102635,12.24
2025-07-07,SPY,623.36,624.03,617.87,620.68,74814500,0.102222,0.223401,0.105492,12.18
2025-07-08,SPY,621.35,622.11,619.52,620.34,59024600,0.096701,0.20695,0.101594,6.06
2025-07-09,SPY,622.77,624.72,620.91,624.06,66113300,0.097791,0.183584,0.102633,8.04
2025-07-10,SPY,624.2,626.87,623.01,625.82,57529000,0.097696,0.180263,0.101781,7.5
2025-07-11,SPY,622.74,624.86,621.53,623.62,63670200,0.098064,0.17509,0.102215,9.45
2025-07-14,SPY,623.16,625.16,621.8,624.81,51898500,0.097803,0.174426,0.101902,8.91
2025-07-15,SPY,627.52,627.86,622.06,622.14,74317300,0.089876,0.167465,0.092747,2.46
2025-07-16,SPY,623.74,624.73,618.05,624.22,88987500,0.092677,0.167367,0.088719,4.9
2025-07-17,SPY,624.4,628.4,624.18,628.04,68885700,0.089478,0.162305,0.081001,1.95
2025-07-18,SPY,629.3,629.47,626.46,627.58,65621600,0.088016,0.159582,0.081278,0.97
2025-07-21,SPY,628.77,631.54,628.34,628.77,63375000,0.08622,0.149507,0.076003,0.97
2025-07-22,SPY,629.1,629.73,626.19,628.86,60046300,0.081949,0.148241,0.071819,0.0
2025-07-23,SPY,631.55,634.21,629.73,634.21,70511000,0.080157,0.147671,0.068268,0.0
2025-07-24,SPY,634.6,636.15,633.99,634.42,71307100,0.079701,0.146005,0.068346,0.0
2025-07-25,SPY,635.09,637.58,634.84,637.1,56865400,0.07888,0.145234,0.065587,0.0
2025-07-28,SPY,637.48,638.04,635.54,636.94,54917100,0.076884,0.138287,0.065098,0.0
2025-07-29,SPY,638.35,638.67,634.34,635.26,60556300,0.075701,0.136224,0.065864,0.0
2025-07-30,SPY,635.92,637.68,631.54,634.46,80418900,0.077169,0.13455,0.06627,0.93
2025-07-31,SPY,639.46,639.85,630.77,632.08,103385200,0.083656,0.134368,0.067506,3.72
2025-08-01,SPY,626.3,626.34,619.29,621.72,140103600,0.093585,0.133718,0.086997,10.19
2025-08-04,SPY,625.67,631.22,625.58,631.17,73218000,0.092509,0.13296,0.098391,9.68
2025-08-05,SPY,631.79,632.61,627.04,627.97,68051400,0.093579,0.131117,0.100532,10.55
2025-08-06,SPY,629.05,633.44,628.13,632.78,64357500,0.093413,0.130966,0.101863,10.5
2025-08-07,SPY,636.24,636.98,629.11,632.25,74205800,0.097503,0.116768,0.101679,14.55
2025-08-08,SPY,634.06,637.65,633.74,637.18,64051600,0.094531,0.116259,0.103619,11.76
2025-08-11,SPY,637.46,638.95,634.66,635.92,58742300,0.09453,0.116293,0.104122,11.71
2025-08-12,SPY,638.29,642.85,636.79,642.69,64730800,0.095267,0.116188,0.107663,13.0
2025-08-13,SPY,644.91,646.19,642.68,644.89,60092800,0.090945,0.116025,0.10768,8.93
2025-08-14,SPY,642.79,645.62,642.34,644.95,59327500,0.09249,0.113576,0.106475,9.78
2025-08-15,SPY,645.99,646.09,642.52,643.44,68592500,0.092524,0.112888,0.107041,10.62
2025-08-18,SPY,642.86,644.0,642.18,643.3,43804900,0.092052,0.109125,0.107135,9.69
2025-08-19,SPY,643.12,644.11,638.48,639.81,69750700,0.092679,0.108849,0.109629,11.84
2025-08-20,SPY,639.4,639.66,632.95,638.11,88890300,0.095782,0.105739,0.106458,15.28
2025-08-21,SPY,636.28,637.97,633.81,635.55,54805800,0.097643,0.098815,0.107559,18.26
2025-08-22,SPY,637.76,646.5,637.25,645.31,84083200,0.100999,0.099341,0.119612,23.38
2025-08-25,SPY,644.04,645.29,642.35,642.47,51274300,0.101691,0.096785,0.120928,24.14
2025-08-26,SPY,642.2,645.51,641.57,645.16,51581600,0.101602,0.094731,0.121052,24.03
2025-08-27,SPY,644.57,647.37,644.42,646.63,48341100,0.099712,0.093247,0.120915,23.08
2025-08-28,SPY,647.24,649.48,645.34,648.92,61519500,0.093949,0.093082,0.119915,13.19
2025-08-29,SPY,647.47,647.84,643.14,645.05,74522200,0.085548,0.093657,0.103877,4.24
2025-09-02,SPY,637.5,640.49,634.92,640.27,81983500,0.095393,0.096567,0.09628,15.61
2025-09-03,SPY,642.67,644.21,640.46,643.74,70820900,0.095736,0.095053,0.095093,15.97
2025-09-04,SPY,644.42,649.15,643.51,649.12,65219200,0.095449,0.095233,0.095739,15.9
2025-09-05,SPY,651.48,652.21,643.33,647.24,85178900,0.095481,0.096811,0.096619,16.25
2025-09-08,SPY,648.62,649.84,647.23,648.83,63133100,0.095163,0.096201,0.093601,14.94
2025-09-09,SPY,648.97,650.86,647.22,650.33,66133900,0.094785,0.096087,0.093085,14.46
2025-09-10,SPY,653.62,654.55,650.63,652.21,78034500,0.094944,0.093577,0.086472,15.23
2025-09-11,SPY,654.18,658.33,653.59,657.63,69934400,0.094722,0.093042,0.090114,14.34
2025-09-12,SPY,657.6,659.11,656.9,657.41,72780100,0.093865,0.092018,0.090183,13.06
2025-09-15,SPY,659.64,661.04,659.34,660.91,63772400,0.093821,0.091479,0.090559,13.01
2025-09-16,SPY,661.47,661.78,659.21,660.0,61169000,0.093942,0.090671,0.090916,13.77
2025-09-17,SPY,660.01,661.72,654.3,659.18,101952200,0.096402,0.090394,0.087974,19.76
2025-09-18,SPY,661.89,664.89,660.27,662.26,90459200,0.093844,0.089877,0.087227,13.25
2025-09-19,SPY,662.33,664.55,660.37,663.7,97945600,0.092838,0.089999,0.084417,11.6
2025-09-22,SPY,662.2,667.29,662.17,666.84,69452200,0.090281,0.090127,0.069804,7.57
2025-09-23,SPY,666.72,667.34,661.98,663.21,81708900,0.090765,0.089884,0.071096,8.73
2025-09-24,SPY,664.51,664.61,659.67,661.1,68082200,0.091544,0.089631,0.072334,9.52
2025-09-25,SPY,657.94,659.41,654.41,658.05,89622100,0.095014,0.090558,0.075092,18.65
2025-09-26,SPY,659.51,662.37,657.88,661.82,69179200,0.095205,0.09074,0.0765,19.44
2025-09-29,SPY,664.36,665.28,661.86,663.68,73499000,0.09467,0.090842,0.072121,17.06
2025-09-30,SPY,662.93,666.65,661.61,666.18,86288000,0.081546,0.089994,0.064415,2.38
2025-10-01,SPY,663.17,669.37,663.06,668.45,72545400,0.083796,0.090981,0.063388,3.97
2025-10-02,SPY,670.45,670.57,666.78,669.22,56896000,0.08422,0.090912,0.05866,4.37
2025-10-03,SPY,669.99,672.68,668.16,669.21,70494400,0.079131,0.091083,0.056632,1.59
2025-10-06,SPY,671.62,672.51,669.46,671.61,54623300,0.07987,0.090448,0.056979,2.38
2025-10-07,SPY,672.54,672.99,667.67,669.12,72020100,0.080465,0.090608,0.060088,3.17
2025-10-08,SPY,670.25,673.21,669.42,673.11,60702200,0.078589,0.090162,0.062025,1.19
2025-10-09,SPY,673.53,673.94,669.21,671.16,66501900,0.07872,0.088718,0.058609,1.59
2025-10-10,SPY,672.13,673.95,652.84,653.02,159422600,0.092846,0.093143,0.116774,16.27
2025-10-13,SPY,660.65,665.13,659.77,663.04,79560500,0.101704,0.096061,0.127908,35.71
2025-10-14,SPY,657.17,665.83,653.17,662.23,88779600,0.115726,0.100811,0.127884,41.67
2025-10-15,SPY,666.82,670.23,658.93,665.17,81702600,0.121206,0.103851,0.128637,44.84
2025-10-16,SPY,666.82,668.71,657.11,660.64,110563300,0.125189,0.105455,0.130111,48.41
2025-10-17,SPY,659.5,665.76,658.14,664.39,96500900,0.126829,0.106301,0.131509,49.6
2025-10-20,SPY,667.32,672.21,667.27,671.3,60493400,0.126915,0.106716,0.13561,49.6
2025-10-21,SPY,671.44,672.99,669.98,671.29,56249000,0.126337,0.106755,0.133893,48.41
2025-10-22,SPY,672.0,672.0,663.3,667.8,80564000,0.129426,0.108046,0.134843,51.19
2025-10-23,SPY,668.12,672.71,667.8,671.76,65604500,0.126838,0.107564,0.134715,48.81
2025-10-24,SPY,676.46,678.47,675.65,677.25,74356500,0.127786,0.106481,0.136102,50.0
2025-10-27,SPY,682.73,685.54,682.12,685.24,63339800,0.12937,0.104548,0.141132,50.79
2025-10-28,SPY,687.05,688.91,684.83,687.06,61738100,0.128677,0.104113,0.140962,50.4
2025-10-29,SPY,688.72,689.7,682.87,687.39,85657100,0.127706,0.104735,0.140832,48.81
2025-10-30,SPY,683.9,685.94,679.83,679.83,76335800,0.130882,0.105674,0.147621,53.17
2025-10-31,SPY,685.04,685.08,679.24,682.06,87164100,0.132785,0.105596,0.147846,53.97
2025-11-03,SPY,685.67,685.8,679.94,683.34,57315000,0.134364,0.106458,0.147567,54.37
2025-11-04,SPY,676.11,679.96,674.58,675.24,78427000,0.142969,0.109502,0.153697,58.73
2025-11-05,SPY,674.98,680.86,674.17,677.58,74402400,0.14469,0.109693,0.15277,60.32
2025-11-06,SPY,676.47,677.38,668.72,670.31,85035300,0.146243,0.110327,0.157475,61.11
2025-11-07,SPY,667.91,671.08,661.21,670.97,100592400,0.144731,0.112684,0.119864,59.92
2025-11-10,SPY,677.24,682.18,675.03,681.44,75842900,0.143361,0.11456,0.120261,58.33
2025-11-11,SPY,679.95,683.57,678.73,683.0,58953400,0.13313,0.114915,0.119902,51.59
2025-11-12,SPY,684.79,684.96,680.95,683.38,62312500,0.126249,0.114805,0.119453,42.06
2025-11-13,SPY,680.5,680.86,670.52,672.04,103457800,0.125119,0.114988,0.132865,40.48
2025-11-14,SPY,665.38,675.66,663.27,671.93,96846700,0.1347,0.118729,0.131675,52.38
2025-11-17,SPY,669.7,673.71,662.17,665.67,90456100,0.139382,0.120073,0.130835,54.76
2025-11-18,SPY,662.1,665.12,655.86,660.08,114467500,0.144102,0.121883,0.133865,59.13
2025-11-19,SPY,660.78,667.34,658.75,662.63,94703000,0.143969,0.123005,0.133809,58.73
2025-11-20,SPY,672.91,675.56,651.89,652.53,165293500,0.164064,0.131029,0.141601,72.22
2025-11-21,SPY,655.05,664.55,650.85,659.03,123956200,0.169449,0.133711,0.143323,74.21
2025-11-24,SPY,662.69,670.06,661.59,668.73,80437900,0.16978,0.134295,0.14713,74.21
2025-11-25,SPY,668.63,676.21,664.48,675.02,81077100,0.173394,0.132926,0.151339,74.21
2025-11-26,SPY,677.63,681.7,676.72,679.68,71879600,0.172614,0.133011,0.153789,73.81
2025-11-28,SPY,680.86,683.67,680.5,683.39,49212000,0.170669,0.1328,0.149961,73.41
2025-12-01,SPY,678.81,682.99,678.74,680.27,61201200,0.170188,0.132824,0.150457,73.02
2025-12-02,SPY,681.92,683.82,679.33,681.53,62953800,0.168588,0.133016,0.150453,71.83
2025-12-03,SPY,680.57,684.91,679.69,683.89,57238500,0.163384,0.133181,0.144242,68.65
2025-12-04,SPY,685.3,685.37,681.34,684.39,61970300,0.162677,0.133069,0.143858,67.86
2025-12-05,SPY,685.47,688.39,684.58,685.69,79241000,0.161262,0.133029,0.137567,66.67
2025-12-08,SPY,686.59,686.64,681.57,683.63,55231500,0.156201,0.133261,0.138353,64.29
2025-12-09,SPY,683.15,685.39,682.59,683.04,58310100,0.151844,0.133342,0.127278,59.92
2025-12-10,SPY,682.56,688.97,681.31,687.57,85671300,0.152529,0.133921,0.129166,60.32
2025-12-11,SPY,685.14,689.25,682.17,689.17,86173700,0.153966,0.13391,0.129359,61.51
2025-12-12,SPY,688.17,688.88,679.17,681.76,113160300,0.153534,0.134488,0.120335,60.71
2025-12-15,SPY,685.74,685.76,679.25,680.73,90811000,0.145634,0.134993,0.120561,53.97
2025-12-16,SPY,679.23,681.08,674.98,678.87,122030600,0.141764,0.135384,0.11545,48.02
2025-12-17,SPY,679.89,680.44,671.2,671.4,110625200,0.137453,0.135586,0.118631,44.84
2025-12-18,SPY,677.6,680.74,674.9,676.47,108650100,0.138129,0.136875,0.120561,44.84
2025-12-19,SPY,676.59,681.09,676.47,680.59,103599500,0.11443,0.136066,0.104894,32.14
2025-12-22,SPY,683.94,685.36,680.59,684.83,69556700,0.106348,0.136423,0.102024,29.76
2025-12-23,SPY,683.92,688.2,683.87,687.96,64840000,0.10307,0.136348,0.091094,28.97
2025-12-24,SPY,687.95,690.83,687.8,690.38,39445600,0.096157,0.136074,0.086582,22.22
2025-12-26,SPY,690.64,691.66,689.27,690.31,41613300,0.094405,0.135306,0.083934,16.27
2025-12-29,SPY,687.54,689.2,686.07,687.85,62559500,0.095961,0.135532,0.083382,22.62
2025-12-30,SPY,687.45,688.56,686.58,687.01,47160700,0.091105,0.135299,0.081598,9.52
2025-12-31,SPY,687.14,687.36,681.71,681.92,74144800,0.090421,0.135217,0.086085,8.73
2026-01-02,SPY,685.71,686.87,679.82,683.17,89377200,0.093542,0.135939,0.085417,14.29
2026-01-05,SPY,686.54,689.43,686.38,687.72,71927200,0.093748,0.136169,0.088648,15.48
2026-01-06,SPY,687.93,692.32,687.78,691.81,69273800,0.093398,0.136044,0.090776,13.89
2026-01-07,SPY,692.19,693.96,689.32,689.58,75588300,0.093089,0.133221,0.09089,13.89
2026-01-08,SPY,688.82,690.62,687.49,689.51,64019200,0.093103,0.131184,0.090786,14.29
2026-01-09,SPY,690.63,695.31,689.18,694.07,80125500,0.092099,0.127728,0.09077,11.11
2026-01-12,SPY,690.68,696.09,690.63,695.16,63976000,0.091185,0.12581,0.090605,10.32
2026-01-13,SPY,695.49,696.09,691.35,693.77,78309700,0.087718,0.124286,0.080993,7.14
2026-01-14,SPY,691.0,691.72,686.04,690.36,94676700,0.088666,0.124557,0.083204,7.94
2026-01-15,SPY,694.57,695.45,691.25,692.24,77862000,0.088238,0.124779,0.082464,7.94
2026-01-16,SPY,693.66,694.25,690.1,691.66,79289200,0.086689,0.124883,0.069656,7.14
2026-01-20,SPY,681.49,684.77,676.57,677.58,111623300,0.099426,0.128543,0.101469,31.75
2026-01-21,SPY,679.65,688.74,678.13,685.4,127844500,0.104764,0.129803,0.107342,36.11
2026-01-22,SPY,689.85,691.13,686.92,688.98,77112200,0.105198,0.129843,0.106674,36.51
2026-01-23,SPY,688.15,690.96,687.16,689.23,63059600,0.105521,0.129046,0.105486,36.9
2026-01-26,SPY,690.49,694.13,689.92,692.73,60473800,0.106225,0.128975,0.106295,37.7
2026-01-27,SPY,694.18,696.53,693.57,695.49,55506100,0.106557,0.12821,0.107139,38.49
2026-01-28,SPY,697.05,697.84,693.94,695.42,61172200,0.105772,0.127488,0.106148,37.3
2026-01-29,SPY,696.39,697.06,684.83,694.04,97486200,0.116709,0.129331,0.106352,40.87
2026-01-30,SPY,691.79,694.21,687.12,691.97,101835100,0.119527,0.129352,0.103065,41.67
2026-02-02,SPY,689.58,696.93,689.42,695.41,79286500,0.117855,0.127517,0.1041,41.67
2026-02-03,SPY,696.21,696.96,684.03,689.53,107904600,0.123732,0.129169,0.106833,42.86
2026-02-04,SPY,690.35,691.45,681.76,686.19,105204600,0.12762,0.129714,0.105925,46.83
2026-02-05,SPY,680.94,683.69,675.79,677.62,113610800,0.13202,0.129257,0.114096,50.0
2026-02-06,SPY,681.46,692.31,680.85,690.62,89127600,0.13668,0.128916,0.134196,52.78
2026-02-09,SPY,689.42,695.87,688.34,693.95,73885200,0.137179,0.129254,0.133195,53.17
2026-02-10,SPY,694.95,696.54,691.66,692.12,65185700,0.13636,0.129177,0.133372,52.78
2026-02-11,SPY,696.39,697.14,689.18,691.96,76353900,0.139367,0.129218,0.133206,55.95
2026-02-12,SPY,694.24,695.35,680.37,681.27,118829000,0.141444,0.12711,0.143265,57.14
2026-02-13,SPY,681.69,686.28,677.52,681.75,96267500,0.142619,0.126061,0.142812,59.13
2026-02-17,SPY,680.14,684.94,675.78,682.85,81354700,0.145668,0.125508,0.14306,63.49
2026-02-18,SPY,684.02,689.15,682.83,686.29,73570300,0.133656,0.124836,0.123254,51.19
2026-02-19,SPY,683.84,686.18,681.55,684.48,58649400,0.131111,0.116811,0.11681,50.0
2026-02-20,SPY,682.32,690.06,681.73,689.43,100034000,0.130713,0.114221,0.118213,49.6
2026-02-23,SPY,687.83,690.0,680.37,682.39,90558100,0.133466,0.114255,0.123709,51.98
2026-02-24,SPY,681.9,688.35,680.0,687.35,73798700,0.134918,0.113024,0.12524,53.97
2026-02-25,SPY,690.18,693.68,690.1,693.15,56369500,0.135521,0.112777,0.128236,54.76
2026-02-26,SPY,693.28,693.3,684.35,689.3,71671000,0.138621,0.114209,0.12966,56.75
2026-02-27,SPY,683.09,686.86,681.64,685.99,83308900,0.133989,0.114886,0.130492,51.98
2026-03-02,SPY,678.7,688.62,678.02,686.38,87477200,0.139293,0.117854,0.130233,57.14
2026-03-03,SPY,675.06,682.61,669.66,680.33,105003100,0.154759,0.124894,0.131906,68.65
2026-03-04,SPY,681.63,687.09,679.62,685.13,79182200,0.150629,0.125232,0.131871,65.87
2026-03-05,SPY,682.08,685.53,675.61,681.31,106606500,0.150933,0.126793,0.132232,65.87
2026-03-06,SPY,673.41,676.11,669.76,672.38,100687000,0.152948,0.129094,0.133015,67.06
2026-03-09,SPY,666.39,679.92,662.39,678.27,102667700,0.157572,0.133378,0.117202,69.44
2026-03-10,SPY,677.72,683.36,674.76,677.18,81505300,0.159385,0.134019,0.115251,69.84
2026-03-11,SPY,677.58,680.08,673.34,676.33,68441700,0.160036,0.133896,0.11513,70.24
2026-03-12,SPY,671.16,671.65,665.87,666.06,108882200,0.155978,0.133893,0.12549,69.05
2026-03-13,SPY,669.27,672.34,661.36,662.29,97200200,0.156229,0.134697,0.115739,69.84
2026-03-16,SPY,668.38,672.07,667.12,669.03,82023100,0.160203,0.135981,0.12265,71.43
2026-03-17,SPY,672.39,674.44,669.7,670.79,87128000,0.160582,0.136148,0.122983,71.83
2026-03-18,SPY,668.36,669.72,661.19,661.43,82062600,0.160212,0.134914,0.129292,71.83
2026-03-19,SPY,656.97,662.98,655.17,659.8,111272500,0.162205,0.136192,0.12928,73.02
2026-03-20,SPY,656.51,656.69,644.72,648.57,163617500,0.165762,0.137306,0.13547,74.6
2026-03-23,SPY,658.07,662.62,653.94,655.38,134802700,0.177695,0.142009,0.140697,77.78
2026-03-24,SPY,651.32,657.03,649.88,653.18,96457500,0.178416,0.143178,0.136409,78.17
2026-03-25,SPY,658.67,660.89,654.24,656.82,90653800,0.182366,0.144928,0.133726,78.57
2026-03-26,SPY,652.06,654.85,644.82,645.09,96494400,0.182568,0.146352,0.144175,78.97
2026-03-27,SPY,642.5,642.66,633.11,634.09,103649400,0.1819,0.14711,0.152354,78.57
2026-03-30,SPY,640.11,640.37,629.28,631.97,99275900,0.184106,0.149681,0.15145,79.76
2026-03-31,SPY,638.94,651.54,637.98,650.34,152534100,0.178508,0.151847,0.189638,78.57
2026-04-01,SPY,653.9,658.52,653.0,655.24,97841500,0.179086,0.15228,0.189954,78.97
2026-04-02,SPY,646.42,658.2,645.11,655.83,68358700,0.185926,0.156005,0.189828,81.75
2026-04-06,SPY,655.86,659.72,655.52,658.93,39105800,0.180245,0.155914,0.186316,79.37
2026-04-07,SPY,656.65,659.61,651.06,659.22,69980400,0.173239,0.157177,0.182865,77.38
2026-04-08,SPY,676.39,677.08,671.46,676.01,93606100,0.193705,0.166491,0.205746,83.73
2026-04-09,SPY,674.84,681.16,673.77,679.91,57134400,0.19401,0.166504,0.206719,84.13
2026-04-10,SPY,681.32,682.03,678.45,679.46,42253500,0.190687,0.166427,0.198466,83.73
2026-04-13,SPY,677.41,686.3,676.58,686.1,54185800,0.189841,0.166354,0.199127,83.73
2026-04-14,SPY,687.69,694.58,687.66,694.46,63480500,0.187508,0.165937,0.200354,83.33
2026-04-15,SPY,695.26,700.28,694.2,699.94,58240400,0.186975,0.165953,0.201475,82.94
2026-04-16,SPY,701.06,702.78,698.53,701.66,49972400,0.185145,0.162722,0.192201,82.14
2026-04-17,SPY,706.14,712.39,705.76,710.14,70661900,0.182298,0.162442,0.193653,80.56
2026-04-20,SPY,708.78,709.91,706.14,708.72,43546800,0.177147,0.161874,0.178927,78.17
2026-04-21,SPY,710.28,711.28,702.64,704.08,58941400,0.169928,0.162343,0.18152,76.19
2026-04-22,SPY,709.15,711.45,708.22,711.21,42518500,0.166458,0.162908,0.180966,75.0
2026-04-23,SPY,709.5,712.36,702.28,708.45,56174000,0.167753,0.164063,0.183157,75.4
2026-04-24,SPY,710.75,714.47,709.01,713.94,45182000,0.161747,0.164233,0.16434,73.02
2026-04-27,SPY,713.17,715.63,712.3,715.17,33135900,0.158359,0.161756,0.142623,70.63
2026-04-28,SPY,711.82,712.88,709.25,711.69,43117400,0.154392,0.161411,0.14405,68.65
2026-04-29,SPY,711.0,712.2,708.37,711.58,41859200,0.147934,0.161084,0.117688,63.1
2026-04-30,SPY,714.63,719.79,710.45,718.66,67240900,0.148986,0.160335,0.1188,64.68
2026-05-01,SPY,721.25,724.87,720.47,720.65,43049800,0.135082,0.159692,0.118209,53.17
2026-05-04,SPY,720.07,722.12,714.99,718.01,51950600,0.136893,0.158757,0.121896,55.16
2026-05-05,SPY,721.77,725.04,721.49,723.77,36933200,0.131706,0.157919,0.121677,49.6
2026-05-06,SPY,728.16,734.59,727.82,733.83,53288900,0.098426,0.15809,0.101308,31.75
2026-05-07,SPY,735.05,736.13,729.75,731.58,51724600,0.097704,0.15822,0.104203,30.56
2026-05-08,SPY,734.93,738.08,734.57,737.62,47227100,0.097747,0.157396,0.104085,30.95
2026-05-11,SPY,736.45,740.79,736.45,739.3,44024000,0.095392,0.155988,0.102092,25.79
2026-05-12,SPY,736.89,738.84,731.83,738.18,54185300,0.099718,0.15589,0.098663,34.13
2026-05-13,SPY,738.47,743.91,735.47,742.31,44200200,0.101682,0.155425,0.097514,35.32
2026-05-14,SPY,743.65,749.53,743.56,748.17,45307600,0.101597,0.155178,0.099036,34.92
2026-05-15,SPY,741.79,743.46,737.96,739.17,60410800,0.105401,0.156041,0.107256,39.68
2026-05-18,SPY,739.83,741.42,733.39,738.65,47843900,0.107751,0.156348,0.106711,42.46
2026-05-19,SPY,734.78,737.65,731.53,733.73,54255900,0.108856,0.156121,0.106834,42.86
2026-05-20,SPY,735.71,741.87,733.89,741.25,45768000,0.107902,0.156062,0.106956,42.86
2026-05-21,SPY,738.64,744.87,737.03,742.72,43332200,0.104761,0.156437,0.104624,38.89
2026-05-22,SPY,746.24,748.94,744.48,745.64,41762000,0.105409,0.155807,0.102899,40.48
2026-05-26,SPY,750.01,752.13,748.37,750.59,41123600,0.107315,0.154993,0.104075,43.25
2026-05-27,SPY,750.88,751.38,748.22,750.46,42106300,0.10529,0.152548,0.100996,40.08
2026-05-28,SPY,750.25,755.15,749.23,754.6,41562600,0.105086,0.14649,0.100907,39.68
2026-05-29,SPY,755.9,758.08,754.69,756.48,55075700,0.100642,0.145996,0.097493,34.52
2026-06-01,SPY,755.36,760.28,754.69,758.54,43634900,0.099828,0.144548,0.097492,34.52
2026-06-02,SPY,757.03,760.4,756.75,759.57,31581900,0.097726,0.141871,0.094826,31.35
2026-06-03,SPY,758.15,758.8,753.57,754.24,51402500,0.096995,0.137633,0.098868,29.76
2026-06-04,SPY,752.1,758.31,751.47,757.09,49923000,0.095188,0.136944,0.088985,25.0
2026-06-05,SPY,752.31,752.82,735.53,737.55,93989400,0.103644,0.139039,0.13215,40.87
2026-06-08,SPY,743.36,745.34,738.19,739.22,49319100,0.108124,0.13884,0.129134,47.62
2026-06-09,SPY,743.63,746.9,722.59,737.05,87683500,0.137847,0.145758,0.1293,65.87
2026-06-10,SPY,733.39,738.38,725.33,725.43,60341300,0.141514,0.146717,0.140862,68.65
2026-06-11,SPY,728.76,740.0,724.41,737.76,86330500,0.147196,0.148553,0.152883,74.21
2026-06-12,SPY,740.71,744.44,735.03,741.75,57079500,0.150189,0.148837,0.151376,76.59
2026-06-15,SPY,751.85,756.68,751.76,754.83,60176400,0.15362,0.149531,0.157425,79.76
2026-06-16,SPY,754.55,755.44,749.88,750.33,67093100,0.151792,0.147515,0.159306,77.38
2026-06-17,SPY,751.29,752.15,739.22,740.96,85945200,0.151738,0.144949,0.164256,77.38
2026-06-18,SPY,747.76,748.23,743.86,746.74,80875700,0.153334,0.144487,0.162571,78.97
2026-06-22,SPY,747.7,750.18,743.13,744.39,46628100,0.151635,0.143661,0.162917,76.59
2026-06-23,SPY,733.81,739.63,732.3,733.58,66846800,0.163461,0.145892,0.170302,86.9
2026-06-24,SPY,735.17,739.95,730.84,733.24,57439500,0.164704,0.14574,0.168044,87.3
2026-06-25,SPY,738.91,739.37,729.6,734.3,53934400,0.168936,0.145169,0.168269,88.89
2026-06-26,SPY,728.95,736.53,716.58,728.99,71034000,0.183078,0.148355,0.167736,96.03
2026-06-29,SPY,736.53,741.56,732.09,741.0,58035200,0.188387,0.149814,0.17917,98.02
2026-06-30,SPY,741.29,748.02,740.89,746.77,55626000,0.188385,0.14541,0.181447,97.62
2026-07-01,SPY,745.0,749.44,742.38,745.76,47100900,0.1895,0.145993,0.181278,98.02
2026-07-02,SPY,747.4,751.31,740.03,744.78,57447800,0.191891,0.145679,0.179846,98.81
2026-07-06,SPY,748.74,752.41,747.41,751.28,50673300,0.191263,0.136418,0.182274,98.41
2026-07-07,SPY,750.22,750.96,745.21,747.71,43721500,0.186235,0.136258,0.156113,95.24
2026-07-08,SPY,743.16,746.15,739.51,745.4,43767400,0.187585,0.137444,0.156553,96.03
2026-07-09,SPY,747.35,751.97,745.59,751.71,41441700,0.168309,0.136976,0.15851,84.92
2026-07-10,SPY,752.05,755.42,748.1,754.95,42191300,0.163785,0.137423,0.145683,82.54
2026-07-13,SPY,752.47,753.91,748.0,749.17,44013600,0.159029,0.137728,0.138341,77.78
2026-07-14,SPY,750.91,753.34,748.66,751.83,35143100,0.156377,0.137741,0.137675,76.59
2026-07-15,SPY,754.24,755.58,750.2,754.81,43844800,0.15027,0.137339,0.12341,69.44
2026-07-16,SPY,752.76,754.57,747.88,750.72,46409800,0.151493,0.137706,0.123074,70.24
2026-07-17,SPY,742.08,747.29,740.8,743.29,62651000,0.155916,0.13992,0.119827,75.0
2026-07-20,SPY,747.06,748.73,741.51,742.09,50422300,0.153779,0.139897,0.116503,73.41
2026-07-21,SPY,746.29,749.04,744.18,748.28,34324300,0.154473,0.138953,0.119851,74.21
2026-07-22,SPY,746.62,750.02,746.37,747.41,32836200,0.143438,0.138881,0.106446,63.1
2026-07-23,SPY,739.37,742.56,735.21,738.18,55437300,0.147624,0.141327,0.116522,66.27
2026-07-24,SPY,738.51,743.72,737.29,738.93,44782000,0.14305,0.141353,0.116477,61.9
2026-07-27,SPY,744.91,745.53,735.87,739.09,41461200,0.130791,0.142813,0.113003,49.6
2026-07-28,SPY,739.19,742.79,735.98,740.86,47322200,0.123505,0.142092,0.097106,43.25
2026-07-29,SPY,739.97,742.68,729.1,729.46,70697200,0.126856,0.142978,0.107034,46.03
2026-07-30,SPY,736.05,742.45,734.59,741.69,66811300,0.130516,0.143879,0.124272,48.81
2026-07-31,SPY,744.68,748.9,737.68,747.03,62445900,0.132048,0.145288,0.126953,51.19
2026-08-03,SPY,749.44,758.58,748.8,757.67,59927500,0.132304,0.145229,0.133142,51.19
2026-08-04,SPY,760.63,773.41,760.52,771.33,69154800,0.134706,0.145971,0.145143,53.97
2026-08-05,SPY,775.85,776.85,769.51,769.79,44689100,0.132925,0.146368,0.144729,51.19
2026-08-06,SPY,770.21,771.82,767.46,768.56,38416900,0.132343,0.146294,0.142827,50.4
2026-08-07,SPY,771.02,773.92,769.61,773.26,43586300,0.130904,0.145532,0.1435,48.02
2026-08-10,SPY,772.6,775.05,771.62,773.03,39249500,0.129495,0.144981,0.139782,46.03
2026-08-11,SPY,774.53,774.61,769.2,770.56,36740600,0.129382,0.144924,0.140565,45.24
2026-08-12,SPY,774.71,774.9,771.28,772.49,33179100,0.128965,0.143695,0.140286,44.44
2026-08-13,SPY,774.87,779.37,774.11,777.88,35634500,0.127341,0.143101,0.139455,42.46
2026-08-14,SPY,778.54,778.8,775.43,776.34,31367900,0.115793,0.142142,0.133304,36.51
2026-08-17,SPY,776.18,776.78,772.51,772.67,34356600,0.114449,0.141704,0.134933,35.71
2026-08-18,SPY,768.7,769.5,766.92,767.45,43920900,0.115548,0.14143,0.136229,35.71
2026-08-19,SPY,770.36,772.47,768.1,769.06,40306000,0.114954,0.141294,0.135949,35.32
2026-08-20,SPY,765.96,768.15,762.04,762.6,45520300,0.106312,0.141513,0.131211,31.35
2026-08-21,SPY,766.05,767.85,764.17,765.72,39030400,0.104512,0.141697,0.131473,26.98
